// Generated by tools/generate_vr_shaders.py; do not edit.
// Source SHA-256: c86aee0f2a666e8f959764eccae339cd0011e091f8fb9268d372e24ad96ea89e
#pragma once
#include <cstdint>
namespace starfox::vr::shader {
inline constexpr std::uint32_t vertex[]={
0x7230203,0x10000,0xe0000,0x2b4,0x0,0x20011,0x1,0x6000b,
0x1,0x4c534c47,0x6474732e,0x3035342e,0x0,0x3000e,0x0,0x1,
0x26000f,0x0,0x2,0x74726576,0x6d5f7865,0x6e6961,0x3,0x4,
0x5,0x6,0x7,0x8,0x9,0xa,0xb,0xc,
0xd,0xe,0xf,0x10,0x11,0x12,0x13,0x14,
0x15,0x16,0x17,0x18,0x19,0x1a,0x1b,0x1c,
0x1d,0x1e,0x1f,0x20,0x21,0x22,0x30003,0x5,
0x258,0x90005,0x23,0x65707974,0x6e6f432e,0x6e617473,0x66754274,0x2e726566,
0x656d6143,0x6172,0x60006,0x23,0x0,0x77656976,0x776f725f,0x73,
0x60006,0x23,0x1,0x6a6f7270,0x69746365,0x6e6f,0x50006,0x23,
0x2,0x65666665,0x737463,0x40005,0x24,0x656d6163,0x6172,0x60005,
0x3,0x762e6e69,0x502e7261,0x5449534f,0x4e4f49,0x60005,0x4,0x762e6e69,
0x432e7261,0x524f4c4f,0x30,0x60005,0x5,0x762e6e69,0x432e7261,0x524f4c4f,
0x31,0x70005,0x6,0x762e6e69,0x542e7261,0x4f435845,0x3044524f,0x0,
0x70005,0x7,0x762e6e69,0x542e7261,0x4f435845,0x3144524f,0x0,0x70005,
0x8,0x762e6e69,0x542e7261,0x4f435845,0x3244524f,0x0,0x70005,0x9,
0x762e6e69,0x542e7261,0x4f435845,0x3344524f,0x0,0x70005,0xa,0x762e6e69,
0x542e7261,0x4f435845,0x3444524f,0x0,0x70005,0xb,0x762e6e69,0x542e7261,
0x4f435845,0x3544524f,0x0,0x70005,0xc,0x762e6e69,0x542e7261,0x4f435845,
0x3644524f,0x0,0x70005,0xd,0x762e6e69,0x542e7261,0x4f435845,0x3744524f,
0x0,0x70005,0xe,0x762e6e69,0x542e7261,0x4f435845,0x3844524f,0x0,
0x70005,0xf,0x762e6e69,0x542e7261,0x4f435845,0x3944524f,0x0,0x70005,
0x10,0x762e6e69,0x542e7261,0x4f435845,0x3144524f,0x30,0x70005,0x11,
0x762e6e69,0x542e7261,0x4f435845,0x3144524f,0x31,0x60005,0x13,0x2e74756f,
0x2e726176,0x4f4c4f43,0x3052,0x60005,0x14,0x2e74756f,0x2e726176,0x4f4c4f43,
0x3152,0x70005,0x15,0x2e74756f,0x2e726176,0x43584554,0x44524f4f,0x30,
0x70005,0x16,0x2e74756f,0x2e726176,0x43584554,0x44524f4f,0x31,0x70005,
0x17,0x2e74756f,0x2e726176,0x43584554,0x44524f4f,0x32,0x70005,0x18,
0x2e74756f,0x2e726176,0x43584554,0x44524f4f,0x33,0x70005,0x19,0x2e74756f,
0x2e726176,0x43584554,0x44524f4f,0x34,0x70005,0x1a,0x2e74756f,0x2e726176,
0x43584554,0x44524f4f,0x35,0x70005,0x1b,0x2e74756f,0x2e726176,0x43584554,
0x44524f4f,0x36,0x70005,0x1c,0x2e74756f,0x2e726176,0x43584554,0x44524f4f,
0x37,0x70005,0x1d,0x2e74756f,0x2e726176,0x43584554,0x44524f4f,0x38,
0x70005,0x1e,0x2e74756f,0x2e726176,0x43584554,0x44524f4f,0x39,0x70005,
0x1f,0x2e74756f,0x2e726176,0x43584554,0x44524f4f,0x3031,0x70005,0x20,
0x2e74756f,0x2e726176,0x43584554,0x44524f4f,0x3131,0x70005,0x21,0x2e74756f,
0x2e726176,0x43584554,0x44524f4f,0x3231,0x70005,0x22,0x2e74756f,0x2e726176,
0x43584554,0x44524f4f,0x3331,0x50005,0x2,0x74726576,0x6d5f7865,0x6e6961,
0x40047,0x12,0xb,0x0,0x30047,0x13,0xe,0x30047,
0x14,0xe,0x30047,0x15,0xe,0x30047,0x16,0xe,
0x30047,0x17,0xd,0x30047,0x18,0xe,0x30047,0x19,
0xe,0x30047,0x1a,0xe,0x30047,0x1d,0xe,0x30047,
0x1e,0xe,0x30047,0x1f,0xe,0x30047,0x20,0xe,
0x30047,0x21,0xe,0x30047,0x22,0xe,0x40047,0x3,
0x1e,0x0,0x40047,0x4,0x1e,0x1,0x40047,0x5,
0x1e,0x2,0x40047,0x6,0x1e,0x3,0x40047,0x7,
0x1e,0x4,0x40047,0x8,0x1e,0x5,0x40047,0x9,
0x1e,0x6,0x40047,0xa,0x1e,0x7,0x40047,0xb,
0x1e,0x8,0x40047,0xc,0x1e,0x9,0x40047,0xd,
0x1e,0xa,0x40047,0xe,0x1e,0xb,0x40047,0xf,
0x1e,0xc,0x40047,0x10,0x1e,0xd,0x40047,0x11,
0x1e,0xe,0x40047,0x13,0x1e,0x0,0x40047,0x14,
0x1e,0x1,0x40047,0x15,0x1e,0x2,0x40047,0x16,
0x1e,0x3,0x40047,0x17,0x1e,0x4,0x40047,0x18,
0x1e,0x5,0x40047,0x19,0x1e,0x6,0x40047,0x1a,
0x1e,0x7,0x40047,0x1b,0x1e,0x8,0x40047,0x1c,
0x1e,0x9,0x40047,0x1d,0x1e,0xa,0x40047,0x1e,
0x1e,0xb,0x40047,0x1f,0x1e,0xc,0x40047,0x20,
0x1e,0xd,0x40047,0x21,0x1e,0xe,0x40047,0x22,
0x1e,0xf,0x40047,0x25,0x6,0x10,0x50048,0x23,
0x0,0x23,0x0,0x50048,0x23,0x1,0x23,0x30,
0x50048,0x23,0x1,0x7,0x10,0x40048,0x23,0x1,
0x4,0x50048,0x23,0x2,0x23,0x70,0x30047,0x23,
0x2,0x30047,0x26,0x2a,0x30047,0x27,0x2a,0x30047,
0x28,0x2a,0x30047,0x29,0x2a,0x30047,0x2a,0x2a,
0x30047,0x2b,0x2a,0x30047,0x2c,0x2a,0x30047,0x2d,
0x2a,0x30047,0x2e,0x2a,0x30047,0x2f,0x2a,0x30047,
0x30,0x2a,0x30047,0x31,0x2a,0x30047,0x32,0x2a,
0x30047,0x33,0x2a,0x30047,0x34,0x2a,0x30047,0x35,
0x2a,0x30047,0x36,0x2a,0x30047,0x37,0x2a,0x30047,
0x38,0x2a,0x30047,0x39,0x2a,0x30047,0x3a,0x2a,
0x30047,0x3b,0x2a,0x30047,0x3c,0x2a,0x30047,0x3d,
0x2a,0x30047,0x3e,0x2a,0x30047,0x3f,0x2a,0x30047,
0x40,0x2a,0x30047,0x41,0x2a,0x40015,0x42,0x20,
0x0,0x40015,0x43,0x20,0x1,0x4002b,0x43,0x44,
0x1,0x4002b,0x43,0x45,0x0,0x4002b,0x42,0x46,
0x8000,0x4002b,0x42,0x47,0x0,0x30016,0x48,0x20,
0x4002b,0x48,0x49,0x358637bd,0x4002b,0x43,0x4a,0x2,
0x4002b,0x42,0x4b,0x2,0x4002b,0x42,0x4c,0x10000,
0x4002b,0x48,0x4d,0x0,0x4002b,0x48,0x4e,0x3f800000,
0x40017,0x4f,0x48,0x3,0x6002c,0x4f,0x50,0x4d,
0x4d,0x4d,0x6002c,0x4f,0x51,0x4e,0x4e,0x4e,
0x40017,0x52,0x42,0x4,0x7002c,0x52,0x53,0x47,
0x47,0x47,0x47,0x4002b,0x43,0x54,0x10,0x4002b,
0x43,0x55,0xf,0x4002b,0x42,0x56,0x2001,0x20014,
0x57,0x30029,0x57,0x58,0x4002b,0x42,0x59,0x80000000,
0x40017,0x5a,0x43,0x3,0x6002c,0x5a,0x5b,0x54,
0x54,0x54,0x4002b,0x48,0x5c,0x43800000,0x3002a,0x57,
0x5d,0x4002b,0x42,0x5e,0x3,0x4002b,0x42,0x5f,
0x1,0x6002c,0x5a,0x60,0x4a,0x4a,0x4a,0x4002b,
0x48,0x61,0xbf800000,0x6002c,0x4f,0x62,0x4e,0x61,
0x61,0x4002b,0x42,0x63,0x4,0x40017,0x64,0x48,
0x4,0x7002c,0x64,0x65,0x4e,0x4d,0x4d,0x4d,
0x7002c,0x64,0x66,0x4d,0x4e,0x4d,0x4d,0x4002b,
0x48,0x67,0x3f000000,0x4002b,0x42,0x68,0x10,0x7002c,
0x64,0x69,0x4d,0x4d,0x4d,0x4e,0x4002b,0x48,
0x6a,0x2b8cbccc,0x4002b,0x48,0x6b,0x47000000,0x6002c,0x5a,
0x6c,0x55,0x55,0x55,0x4001c,0x25,0x64,0x5e,
0x40018,0x6d,0x64,0x4,0x5001e,0x23,0x25,0x6d,
0x52,0x40020,0x6e,0x9,0x23,0x40020,0x6f,0x1,
0x4f,0x40020,0x70,0x1,0x64,0x40020,0x71,0x1,
0x42,0x40017,0x72,0x48,0x2,0x40020,0x73,0x1,
0x72,0x40020,0x74,0x1,0x52,0x40020,0x75,0x3,
0x64,0x40020,0x76,0x3,0x42,0x40020,0x77,0x3,
0x72,0x40020,0x78,0x3,0x52,0x40020,0x79,0x3,
0x4f,0x20013,0x7a,0x30021,0x7b,0x7a,0x40020,0x7c,
0x9,0x6d,0x40020,0x7d,0x9,0x64,0x4003b,0x6e,
0x24,0x9,0x4003b,0x6f,0x3,0x1,0x4003b,0x70,
0x4,0x1,0x4003b,0x70,0x5,0x1,0x4003b,0x71,
0x6,0x1,0x4003b,0x6f,0x7,0x1,0x4003b,0x6f,
0x8,0x1,0x4003b,0x6f,0x9,0x1,0x4003b,0x71,
0xa,0x1,0x4003b,0x6f,0xb,0x1,0x4003b,0x6f,
0xc,0x1,0x4003b,0x6f,0xd,0x1,0x4003b,0x71,
0xe,0x1,0x4003b,0x73,0xf,0x1,0x4003b,0x74,
0x10,0x1,0x4003b,0x73,0x11,0x1,0x4003b,0x75,
0x12,0x3,0x4003b,0x75,0x13,0x3,0x4003b,0x75,
0x14,0x3,0x4003b,0x76,0x15,0x3,0x4003b,0x76,
0x16,0x3,0x4003b,0x77,0x17,0x3,0x4003b,0x78,
0x18,0x3,0x4003b,0x79,0x19,0x3,0x4003b,0x76,
0x1a,0x3,0x4003b,0x77,0x1b,0x3,0x4003b,0x79,
0x1c,0x3,0x4003b,0x79,0x1d,0x3,0x4003b,0x79,
0x1e,0x3,0x4003b,0x78,0x1f,0x3,0x4003b,0x78,
0x20,0x3,0x4003b,0x78,0x21,0x3,0x4003b,0x78,
0x22,0x3,0x4002b,0x42,0x7e,0x7fffffff,0x4002b,0x48,
0x7f,0x3c000000,0x40017,0x80,0x57,0x3,0x50036,0x7a,
0x2,0x0,0x7b,0x200f8,0x81,0x4003d,0x4f,0x82,
0x3,0x4003d,0x64,0x83,0x4,0x4003d,0x64,0x84,
0x5,0x4003d,0x42,0x85,0x6,0x4003d,0x4f,0x86,
0x7,0x4003d,0x4f,0x87,0x8,0x4003d,0x4f,0x88,
0x9,0x4003d,0x42,0x89,0xa,0x4003d,0x4f,0x8a,
0xb,0x4003d,0x4f,0x8b,0xc,0x4003d,0x4f,0x8c,
0xd,0x4003d,0x42,0x8d,0xe,0x4003d,0x72,0x8e,
0xf,0x4003d,0x52,0x8f,0x10,0x4003d,0x72,0x90,
0x11,0x50051,0x42,0x91,0x8f,0x3,0x500c7,0x42,
0x92,0x91,0x59,0x500ab,0x57,0x93,0x92,0x47,
0x300f7,0x94,0x0,0x400fa,0x93,0x95,0x94,0x200f8,
0x95,0x4006e,0x5a,0x96,0x8b,0x4006e,0x5a,0x97,
0x8a,0x50082,0x5a,0x98,0x96,0x97,0x500c4,0x5a,
0x99,0x98,0x5b,0x500c3,0x5a,0x9a,0x99,0x5b,
0x4006f,0x4f,0x9b,0x9a,0x50051,0x48,0x9c,0x8c,
0x0,0x5008e,0x4f,0x9d,0x9b,0x9c,0x50081,0x4f,
0x9e,0x8a,0x9d,0x50051,0x48,0x9f,0x8c,0x1,
0x50051,0x48,0xa0,0x9e,0x2,0x50081,0x48,0xa1,
0x9f,0xa0,0x500be,0x57,0xa2,0xa1,0x5c,0x300f7,
0xa3,0x0,0x400fa,0xa2,0xa4,0xa3,0x200f8,0xa4,
0x50051,0x48,0xa5,0x8c,0x2,0x500b7,0x57,0xa6,
0xa5,0x4d,0x300f7,0xa7,0x0,0x400fa,0xa6,0xa8,
0xa7,0x200f8,0xa8,0x50051,0x48,0xa9,0x8a,0x2,
0x50081,0x48,0xaa,0x9f,0xa9,0x500be,0x57,0xab,
0xaa,0x5c,0x200f9,0xa7,0x200f8,0xa7,0x700f5,0x57,
0xac,0x58,0xa4,0xab,0xa8,0x200f9,0xa3,0x200f8,
0xa3,0x700f5,0x57,0xad,0x5d,0x95,0xac,0xa7,
0x50051,0x48,0xae,0x8c,0x2,0x500b4,0x57,0xaf,
0xae,0x4e,0x60050,0x80,0xb0,0xaf,0xaf,0xaf,
0x600a9,0x4f,0xb1,0xb0,0x8a,0x9e,0x50085,0x48,
0xb2,0xa1,0x7f,0x5008e,0x72,0xb3,0x90,0xb2,
0x500c7,0x42,0xb4,0x91,0x7e,0x60052,0x52,0xb5,
0xb4,0x8f,0x3,0x200f9,0x94,0x200f8,0x94,0x700f5,
0x57,0xb6,0x58,0x81,0xad,0xa3,0x700f5,0x52,
0xb7,0x8f,0x81,0xb5,0xa3,0x700f5,0x72,0xb8,
0x90,0x81,0xb3,0xa3,0x700f5,0x4f,0xb9,0x82,
0x81,0xb1,0xa3,0x500aa,0x57,0xba,0x89,0x4b,
0x300f7,0xbb,0x0,0x400fa,0xba,0xbc,0xbb,0x200f8,
0xbc,0x300f7,0xbd,0x0,0x300fb,0x47,0xbe,0x200f8,
0xbe,0x50051,0x48,0xbf,0x8c,0x2,0x500b6,0x57,
0xc0,0xbf,0x4d,0x300f7,0xc1,0x0,0x400fa,0xc0,
0xc2,0xc1,0x200f8,0xc2,0x5008e,0x4f,0xc3,0x86,
0x6b,0x6000c,0x4f,0xc4,0x1,0x2,0xc3,0x4006e,
0x5a,0xc5,0xc4,0x50051,0x48,0xc6,0xb9,0x0,
0x6000c,0x48,0xc7,0x1,0x6,0xc6,0x4006e,0x43,
0xc8,0xc7,0x4006f,0x48,0xc9,0xc8,0x6000c,0x48,
0xca,0x1,0x4,0xc6,0x50081,0x48,0xcb,0xca,
0x67,0x6000c,0x48,0xcc,0x1,0x8,0xcb,0x50085,
0x48,0xcd,0xc9,0xcc,0x4006e,0x43,0xce,0xcd,
0x4007c,0x42,0xcf,0xce,0x500c4,0x42,0xd0,0xcf,
0x68,0x4007c,0x43,0xd1,0xd0,0x500c3,0x43,0xd2,
0xd1,0x54,0x50051,0x48,0xd3,0xb9,0x1,0x6000c,
0x48,0xd4,0x1,0x6,0xd3,0x4006e,0x43,0xd5,
0xd4,0x4006f,0x48,0xd6,0xd5,0x6000c,0x48,0xd7,
0x1,0x4,0xd3,0x50081,0x48,0xd8,0xd7,0x67,
0x6000c,0x48,0xd9,0x1,0x8,0xd8,0x50085,0x48,
0xda,0xd6,0xd9,0x4006e,0x43,0xdb,0xda,0x4007c,
0x42,0xdc,0xdb,0x500c4,0x42,0xdd,0xdc,0x68,
0x4007c,0x43,0xde,0xdd,0x500c3,0x43,0xdf,0xde,
0x54,0x50051,0x48,0xe0,0xb9,0x2,0x6000c,0x48,
0xe1,0x1,0x6,0xe0,0x4006e,0x43,0xe2,0xe1,
0x4006f,0x48,0xe3,0xe2,0x6000c,0x48,0xe4,0x1,
0x4,0xe0,0x50081,0x48,0xe5,0xe4,0x67,0x6000c,
0x48,0xe6,0x1,0x8,0xe5,0x50085,0x48,0xe7,
0xe3,0xe6,0x4006e,0x43,0xe8,0xe7,0x4007c,0x42,
0xe9,0xe8,0x500c4,0x42,0xea,0xe9,0x68,0x4007c,
0x43,0xeb,0xea,0x500c3,0x43,0xec,0xeb,0x54,
0x60050,0x5a,0xed,0xd2,0xdf,0xec,0x50084,0x5a,
0xee,0xc5,0xed,0x500c3,0x5a,0xef,0xee,0x6c,
0x50051,0x43,0xf0,0xef,0x0,0x50051,0x43,0xf1,
0xef,0x1,0x50080,0x43,0xf2,0xf0,0xf1,0x50051,
0x43,0xf3,0xef,0x2,0x50080,0x43,0xf4,0xf2,
0xf3,0x4007c,0x42,0xf5,0xf4,0x500c4,0x42,0xf6,
0xf5,0x68,0x4007c,0x43,0xf7,0xf6,0x500c3,0x43,
0xf8,0xf7,0x54,0x4006f,0x48,0xf9,0xf8,0x5008e,
0x4f,0xfa,0x87,0x6b,0x6000c,0x4f,0xfb,0x1,
0x2,0xfa,0x4006e,0x5a,0xfc,0xfb,0x50084,0x5a,
0xfd,0xfc,0xed,0x500c3,0x5a,0xfe,0xfd,0x6c,
0x50051,0x43,0xff,0xfe,0x0,0x50051,0x43,0x100,
0xfe,0x1,0x50080,0x43,0x101,0xff,0x100,0x50051,
0x43,0x102,0xfe,0x2,0x50080,0x43,0x103,0x101,
0x102,0x4007c,0x42,0x104,0x103,0x500c4,0x42,0x105,
0x104,0x68,0x4007c,0x43,0x106,0x105,0x500c3,0x43,
0x107,0x106,0x54,0x4006f,0x48,0x108,0x107,0x5008e,
0x4f,0x109,0x88,0x6b,0x6000c,0x4f,0x10a,0x1,
0x2,0x109,0x4006e,0x5a,0x10b,0x10a,0x50084,0x5a,
0x10c,0x10b,0xed,0x500c3,0x5a,0x10d,0x10c,0x6c,
0x50051,0x43,0x10e,0x10d,0x0,0x50051,0x43,0x10f,
0x10d,0x1,0x50080,0x43,0x110,0x10e,0x10f,0x50051,
0x43,0x111,0x10d,0x2,0x50080,0x43,0x112,0x110,
0x111,0x4007c,0x42,0x113,0x112,0x500c4,0x42,0x114,
0x113,0x68,0x4007c,0x43,0x115,0x114,0x500c3,0x43,
0x116,0x115,0x54,0x4006f,0x48,0x117,0x116,0x60050,
0x4f,0x118,0xf9,0x108,0x117,0x200f9,0xbd,0x200f8,
0xc1,0x50094,0x48,0x119,0x86,0xb9,0x50094,0x48,
0x11a,0x87,0xb9,0x50094,0x48,0x11b,0x88,0xb9,
0x60050,0x4f,0x11c,0x119,0x11a,0x11b,0x200f9,0xbd,
0x200f8,0xbd,0x700f5,0x4f,0x11d,0x118,0xc2,0x11c,
0xc1,0x300f7,0x11e,0x0,0x400fa,0xc0,0x11f,0x120,
0x200f8,0x11f,0x50051,0x48,0x121,0x11d,0x0,0x4006e,
0x43,0x122,0x121,0x50051,0x48,0x123,0x8a,0x0,
0x6000c,0x48,0x124,0x1,0x6,0x123,0x4006e,0x43,
0x125,0x124,0x4006f,0x48,0x126,0x125,0x6000c,0x48,
0x127,0x1,0x4,0x123,0x50081,0x48,0x128,0x127,
0x67,0x6000c,0x48,0x129,0x1,0x8,0x128,0x50085,
0x48,0x12a,0x126,0x129,0x4006e,0x43,0x12b,0x12a,
0x50080,0x43,0x12c,0x122,0x12b,0x4007c,0x42,0x12d,
0x12c,0x500c4,0x42,0x12e,0x12d,0x68,0x4007c,0x43,
0x12f,0x12e,0x500c3,0x43,0x130,0x12f,0x54,0x4006f,
0x48,0x131,0x130,0x50051,0x48,0x132,0x11d,0x1,
0x4006e,0x43,0x133,0x132,0x50051,0x48,0x134,0x8a,
0x1,0x6000c,0x48,0x135,0x1,0x6,0x134,0x4006e,
0x43,0x136,0x135,0x4006f,0x48,0x137,0x136,0x6000c,
0x48,0x138,0x1,0x4,0x134,0x50081,0x48,0x139,
0x138,0x67,0x6000c,0x48,0x13a,0x1,0x8,0x139,
0x50085,0x48,0x13b,0x137,0x13a,0x4006e,0x43,0x13c,
0x13b,0x50080,0x43,0x13d,0x133,0x13c,0x4007c,0x42,
0x13e,0x13d,0x500c4,0x42,0x13f,0x13e,0x68,0x4007c,
0x43,0x140,0x13f,0x500c3,0x43,0x141,0x140,0x54,
0x4006f,0x48,0x142,0x141,0x50051,0x48,0x143,0x11d,
0x2,0x4006e,0x43,0x144,0x143,0x50051,0x48,0x145,
0x8a,0x2,0x6000c,0x48,0x146,0x1,0x6,0x145,
0x4006e,0x43,0x147,0x146,0x4006f,0x48,0x148,0x147,
0x6000c,0x48,0x149,0x1,0x4,0x145,0x50081,0x48,
0x14a,0x149,0x67,0x6000c,0x48,0x14b,0x1,0x8,
0x14a,0x50085,0x48,0x14c,0x148,0x14b,0x4006e,0x43,
0x14d,0x14c,0x50080,0x43,0x14e,0x144,0x14d,0x4007c,
0x42,0x14f,0x14e,0x500c4,0x42,0x150,0x14f,0x68,
0x4007c,0x43,0x151,0x150,0x500c3,0x43,0x152,0x151,
0x54,0x4006f,0x48,0x153,0x152,0x60050,0x4f,0x154,
0x131,0x142,0x153,0x200f9,0x11e,0x200f8,0x120,0x50081,
0x4f,0x155,0x11d,0x8a,0x200f9,0x11e,0x200f8,0x11e,
0x700f5,0x4f,0x156,0x154,0x11f,0x155,0x120,0x300f7,
0x157,0x0,0x300fb,0x47,0x158,0x200f8,0x158,0x300f7,
0x159,0x0,0x400fa,0xc0,0x15a,0x159,0x200f8,0x15a,
0x5008e,0x4f,0x15b,0x86,0x6b,0x6000c,0x4f,0x15c,
0x1,0x2,0x15b,0x4006e,0x5a,0x15d,0x15c,0x50051,
0x48,0x15e,0x8b,0x0,0x6000c,0x48,0x15f,0x1,
0x6,0x15e,0x4006e,0x43,0x160,0x15f,0x4006f,0x48,
0x161,0x160,0x6000c,0x48,0x162,0x1,0x4,0x15e,
0x50081,0x48,0x163,0x162,0x67,0x6000c,0x48,0x164,
0x1,0x8,0x163,0x50085,0x48,0x165,0x161,0x164,
0x4006e,0x43,0x166,0x165,0x4007c,0x42,0x167,0x166,
0x500c4,0x42,0x168,0x167,0x68,0x4007c,0x43,0x169,
0x168,0x500c3,0x43,0x16a,0x169,0x54,0x50051,0x48,
0x16b,0x8b,0x1,0x6000c,0x48,0x16c,0x1,0x6,
0x16b,0x4006e,0x43,0x16d,0x16c,0x4006f,0x48,0x16e,
0x16d,0x6000c,0x48,0x16f,0x1,0x4,0x16b,0x50081,
0x48,0x170,0x16f,0x67,0x6000c,0x48,0x171,0x1,
0x8,0x170,0x50085,0x48,0x172,0x16e,0x171,0x4006e,
0x43,0x173,0x172,0x4007c,0x42,0x174,0x173,0x500c4,
0x42,0x175,0x174,0x68,0x4007c,0x43,0x176,0x175,
0x500c3,0x43,0x177,0x176,0x54,0x50051,0x48,0x178,
0x8b,0x2,0x6000c,0x48,0x179,0x1,0x6,0x178,
0x4006e,0x43,0x17a,0x179,0x4006f,0x48,0x17b,0x17a,
0x6000c,0x48,0x17c,0x1,0x4,0x178,0x50081,0x48,
0x17d,0x17c,0x67,0x6000c,0x48,0x17e,0x1,0x8,
0x17d,0x50085,0x48,0x17f,0x17b,0x17e,0x4006e,0x43,
0x180,0x17f,0x4007c,0x42,0x181,0x180,0x500c4,0x42,
0x182,0x181,0x68,0x4007c,0x43,0x183,0x182,0x500c3,
0x43,0x184,0x183,0x54,0x60050,0x5a,0x185,0x16a,
0x177,0x184,0x50084,0x5a,0x186,0x15d,0x185,0x500c3,
0x5a,0x187,0x186,0x6c,0x50051,0x43,0x188,0x187,
0x0,0x50051,0x43,0x189,0x187,0x1,0x50080,0x43,
0x18a,0x188,0x189,0x50051,0x43,0x18b,0x187,0x2,
0x50080,0x43,0x18c,0x18a,0x18b,0x4007c,0x42,0x18d,
0x18c,0x500c4,0x42,0x18e,0x18d,0x68,0x4007c,0x43,
0x18f,0x18e,0x500c3,0x43,0x190,0x18f,0x54,0x4006f,
0x48,0x191,0x190,0x5008e,0x4f,0x192,0x87,0x6b,
0x6000c,0x4f,0x193,0x1,0x2,0x192,0x4006e,0x5a,
0x194,0x193,0x50084,0x5a,0x195,0x194,0x185,0x500c3,
0x5a,0x196,0x195,0x6c,0x50051,0x43,0x197,0x196,
0x0,0x50051,0x43,0x198,0x196,0x1,0x50080,0x43,
0x199,0x197,0x198,0x50051,0x43,0x19a,0x196,0x2,
0x50080,0x43,0x19b,0x199,0x19a,0x4007c,0x42,0x19c,
0x19b,0x500c4,0x42,0x19d,0x19c,0x68,0x4007c,0x43,
0x19e,0x19d,0x500c3,0x43,0x19f,0x19e,0x54,0x4006f,
0x48,0x1a0,0x19f,0x5008e,0x4f,0x1a1,0x88,0x6b,
0x6000c,0x4f,0x1a2,0x1,0x2,0x1a1,0x4006e,0x5a,
0x1a3,0x1a2,0x50084,0x5a,0x1a4,0x1a3,0x185,0x500c3,
0x5a,0x1a5,0x1a4,0x6c,0x50051,0x43,0x1a6,0x1a5,
0x0,0x50051,0x43,0x1a7,0x1a5,0x1,0x50080,0x43,
0x1a8,0x1a6,0x1a7,0x50051,0x43,0x1a9,0x1a5,0x2,
0x50080,0x43,0x1aa,0x1a8,0x1a9,0x4007c,0x42,0x1ab,
0x1aa,0x500c4,0x42,0x1ac,0x1ab,0x68,0x4007c,0x43,
0x1ad,0x1ac,0x500c3,0x43,0x1ae,0x1ad,0x54,0x4006f,
0x48,0x1af,0x1ae,0x60050,0x4f,0x1b0,0x191,0x1a0,
0x1af,0x200f9,0x157,0x200f8,0x159,0x50094,0x48,0x1b1,
0x86,0x8b,0x50094,0x48,0x1b2,0x87,0x8b,0x50094,
0x48,0x1b3,0x88,0x8b,0x60050,0x4f,0x1b4,0x1b1,
0x1b2,0x1b3,0x200f9,0x157,0x200f8,0x157,0x700f5,0x4f,
0x1b5,0x1b0,0x15a,0x1b4,0x159,0x50051,0x48,0x1b6,
0x1b5,0x1,0x6000c,0x48,0x1b7,0x1,0x4,0x1b6,
0x4007f,0x48,0x1b8,0x1b7,0x50051,0x48,0x1b9,0x1b5,
0x0,0x6000c,0x48,0x1ba,0x1,0x6,0x1b9,0x4006e,
0x43,0x1bb,0x1ba,0x4006f,0x48,0x1bc,0x1bb,0x6000c,
0x48,0x1bd,0x1,0x4,0x1b9,0x50081,0x48,0x1be,
0x1bd,0x67,0x6000c,0x48,0x1bf,0x1,0x8,0x1be,
0x50085,0x48,0x1c0,0x1bc,0x1bf,0x4006e,0x43,0x1c1,
0x1c0,0x6000c,0x48,0x1c2,0x1,0x6,0x1b8,0x4006e,
0x43,0x1c3,0x1c2,0x4006f,0x48,0x1c4,0x1c3,0x6000c,
0x48,0x1c5,0x1,0x4,0x1b8,0x50081,0x48,0x1c6,
0x1c5,0x67,0x6000c,0x48,0x1c7,0x1,0x8,0x1c6,
0x50085,0x48,0x1c8,0x1c4,0x1c7,0x4006e,0x43,0x1c9,
0x1c8,0x50051,0x48,0x1ca,0x1b5,0x2,0x6000c,0x48,
0x1cb,0x1,0x6,0x1ca,0x4006e,0x43,0x1cc,0x1cb,
0x4006f,0x48,0x1cd,0x1cc,0x6000c,0x48,0x1ce,0x1,
0x4,0x1ca,0x50081,0x48,0x1cf,0x1ce,0x67,0x6000c,
0x48,0x1d0,0x1,0x8,0x1cf,0x50085,0x48,0x1d1,
0x1cd,0x1d0,0x4006e,0x43,0x1d2,0x1d1,0x60050,0x5a,
0x1d3,0x1c1,0x1c9,0x1d2,0x50051,0x48,0x1d4,0x8c,
0x0,0x6000c,0x48,0x1d5,0x1,0x8,0x1d4,0x4006e,
0x43,0x1d6,0x1d5,0x6000c,0x48,0x1d7,0x1,0x9,
0x1d4,0x4006e,0x43,0x1d8,0x1d7,0x60050,0x5a,0x1d9,
0x1d6,0x1d6,0x1d6,0x50084,0x5a,0x1da,0x1d3,0x1d9,
0x500c3,0x5a,0x1db,0x1da,0x60,0x4006f,0x4f,0x1dc,
0x1db,0x60050,0x5a,0x1dd,0x1d8,0x1d8,0x1d8,0x50084,
0x5a,0x1de,0x1d3,0x1dd,0x500c3,0x5a,0x1df,0x1de,
0x60,0x4006f,0x4f,0x1e0,0x1df,0x4006f,0x48,0x1e1,
0x1d6,0x50083,0x48,0x1e2,0x1d4,0x1e1,0x60050,0x4f,
0x1e3,0x1e2,0x1e2,0x1e2,0x8000c,0x4f,0x1e4,0x1,
0x2e,0x1dc,0x1e0,0x1e3,0x50081,0x4f,0x1e5,0x156,
0x1e4,0x50085,0x4f,0x1e6,0x1e5,0x62,0x50051,0x48,
0x1e7,0x8c,0x1,0x60050,0x4f,0x1e8,0x1e7,0x1e7,
0x1e7,0x50088,0x4f,0x1e9,0x1e6,0x1e8,0x200f9,0xbb,
0x200f8,0xbb,0x700f5,0x4f,0x1ea,0xb9,0x94,0x1e9,
0x157,0x60041,0x7d,0x1eb,0x24,0x45,0x45,0x4003d,
0x64,0x1ec,0x1eb,0x60041,0x7d,0x1ed,0x24,0x45,
0x44,0x4003d,0x64,0x1ee,0x1ed,0x60041,0x7d,0x1ef,
0x24,0x45,0x4a,0x4003d,0x64,0x1f0,0x1ef,0x70050,
0x6d,0x1f1,0x1ec,0x1ee,0x1f0,0x69,0x50051,0x48,
0x1f2,0x1ea,0x0,0x50051,0x48,0x1f3,0x1ea,0x1,
0x50051,0x48,0x1f4,0x1ea,0x2,0x70050,0x64,0x1f5,
0x1f2,0x1f3,0x1f4,0x4e,0x50090,0x64,0x1f6,0x1f5,
0x1f1,0x50051,0x42,0x1f7,0xb7,0x3,0x500c7,0x42,
0x1f8,0x1f7,0x63,0x500ab,0x57,0x1f9,0x1f8,0x47,
0x300f7,0x1fa,0x0,0x400fa,0x1f9,0x1fb,0x1fa,0x200f8,
0x1fb,0x50090,0x64,0x1fc,0x65,0x1f1,0x8004f,0x4f,
0x1fd,0x1fc,0x1fc,0x0,0x1,0x2,0x6000c,0x48,
0x1fe,0x1,0x42,0x1fd,0x50090,0x64,0x1ff,0x66,
0x1f1,0x8004f,0x4f,0x200,0x1ff,0x1ff,0x0,0x1,
0x2,0x6000c,0x48,0x201,0x1,0x42,0x200,0x300f7,
0x202,0x0,0x400fa,0xba,0x203,0x202,0x200f8,0x203,
0x50051,0x48,0x204,0x8c,0x1,0x50088,0x48,0x205,
0x1fe,0x204,0x50088,0x48,0x206,0x201,0x204,0x200f9,
0x202,0x200f8,0x202,0x700f5,0x48,0x207,0x201,0x1fb,
0x206,0x203,0x700f5,0x48,0x208,0x1fe,0x1fb,0x205,
0x203,0x50050,0x72,0x209,0x208,0x207,0x50085,0x72,
0x20a,0xb8,0x209,0x7004f,0x72,0x20b,0x1f6,0x1f6,
0x0,0x1,0x50081,0x72,0x20c,0x20b,0x20a,0x9004f,
0x64,0x20d,0x1f6,0x20c,0x4,0x5,0x2,0x3,
0x200f9,0x1fa,0x200f8,0x1fa,0x700f5,0x64,0x20e,0x1f6,
0xbb,0x20d,0x202,0x600a9,0x43,0x20f,0xb6,0x44,
0x45,0x4007c,0x42,0x210,0x20f,0x500aa,0x57,0x211,
0x89,0x5f,0x300f7,0x212,0x0,0x400fa,0x211,0x213,
0x212,0x200f8,0x213,0x50051,0x48,0x214,0x86,0x0,
0x50051,0x48,0x215,0x86,0x1,0x50051,0x48,0x216,
0x86,0x2,0x70050,0x64,0x217,0x214,0x215,0x216,
0x4e,0x50090,0x64,0x218,0x217,0x1f1,0x8004f,0x4f,
0x219,0x218,0x218,0x0,0x1,0x2,0x50051,0x48,
0x21a,0x87,0x0,0x50051,0x48,0x21b,0x87,0x1,
0x50051,0x48,0x21c,0x87,0x2,0x70050,0x64,0x21d,
0x21a,0x21b,0x21c,0x4e,0x50090,0x64,0x21e,0x21d,
0x1f1,0x8004f,0x4f,0x21f,0x21e,0x21e,0x0,0x1,
0x2,0x50051,0x48,0x220,0x88,0x0,0x50051,0x48,
0x221,0x88,0x1,0x50051,0x48,0x222,0x88,0x2,
0x70050,0x64,0x223,0x220,0x221,0x222,0x4e,0x50090,
0x64,0x224,0x223,0x1f1,0x8004f,0x4f,0x225,0x224,
0x224,0x0,0x1,0x2,0x50051,0x48,0x226,0x218,
0x0,0x50051,0x48,0x227,0x21e,0x1,0x50051,0x48,
0x228,0x224,0x2,0x50085,0x48,0x26,0x227,0x228,
0x50051,0x48,0x229,0x21e,0x2,0x50051,0x48,0x22a,
0x224,0x1,0x50085,0x48,0x27,0x229,0x22a,0x50083,
0x48,0x28,0x26,0x27,0x50085,0x48,0x29,0x226,
0x28,0x50051,0x48,0x22b,0x218,0x1,0x50051,0x48,
0x22c,0x21e,0x0,0x50085,0x48,0x2a,0x22c,0x228,
0x50051,0x48,0x22d,0x224,0x0,0x50085,0x48,0x2b,
0x229,0x22d,0x50083,0x48,0x2c,0x2a,0x2b,0x50085,
0x48,0x2d,0x22b,0x2c,0x50083,0x48,0x2e,0x29,
0x2d,0x50051,0x48,0x22e,0x218,0x2,0x50085,0x48,
0x2f,0x22c,0x22a,0x50085,0x48,0x30,0x227,0x22d,
0x50083,0x48,0x31,0x2f,0x30,0x50085,0x48,0x32,
0x22e,0x31,0x50081,0x48,0x33,0x2e,0x32,0x6000c,
0x4f,0x22f,0x1,0x4,0x219,0x6000c,0x4f,0x230,
0x1,0x4,0x21f,0x7000c,0x4f,0x231,0x1,0x50,
0x22f,0x230,0x6000c,0x4f,0x232,0x1,0x4,0x225,
0x7000c,0x4f,0x233,0x1,0x50,0x231,0x232,0x50051,
0x48,0x234,0x233,0x0,0x50051,0x48,0x235,0x233,
0x1,0x7000c,0x48,0x236,0x1,0x50,0x234,0x235,
0x50051,0x48,0x237,0x233,0x2,0x7000c,0x48,0x238,
0x1,0x50,0x237,0x4e,0x7000c,0x48,0x239,0x1,
0x50,0x236,0x238,0x50085,0x48,0x23a,0x239,0x239,
0x50085,0x48,0x23b,0x23a,0x239,0x50085,0x48,0x23c,
0x23b,0x6a,0x500bc,0x57,0x23d,0x33,0x23c,0x600a9,
0x42,0x23e,0x23d,0x5f,0x47,0x200f9,0x212,0x200f8,
0x212,0x700f5,0x42,0x23f,0x210,0x1fa,0x23e,0x213,
0x500ab,0x57,0x240,0x8d,0x47,0x300f7,0x241,0x0,
0x400fa,0x240,0x242,0x241,0x200f8,0x242,0x50051,0x48,
0x243,0x8a,0x0,0x50051,0x48,0x244,0x8a,0x1,
0x50051,0x48,0x245,0x8a,0x2,0x70050,0x64,0x246,
0x243,0x244,0x245,0x4e,0x50090,0x64,0x247,0x246,
0x1f1,0x8004f,0x4f,0x248,0x247,0x247,0x0,0x1,
0x2,0x50051,0x48,0x249,0x8b,0x0,0x50051,0x48,
0x24a,0x8b,0x1,0x50051,0x48,0x24b,0x8b,0x2,
0x70050,0x64,0x24c,0x249,0x24a,0x24b,0x4e,0x50090,
0x64,0x24d,0x24c,0x1f1,0x8004f,0x4f,0x24e,0x24d,
0x24d,0x0,0x1,0x2,0x50051,0x48,0x24f,0x8c,
0x0,0x50051,0x48,0x250,0x8c,0x1,0x50051,0x48,
0x251,0x8c,0x2,0x70050,0x64,0x252,0x24f,0x250,
0x251,0x4e,0x50090,0x64,0x253,0x252,0x1f1,0x8004f,
0x4f,0x254,0x253,0x253,0x0,0x1,0x2,0x50051,
0x48,0x255,0x247,0x0,0x50051,0x48,0x256,0x24d,
0x1,0x50051,0x48,0x257,0x253,0x2,0x50085,0x48,
0x34,0x256,0x257,0x50051,0x48,0x258,0x24d,0x2,
0x50051,0x48,0x259,0x253,0x1,0x50085,0x48,0x35,
0x258,0x259,0x50083,0x48,0x36,0x34,0x35,0x50085,
0x48,0x37,0x255,0x36,0x50051,0x48,0x25a,0x247,
0x1,0x50051,0x48,0x25b,0x24d,0x0,0x50085,0x48,
0x38,0x25b,0x257,0x50051,0x48,0x25c,0x253,0x0,
0x50085,0x48,0x39,0x258,0x25c,0x50083,0x48,0x3a,
0x38,0x39,0x50085,0x48,0x3b,0x25a,0x3a,0x50083,
0x48,0x3c,0x37,0x3b,0x50051,0x48,0x25d,0x247,
0x2,0x50085,0x48,0x3d,0x25b,0x259,0x50085,0x48,
0x3e,0x256,0x25c,0x50083,0x48,0x3f,0x3d,0x3e,
0x50085,0x48,0x40,0x25d,0x3f,0x50081,0x48,0x41,
0x3c,0x40,0x6000c,0x4f,0x25e,0x1,0x4,0x248,
0x6000c,0x4f,0x25f,0x1,0x4,0x24e,0x7000c,0x4f,
0x260,0x1,0x50,0x25e,0x25f,0x6000c,0x4f,0x261,
0x1,0x4,0x254,0x7000c,0x4f,0x262,0x1,0x50,
0x260,0x261,0x50051,0x48,0x263,0x262,0x0,0x50051,
0x48,0x264,0x262,0x1,0x7000c,0x48,0x265,0x1,
0x50,0x263,0x264,0x50051,0x48,0x266,0x262,0x2,
0x7000c,0x48,0x267,0x1,0x50,0x266,0x4e,0x7000c,
0x48,0x268,0x1,0x50,0x265,0x267,0x50085,0x48,
0x269,0x268,0x268,0x50085,0x48,0x26a,0x269,0x268,
0x50085,0x48,0x26b,0x26a,0x6a,0x500bc,0x57,0x26c,
0x41,0x26b,0x600a9,0x42,0x26d,0x26c,0x5f,0x47,
0x500c7,0x42,0x26e,0x23f,0x26d,0x200f9,0x241,0x200f8,
0x241,0x700f5,0x42,0x26f,0x23f,0x212,0x26e,0x242,
0x50041,0x7c,0x270,0x24,0x44,0x4003d,0x6d,0x271,
0x270,0x50090,0x64,0x272,0x20e,0x271,0x500c7,0x42,
0x273,0x1f7,0x46,0x500ab,0x57,0x274,0x273,0x47,
0x300f7,0x275,0x0,0x400fa,0x274,0x276,0x275,0x200f8,
0x276,0x50051,0x48,0x277,0x272,0x3,0x50085,0x48,
0x278,0x277,0x49,0x50051,0x48,0x279,0x272,0x2,
0x50083,0x48,0x27a,0x279,0x278,0x60052,0x64,0x27b,
0x27a,0x272,0x2,0x200f9,0x275,0x200f8,0x275,0x700f5,
0x64,0x27c,0x272,0x241,0x27b,0x276,0x500c7,0x42,
0x27d,0x1f7,0x4c,0x500ab,0x57,0x27e,0x27d,0x47,
0x300f7,0x27f,0x0,0x400fa,0x27e,0x280,0x27f,0x200f8,
0x280,0x50051,0x48,0x281,0xb8,0x0,0x500b4,0x57,
0x282,0x281,0x4d,0x600a9,0x48,0x283,0x282,0x4e,
0x281,0x50051,0x48,0x284,0x8e,0x0,0x50051,0x48,
0x285,0x8e,0x1,0x60050,0x4f,0x286,0x284,0x285,
0x283,0x200f9,0x27f,0x200f8,0x27f,0x700f5,0x4f,0x287,
0x1ea,0x275,0x286,0x280,0x500c7,0x42,0x288,0x1f7,
0x56,0x500aa,0x57,0x289,0x288,0x56,0x300f7,0x28a,
0x0,0x400fa,0x289,0x28b,0x28a,0x200f8,0x28b,0x50051,
0x48,0x28c,0x87,0x0,0x4006d,0x42,0x28d,0x28c,
0x50051,0x48,0x28e,0x86,0x0,0x50051,0x48,0x28f,
0x86,0x1,0x50051,0x48,0x290,0x86,0x2,0x4006d,
0x42,0x291,0x28e,0x4006d,0x42,0x292,0x28f,0x4006d,
0x42,0x293,0x290,0x70050,0x52,0x294,0x291,0x292,
0x293,0x28d,0x50051,0x48,0x295,0x87,0x1,0x50051,
0x48,0x296,0x87,0x2,0x4006d,0x42,0x297,0x295,
0x4006d,0x42,0x298,0x296,0x50051,0x48,0x299,0x88,
0x0,0x50051,0x48,0x29a,0x88,0x1,0x4006d,0x42,
0x29b,0x299,0x4006d,0x42,0x29c,0x29a,0x70050,0x52,
0x29d,0x297,0x298,0x29b,0x29c,0x50051,0x48,0x29e,
0x88,0x2,0x4006d,0x42,0x29f,0x29e,0x50051,0x48,
0x2a0,0x8a,0x0,0x50051,0x48,0x2a1,0x8a,0x1,
0x50051,0x48,0x2a2,0x8a,0x2,0x4006d,0x42,0x2a3,
0x2a0,0x4006d,0x42,0x2a4,0x2a1,0x4006d,0x42,0x2a5,
0x2a2,0x70050,0x52,0x2a6,0x29f,0x2a3,0x2a4,0x2a5,
0x50051,0x48,0x2a7,0x8c,0x0,0x4006d,0x42,0x2a8,
0x2a7,0x50051,0x48,0x2a9,0x8b,0x0,0x50051,0x48,
0x2aa,0x8b,0x1,0x50051,0x48,0x2ab,0x8b,0x2,
0x4006d,0x42,0x2ac,0x2a9,0x4006d,0x42,0x2ad,0x2aa,
0x4006d,0x42,0x2ae,0x2ab,0x70050,0x52,0x2af,0x2ac,
0x2ad,0x2ae,0x2a8,0x200f9,0x28a,0x200f8,0x28a,0x700f5,
0x52,0x2b0,0x53,0x27f,0x294,0x28b,0x700f5,0x52,
0x2b1,0x53,0x27f,0x29d,0x28b,0x700f5,0x52,0x2b2,
0x53,0x27f,0x2a6,0x28b,0x700f5,0x52,0x2b3,0x53,
0x27f,0x2af,0x28b,0x3003e,0x12,0x27c,0x3003e,0x13,
0x83,0x3003e,0x14,0x84,0x3003e,0x15,0x85,0x3003e,
0x16,0x26f,0x3003e,0x17,0x8e,0x3003e,0x18,0xb7,
0x3003e,0x19,0x50,0x3003e,0x1a,0x47,0x3003e,0x1b,
0x8e,0x3003e,0x1c,0x287,0x3003e,0x1d,0x51,0x3003e,
0x1e,0x50,0x3003e,0x1f,0x2b0,0x3003e,0x20,0x2b1,
0x3003e,0x21,0x2b2,0x3003e,0x22,0x2b3,0x100fd,0x10038
};
inline constexpr std::uint32_t vertex_textured[]={
0x7230203,0x10000,0xe0000,0x105f,0x0,0x20011,0x1,0x6000b,
0x1,0x4c534c47,0x6474732e,0x3035342e,0x0,0x3000e,0x0,0x1,
0x29000f,0x0,0x2,0x74726576,0x745f7865,0x75747865,0x5f646572,0x6e69616d,
0x0,0x3,0x4,0x5,0x6,0x7,0x8,0x9,
0xa,0xb,0xc,0xd,0xe,0xf,0x10,0x11,
0x12,0x13,0x14,0x15,0x16,0x17,0x18,0x19,
0x1a,0x1b,0x1c,0x1d,0x1e,0x1f,0x20,0x21,
0x22,0x30003,0x5,0x258,0x90005,0x23,0x65707974,0x6e6f432e,
0x6e617473,0x66754274,0x2e726566,0x656d6143,0x6172,0x60006,0x23,0x0,
0x77656976,0x776f725f,0x73,0x60006,0x23,0x1,0x6a6f7270,0x69746365,
0x6e6f,0x50006,0x23,0x2,0x65666665,0x737463,0x40005,0x24,
0x656d6163,0x6172,0x90005,0x25,0x65707974,0x7274532e,0x75746375,0x42646572,
0x65666675,0x69752e72,0x746e,0x40005,0x26,0x65786574,0x736c,0x60005,
0x3,0x762e6e69,0x502e7261,0x5449534f,0x4e4f49,0x60005,0x4,0x762e6e69,
0x432e7261,0x524f4c4f,0x30,0x60005,0x5,0x762e6e69,0x432e7261,0x524f4c4f,
0x31,0x70005,0x6,0x762e6e69,0x542e7261,0x4f435845,0x3044524f,0x0,
0x70005,0x7,0x762e6e69,0x542e7261,0x4f435845,0x3144524f,0x0,0x70005,
0x8,0x762e6e69,0x542e7261,0x4f435845,0x3244524f,0x0,0x70005,0x9,
0x762e6e69,0x542e7261,0x4f435845,0x3344524f,0x0,0x70005,0xa,0x762e6e69,
0x542e7261,0x4f435845,0x3444524f,0x0,0x70005,0xb,0x762e6e69,0x542e7261,
0x4f435845,0x3544524f,0x0,0x70005,0xc,0x762e6e69,0x542e7261,0x4f435845,
0x3644524f,0x0,0x70005,0xd,0x762e6e69,0x542e7261,0x4f435845,0x3744524f,
0x0,0x70005,0xe,0x762e6e69,0x542e7261,0x4f435845,0x3844524f,0x0,
0x70005,0xf,0x762e6e69,0x542e7261,0x4f435845,0x3944524f,0x0,0x70005,
0x10,0x762e6e69,0x542e7261,0x4f435845,0x3144524f,0x30,0x70005,0x11,
0x762e6e69,0x542e7261,0x4f435845,0x3144524f,0x31,0x60005,0x13,0x2e74756f,
0x2e726176,0x4f4c4f43,0x3052,0x60005,0x14,0x2e74756f,0x2e726176,0x4f4c4f43,
0x3152,0x70005,0x15,0x2e74756f,0x2e726176,0x43584554,0x44524f4f,0x30,
0x70005,0x16,0x2e74756f,0x2e726176,0x43584554,0x44524f4f,0x31,0x70005,
0x17,0x2e74756f,0x2e726176,0x43584554,0x44524f4f,0x32,0x70005,0x18,
0x2e74756f,0x2e726176,0x43584554,0x44524f4f,0x33,0x70005,0x19,0x2e74756f,
0x2e726176,0x43584554,0x44524f4f,0x34,0x70005,0x1a,0x2e74756f,0x2e726176,
0x43584554,0x44524f4f,0x35,0x70005,0x1b,0x2e74756f,0x2e726176,0x43584554,
0x44524f4f,0x36,0x70005,0x1c,0x2e74756f,0x2e726176,0x43584554,0x44524f4f,
0x37,0x70005,0x1d,0x2e74756f,0x2e726176,0x43584554,0x44524f4f,0x38,
0x70005,0x1e,0x2e74756f,0x2e726176,0x43584554,0x44524f4f,0x39,0x70005,
0x1f,0x2e74756f,0x2e726176,0x43584554,0x44524f4f,0x3031,0x70005,0x20,
0x2e74756f,0x2e726176,0x43584554,0x44524f4f,0x3131,0x70005,0x21,0x2e74756f,
0x2e726176,0x43584554,0x44524f4f,0x3231,0x70005,0x22,0x2e74756f,0x2e726176,
0x43584554,0x44524f4f,0x3331,0x80005,0x2,0x74726576,0x745f7865,0x75747865,
0x5f646572,0x6e69616d,0x0,0x40047,0x12,0xb,0x0,0x30047,
0x13,0xe,0x30047,0x14,0xe,0x30047,0x15,0xe,
0x30047,0x16,0xe,0x30047,0x17,0xd,0x30047,0x18,
0xe,0x30047,0x19,0xe,0x30047,0x1a,0xe,0x30047,
0x1d,0xe,0x30047,0x1e,0xe,0x30047,0x1f,0xe,
0x30047,0x20,0xe,0x30047,0x21,0xe,0x30047,0x22,
0xe,0x40047,0x3,0x1e,0x0,0x40047,0x4,0x1e,
0x1,0x40047,0x5,0x1e,0x2,0x40047,0x6,0x1e,
0x3,0x40047,0x7,0x1e,0x4,0x40047,0x8,0x1e,
0x5,0x40047,0x9,0x1e,0x6,0x40047,0xa,0x1e,
0x7,0x40047,0xb,0x1e,0x8,0x40047,0xc,0x1e,
0x9,0x40047,0xd,0x1e,0xa,0x40047,0xe,0x1e,
0xb,0x40047,0xf,0x1e,0xc,0x40047,0x10,0x1e,
0xd,0x40047,0x11,0x1e,0xe,0x40047,0x13,0x1e,
0x0,0x40047,0x14,0x1e,0x1,0x40047,0x15,0x1e,
0x2,0x40047,0x16,0x1e,0x3,0x40047,0x17,0x1e,
0x4,0x40047,0x18,0x1e,0x5,0x40047,0x19,0x1e,
0x6,0x40047,0x1a,0x1e,0x7,0x40047,0x1b,0x1e,
0x8,0x40047,0x1c,0x1e,0x9,0x40047,0x1d,0x1e,
0xa,0x40047,0x1e,0x1e,0xb,0x40047,0x1f,0x1e,
0xc,0x40047,0x20,0x1e,0xd,0x40047,0x21,0x1e,
0xe,0x40047,0x22,0x1e,0xf,0x40047,0x26,0x22,
0x0,0x40047,0x26,0x21,0x0,0x40047,0x27,0x6,
0x10,0x50048,0x23,0x0,0x23,0x0,0x50048,0x23,
0x1,0x23,0x30,0x50048,0x23,0x1,0x7,0x10,
0x40048,0x23,0x1,0x4,0x50048,0x23,0x2,0x23,
0x70,0x30047,0x23,0x2,0x40047,0x28,0x6,0x4,
0x50048,0x25,0x0,0x23,0x0,0x40048,0x25,0x0,
0x18,0x30047,0x25,0x3,0x30047,0x29,0x2a,0x30047,
0x2a,0x2a,0x30047,0x2b,0x2a,0x30047,0x2c,0x2a,
0x30047,0x2d,0x2a,0x30047,0x2e,0x2a,0x30047,0x2f,
0x2a,0x30047,0x30,0x2a,0x30047,0x31,0x2a,0x30047,
0x32,0x2a,0x30047,0x33,0x2a,0x30047,0x34,0x2a,
0x30047,0x35,0x2a,0x30047,0x36,0x2a,0x30047,0x37,
0x2a,0x30047,0x38,0x2a,0x30047,0x39,0x2a,0x30047,
0x3a,0x2a,0x30047,0x3b,0x2a,0x30047,0x3c,0x2a,
0x30047,0x3d,0x2a,0x30047,0x3e,0x2a,0x30047,0x3f,
0x2a,0x30047,0x40,0x2a,0x30047,0x41,0x2a,0x30047,
0x42,0x2a,0x30047,0x43,0x2a,0x30047,0x44,0x2a,
0x30047,0x45,0x2a,0x30047,0x46,0x2a,0x30047,0x47,
0x2a,0x30047,0x48,0x2a,0x30047,0x49,0x2a,0x30047,
0x4a,0x2a,0x30047,0x4b,0x2a,0x30047,0x4c,0x2a,
0x30047,0x4d,0x2a,0x30047,0x4e,0x2a,0x30047,0x4f,
0x2a,0x40015,0x50,0x20,0x0,0x40015,0x51,0x20,
0x1,0x4002b,0x51,0x52,0x0,0x4002b,0x50,0x53,
0x1,0x4002b,0x51,0x54,0x3,0x4002b,0x50,0x55,
0x10000000,0x4002b,0x50,0x56,0x0,0x4002b,0x50,0x57,
0x110,0x4002b,0x50,0x58,0x4000,0x30016,0x59,0x20,
0x4002b,0x59,0x5a,0x38d1b717,0x4002b,0x51,0x5b,0x1,
0x4002b,0x59,0x5c,0xb8d1b717,0x4002b,0x59,0x5d,0x45800000,
0x4002b,0x59,0x5e,0x0,0x40017,0x5f,0x59,0x2,
0x5002c,0x5f,0x60,0x5e,0x5e,0x4002b,0x50,0x61,
0x3,0x4002b,0x50,0x62,0x4000000,0x4002b,0x50,0x63,
0x8,0x4002b,0x50,0x64,0x2,0x20014,0x65,0x3002a,
0x65,0x66,0x4002b,0x59,0x67,0x3f800000,0x4002b,0x59,
0x68,0xbf800000,0x40017,0x69,0x59,0x3,0x6002c,0x69,
0x6a,0x67,0x68,0x68,0x6002c,0x69,0x6b,0x5e,
0x5e,0x68,0x4002b,0x51,0x6c,0x2,0x4002b,0x50,
0x6d,0xf,0x4002b,0x50,0x6e,0x10,0x4002b,0x50,
0x6f,0xe,0x4002b,0x50,0x70,0x4,0x4002b,0x50,
0x71,0xff,0x4002b,0x50,0x72,0x5,0x4002b,0x50,
0x73,0x1f,0x4002b,0x50,0x74,0x18,0x40017,0x75,
0x59,0x4,0x4002b,0x59,0x76,0x3d25aee6,0x6002c,0x69,
0x77,0x76,0x76,0x76,0x4002b,0x59,0x78,0x3d6147ae,
0x6002c,0x69,0x79,0x78,0x78,0x78,0x4002b,0x59,
0x7a,0x4019999a,0x6002c,0x69,0x7b,0x7a,0x7a,0x7a,
0x4002b,0x50,0x7c,0x6,0x40017,0x7d,0x50,0x4,
0x7002c,0x7d,0x7e,0x56,0x56,0x56,0x56,0x4002b,
0x50,0x7f,0x20000,0x4002b,0x50,0x80,0x400000,0x4002b,
0x50,0x81,0x2000000,0x4002b,0x50,0x82,0x7,0x4002b,
0x50,0x83,0x40000,0x4002b,0x50,0x84,0x80000,0x4002b,
0x50,0x85,0x1000000,0x4002b,0x50,0x86,0xa,0x4002b,
0x50,0x87,0xc,0x4002b,0x50,0x88,0x20,0x4002b,
0x50,0x89,0x80,0x6002c,0x69,0x8a,0x5e,0x5e,
0x5e,0x4002b,0x50,0x8b,0x9,0x30029,0x65,0x8c,
0x4002b,0x59,0x8d,0x7149f2ca,0x5002c,0x5f,0x8e,0x8d,
0x8d,0x4002b,0x50,0x8f,0xb,0x4002b,0x50,0x90,
0x80000000,0x4002b,0x59,0x91,0x40800000,0x4002b,0x50,0x92,
0xd,0x4002b,0x51,0x93,0x7,0x4002b,0x50,0x94,
0x15,0x4002b,0x50,0x95,0x12,0x4002b,0x50,0x96,
0x11,0x4002b,0x59,0x97,0x42800000,0x4002b,0x59,0x98,
0x3f000000,0x5002c,0x5f,0x99,0x68,0x67,0x5002c,0x5f,
0x9a,0x67,0x67,0x5002c,0x5f,0x9b,0x67,0x68,
0x5002c,0x5f,0x9c,0x68,0x68,0x4002b,0x50,0x9d,
0x16,0x4002b,0x50,0x9e,0x17,0x4002b,0x50,0x9f,
0x13,0x4002b,0x50,0xa0,0x800000,0x4002b,0x50,0xa1,
0x8000,0x4002b,0x50,0xa2,0x10000,0x4002b,0x50,0xa3,
0x14,0x4002b,0x50,0xa4,0x800,0x4002b,0x59,0xa5,
0x47800000,0x4002b,0x59,0xa6,0x47000000,0x4002b,0x59,0xa7,
0x43800000,0x4002b,0x59,0xa8,0x44800000,0x4002b,0x59,0xa9,
0x457ff000,0x4002b,0x50,0xaa,0xfff,0x4002b,0x59,0xab,
0x42a00000,0x4002b,0x59,0xac,0x42880000,0x5002c,0x5f,0xad,
0xab,0xac,0x4002b,0x50,0xae,0x40,0x40017,0xaf,
0x51,0x3,0x6002c,0xaf,0xb0,0x52,0x52,0x52,
0x4002b,0x51,0xb1,0xf,0x4002b,0x51,0xb2,0x1f,
0x4002b,0x51,0xb3,0x10,0x4002b,0x50,0xb4,0x2000,
0x4002b,0x59,0xb5,0x44000000,0x4002b,0x59,0xb6,0x463ffc00,
0x4002b,0x50,0xb7,0x8000000,0x4002b,0x50,0xb8,0x40000000,
0x4002b,0x59,0xb9,0x43d40000,0x4002b,0x59,0xba,0x43c80000,
0x4002b,0x59,0xbb,0x43c00000,0x4002b,0x59,0xbc,0x42200000,
0x4002b,0x59,0xbd,0x41700000,0x4002b,0x50,0xbe,0x1d,
0x4002b,0x50,0xbf,0x3d,0x4002b,0x59,0xc0,0x3e99999a,
0x4002b,0x59,0xc1,0x3e800000,0x7002c,0x75,0xc2,0x5e,
0x67,0x5e,0x5e,0x4002b,0x50,0xc3,0xffff,0x4002b,
0x50,0xc4,0xffffffff,0x4002b,0x50,0xc5,0x100,0x4002b,
0x50,0xc6,0x4d,0x4002b,0x50,0xc7,0x96,0x4002b,
0x51,0xc8,0x8,0x4002b,0x59,0xc9,0x43000000,0x4002b,
0x50,0xca,0x400,0x4002b,0x59,0xcb,0x43700000,0x4002b,
0x59,0xcc,0x358637bd,0x6002c,0x69,0xcd,0x67,0x67,
0x67,0x4002b,0x50,0xce,0x2001,0x4002b,0x59,0xcf,
0x42e00000,0x4002b,0x51,0xd0,0x40,0x4002b,0x51,0xd1,
0x20,0x4002b,0x59,0xd2,0x435f0000,0x4002b,0x59,0xd3,
0xc3800000,0x4002b,0x51,0xd4,0xe0,0x7002c,0x75,0xd5,
0x5e,0x5e,0x5e,0x5e,0x4002b,0x51,0xd6,0x100,
0x4002b,0x51,0xd7,0xdf,0x4002b,0x50,0xd8,0x200,
0x4002b,0x50,0xd9,0x9e3779b9,0x4002b,0x50,0xda,0x85ebca6b,
0x4002b,0x50,0xdb,0x7feb352d,0x4002b,0x50,0xdc,0x20000000,
0x4002b,0x50,0xdd,0x150,0x4002b,0x50,0xde,0x188,
0x4002b,0x50,0xdf,0x140,0x4002b,0x50,0xe0,0x180,
0x4002b,0x50,0xe1,0x7f,0x4002b,0x51,0xe2,0x200,
0x4002b,0x50,0xe3,0x158,0x4002b,0x50,0xe4,0x168,
0x4002b,0x50,0xe5,0x160,0x4002b,0x50,0xe6,0xc0,
0x4002b,0x50,0xe7,0x1b8,0x4002b,0x51,0xe8,0xd0,
0x4002b,0x50,0xe9,0xd0,0x4002b,0x50,0xea,0x108,
0x4002b,0x51,0xeb,0x80,0x4002b,0x51,0xec,0x400,
0x4002b,0x51,0xed,0x800,0x4002b,0x50,0xee,0x3ff,
0x4002b,0x50,0xef,0x120,0x4002b,0x50,0xf0,0x51,
0x4002b,0x50,0xf1,0x5f,0x4002b,0x50,0xf2,0x130,
0x4002b,0x50,0xf3,0x56,0x4002b,0x50,0xf4,0x58,
0x4002b,0x50,0xf5,0x70,0x4002b,0x50,0xf6,0x90,
0x4002b,0x50,0xf7,0x30,0x4002b,0x50,0xf8,0x50,
0x4002b,0x50,0xf9,0x60,0x4002b,0x50,0xfa,0x78,
0x4002b,0x50,0xfb,0x98,0x4002b,0x50,0xfc,0x28,
0x4002b,0x50,0xfd,0xb0,0x4002b,0x50,0xfe,0xc8,
0x4002b,0x50,0xff,0x178,0x4002b,0x50,0x100,0x198,
0x4002b,0x50,0x101,0xa0,0x4002b,0x50,0x102,0x1b0,
0x4002b,0x50,0x103,0x1d0,0x4002b,0x50,0x104,0xa8,
0x4002b,0x50,0x105,0x1f0,0x4002b,0x50,0x106,0xd8,
0x4002b,0x50,0x107,0xf8,0x4002b,0x50,0x108,0x170,
0x4002b,0x50,0x109,0x1c0,0x4002b,0x50,0x10a,0x128,
0x4002b,0x50,0x10b,0x148,0x4002b,0x50,0x10c,0x190,
0x4002b,0x50,0x10d,0xb8,0x4002b,0x50,0x10e,0x1d8,
0x4002b,0x50,0x10f,0x1a0,0x4002b,0x50,0x110,0xe8,
0x4002b,0x50,0x111,0x88,0x4002b,0x50,0x112,0x138,
0x4002b,0x50,0x113,0xffffff,0x7002c,0x75,0x114,0x5e,
0x5e,0x5e,0x67,0x4002b,0x50,0x115,0x2fa0,0x4002b,
0x50,0x116,0x1fff,0x4002b,0x51,0x117,0x1fff,0x4002b,
0x51,0x118,0xfff,0x4002b,0x51,0x119,0x2000,0x6002c,
0xaf,0x11a,0xb3,0xb3,0xb3,0x6002c,0xaf,0x11b,
0x6c,0x6c,0x6c,0x7002c,0x75,0x11c,0x67,0x5e,
0x5e,0x5e,0x40017,0x11d,0x50,0x3,0x6002c,0x11d,
0x11e,0x6d,0x6d,0x6d,0x4002b,0x51,0x11f,0xffffffff,
0x4002b,0x59,0x120,0xc0000000,0x4002b,0x59,0x121,0x3f600000,
0x4002b,0x59,0x122,0x2b8cbccc,0x6002c,0xaf,0x123,0xb1,
0xb1,0xb1,0x4001c,0x27,0x75,0x61,0x40018,0x124,
0x75,0x4,0x5001e,0x23,0x27,0x124,0x7d,0x40020,
0x125,0x9,0x23,0x3001d,0x28,0x50,0x3001e,0x25,
0x28,0x40020,0x126,0x2,0x25,0x40020,0x127,0x1,
0x69,0x40020,0x128,0x1,0x75,0x40020,0x129,0x1,
0x50,0x40020,0x12a,0x1,0x5f,0x40020,0x12b,0x1,
0x7d,0x40020,0x12c,0x3,0x75,0x40020,0x12d,0x3,
0x50,0x40020,0x12e,0x3,0x5f,0x40020,0x12f,0x3,
0x7d,0x40020,0x130,0x3,0x69,0x20013,0x131,0x30021,
0x132,0x131,0x40020,0x133,0x7,0x69,0x40020,0x134,
0x7,0x5f,0x40020,0x135,0x7,0x50,0x40020,0x136,
0x7,0x59,0x40020,0x137,0x7,0x51,0x4001c,0x138,
0x5f,0x70,0x40020,0x139,0x7,0x138,0x40020,0x13a,
0x7,0xaf,0x40020,0x13b,0x2,0x50,0x40017,0x13c,
0x65,0x4,0x40017,0x13d,0x65,0x3,0x40017,0x13e,
0x50,0x2,0x40017,0x13f,0x65,0x2,0x40020,0x140,
0x9,0x124,0x40017,0x141,0x51,0x2,0x40020,0x142,
0x9,0x75,0x4001c,0x143,0x50,0x88,0x40020,0x144,
0x7,0x143,0x40020,0x145,0x9,0x59,0x4003b,0x125,
0x24,0x9,0x4003b,0x126,0x26,0x2,0x4003b,0x127,
0x3,0x1,0x4003b,0x128,0x4,0x1,0x4003b,0x128,
0x5,0x1,0x4003b,0x129,0x6,0x1,0x4003b,0x127,
0x7,0x1,0x4003b,0x127,0x8,0x1,0x4003b,0x127,
0x9,0x1,0x4003b,0x129,0xa,0x1,0x4003b,0x127,
0xb,0x1,0x4003b,0x127,0xc,0x1,0x4003b,0x127,
0xd,0x1,0x4003b,0x129,0xe,0x1,0x4003b,0x12a,
0xf,0x1,0x4003b,0x12b,0x10,0x1,0x4003b,0x12a,
0x11,0x1,0x4003b,0x12c,0x12,0x3,0x4003b,0x12c,
0x13,0x3,0x4003b,0x12c,0x14,0x3,0x4003b,0x12d,
0x15,0x3,0x4003b,0x12d,0x16,0x3,0x4003b,0x12e,
0x17,0x3,0x4003b,0x12f,0x18,0x3,0x4003b,0x130,
0x19,0x3,0x4003b,0x12d,0x1a,0x3,0x4003b,0x12e,
0x1b,0x3,0x4003b,0x130,0x1c,0x3,0x4003b,0x130,
0x1d,0x3,0x4003b,0x130,0x1e,0x3,0x4003b,0x12f,
0x1f,0x3,0x4003b,0x12f,0x20,0x3,0x4003b,0x12f,
0x21,0x3,0x4003b,0x12f,0x22,0x3,0x4002b,0x50,
0x146,0xefffffff,0x4002b,0x50,0x147,0x440000,0x4002b,0x50,
0x148,0xffb3ffff,0x4002b,0x50,0x149,0x7fffffff,0x4002b,0x50,
0x14a,0xfffffffb,0x4002b,0x50,0x14b,0xf7ffffff,0x4002b,0x59,
0x14c,0xf149f2ca,0x5002c,0x5f,0x14d,0x14c,0x14c,0x7002c,
0x138,0x14e,0x99,0x9a,0x9b,0x9c,0x4002b,0x50,
0x14f,0x4110,0x4002b,0x59,0x150,0x3b000000,0x4002b,0x59,
0x151,0x3b808081,0x7002c,0x75,0x152,0x151,0x151,0x151,
0x151,0x4002b,0x59,0x153,0x3d9e8391,0x6002c,0x69,0x154,
0x153,0x153,0x153,0x4002b,0x59,0x155,0x3f72a76f,0x6002c,
0x69,0x156,0x155,0x155,0x155,0x4002b,0x50,0x157,
0x204,0x4002b,0x59,0x158,0xbf000000,0x4002b,0x59,0x159,
0x3b800000,0x4002b,0x59,0x15a,0x3c000000,0x4002b,0x59,0x15b,
0x44d90fdb,0x4002b,0x50,0x15c,0x41f0,0x4002b,0x51,0x15d,
0xfffffff8,0x4002b,0x59,0x15e,0x38000000,0x5002c,0x5f,0x15f,
0xd3,0xcf,0x4002b,0x50,0x160,0x800002,0x4002b,0x59,
0x161,0x45000000,0x4002b,0x59,0x162,0xc5000000,0x4002b,0x59,
0x163,0xc7000000,0x50036,0x131,0x2,0x0,0x132,0x200f8,
0x164,0x4003b,0x144,0x165,0x7,0x4003b,0x139,0x166,
0x7,0x4003b,0x133,0x167,0x7,0x4003b,0x13a,0x168,
0x7,0x4003b,0x133,0x169,0x7,0x4003d,0x69,0x16a,
0x3,0x4003d,0x75,0x16b,0x4,0x4003d,0x75,0x16c,
0x5,0x4003d,0x50,0x16d,0x6,0x4003d,0x69,0x16e,
0x7,0x4003d,0x69,0x16f,0x8,0x4003d,0x69,0x170,
0x9,0x4003d,0x50,0x171,0xa,0x4003d,0x69,0x172,
0xb,0x4003d,0x69,0x173,0xc,0x4003d,0x69,0x174,
0xd,0x4003d,0x50,0x175,0xe,0x4003d,0x5f,0x176,
0xf,0x4003d,0x7d,0x177,0x10,0x4003d,0x5f,0x178,
0x11,0x50051,0x50,0x179,0x177,0x3,0x500c7,0x50,
0x17a,0x179,0x55,0x500ab,0x65,0x17b,0x17a,0x56,
0x300f7,0x17c,0x2,0x400fa,0x17b,0x17d,0x17c,0x200f8,
0x17d,0x50051,0x50,0x17e,0x177,0x0,0x50080,0x50,
0x17f,0x17e,0x14f,0x60041,0x13b,0x180,0x26,0x52,
0x17f,0x4003d,0x50,0x181,0x180,0x4007c,0x59,0x182,
0x181,0x7004f,0x5f,0x183,0x16a,0x16a,0x0,0x2,
0x6000c,0x59,0x184,0x1,0x42,0x183,0x500ba,0x65,
0x185,0x184,0x5a,0x300f7,0x186,0x0,0x400fa,0x185,
0x187,0x188,0x200f8,0x188,0x8004f,0x69,0x189,0x16a,
0x60,0x3,0x1,0x4,0x200f9,0x186,0x200f8,0x187,
0x50051,0x59,0x18a,0x16a,0x1,0x500b8,0x65,0x18b,
0x18a,0x5c,0x300f7,0x18c,0x0,0x400fa,0x18b,0x18d,
0x18e,0x200f8,0x18e,0x200f9,0x18c,0x200f8,0x18d,0x50085,
0x59,0x18f,0x184,0x182,0x50088,0x59,0x190,0x18f,
0x18a,0x7000c,0x59,0x191,0x1,0x4f,0x5d,0x190,
0x200f9,0x18c,0x200f8,0x18c,0x700f5,0x59,0x192,0x191,
0x18d,0x5d,0x18e,0x50088,0x59,0x193,0x192,0x184,
0x5008e,0x5f,0x194,0x183,0x193,0x8004f,0x69,0x195,
0x16a,0x194,0x3,0x1,0x4,0x200f9,0x186,0x200f8,
0x186,0x700f5,0x69,0x196,0x195,0x18c,0x189,0x188,
0x60052,0x69,0x197,0x182,0x196,0x1,0x500c7,0x50,
0x198,0x179,0x146,0x60052,0x7d,0x199,0x198,0x177,
0x3,0x200f9,0x17c,0x200f8,0x17c,0x700f5,0x69,0x19a,
0x16a,0x164,0x197,0x186,0x700f5,0x7d,0x19b,0x177,
0x164,0x199,0x186,0x300f7,0x19c,0x0,0x300fb,0x56,
0x19d,0x200f8,0x19d,0x50051,0x50,0x19e,0x19b,0x3,
0x500c7,0x50,0x19f,0x19e,0xb7,0x500aa,0x65,0x1a0,
0x19f,0x56,0x300f7,0x1a1,0x0,0x400fa,0x1a0,0x1a2,
0x1a1,0x200f8,0x1a2,0x200f9,0x19c,0x200f8,0x1a1,0x50051,
0x59,0x1a3,0x172,0x0,0x50051,0x59,0x1a4,0x172,
0x1,0x4009c,0x65,0x1a5,0x1a3,0x4009d,0x65,0x1a6,
0x1a3,0x500a6,0x65,0x1a7,0x1a5,0x1a6,0x400a8,0x65,
0x1a8,0x1a7,0x300f7,0x1a9,0x0,0x400fa,0x1a8,0x1aa,
0x1a9,0x200f8,0x1aa,0x4009c,0x65,0x1ab,0x1a4,0x4009d,
0x65,0x1ac,0x1a4,0x500a6,0x65,0x1ad,0x1ab,0x1ac,
0x400a8,0x65,0x1ae,0x1ad,0x200f9,0x1a9,0x200f8,0x1a9,
0x700f5,0x65,0x1af,0x66,0x1a1,0x1ae,0x1aa,0x300f7,
0x1b0,0x0,0x400fa,0x1af,0x1b1,0x1b0,0x200f8,0x1b1,
0x500ba,0x65,0x1b2,0x1a3,0x5e,0x200f9,0x1b0,0x200f8,
0x1b0,0x700f5,0x65,0x1b3,0x66,0x1a9,0x1b2,0x1b1,
0x300f7,0x1b4,0x0,0x400fa,0x1b3,0x1b5,0x1b4,0x200f8,
0x1b5,0x500be,0x65,0x1b6,0x1a4,0xc9,0x200f9,0x1b4,
0x200f8,0x1b4,0x700f5,0x65,0x1b7,0x66,0x1b0,0x1b6,
0x1b5,0x500c7,0x50,0x1b8,0x19e,0xca,0x500ab,0x65,
0x1b9,0x1b8,0x56,0x300f7,0x1ba,0x0,0x400fa,0x1b7,
0x1bb,0x1bc,0x200f8,0x1bc,0x200f9,0x1ba,0x200f8,0x1bb,
0x50085,0x59,0x2f,0x1a3,0xa7,0x50088,0x59,0x30,
0x2f,0x1a4,0x6000c,0x59,0x1bd,0x1,0x3,0x30,
0x200f9,0x1ba,0x200f8,0x1ba,0x700f5,0x59,0x1be,0x1bd,
0x1bb,0x5e,0x1bc,0x300f7,0x1bf,0x0,0x400fa,0x1b9,
0x1c0,0x1c1,0x200f8,0x1c1,0x8000c,0x59,0x1c2,0x1,
0x2b,0x1be,0x5e,0xcb,0x50085,0x59,0x1c3,0x1c2,
0x1a4,0x50085,0x59,0x1c4,0x1c3,0x150,0x5008e,0x5f,
0x1c5,0x178,0x1c4,0x200f9,0x1bf,0x200f8,0x1c0,0x50085,
0x59,0x31,0x1be,0x1a4,0x50088,0x59,0x32,0x31,
0xa7,0x50051,0x59,0x1c6,0x173,0x0,0x50085,0x59,
0x33,0x1c6,0x32,0x50051,0x59,0x1c7,0x178,0x0,
0x50085,0x59,0x1c8,0x1c7,0x32,0x50081,0x59,0x1c9,
0x33,0x1c8,0x50051,0x59,0x1ca,0x178,0x1,0x50085,
0x59,0x1cb,0x1ca,0x32,0x50050,0x5f,0x1cc,0x1c9,
0x1cb,0x200f9,0x1bf,0x200f8,0x1bf,0x700f5,0x59,0x1cd,
0x1be,0x1c0,0x1c2,0x1c1,0x700f5,0x5f,0x1ce,0x1cc,
0x1c0,0x1c5,0x1c1,0x400a8,0x65,0x1cf,0x1b9,0x300f7,
0x1d0,0x0,0x400fa,0x1cf,0x1d1,0x1d0,0x200f8,0x1d1,
0x50051,0x59,0x1d2,0x173,0x2,0x500b4,0x65,0x1d3,
0x1d2,0x67,0x200f9,0x1d0,0x200f8,0x1d0,0x700f5,0x65,
0x1d4,0x66,0x1bf,0x1d3,0x1d1,0x300f7,0x1d5,0x0,
0x400fa,0x1d4,0x1d6,0x1d5,0x200f8,0x1d6,0x7004f,0x5f,
0x1d7,0x19a,0x19a,0x0,0x1,0x50081,0x5f,0x1d8,
0x1d7,0x1ce,0x8004f,0x69,0x1d9,0x19a,0x1d8,0x3,
0x4,0x2,0x500c7,0x50,0x1da,0x19e,0x14a,0x60052,
0x7d,0x1db,0x1da,0x19b,0x3,0x200f9,0x1d5,0x200f8,
0x1d5,0x700f5,0x69,0x1dc,0x19a,0x1d0,0x1d9,0x1d6,
0x700f5,0x7d,0x1dd,0x19b,0x1d0,0x1db,0x1d6,0x50050,
0x13f,0x1de,0x1d4,0x1d4,0x600a9,0x5f,0x1df,0x1de,
0x60,0x1ce,0x50051,0x50,0x1e0,0x1dd,0x3,0x500c7,
0x50,0x1e1,0x1e0,0x14b,0x60052,0x7d,0x1e2,0x1e1,
0x1dd,0x3,0x300f7,0x1e3,0x0,0x400fa,0x1b7,0x1e4,
0x1e3,0x200f8,0x1e4,0x500ba,0x65,0x1e5,0x1cd,0x5e,
0x200f9,0x1e3,0x200f8,0x1e3,0x700f5,0x65,0x1e6,0x66,
0x1d5,0x1e5,0x1e4,0x600a9,0x51,0x1e7,0x1e6,0x5b,
0x52,0x4007c,0x50,0x1e8,0x1e7,0x200f9,0x19c,0x200f8,
0x19c,0x700f5,0x69,0x1e9,0x19a,0x1a2,0x1dc,0x1e3,
0x700f5,0x5f,0x1ea,0x178,0x1a2,0x1df,0x1e3,0x700f5,
0x7d,0x1eb,0x19b,0x1a2,0x1e2,0x1e3,0x700f5,0x50,
0x1ec,0x53,0x1a2,0x1e8,0x1e3,0x50051,0x50,0x1ed,
0x1eb,0x3,0x500c7,0x50,0x1ee,0x1ed,0x62,0x500ab,
0x65,0x1ef,0x1ee,0x56,0x300f7,0x1f0,0x2,0x400fa,
0x1ef,0x1f1,0x1f0,0x200f8,0x1f1,0x50051,0x50,0x1f2,
0x1eb,0x0,0x50051,0x50,0x1f3,0x1eb,0x1,0x7000c,
0x50,0x1f4,0x1,0x26,0x1f3,0x53,0x50084,0x50,
0x1f5,0x1f4,0x63,0x50080,0x50,0x1f6,0x1f2,0x1f5,
0x60041,0x13b,0x1f7,0x26,0x52,0x1f6,0x4003d,0x50,
0x1f8,0x1f7,0x50080,0x50,0x1f9,0x1f6,0x53,0x60041,
0x13b,0x1fa,0x26,0x52,0x1f9,0x4003d,0x50,0x1fb,
0x1fa,0x50080,0x50,0x1fc,0x1f6,0x64,0x60041,0x13b,
0x1fd,0x26,0x52,0x1fc,0x4003d,0x50,0x1fe,0x1fd,
0x50080,0x50,0x1ff,0x1f6,0x61,0x60041,0x13b,0x200,
0x26,0x52,0x1ff,0x4003d,0x50,0x201,0x200,0x70050,
0x7d,0x202,0x1f8,0x1fb,0x1fe,0x201,0x4007c,0x75,
0x203,0x202,0x500b0,0x65,0x204,0x1f3,0x64,0x300f7,
0x205,0x0,0x400fa,0x204,0x206,0x205,0x200f8,0x206,
0x50051,0x59,0x207,0x203,0x3,0x500be,0x65,0x208,
0x207,0x5e,0x200f9,0x205,0x200f8,0x205,0x700f5,0x65,
0x209,0x66,0x1f1,0x208,0x206,0x300f7,0x20a,0x0,
0x400fa,0x209,0x20b,0x20a,0x200f8,0x20b,0x4009c,0x13c,
0x20c,0x203,0x4009d,0x13c,0x20d,0x203,0x500a6,0x13c,
0x20e,0x20c,0x20d,0x400a8,0x13c,0x20f,0x20e,0x4009b,
0x65,0x210,0x20f,0x200f9,0x20a,0x200f8,0x20a,0x700f5,
0x65,0x211,0x66,0x205,0x210,0x20b,0x300f7,0x212,
0x0,0x400fa,0x211,0x213,0x212,0x200f8,0x213,0x50051,
0x59,0x214,0x1ea,0x1,0x4009c,0x65,0x215,0x214,
0x4009d,0x65,0x216,0x214,0x500a6,0x65,0x217,0x215,
0x216,0x400a8,0x65,0x218,0x217,0x200f9,0x212,0x200f8,
0x212,0x700f5,0x65,0x219,0x66,0x20a,0x218,0x213,
0x300f7,0x21a,0x0,0x400fa,0x219,0x21b,0x21a,0x200f8,
0x21b,0x50051,0x59,0x21c,0x1ea,0x1,0x500ba,0x65,
0x21d,0x21c,0x5e,0x200f9,0x21a,0x200f8,0x21a,0x700f5,
0x65,0x21e,0x66,0x212,0x21d,0x21b,0x300f7,0x21f,
0x0,0x400fa,0x21e,0x220,0x221,0x200f8,0x221,0x200f9,
0x21f,0x200f8,0x220,0x8004f,0x69,0x222,0x203,0x203,
0x0,0x1,0x2,0x50085,0x69,0x223,0x222,0x6a,
0x50051,0x59,0x224,0x1ea,0x1,0x60050,0x69,0x225,
0x224,0x224,0x224,0x50088,0x69,0x226,0x223,0x225,
0x200f9,0x21f,0x200f8,0x21f,0x700f5,0x69,0x227,0x226,
0x220,0x6b,0x221,0x50051,0x50,0x228,0x1eb,0x2,
0x300f7,0x229,0x0,0x400fa,0x21e,0x22a,0x229,0x200f8,
0x22a,0x50080,0x50,0x22b,0x228,0x6d,0x60041,0x13b,
0x22c,0x26,0x52,0x22b,0x4003d,0x50,0x22d,0x22c,
0x500c7,0x50,0x22e,0x22d,0x53,0x500ab,0x65,0x22f,
0x22e,0x56,0x200f9,0x229,0x200f8,0x229,0x700f5,0x65,
0x230,0x66,0x21f,0x22f,0x22a,0x300f7,0x231,0x0,
0x400fa,0x230,0x232,0x231,0x200f8,0x232,0x50080,0x50,
0x233,0x228,0x6e,0x60041,0x13b,0x234,0x26,0x52,
0x233,0x4003d,0x50,0x235,0x234,0x50080,0x50,0x236,
0x228,0x6f,0x60041,0x13b,0x237,0x26,0x52,0x236,
0x4003d,0x50,0x238,0x237,0x50080,0x50,0x239,0x235,
0x70,0x60041,0x13b,0x23a,0x26,0x52,0x239,0x4003d,
0x50,0x23b,0x23a,0x500c7,0x50,0x23c,0x23b,0x71,
0x50080,0x50,0x23d,0x238,0x23c,0x60041,0x13b,0x23e,
0x26,0x52,0x23d,0x4003d,0x50,0x23f,0x23e,0x50080,
0x50,0x240,0x235,0x72,0x60041,0x13b,0x241,0x26,
0x52,0x240,0x4003d,0x50,0x242,0x241,0x500c7,0x50,
0x243,0x242,0x71,0x50080,0x50,0x244,0x238,0x243,
0x60041,0x13b,0x245,0x26,0x52,0x244,0x4003d,0x50,
0x246,0x245,0x500c7,0x50,0x247,0x23f,0x71,0x40070,
0x59,0x248,0x247,0x500c2,0x50,0x249,0x23f,0x63,
0x500c7,0x50,0x24a,0x249,0x71,0x40070,0x59,0x24b,
0x24a,0x500c2,0x50,0x24c,0x23f,0x6e,0x500c7,0x50,
0x24d,0x24c,0x71,0x40070,0x59,0x24e,0x24d,0x500c2,
0x50,0x24f,0x23f,0x74,0x40070,0x59,0x250,0x24f,
0x70050,0x75,0x251,0x248,0x24b,0x24e,0x250,0x50085,
0x75,0x252,0x251,0x152,0x500c7,0x50,0x253,0x246,
0x71,0x40070,0x59,0x254,0x253,0x500c2,0x50,0x255,
0x246,0x63,0x500c7,0x50,0x256,0x255,0x71,0x40070,
0x59,0x257,0x256,0x500c2,0x50,0x258,0x246,0x6e,
0x500c7,0x50,0x259,0x258,0x71,0x40070,0x59,0x25a,
0x259,0x500c2,0x50,0x25b,0x246,0x74,0x40070,0x59,
0x25c,0x25b,0x70050,0x75,0x25d,0x254,0x257,0x25a,
0x25c,0x50085,0x75,0x25e,0x25d,0x152,0x50080,0x50,
0x25f,0x228,0x6d,0x60041,0x13b,0x260,0x26,0x52,
0x25f,0x4003d,0x50,0x261,0x260,0x500c7,0x50,0x262,
0x261,0x64,0x500ab,0x65,0x263,0x262,0x56,0x300f7,
0x264,0x0,0x400fa,0x263,0x265,0x264,0x200f8,0x265,
0x8004f,0x69,0x266,0x252,0x252,0x0,0x1,0x2,
0x500bc,0x13d,0x267,0x266,0x77,0x50085,0x69,0x268,
0x266,0x154,0x50081,0x69,0x269,0x266,0x79,0x50085,
0x69,0x26a,0x269,0x156,0x7000c,0x69,0x26b,0x1,
0x1a,0x26a,0x7b,0x600a9,0x69,0x26c,0x267,0x268,
0x26b,0x9004f,0x75,0x26d,0x252,0x26c,0x4,0x5,
0x6,0x3,0x8004f,0x69,0x26e,0x25e,0x25e,0x0,
0x1,0x2,0x500bc,0x13d,0x26f,0x26e,0x77,0x50085,
0x69,0x270,0x26e,0x154,0x50081,0x69,0x271,0x26e,
0x79,0x50085,0x69,0x272,0x271,0x156,0x7000c,0x69,
0x273,0x1,0x1a,0x272,0x7b,0x600a9,0x69,0x274,
0x26f,0x270,0x273,0x9004f,0x75,0x275,0x25e,0x274,
0x4,0x5,0x6,0x3,0x200f9,0x264,0x200f8,0x264,
0x700f5,0x75,0x276,0x252,0x232,0x26d,0x265,0x700f5,
0x75,0x277,0x25e,0x232,0x275,0x265,0x50080,0x50,
0x278,0x235,0x7c,0x60041,0x13b,0x279,0x26,0x52,
0x278,0x4003d,0x50,0x27a,0x279,0x500ab,0x65,0x27b,
0x27a,0x56,0x600a9,0x50,0x27c,0x27b,0x53,0x56,
0x200f9,0x231,0x200f8,0x231,0x700f5,0x75,0x27d,0x16b,
0x229,0x276,0x264,0x700f5,0x75,0x27e,0x16c,0x229,
0x277,0x264,0x700f5,0x50,0x27f,0x16d,0x229,0x27c,
0x264,0x600a9,0x51,0x280,0x21e,0x5b,0x52,0x4007c,
0x50,0x281,0x280,0x200f9,0x1f0,0x200f8,0x1f0,0x700f5,
0x50,0x282,0x1ec,0x19c,0x281,0x231,0x700f5,0x75,
0x283,0x16b,0x19c,0x27d,0x231,0x700f5,0x75,0x284,
0x16c,0x19c,0x27e,0x231,0x700f5,0x50,0x285,0x16d,
0x19c,0x27f,0x231,0x700f5,0x69,0x286,0x1e9,0x19c,
0x227,0x231,0x700f5,0x5f,0x287,0x1ea,0x19c,0x60,
0x231,0x700f5,0x7d,0x288,0x1eb,0x19c,0x7e,0x231,
0x50051,0x50,0x289,0x288,0x3,0x500c7,0x50,0x28a,
0x289,0x7f,0x500ab,0x65,0x28b,0x28a,0x56,0x300f7,
0x28c,0x2,0x400fa,0x28b,0x28d,0x28c,0x200f8,0x28d,
0x50051,0x50,0x28e,0x288,0x0,0x50051,0x50,0x28f,
0x288,0x1,0x500c7,0x50,0x290,0x289,0x80,0x500ab,
0x65,0x291,0x290,0x56,0x50080,0x50,0x292,0x28e,
0x53,0x60041,0x13b,0x293,0x26,0x52,0x292,0x4003d,
0x50,0x294,0x293,0x50080,0x50,0x295,0x28e,0x70,
0x60041,0x13b,0x296,0x26,0x52,0x295,0x4003d,0x50,
0x297,0x296,0x60041,0x13b,0x298,0x26,0x52,0x294,
0x4003d,0x50,0x299,0x298,0x50080,0x50,0x29a,0x294,
0x53,0x60041,0x13b,0x29b,0x26,0x52,0x29a,0x4003d,
0x50,0x29c,0x29b,0x500aa,0x65,0x29d,0x29c,0x56,
0x300f7,0x29e,0x0,0x400fa,0x29d,0x29f,0x29e,0x200f8,
0x29f,0x500b2,0x65,0x2a0,0x299,0x297,0x200f9,0x29e,
0x200f8,0x29e,0x700f5,0x65,0x2a1,0x66,0x28d,0x2a0,
0x29f,0x300f7,0x2a2,0x0,0x400fa,0x2a1,0x2a3,0x2a2,
0x200f8,0x2a3,0x500b0,0x65,0x2a4,0x28f,0x299,0x200f9,
0x2a2,0x200f8,0x2a2,0x700f5,0x65,0x2a5,0x66,0x29e,
0x2a4,0x2a3,0x300f7,0x2a6,0x0,0x400fa,0x2a5,0x2a7,
0x2a6,0x200f8,0x2a7,0x50080,0x50,0x2a8,0x28e,0x6d,
0x60041,0x13b,0x2a9,0x26,0x52,0x2a8,0x4003d,0x50,
0x2aa,0x2a9,0x500c7,0x50,0x2ab,0x2aa,0x70,0x500ab,
0x65,0x2ac,0x2ab,0x56,0x300f7,0x2ad,0x0,0x400fa,
0x2ac,0x2ae,0x2af,0x200f8,0x2af,0x60041,0x13b,0x2b0,
0x26,0x52,0x28e,0x4003d,0x50,0x2b1,0x2b0,0x50080,
0x50,0x2b2,0x2b1,0x28f,0x60041,0x13b,0x2b3,0x26,
0x52,0x2b2,0x4003d,0x50,0x2b4,0x2b3,0x200f9,0x2ad,
0x200f8,0x2ae,0x200f9,0x2ad,0x200f8,0x2ad,0x700f5,0x50,
0x2b5,0x28f,0x2ae,0x2b4,0x2af,0x50080,0x50,0x2b6,
0x28e,0x72,0x60041,0x13b,0x2b7,0x26,0x52,0x2b6,
0x4003d,0x50,0x2b8,0x2b7,0x500b0,0x65,0x2b9,0x2b5,
0x2b8,0x200f9,0x2a6,0x200f8,0x2a6,0x700f5,0x50,0x2ba,
0x56,0x2a2,0x2b5,0x2ad,0x700f5,0x65,0x2bb,0x2a5,
0x2a2,0x2b9,0x2ad,0x500c7,0x50,0x2bc,0x289,0x81,
0x500ab,0x65,0x2bd,0x2bc,0x56,0x600a9,0x65,0x2be,
0x2bd,0x2bb,0x66,0x300f7,0x2bf,0x0,0x400fa,0x2be,
0x2c0,0x2bf,0x200f8,0x2c0,0x50080,0x50,0x2c1,0x28e,
0x63,0x60041,0x13b,0x2c2,0x26,0x52,0x2c1,0x4003d,
0x50,0x2c3,0x2c2,0x50084,0x50,0x2c4,0x2ba,0x70,
0x50080,0x50,0x2c5,0x2c3,0x2c4,0x50080,0x50,0x2c6,
0x2c5,0x61,0x60041,0x13b,0x2c7,0x26,0x52,0x2c6,
0x4003d,0x50,0x2c8,0x2c7,0x500c7,0x50,0x2c9,0x2c8,
0x82,0x500ab,0x65,0x2ca,0x2c9,0x56,0x500c7,0x50,
0x2cb,0x289,0x148,0x600a9,0x50,0x2cc,0x2ca,0x147,
0x84,0x500c5,0x50,0x2cd,0x2cb,0x2cc,0x60052,0x7d,
0x2ce,0x2cd,0x288,0x3,0x400a8,0x65,0x2cf,0x2ca,
0x300f7,0x2d0,0x0,0x400fa,0x2cf,0x2d1,0x2d0,0x200f8,
0x2d1,0x500c7,0x50,0x2d2,0x2cd,0x85,0x500ab,0x65,
0x2d3,0x2d2,0x56,0x200f9,0x2d0,0x200f8,0x2d0,0x700f5,
0x65,0x2d4,0x66,0x2c0,0x2d3,0x2d1,0x600a9,0x65,
0x2d5,0x2d4,0x66,0x2bb,0x200f9,0x2bf,0x200f8,0x2bf,
0x700f5,0x65,0x2d6,0x291,0x2a6,0x2ca,0x2d0,0x700f5,
0x65,0x2d7,0x2bb,0x2a6,0x2d5,0x2d0,0x700f5,0x7d,
0x2d8,0x288,0x2a6,0x2ce,0x2d0,0x50051,0x50,0x2d9,
0x2d8,0x3,0x500c7,0x50,0x2da,0x2d9,0x84,0x500ab,
0x65,0x2db,0x2da,0x56,0x300f7,0x2dc,0x0,0x400fa,
0x2db,0x2dd,0x2de,0x200f8,0x2de,0x500c7,0x50,0x2df,
0x2d9,0x83,0x500ab,0x65,0x2e0,0x2df,0x56,0x300f7,
0x2e1,0x0,0x400fa,0x2e0,0x2e2,0x2e1,0x200f8,0x2e2,
0x50051,0x50,0x2e3,0x2d8,0x2,0x300f7,0x2e4,0x0,
0x400fa,0x2d7,0x2e5,0x2e4,0x200f8,0x2e5,0x50051,0x59,
0x2e6,0x287,0x1,0x4009c,0x65,0x2e7,0x2e6,0x4009d,
0x65,0x2e8,0x2e6,0x500a6,0x65,0x2e9,0x2e7,0x2e8,
0x400a8,0x65,0x2ea,0x2e9,0x200f9,0x2e4,0x200f8,0x2e4,
0x700f5,0x65,0x2eb,0x66,0x2e2,0x2ea,0x2e5,0x300f7,
0x2ec,0x0,0x400fa,0x2eb,0x2ed,0x2ec,0x200f8,0x2ed,
0x50051,0x59,0x2ee,0x287,0x1,0x500ba,0x65,0x2ef,
0x2ee,0x5e,0x200f9,0x2ec,0x200f8,0x2ec,0x700f5,0x65,
0x2f0,0x66,0x2e4,0x2ef,0x2ed,0x300f7,0x2f1,0x0,
0x400fa,0x2f0,0x2f2,0x2f1,0x200f8,0x2f2,0x50080,0x50,
0x2f3,0x28e,0x63,0x60041,0x13b,0x2f4,0x26,0x52,
0x2f3,0x4003d,0x50,0x2f5,0x2f4,0x50084,0x50,0x2f6,
0x2ba,0x70,0x50080,0x50,0x2f7,0x2f5,0x2f6,0x60041,
0x13b,0x2f8,0x26,0x52,0x2f7,0x4003d,0x50,0x2f9,
0x2f8,0x50080,0x50,0x2fa,0x2f7,0x53,0x60041,0x13b,
0x2fb,0x26,0x52,0x2fa,0x4003d,0x50,0x2fc,0x2fb,
0x50080,0x50,0x2fd,0x28e,0x86,0x60041,0x13b,0x2fe,
0x26,0x52,0x2fd,0x4003d,0x50,0x2ff,0x2fe,0x500c7,
0x50,0x300,0x2d9,0x85,0x500ab,0x65,0x301,0x300,
0x56,0x50080,0x50,0x302,0x2f7,0x61,0x60041,0x13b,
0x303,0x26,0x52,0x302,0x4003d,0x50,0x304,0x303,
0x500c7,0x50,0x305,0x304,0x64,0x500ab,0x65,0x306,
0x305,0x56,0x300f7,0x307,0x0,0x400fa,0x2d6,0x308,
0x307,0x200f8,0x308,0x4003d,0x50,0x309,0x303,0x500c7,
0x50,0x30a,0x309,0x70,0x500ab,0x65,0x30b,0x30a,
0x56,0x200f9,0x307,0x200f8,0x307,0x700f5,0x65,0x30c,
0x66,0x2f2,0x30b,0x308,0x300f7,0x30d,0x0,0x400fa,
0x30c,0x30e,0x30d,0x200f8,0x30e,0x7000c,0x50,0x30f,
0x1,0x26,0x2e3,0x61,0x200f9,0x30d,0x200f8,0x30d,
0x700f5,0x50,0x310,0x2e3,0x307,0x30f,0x30e,0x300f7,
0x311,0x0,0x400fa,0x2d6,0x312,0x311,0x200f8,0x312,
0x500ae,0x65,0x313,0x2fc,0x61,0x200f9,0x311,0x200f8,
0x311,0x700f5,0x65,0x314,0x66,0x30d,0x313,0x312,
0x300f7,0x315,0x0,0x400fa,0x314,0x316,0x315,0x200f8,
0x316,0x50082,0x50,0x317,0x2fc,0x53,0x7000c,0x50,
0x318,0x1,0x26,0x310,0x317,0x200f9,0x315,0x200f8,
0x315,0x700f5,0x50,0x319,0x310,0x311,0x318,0x316,
0x500b2,0x65,0x31a,0x2f9,0x2ff,0x300f7,0x31b,0x0,
0x400fa,0x31a,0x31c,0x31b,0x200f8,0x31c,0x50082,0x50,
0x31d,0x2ff,0x2f9,0x500b2,0x65,0x31e,0x2fc,0x31d,
0x200f9,0x31b,0x200f8,0x31b,0x700f5,0x65,0x31f,0x66,
0x315,0x31e,0x31c,0x300f7,0x320,0x0,0x400fa,0x31f,
0x321,0x320,0x200f8,0x321,0x300f7,0x322,0x0,0x400fa,
0x30c,0x323,0x324,0x200f8,0x324,0x500b0,0x65,0x325,
0x319,0x2fc,0x200f9,0x322,0x200f8,0x323,0x500aa,0x65,
0x326,0x2fc,0x53,0x200f9,0x322,0x200f8,0x322,0x700f5,
0x65,0x327,0x326,0x323,0x325,0x324,0x200f9,0x320,
0x200f8,0x320,0x700f5,0x65,0x328,0x66,0x31b,0x327,
0x322,0x300f7,0x329,0x0,0x400fa,0x328,0x32a,0x329,
0x200f8,0x32a,0x300f7,0x32b,0x0,0x400fa,0x2d6,0x32c,
0x32b,0x200f8,0x32c,0x500a4,0x65,0x32d,0x301,0x306,
0x300f7,0x32e,0x0,0x400fa,0x32d,0x32f,0x32e,0x200f8,
0x32f,0x300f7,0x330,0x0,0x400fa,0x306,0x331,0x332,
0x200f8,0x332,0x400a8,0x65,0x333,0x30c,0x300f7,0x334,
0x0,0x400fa,0x333,0x335,0x334,0x200f8,0x335,0x500ae,
0x65,0x336,0x2fc,0x61,0x200f9,0x334,0x200f8,0x334,
0x700f5,0x65,0x337,0x8c,0x332,0x336,0x335,0x200f9,
0x330,0x200f8,0x331,0x500aa,0x65,0x338,0x2fc,0x64,
0x200f9,0x330,0x200f8,0x330,0x700f5,0x65,0x339,0x338,
0x331,0x337,0x334,0x200f9,0x32e,0x200f8,0x32e,0x700f5,
0x65,0x33a,0x66,0x32c,0x339,0x330,0x200f9,0x32b,
0x200f8,0x32b,0x700f5,0x65,0x33b,0x8c,0x32a,0x33a,
0x32e,0x200f9,0x329,0x200f8,0x329,0x700f5,0x65,0x33c,
0x66,0x320,0x33b,0x32b,0x300f7,0x33d,0x0,0x400fa,
0x30c,0x33e,0x33d,0x200f8,0x33e,0x300f7,0x33f,0x0,
0x400fa,0x33c,0x340,0x33f,0x200f8,0x340,0x50080,0x50,
0x341,0x28e,0x6e,0x60041,0x13b,0x342,0x26,0x52,
0x341,0x4003d,0x50,0x343,0x342,0x50084,0x50,0x344,
0x2ba,0x74,0x50080,0x50,0x345,0x343,0x344,0x50080,
0x50,0x346,0x345,0x94,0x60041,0x13b,0x347,0x26,
0x52,0x346,0x4003d,0x50,0x348,0x347,0x500ab,0x65,
0x349,0x348,0x56,0x200f9,0x33f,0x200f8,0x33f,0x700f5,
0x65,0x34a,0x66,0x33e,0x349,0x340,0x200f9,0x33d,
0x200f8,0x33d,0x700f5,0x65,0x34b,0x33c,0x329,0x34a,
0x33f,0x600a9,0x65,0x34c,0x34b,0x2d6,0x66,0x300f7,
0x34d,0x0,0x400fa,0x34c,0x34e,0x34d,0x200f8,0x34e,
0x50080,0x50,0x34f,0x2f7,0x64,0x60041,0x13b,0x350,
0x26,0x52,0x34f,0x4003d,0x50,0x351,0x350,0x50080,
0x50,0x352,0x28e,0x95,0x60041,0x13b,0x353,0x26,
0x52,0x352,0x4003d,0x50,0x354,0x353,0x500b0,0x65,
0x355,0x351,0x354,0x300f7,0x356,0x0,0x400fa,0x355,
0x357,0x356,0x200f8,0x357,0x50080,0x50,0x358,0x28e,
0x96,0x60041,0x13b,0x359,0x26,0x52,0x358,0x4003d,
0x50,0x35a,0x359,0x50080,0x50,0x35b,0x35a,0x351,
0x60041,0x13b,0x35c,0x26,0x52,0x35b,0x4003d,0x50,
0x35d,0x35c,0x500ab,0x65,0x35e,0x35d,0x56,0x200f9,
0x356,0x200f8,0x356,0x700f5,0x65,0x35f,0x66,0x34e,
0x35e,0x357,0x200f9,0x34d,0x200f8,0x34d,0x700f5,0x65,
0x360,0x34b,0x33d,0x35f,0x356,0x300f7,0x361,0x0,
0x400fa,0x360,0x362,0x361,0x200f8,0x362,0x50080,0x50,
0x363,0x28e,0x8b,0x60041,0x13b,0x364,0x26,0x52,
0x363,0x4003d,0x50,0x365,0x364,0x600a9,0x50,0x366,
0x30c,0x56,0x319,0x50080,0x50,0x367,0x2f9,0x366,
0x50084,0x50,0x368,0x367,0x70,0x50080,0x50,0x369,
0x365,0x368,0x60041,0x13b,0x36a,0x26,0x52,0x369,
0x4003d,0x50,0x36b,0x36a,0x50080,0x50,0x36c,0x28e,
0x7c,0x60041,0x13b,0x36d,0x26,0x52,0x36c,0x4003d,
0x50,0x36e,0x36d,0x500b0,0x65,0x36f,0x36b,0x36e,
0x300f7,0x370,0x0,0x400fa,0x36f,0x371,0x370,0x200f8,
0x371,0x50080,0x50,0x372,0x28e,0x64,0x60041,0x13b,
0x373,0x26,0x52,0x372,0x4003d,0x50,0x374,0x373,
0x50084,0x50,0x375,0x36b,0x63,0x50080,0x50,0x376,
0x374,0x375,0x60041,0x13b,0x377,0x26,0x52,0x376,
0x4003d,0x50,0x378,0x377,0x50080,0x50,0x379,0x376,
0x53,0x60041,0x13b,0x37a,0x26,0x52,0x379,0x4003d,
0x50,0x37b,0x37a,0x50080,0x50,0x37c,0x376,0x64,
0x60041,0x13b,0x37d,0x26,0x52,0x37c,0x4003d,0x50,
0x37e,0x37d,0x50080,0x50,0x37f,0x376,0x61,0x60041,
0x13b,0x380,0x26,0x52,0x37f,0x4003d,0x50,0x381,
0x380,0x70050,0x7d,0x382,0x378,0x37b,0x37e,0x381,
0x4007c,0x75,0x383,0x382,0x50080,0x50,0x384,0x376,
0x70,0x60041,0x13b,0x385,0x26,0x52,0x384,0x4003d,
0x50,0x386,0x385,0x50080,0x50,0x387,0x376,0x72,
0x60041,0x13b,0x388,0x26,0x52,0x387,0x4003d,0x50,
0x389,0x388,0x50050,0x13e,0x38a,0x386,0x389,0x4007c,
0x5f,0x38b,0x38a,0x50051,0x59,0x38c,0x383,0x3,
0x500be,0x65,0x38d,0x38c,0x5e,0x300f7,0x38e,0x0,
0x400fa,0x38d,0x38f,0x38e,0x200f8,0x38f,0x400a8,0x65,
0x390,0x2d6,0x300f7,0x391,0x0,0x400fa,0x390,0x392,
0x391,0x200f8,0x392,0x50051,0x59,0x393,0x383,0x2,
0x500ba,0x65,0x394,0x393,0x5e,0x200f9,0x391,0x200f8,
0x391,0x700f5,0x65,0x395,0x8c,0x38f,0x394,0x392,
0x200f9,0x38e,0x200f8,0x38e,0x700f5,0x65,0x396,0x66,
0x371,0x395,0x391,0x300f7,0x397,0x0,0x400fa,0x396,
0x398,0x397,0x200f8,0x398,0x4009c,0x13c,0x399,0x383,
0x4009d,0x13c,0x39a,0x383,0x500a6,0x13c,0x39b,0x399,
0x39a,0x400a8,0x13c,0x39c,0x39b,0x4009b,0x65,0x39d,
0x39c,0x200f9,0x397,0x200f8,0x397,0x700f5,0x65,0x39e,
0x66,0x38e,0x39d,0x398,0x300f7,0x39f,0x0,0x400fa,
0x39e,0x3a0,0x39f,0x200f8,0x3a0,0x4009c,0x13f,0x3a1,
0x38b,0x4009d,0x13f,0x3a2,0x38b,0x500a6,0x13f,0x3a3,
0x3a1,0x3a2,0x400a8,0x13f,0x3a4,0x3a3,0x4009b,0x65,
0x3a5,0x3a4,0x200f9,0x39f,0x200f8,0x39f,0x700f5,0x65,
0x3a6,0x66,0x397,0x3a5,0x3a0,0x300f7,0x3a7,0x0,
0x400fa,0x3a6,0x3a8,0x3a7,0x200f8,0x3a8,0x50051,0x59,
0x3a9,0x287,0x1,0x50051,0x59,0x3aa,0x383,0x0,
0x50051,0x59,0x3ab,0x383,0x1,0x4007f,0x59,0x3ac,
0x3ab,0x50051,0x59,0x3ad,0x383,0x2,0x4007f,0x59,
0x3ae,0x3ad,0x60050,0x69,0x3af,0x3aa,0x3ac,0x3ae,
0x60050,0x69,0x3b0,0x3a9,0x3a9,0x3a9,0x50088,0x69,
0x3b1,0x3af,0x3b0,0x5008e,0x5f,0x3b2,0x38b,0x3ad,
0x60052,0x5f,0x3b3,0x3ad,0x287,0x0,0x300f7,0x3b4,
0x0,0x400fa,0x2d6,0x3b5,0x3b4,0x200f8,0x3b5,0x50080,
0x50,0x3b6,0x28e,0x6e,0x60041,0x13b,0x3b7,0x26,
0x52,0x3b6,0x4003d,0x50,0x3b8,0x3b7,0x50084,0x50,
0x3b9,0x2ba,0x74,0x50080,0x50,0x3ba,0x3b8,0x3b9,
0x50080,0x50,0x3bb,0x3ba,0x94,0x60041,0x13b,0x3bc,
0x26,0x52,0x3bb,0x4003d,0x50,0x3bd,0x3bc,0x500ab,
0x65,0x3be,0x3bd,0x56,0x300f7,0x3bf,0x0,0x400fa,
0x3be,0x3c0,0x3bf,0x200f8,0x3c0,0x300f7,0x3c1,0x0,
0x400fa,0x30c,0x3c2,0x3c3,0x200f8,0x3c3,0x4003d,0x50,
0x3c4,0x364,0x50080,0x50,0x3c5,0x2f9,0x319,0x50084,
0x50,0x3c6,0x3c5,0x70,0x50080,0x50,0x3c7,0x3c4,
0x3c6,0x50080,0x50,0x3c8,0x3c7,0x53,0x60041,0x13b,
0x3c9,0x26,0x52,0x3c8,0x4003d,0x50,0x3ca,0x3c9,
0x40070,0x59,0x3cb,0x3ca,0x50080,0x50,0x3cc,0x3c7,
0x64,0x60041,0x13b,0x3cd,0x26,0x52,0x3cc,0x4003d,
0x50,0x3ce,0x3cd,0x40070,0x59,0x3cf,0x3ce,0x50050,
0x5f,0x3d0,0x3cb,0x3cf,0x50080,0x50,0x3d1,0x3ba,
0x9d,0x60041,0x13b,0x3d2,0x26,0x52,0x3d1,0x4003d,
0x50,0x3d3,0x3d2,0x4007c,0x51,0x3d4,0x3d3,0x4006f,
0x59,0x3d5,0x3d4,0x50080,0x50,0x3d6,0x3ba,0x9e,
0x60041,0x13b,0x3d7,0x26,0x52,0x3d6,0x4003d,0x50,
0x3d8,0x3d7,0x4007c,0x51,0x3d9,0x3d8,0x4006f,0x59,
0x3da,0x3d9,0x50050,0x5f,0x3db,0x3d5,0x3da,0x50081,
0x5f,0x3dc,0x3d0,0x3db,0x200f9,0x3c1,0x200f8,0x3c2,
0x50080,0x50,0x3dd,0x3ba,0x8b,0x60041,0x13b,0x3de,
0x26,0x52,0x3dd,0x4003d,0x50,0x3df,0x3de,0x50080,
0x50,0x3e0,0x3df,0x53,0x40070,0x59,0x3e1,0x3e0,
0x500b4,0x65,0x3e2,0x3e1,0x97,0x600a9,0x59,0x3e3,
0x3e2,0x67,0x98,0x50085,0x59,0x3e4,0x3e1,0x3e3,
0x50088,0x59,0x3e5,0x3e4,0x3a9,0x3003e,0x166,0x14e,
0x50041,0x134,0x3e6,0x166,0x319,0x4003d,0x5f,0x3e7,
0x3e6,0x5008e,0x5f,0x3e8,0x3e7,0x3e5,0x60041,0x136,
0x3e9,0x166,0x319,0x52,0x4003d,0x59,0x3ea,0x3e9,
0x500ba,0x65,0x3eb,0x3ea,0x5e,0x600a9,0x59,0x3ec,
0x3eb,0x3e1,0x5e,0x60041,0x136,0x3ed,0x166,0x319,
0x5b,0x4003d,0x59,0x3ee,0x3ed,0x500b8,0x65,0x3ef,
0x3ee,0x5e,0x600a9,0x59,0x3f0,0x3ef,0x3e1,0x5e,
0x50050,0x5f,0x3f1,0x3ec,0x3f0,0x200f9,0x3c1,0x200f8,
0x3c1,0x700f5,0x5f,0x3f2,0x3f1,0x3c2,0x3dc,0x3c3,
0x700f5,0x5f,0x3f3,0x3e8,0x3c2,0x3b3,0x3c3,0x200f9,
0x3bf,0x200f8,0x3bf,0x700f5,0x5f,0x3f4,0x3b2,0x3b5,
0x3f2,0x3c1,0x700f5,0x5f,0x3f5,0x3b3,0x3b5,0x3f3,
0x3c1,0x200f9,0x3b4,0x200f8,0x3b4,0x700f5,0x5f,0x3f6,
0x3b2,0x3a8,0x3f4,0x3bf,0x700f5,0x5f,0x3f7,0x3b3,
0x3a8,0x3f5,0x3bf,0x200f9,0x3a7,0x200f8,0x3a7,0x700f5,
0x5f,0x3f8,0x176,0x39f,0x3f6,0x3b4,0x700f5,0x69,
0x3f9,0x286,0x39f,0x3b1,0x3b4,0x700f5,0x5f,0x3fa,
0x287,0x39f,0x3f7,0x3b4,0x600a9,0x50,0x3fb,0x3a6,
0x56,0x171,0x600a9,0x50,0x3fc,0x3a6,0x56,0x175,
0x200f9,0x370,0x200f8,0x370,0x700f5,0x50,0x3fd,0x171,
0x362,0x3fb,0x3a7,0x700f5,0x50,0x3fe,0x175,0x362,
0x3fc,0x3a7,0x700f5,0x5f,0x3ff,0x176,0x362,0x3f8,
0x3a7,0x700f5,0x69,0x400,0x286,0x362,0x3f9,0x3a7,
0x700f5,0x5f,0x401,0x287,0x362,0x3fa,0x3a7,0x700f5,
0x65,0x402,0x36f,0x362,0x3a6,0x3a7,0x200f9,0x361,
0x200f8,0x361,0x700f5,0x50,0x403,0x171,0x34d,0x3fd,
0x370,0x700f5,0x50,0x404,0x175,0x34d,0x3fe,0x370,
0x700f5,0x5f,0x405,0x176,0x34d,0x3ff,0x370,0x700f5,
0x69,0x406,0x286,0x34d,0x400,0x370,0x700f5,0x5f,
0x407,0x287,0x34d,0x401,0x370,0x700f5,0x65,0x408,
0x360,0x34d,0x402,0x370,0x200f9,0x2f1,0x200f8,0x2f1,
0x700f5,0x50,0x409,0x171,0x2ec,0x403,0x361,0x700f5,
0x50,0x40a,0x175,0x2ec,0x404,0x361,0x700f5,0x5f,
0x40b,0x176,0x2ec,0x405,0x361,0x700f5,0x69,0x40c,
0x286,0x2ec,0x406,0x361,0x700f5,0x5f,0x40d,0x287,
0x2ec,0x407,0x361,0x700f5,0x65,0x40e,0x2f0,0x2ec,
0x408,0x361,0x400a8,0x65,0x40f,0x40e,0x300f7,0x410,
0x0,0x400fa,0x40f,0x411,0x410,0x200f8,0x411,0x60052,
0x5f,0x412,0x67,0x40d,0x0,0x200f9,0x410,0x200f8,
0x410,0x700f5,0x5f,0x413,0x40d,0x2f1,0x412,0x411,
0x50050,0x13f,0x414,0x40f,0x40f,0x600a9,0x5f,0x415,
0x414,0x60,0x40b,0x60050,0x13d,0x416,0x40f,0x40f,
0x40f,0x600a9,0x69,0x417,0x416,0x8a,0x40c,0x200f9,
0x2e1,0x200f8,0x2e1,0x700f5,0x50,0x418,0x171,0x2de,
0x409,0x410,0x700f5,0x50,0x419,0x175,0x2de,0x40a,
0x410,0x700f5,0x5f,0x41a,0x176,0x2de,0x415,0x410,
0x700f5,0x5f,0x41b,0x287,0x2de,0x413,0x410,0x700f5,
0x69,0x41c,0x286,0x2de,0x417,0x410,0x700f5,0x65,
0x41d,0x2d7,0x2de,0x40e,0x410,0x200f9,0x2dc,0x200f8,
0x2dd,0x50051,0x50,0x41e,0x2d8,0x2,0x500c7,0x50,
0x41f,0x2d9,0x81,0x500ab,0x65,0x420,0x41f,0x56,
0x300f7,0x421,0x0,0x400fa,0x420,0x422,0x421,0x200f8,
0x422,0x7000c,0x50,0x423,0x1,0x26,0x41e,0x61,
0x200f9,0x421,0x200f8,0x421,0x700f5,0x50,0x424,0x41e,
0x2dd,0x423,0x422,0x300f7,0x425,0x0,0x400fa,0x2d7,
0x426,0x425,0x200f8,0x426,0x500b0,0x65,0x427,0x424,
0x70,0x200f9,0x425,0x200f8,0x425,0x700f5,0x65,0x428,
0x66,0x421,0x427,0x426,0x300f7,0x429,0x0,0x400fa,
0x428,0x42a,0x429,0x200f8,0x42a,0x50051,0x59,0x42b,
0x287,0x1,0x4009c,0x65,0x42c,0x42b,0x4009d,0x65,
0x42d,0x42b,0x500a6,0x65,0x42e,0x42c,0x42d,0x400a8,
0x65,0x42f,0x42e,0x200f9,0x429,0x200f8,0x429,0x700f5,
0x65,0x430,0x66,0x425,0x42f,0x42a,0x300f7,0x431,
0x0,0x400fa,0x430,0x432,0x431,0x200f8,0x432,0x50051,
0x59,0x433,0x287,0x1,0x500ba,0x65,0x434,0x433,
0x5e,0x200f9,0x431,0x200f8,0x431,0x700f5,0x65,0x435,
0x66,0x429,0x434,0x432,0x300f7,0x436,0x0,0x400fa,
0x435,0x437,0x436,0x200f8,0x437,0x50080,0x50,0x438,
0x28e,0x63,0x60041,0x13b,0x439,0x26,0x52,0x438,
0x4003d,0x50,0x43a,0x439,0x50084,0x50,0x43b,0x2ba,
0x70,0x50080,0x50,0x43c,0x43a,0x43b,0x60041,0x13b,
0x43d,0x26,0x52,0x43c,0x4003d,0x50,0x43e,0x43d,
0x50080,0x50,0x43f,0x43c,0x53,0x60041,0x13b,0x440,
0x26,0x52,0x43f,0x4003d,0x50,0x441,0x440,0x50080,
0x50,0x442,0x28e,0x86,0x60041,0x13b,0x443,0x26,
0x52,0x442,0x4003d,0x50,0x444,0x443,0x50080,0x50,
0x445,0x28e,0x87,0x60041,0x13b,0x446,0x26,0x52,
0x445,0x4003d,0x50,0x447,0x446,0x50084,0x50,0x448,
0x2ba,0x157,0x50080,0x50,0x449,0x447,0x448,0x60041,
0x13b,0x44a,0x26,0x52,0x449,0x4003d,0x50,0x44b,
0x44a,0x500b2,0x65,0x44c,0x43e,0x444,0x300f7,0x44d,
0x0,0x400fa,0x44c,0x44e,0x44d,0x200f8,0x44e,0x50082,
0x50,0x44f,0x444,0x43e,0x500b2,0x65,0x450,0x441,
0x44f,0x200f9,0x44d,0x200f8,0x44d,0x700f5,0x65,0x451,
0x66,0x437,0x450,0x44e,0x300f7,0x452,0x0,0x400fa,
0x451,0x453,0x452,0x200f8,0x453,0x500ae,0x65,0x454,
0x441,0x61,0x200f9,0x452,0x200f8,0x452,0x700f5,0x65,
0x455,0x66,0x44d,0x454,0x453,0x300f7,0x456,0x0,
0x400fa,0x455,0x457,0x456,0x200f8,0x457,0x500b2,0x65,
0x458,0x441,0x88,0x200f9,0x456,0x200f8,0x456,0x700f5,
0x65,0x459,0x66,0x452,0x458,0x457,0x300f7,0x45a,
0x0,0x400fa,0x459,0x45b,0x45a,0x200f8,0x45b,0x50080,
0x50,0x45c,0x449,0x53,0x60041,0x13b,0x45d,0x26,
0x52,0x45c,0x4003d,0x50,0x45e,0x45d,0x500aa,0x65,
0x45f,0x45e,0x56,0x200f9,0x45a,0x200f8,0x45a,0x700f5,
0x65,0x460,0x66,0x456,0x45f,0x45b,0x300f7,0x461,
0x0,0x400fa,0x460,0x462,0x461,0x200f8,0x462,0x500ae,
0x65,0x463,0x44b,0x61,0x200f9,0x461,0x200f8,0x461,
0x700f5,0x65,0x464,0x66,0x45a,0x463,0x462,0x300f7,
0x465,0x0,0x400fa,0x464,0x466,0x465,0x200f8,0x466,
0x500b2,0x65,0x467,0x44b,0x89,0x200f9,0x465,0x200f8,
0x465,0x700f5,0x65,0x468,0x66,0x461,0x467,0x466,
0x300f7,0x469,0x0,0x400fa,0x468,0x46a,0x469,0x200f8,
0x46a,0x200f9,0x46b,0x200f8,0x46b,0x700f5,0x59,0x46c,
0x5e,0x46a,0x46d,0x46e,0x700f5,0x69,0x46f,0x8a,
0x46a,0x470,0x46e,0x700f5,0x69,0x471,0x8a,0x46a,
0x472,0x46e,0x700f5,0x50,0x473,0x56,0x46a,0x474,
0x46e,0x700f5,0x69,0x475,0x8a,0x46a,0x476,0x46e,
0x500b0,0x65,0x477,0x473,0x441,0x400f6,0x478,0x46e,
0x0,0x400fa,0x477,0x479,0x478,0x200f8,0x479,0x50080,
0x50,0x47a,0x28e,0x8b,0x60041,0x13b,0x47b,0x26,
0x52,0x47a,0x4003d,0x50,0x47c,0x47b,0x50080,0x50,
0x47d,0x43e,0x473,0x50084,0x50,0x47e,0x47d,0x70,
0x50080,0x50,0x47f,0x47c,0x47e,0x60041,0x13b,0x480,
0x26,0x52,0x47f,0x4003d,0x50,0x481,0x480,0x50080,
0x50,0x482,0x28e,0x7c,0x60041,0x13b,0x483,0x26,
0x52,0x482,0x4003d,0x50,0x484,0x483,0x500ae,0x65,
0x485,0x481,0x484,0x300f7,0x486,0x0,0x400fa,0x485,
0x487,0x486,0x200f8,0x487,0x200f9,0x478,0x200f8,0x486,
0x50080,0x50,0x488,0x28e,0x64,0x60041,0x13b,0x489,
0x26,0x52,0x488,0x4003d,0x50,0x48a,0x489,0x50084,
0x50,0x48b,0x481,0x63,0x50080,0x50,0x48c,0x48a,
0x48b,0x60041,0x13b,0x48d,0x26,0x52,0x48c,0x4003d,
0x50,0x48e,0x48d,0x50080,0x50,0x48f,0x48c,0x53,
0x60041,0x13b,0x490,0x26,0x52,0x48f,0x4003d,0x50,
0x491,0x490,0x50080,0x50,0x492,0x48c,0x64,0x60041,
0x13b,0x493,0x26,0x52,0x492,0x4003d,0x50,0x494,
0x493,0x50080,0x50,0x495,0x48c,0x61,0x60041,0x13b,
0x496,0x26,0x52,0x495,0x4003d,0x50,0x497,0x496,
0x70050,0x7d,0x498,0x48e,0x491,0x494,0x497,0x4007c,
0x75,0x499,0x498,0x50051,0x59,0x49a,0x499,0x3,
0x500bf,0x65,0x49b,0x49a,0x5e,0x300f7,0x49c,0x0,
0x400fa,0x49b,0x49d,0x49c,0x200f8,0x49d,0x4009c,0x13c,
0x49e,0x499,0x4009d,0x13c,0x49f,0x499,0x500a6,0x13c,
0x4a0,0x49e,0x49f,0x400a8,0x13c,0x4a1,0x4a0,0x4009b,
0x65,0x4a2,0x4a1,0x400a8,0x65,0x4a3,0x4a2,0x200f9,
0x49c,0x200f8,0x49c,0x700f5,0x65,0x4a4,0x8c,0x486,
0x4a3,0x49d,0x300f7,0x4a5,0x0,0x400fa,0x4a4,0x4a6,
0x4a5,0x200f8,0x4a6,0x200f9,0x478,0x200f8,0x4a5,0x500aa,
0x65,0x4a7,0x473,0x56,0x300f7,0x4a8,0x0,0x400fa,
0x4a7,0x4a9,0x4aa,0x200f8,0x4aa,0x500ae,0x65,0x4ab,
0x473,0x64,0x300f7,0x4ac,0x0,0x400fa,0x4ab,0x4ad,
0x4ac,0x200f8,0x4ad,0x50083,0x69,0x4ae,0x471,0x46f,
0x8004f,0x69,0x4af,0x499,0x499,0x0,0x1,0x2,
0x50083,0x69,0x4b0,0x4af,0x46f,0x7000c,0x69,0x4b1,
0x1,0x44,0x4ae,0x4b0,0x50094,0x59,0x4b2,0x4b1,
0x4b1,0x500ba,0x65,0x4b3,0x4b2,0x46c,0x600a9,0x59,
0x4b4,0x4b3,0x4b2,0x46c,0x60050,0x13d,0x4b5,0x4b3,
0x4b3,0x4b3,0x600a9,0x69,0x4b6,0x4b5,0x4b1,0x475,
0x200f9,0x4ac,0x200f8,0x4ac,0x700f5,0x59,0x4b7,0x46c,
0x4aa,0x4b4,0x4ad,0x700f5,0x69,0x4b8,0x475,0x4aa,
0x4b6,0x4ad,0x200f9,0x4a8,0x200f8,0x4a9,0x8004f,0x69,
0x4b9,0x499,0x499,0x0,0x1,0x2,0x200f9,0x4a8,
0x200f8,0x4a8,0x700f5,0x59,0x46d,0x46c,0x4a9,0x4b7,
0x4ac,0x700f5,0x69,0x470,0x4b9,0x4a9,0x46f,0x4ac,
0x700f5,0x69,0x476,0x475,0x4a9,0x4b8,0x4ac,0x8004f,
0x69,0x472,0x499,0x499,0x0,0x1,0x2,0x200f9,
0x46e,0x200f8,0x46e,0x50080,0x50,0x474,0x473,0x53,
0x200f9,0x46b,0x200f8,0x478,0x900f5,0x65,0x4ba,0x468,
0x46b,0x66,0x487,0x66,0x4a6,0x200f9,0x469,0x200f8,
0x469,0x700f5,0x69,0x4bb,0x8a,0x465,0x46f,0x478,
0x700f5,0x69,0x4bc,0x8a,0x465,0x475,0x478,0x700f5,
0x59,0x4bd,0x5e,0x465,0x46c,0x478,0x700f5,0x65,
0x4be,0x468,0x465,0x4ba,0x478,0x300f7,0x4bf,0x0,
0x400fa,0x4be,0x4c0,0x4bf,0x200f8,0x4c0,0x500ba,0x65,
0x4c1,0x4bd,0x5e,0x200f9,0x4bf,0x200f8,0x4bf,0x700f5,
0x65,0x4c2,0x66,0x469,0x4c1,0x4c0,0x300f7,0x4c3,
0x0,0x400fa,0x4c2,0x4c4,0x4c3,0x200f8,0x4c4,0x4009c,
0x65,0x4c5,0x4bd,0x4009d,0x65,0x4c6,0x4bd,0x500a6,
0x65,0x4c7,0x4c5,0x4c6,0x400a8,0x65,0x4c8,0x4c7,
0x200f9,0x4c3,0x200f8,0x4c3,0x700f5,0x65,0x4c9,0x66,
0x4bf,0x4c8,0x4c4,0x300f7,0x4ca,0x0,0x400fa,0x4c9,
0x4cb,0x4ca,0x200f8,0x4cb,0x200f9,0x4cc,0x200f8,0x4cc,
0x700f5,0x5f,0x4cd,0x14d,0x4cb,0x4ce,0x4cf,0x700f5,
0x5f,0x4d0,0x8e,0x4cb,0x4d1,0x4cf,0x700f5,0x50,
0x4d2,0x56,0x4cb,0x4d3,0x4cf,0x500b0,0x65,0x4d4,
0x4d2,0x44b,0x400f6,0x4d5,0x4cf,0x0,0x400fa,0x4d4,
0x4d6,0x4d5,0x200f8,0x4d6,0x50080,0x50,0x4d7,0x449,
0x70,0x50084,0x50,0x4d8,0x4d2,0x70,0x50080,0x50,
0x4d9,0x4d7,0x4d8,0x60041,0x13b,0x4da,0x26,0x52,
0x4d9,0x4003d,0x50,0x4db,0x4da,0x50080,0x50,0x4dc,
0x4d9,0x53,0x60041,0x13b,0x4dd,0x26,0x52,0x4dc,
0x4003d,0x50,0x4de,0x4dd,0x50050,0x13e,0x4df,0x4db,
0x4de,0x4007c,0x5f,0x4e0,0x4df,0x4009c,0x13f,0x4e1,
0x4e0,0x4009d,0x13f,0x4e2,0x4e0,0x500a6,0x13f,0x4e3,
0x4e1,0x4e2,0x400a8,0x13f,0x4e4,0x4e3,0x4009b,0x65,
0x4e5,0x4e4,0x400a8,0x65,0x4e6,0x4e5,0x300f7,0x4e7,
0x0,0x400fa,0x4e6,0x4e8,0x4e7,0x200f8,0x4e8,0x200f9,
0x4d5,0x200f8,0x4e7,0x7000c,0x5f,0x4d1,0x1,0x4f,
0x4d0,0x4e0,0x7000c,0x5f,0x4ce,0x1,0x50,0x4cd,
0x4e0,0x200f9,0x4cf,0x200f8,0x4cf,0x50080,0x50,0x4d3,
0x4d2,0x53,0x200f9,0x4cc,0x200f8,0x4d5,0x700f5,0x65,
0x4e9,0x4c9,0x4cc,0x66,0x4e8,0x200f9,0x4ca,0x200f8,
0x4ca,0x700f5,0x5f,0x4ea,0x14d,0x4c3,0x4cd,0x4d5,
0x700f5,0x5f,0x4eb,0x8e,0x4c3,0x4d0,0x4d5,0x700f5,
0x65,0x4ec,0x4c9,0x4c3,0x4e9,0x4d5,0x300f7,0x4ed,
0x0,0x400fa,0x4ec,0x4ee,0x4ed,0x200f8,0x4ee,0x50080,
0x50,0x4ef,0x28e,0x6d,0x60041,0x13b,0x4f0,0x26,
0x52,0x4ef,0x4003d,0x50,0x4f1,0x4f0,0x500c7,0x50,
0x4f2,0x4f1,0x70,0x500ab,0x65,0x4f3,0x4f2,0x56,
0x300f7,0x4f4,0x0,0x400fa,0x4f3,0x4f5,0x4f6,0x200f8,
0x4f6,0x200f9,0x4f4,0x200f8,0x4f5,0x60041,0x13b,0x4f7,
0x26,0x52,0x28e,0x4003d,0x50,0x4f8,0x4f7,0x50080,
0x50,0x4f9,0x4f8,0x28f,0x60041,0x13b,0x4fa,0x26,
0x52,0x4f9,0x4003d,0x50,0x4fb,0x4fa,0x200f9,0x4f4,
0x200f8,0x4f4,0x700f5,0x50,0x4fc,0x4fb,0x4f5,0x2ba,
0x4f6,0x50080,0x50,0x4fd,0x28e,0x8f,0x60041,0x13b,
0x4fe,0x26,0x52,0x4fd,0x4003d,0x50,0x4ff,0x4fe,
0x50084,0x50,0x500,0x4fc,0x70,0x50080,0x50,0x501,
0x4ff,0x500,0x60041,0x13b,0x502,0x26,0x52,0x501,
0x4003d,0x50,0x503,0x502,0x50080,0x50,0x504,0x501,
0x53,0x60041,0x13b,0x505,0x26,0x52,0x504,0x4003d,
0x50,0x506,0x505,0x50080,0x50,0x507,0x501,0x64,
0x60041,0x13b,0x508,0x26,0x52,0x507,0x4003d,0x50,
0x509,0x508,0x60050,0x11d,0x50a,0x503,0x506,0x509,
0x4007c,0x69,0x50b,0x50a,0x50080,0x50,0x50c,0x28e,
0x61,0x60041,0x13b,0x50d,0x26,0x52,0x50c,0x4003d,
0x50,0x50e,0x50d,0x50084,0x50,0x50f,0x28f,0x70,
0x50080,0x50,0x510,0x50e,0x50f,0x50080,0x50,0x511,
0x510,0x61,0x60041,0x13b,0x512,0x26,0x52,0x511,
0x4003d,0x50,0x513,0x512,0x500c7,0x50,0x514,0x513,
0x90,0x500ab,0x65,0x515,0x514,0x56,0x600a9,0x59,
0x516,0x515,0x91,0x5e,0x6000c,0x5f,0x517,0x1,
0x8,0x4eb,0x50050,0x5f,0x518,0x67,0x516,0x50083,
0x5f,0x519,0x517,0x518,0x7000c,0x5f,0x51a,0x1,
0x50,0x519,0x60,0x6000c,0x5f,0x51b,0x1,0x9,
0x4ea,0x50081,0x5f,0x51c,0x51b,0x518,0x50080,0x50,
0x51d,0x28e,0x82,0x60041,0x13b,0x51e,0x26,0x52,
0x51d,0x4003d,0x50,0x51f,0x51e,0x40070,0x59,0x520,
0x51f,0x50080,0x50,0x521,0x28e,0x92,0x60041,0x13b,
0x522,0x26,0x52,0x521,0x4003d,0x50,0x523,0x522,
0x40070,0x59,0x524,0x523,0x50050,0x5f,0x525,0x520,
0x524,0x7000c,0x5f,0x526,0x1,0x4f,0x51c,0x525,
0x500ba,0x13f,0x527,0x526,0x51a,0x4009b,0x65,0x528,
0x527,0x300f7,0x529,0x0,0x400fa,0x528,0x52a,0x529,
0x200f8,0x52a,0x4009c,0x13d,0x52b,0x50b,0x4009d,0x13d,
0x52c,0x50b,0x500a6,0x13d,0x52d,0x52b,0x52c,0x400a8,
0x13d,0x52e,0x52d,0x4009b,0x65,0x52f,0x52e,0x200f9,
0x529,0x200f8,0x529,0x700f5,0x65,0x530,0x66,0x4f4,
0x52f,0x52a,0x300f7,0x531,0x0,0x400fa,0x530,0x532,
0x531,0x200f8,0x532,0x50051,0x59,0x533,0x50b,0x2,
0x500ba,0x65,0x534,0x533,0x5e,0x200f9,0x531,0x200f8,
0x531,0x700f5,0x65,0x535,0x66,0x529,0x534,0x532,
0x300f7,0x536,0x0,0x400fa,0x535,0x537,0x536,0x200f8,
0x537,0x200f9,0x538,0x200f8,0x538,0x700f5,0x50,0x539,
0x56,0x537,0x53a,0x53b,0x700f5,0x5f,0x53c,0x60,
0x537,0x53d,0x53b,0x700f5,0x69,0x53e,0x8a,0x537,
0x53f,0x53b,0x500b0,0x65,0x540,0x539,0x70,0x400f6,
0x541,0x53b,0x0,0x400fa,0x540,0x542,0x541,0x200f8,
0x542,0x500ab,0x65,0x543,0x539,0x53,0x300f7,0x544,
0x0,0x400fa,0x543,0x545,0x544,0x200f8,0x545,0x500aa,
0x65,0x546,0x539,0x64,0x200f9,0x544,0x200f8,0x544,
0x700f5,0x65,0x547,0x8c,0x542,0x546,0x545,0x300f7,
0x548,0x0,0x400fa,0x547,0x549,0x54a,0x200f8,0x54a,
0x50051,0x59,0x54b,0x51a,0x0,0x200f9,0x548,0x200f8,
0x549,0x50051,0x59,0x54c,0x526,0x0,0x200f9,0x548,
0x200f8,0x548,0x700f5,0x59,0x54d,0x54c,0x549,0x54b,
0x54a,0x500ae,0x65,0x54e,0x539,0x64,0x300f7,0x54f,
0x0,0x400fa,0x54e,0x550,0x551,0x200f8,0x551,0x50051,
0x59,0x552,0x51a,0x1,0x200f9,0x54f,0x200f8,0x550,
0x50051,0x59,0x553,0x526,0x1,0x200f9,0x54f,0x200f8,
0x54f,0x700f5,0x59,0x554,0x553,0x550,0x552,0x551,
0x50050,0x5f,0x555,0x54d,0x554,0x7004f,0x5f,0x556,
0x50b,0x50b,0x0,0x1,0x50083,0x5f,0x557,0x555,
0x556,0x50051,0x59,0x558,0x50b,0x2,0x50050,0x5f,
0x559,0x558,0x558,0x50088,0x5f,0x55a,0x557,0x559,
0x50051,0x59,0x55b,0x55a,0x0,0x50051,0x59,0x55c,
0x55a,0x1,0x60050,0x69,0x55d,0x55b,0x55c,0x67,
0x50094,0x59,0x55e,0x4bc,0x55d,0x50094,0x59,0x55f,
0x4bc,0x4bb,0x50088,0x59,0x560,0x55f,0x55e,0x500b7,
0x65,0x561,0x55e,0x5e,0x300f7,0x562,0x0,0x400fa,
0x561,0x563,0x562,0x200f8,0x563,0x4009c,0x65,0x564,
0x560,0x4009d,0x65,0x565,0x560,0x500a6,0x65,0x566,
0x564,0x565,0x200f9,0x562,0x200f8,0x562,0x700f5,0x65,
0x567,0x8c,0x54f,0x566,0x563,0x400a8,0x65,0x568,
0x567,0x300f7,0x569,0x0,0x400fa,0x568,0x56a,0x569,
0x200f8,0x56a,0x500bc,0x65,0x56b,0x560,0x5e,0x200f9,
0x569,0x200f8,0x569,0x700f5,0x65,0x56c,0x8c,0x562,
0x56b,0x56a,0x300f7,0x56d,0x0,0x400fa,0x56c,0x56e,
0x56d,0x200f8,0x56e,0x200f9,0x541,0x200f8,0x56d,0x500aa,
0x65,0x56f,0x539,0x424,0x300f7,0x570,0x0,0x400fa,
0x56f,0x571,0x570,0x200f8,0x571,0x5008e,0x69,0x572,
0x55d,0x560,0x200f9,0x570,0x200f8,0x570,0x700f5,0x69,
0x53f,0x53e,0x56d,0x572,0x571,0x50050,0x13f,0x573,
0x56f,0x56f,0x600a9,0x5f,0x53d,0x573,0x555,0x53c,
0x200f9,0x53b,0x200f8,0x53b,0x50080,0x50,0x53a,0x539,
0x53,0x200f9,0x538,0x200f8,0x541,0x700f5,0x65,0x574,
0x535,0x538,0x66,0x56e,0x200f9,0x536,0x200f8,0x536,
0x700f5,0x5f,0x575,0x60,0x531,0x53c,0x541,0x700f5,
0x69,0x576,0x8a,0x531,0x53e,0x541,0x700f5,0x65,
0x577,0x535,0x531,0x574,0x541,0x300f7,0x578,0x0,
0x400fa,0x577,0x579,0x578,0x200f8,0x579,0x50051,0x59,
0x57a,0x576,0x0,0x50051,0x59,0x57b,0x576,0x1,
0x4007f,0x59,0x57c,0x57b,0x50051,0x59,0x57d,0x576,
0x2,0x4007f,0x59,0x57e,0x57d,0x60050,0x69,0x57f,
0x57a,0x57c,0x57e,0x50051,0x59,0x580,0x287,0x1,
0x60050,0x69,0x581,0x580,0x580,0x580,0x50088,0x69,
0x582,0x57f,0x581,0x5008e,0x5f,0x583,0x575,0x57d,
0x60052,0x5f,0x584,0x57d,0x287,0x0,0x200f9,0x578,
0x200f8,0x578,0x700f5,0x5f,0x585,0x176,0x536,0x583,
0x579,0x700f5,0x69,0x586,0x286,0x536,0x582,0x579,
0x700f5,0x5f,0x587,0x287,0x536,0x584,0x579,0x600a9,
0x50,0x588,0x577,0x56,0x171,0x600a9,0x50,0x589,
0x577,0x56,0x175,0x200f9,0x4ed,0x200f8,0x4ed,0x700f5,
0x50,0x58a,0x171,0x4ca,0x588,0x578,0x700f5,0x50,
0x58b,0x175,0x4ca,0x589,0x578,0x700f5,0x5f,0x58c,
0x176,0x4ca,0x585,0x578,0x700f5,0x69,0x58d,0x286,
0x4ca,0x586,0x578,0x700f5,0x5f,0x58e,0x287,0x4ca,
0x587,0x578,0x700f5,0x65,0x58f,0x4ec,0x4ca,0x577,
0x578,0x200f9,0x436,0x200f8,0x436,0x700f5,0x50,0x590,
0x171,0x431,0x58a,0x4ed,0x700f5,0x50,0x591,0x175,
0x431,0x58b,0x4ed,0x700f5,0x5f,0x592,0x176,0x431,
0x58c,0x4ed,0x700f5,0x69,0x593,0x286,0x431,0x58d,
0x4ed,0x700f5,0x5f,0x594,0x287,0x431,0x58e,0x4ed,
0x700f5,0x65,0x595,0x435,0x431,0x58f,0x4ed,0x400a8,
0x65,0x596,0x595,0x300f7,0x597,0x0,0x400fa,0x596,
0x598,0x597,0x200f8,0x598,0x60052,0x5f,0x599,0x67,
0x594,0x0,0x200f9,0x597,0x200f8,0x597,0x700f5,0x5f,
0x59a,0x594,0x436,0x599,0x598,0x50050,0x13f,0x59b,
0x596,0x596,0x600a9,0x5f,0x59c,0x59b,0x60,0x592,
0x60050,0x13d,0x59d,0x596,0x596,0x596,0x600a9,0x69,
0x59e,0x59d,0x8a,0x593,0x200f9,0x2dc,0x200f8,0x2dc,
0x700f5,0x50,0x59f,0x590,0x597,0x418,0x2e1,0x700f5,
0x50,0x5a0,0x591,0x597,0x419,0x2e1,0x700f5,0x5f,
0x5a1,0x59c,0x597,0x41a,0x2e1,0x700f5,0x5f,0x5a2,
0x59a,0x597,0x41b,0x2e1,0x700f5,0x69,0x5a3,0x59e,
0x597,0x41c,0x2e1,0x700f5,0x65,0x5a4,0x595,0x597,
0x41d,0x2e1,0x600a9,0x51,0x5a5,0x5a4,0x5b,0x52,
0x4007c,0x50,0x5a6,0x5a5,0x300f7,0x5a7,0x0,0x400fa,
0x2d6,0x5a8,0x5a9,0x200f8,0x5a9,0x50080,0x50,0x5aa,
0x28e,0x61,0x60041,0x13b,0x5ab,0x26,0x52,0x5aa,
0x4003d,0x50,0x5ac,0x5ab,0x600a9,0x50,0x5ad,0x5a4,
0x28f,0x56,0x50084,0x50,0x5ae,0x5ad,0x70,0x50080,
0x50,0x5af,0x5ac,0x5ae,0x50080,0x50,0x5b0,0x28e,
0x82,0x60041,0x13b,0x5b1,0x26,0x52,0x5b0,0x4003d,
0x50,0x5b2,0x5b1,0x50080,0x50,0x5b3,0x28e,0x6f,
0x60041,0x13b,0x5b4,0x26,0x52,0x5b3,0x4003d,0x50,
0x5b5,0x5b4,0x50080,0x50,0x5b6,0x28e,0x6d,0x60041,
0x13b,0x5b7,0x26,0x52,0x5b6,0x4003d,0x50,0x5b8,
0x5b7,0x500c7,0x50,0x5b9,0x5b8,0x61,0x500c4,0x50,
0x5ba,0x5b9,0xa3,0x500c5,0x50,0x5bb,0xa2,0x5ba,
0x70050,0x7d,0x5bc,0x5af,0x5b2,0x5b5,0x5bb,0x200f9,
0x5a7,0x200f8,0x5a8,0x300f7,0x5bd,0x0,0x400fa,0x5a4,
0x5be,0x5bd,0x200f8,0x5be,0x50080,0x50,0x5bf,0x28e,
0x6e,0x60041,0x13b,0x5c0,0x26,0x52,0x5bf,0x4003d,
0x50,0x5c1,0x5c0,0x50084,0x50,0x5c2,0x2ba,0x74,
0x50080,0x50,0x5c3,0x5c1,0x5c2,0x50080,0x50,0x5c4,
0x28e,0x63,0x60041,0x13b,0x5c5,0x26,0x52,0x5c4,
0x4003d,0x50,0x5c6,0x5c5,0x50084,0x50,0x5c7,0x2ba,
0x70,0x50080,0x50,0x5c8,0x5c6,0x5c7,0x50080,0x50,
0x5c9,0x5c8,0x61,0x60041,0x13b,0x5ca,0x26,0x52,
0x5c9,0x4003d,0x50,0x5cb,0x5ca,0x500c7,0x50,0x5cc,
0x5cb,0x64,0x50080,0x50,0x5cd,0x5c3,0x94,0x60041,
0x13b,0x5ce,0x26,0x52,0x5cd,0x4003d,0x50,0x5cf,
0x5ce,0x500ab,0x65,0x5d0,0x5cf,0x56,0x300f7,0x5d1,
0x0,0x400fa,0x5d0,0x5d2,0x5d1,0x200f8,0x5d2,0x500aa,
0x65,0x5d3,0x5cc,0x56,0x200f9,0x5d1,0x200f8,0x5d1,
0x700f5,0x65,0x5d4,0x66,0x5be,0x5d3,0x5d2,0x300f7,
0x5d5,0x0,0x400fa,0x5d4,0x5d6,0x5d5,0x200f8,0x5d6,
0x50080,0x50,0x5d7,0x28e,0x9f,0x60041,0x13b,0x5d8,
0x26,0x52,0x5d7,0x4003d,0x50,0x5d9,0x5d8,0x50080,
0x50,0x5da,0x28e,0x6f,0x60041,0x13b,0x5db,0x26,
0x52,0x5da,0x4003d,0x50,0x5dc,0x5db,0x50080,0x50,
0x5dd,0x28e,0x6d,0x60041,0x13b,0x5de,0x26,0x52,
0x5dd,0x4003d,0x50,0x5df,0x5de,0x500c7,0x50,0x5e0,
0x5df,0x64,0x500ab,0x65,0x5e1,0x5e0,0x56,0x600a9,
0x50,0x5e2,0x5e1,0x64,0x56,0x40053,0x50,0x5e3,
0x160,0x40053,0x50,0x5e4,0xa0,0x600a9,0x50,0x5e5,
0x5e1,0x160,0xa0,0x4003d,0x50,0x5e6,0x5c5,0x50080,
0x50,0x5e7,0x5e6,0x5c7,0x50080,0x50,0x5e8,0x5e7,
0x61,0x60041,0x13b,0x5e9,0x26,0x52,0x5e8,0x4003d,
0x50,0x5ea,0x5e9,0x500c7,0x50,0x5eb,0x5ea,0x70,
0x500ab,0x65,0x5ec,0x5eb,0x56,0x600a9,0x50,0x5ed,
0x5ec,0x70,0x56,0x500c5,0x50,0x5ee,0x5e5,0x5ed,
0x4003d,0x50,0x5ef,0x5c5,0x50080,0x50,0x5f0,0x5ef,
0x5c7,0x50080,0x50,0x5f1,0x5f0,0x61,0x60041,0x13b,
0x5f2,0x26,0x52,0x5f1,0x4003d,0x50,0x5f3,0x5f2,
0x500c7,0x50,0x5f4,0x5f3,0x6e,0x500ab,0x65,0x5f5,
0x5f4,0x56,0x600a9,0x50,0x5f6,0x5f5,0xa1,0x56,
0x500c5,0x50,0x5f7,0x5ee,0x5f6,0x70050,0x7d,0x5f8,
0x5c3,0x5d9,0x5dc,0x5f7,0x200f9,0x5d5,0x200f8,0x5d5,
0x700f5,0x7d,0x5f9,0x7e,0x5d1,0x5f8,0x5d6,0x50080,
0x50,0x5fa,0x28e,0x6f,0x60041,0x13b,0x5fb,0x26,
0x52,0x5fa,0x4003d,0x50,0x5fc,0x5fb,0x50080,0x50,
0x5fd,0x5c3,0x70,0x60041,0x13b,0x5fe,0x26,0x52,
0x5fd,0x4003d,0x50,0x5ff,0x5fe,0x500c7,0x50,0x600,
0x5ff,0x71,0x50080,0x50,0x601,0x5fc,0x600,0x60041,
0x13b,0x602,0x26,0x52,0x601,0x4003d,0x50,0x603,
0x602,0x4003d,0x50,0x604,0x5fb,0x50080,0x50,0x605,
0x5c3,0x72,0x60041,0x13b,0x606,0x26,0x52,0x605,
0x4003d,0x50,0x607,0x606,0x500c7,0x50,0x608,0x607,
0x71,0x50080,0x50,0x609,0x604,0x608,0x60041,0x13b,
0x60a,0x26,0x52,0x609,0x4003d,0x50,0x60b,0x60a,
0x500c7,0x50,0x60c,0x603,0x71,0x40070,0x59,0x60d,
0x60c,0x500c2,0x50,0x60e,0x603,0x63,0x500c7,0x50,
0x60f,0x60e,0x71,0x40070,0x59,0x610,0x60f,0x500c2,
0x50,0x611,0x603,0x6e,0x500c7,0x50,0x612,0x611,
0x71,0x40070,0x59,0x613,0x612,0x500c2,0x50,0x614,
0x603,0x74,0x40070,0x59,0x615,0x614,0x70050,0x75,
0x616,0x60d,0x610,0x613,0x615,0x50085,0x75,0x617,
0x616,0x152,0x500c7,0x50,0x618,0x60b,0x71,0x40070,
0x59,0x619,0x618,0x500c2,0x50,0x61a,0x60b,0x63,
0x500c7,0x50,0x61b,0x61a,0x71,0x40070,0x59,0x61c,
0x61b,0x500c2,0x50,0x61d,0x60b,0x6e,0x500c7,0x50,
0x61e,0x61d,0x71,0x40070,0x59,0x61f,0x61e,0x500c2,
0x50,0x620,0x60b,0x74,0x40070,0x59,0x621,0x620,
0x70050,0x75,0x622,0x619,0x61c,0x61f,0x621,0x50085,
0x75,0x623,0x622,0x152,0x50080,0x50,0x624,0x28e,
0x6d,0x60041,0x13b,0x625,0x26,0x52,0x624,0x4003d,
0x50,0x626,0x625,0x500c7,0x50,0x627,0x626,0x64,
0x500ab,0x65,0x628,0x627,0x56,0x300f7,0x629,0x0,
0x400fa,0x628,0x62a,0x629,0x200f8,0x62a,0x8004f,0x69,
0x62b,0x617,0x617,0x0,0x1,0x2,0x500bc,0x13d,
0x62c,0x62b,0x77,0x50085,0x69,0x62d,0x62b,0x154,
0x50081,0x69,0x62e,0x62b,0x79,0x50085,0x69,0x62f,
0x62e,0x156,0x7000c,0x69,0x630,0x1,0x1a,0x62f,
0x7b,0x600a9,0x69,0x631,0x62c,0x62d,0x630,0x9004f,
0x75,0x632,0x617,0x631,0x4,0x5,0x6,0x3,
0x8004f,0x69,0x633,0x623,0x623,0x0,0x1,0x2,
0x500bc,0x13d,0x634,0x633,0x77,0x50085,0x69,0x635,
0x633,0x154,0x50081,0x69,0x636,0x633,0x79,0x50085,
0x69,0x637,0x636,0x156,0x7000c,0x69,0x638,0x1,
0x1a,0x637,0x7b,0x600a9,0x69,0x639,0x634,0x635,
0x638,0x9004f,0x75,0x63a,0x623,0x639,0x4,0x5,
0x6,0x3,0x200f9,0x629,0x200f8,0x629,0x700f5,0x75,
0x63b,0x617,0x5d5,0x632,0x62a,0x700f5,0x75,0x63c,
0x623,0x5d5,0x63a,0x62a,0x50080,0x50,0x63d,0x5c3,
0x7c,0x60041,0x13b,0x63e,0x26,0x52,0x63d,0x4003d,
0x50,0x63f,0x63e,0x500ab,0x65,0x640,0x63f,0x56,
0x600a9,0x50,0x641,0x640,0x53,0x56,0x200f9,0x5bd,
0x200f8,0x5bd,0x700f5,0x75,0x642,0x283,0x5a8,0x63b,
0x629,0x700f5,0x75,0x643,0x284,0x5a8,0x63c,0x629,
0x700f5,0x50,0x644,0x285,0x5a8,0x641,0x629,0x700f5,
0x7d,0x645,0x7e,0x5a8,0x5f9,0x629,0x200f9,0x5a7,
0x200f8,0x5a7,0x700f5,0x75,0x646,0x642,0x5bd,0x283,
0x5a9,0x700f5,0x75,0x647,0x643,0x5bd,0x284,0x5a9,
0x700f5,0x50,0x648,0x644,0x5bd,0x285,0x5a9,0x700f5,
0x7d,0x649,0x645,0x5bd,0x5bc,0x5a9,0x200f9,0x28c,
0x200f8,0x28c,0x700f5,0x50,0x64a,0x282,0x1f0,0x5a6,
0x5a7,0x700f5,0x75,0x64b,0x283,0x1f0,0x646,0x5a7,
0x700f5,0x75,0x64c,0x284,0x1f0,0x647,0x5a7,0x700f5,
0x50,0x64d,0x285,0x1f0,0x648,0x5a7,0x700f5,0x50,
0x64e,0x171,0x1f0,0x59f,0x5a7,0x700f5,0x50,0x64f,
0x175,0x1f0,0x5a0,0x5a7,0x700f5,0x5f,0x650,0x176,
0x1f0,0x5a1,0x5a7,0x700f5,0x5f,0x651,0x287,0x1f0,
0x5a2,0x5a7,0x700f5,0x69,0x652,0x286,0x1f0,0x5a3,
0x5a7,0x700f5,0x7d,0x653,0x288,0x1f0,0x649,0x5a7,
0x50051,0x50,0x654,0x653,0x3,0x500c7,0x50,0x655,
0x654,0x89,0x500ab,0x65,0x656,0x655,0x56,0x300f7,
0x657,0x2,0x400fa,0x656,0x658,0x657,0x200f8,0x658,
0x50051,0x50,0x659,0x653,0x0,0x60041,0x13b,0x65a,
0x26,0x52,0x659,0x4003d,0x50,0x65b,0x65a,0x50080,
0x50,0x65c,0x659,0x53,0x60041,0x13b,0x65d,0x26,
0x52,0x65c,0x4003d,0x50,0x65e,0x65d,0x50080,0x50,
0x65f,0x659,0x64,0x60041,0x13b,0x660,0x26,0x52,
0x65f,0x4003d,0x50,0x661,0x660,0x60050,0x11d,0x662,
0x65b,0x65e,0x661,0x4007c,0x69,0x663,0x662,0x500c7,
0x50,0x664,0x654,0xa4,0x500ab,0x65,0x665,0x664,
0x56,0x600a9,0x59,0x666,0x665,0x5d,0xa5,0x50083,
0x69,0x667,0x652,0x663,0x60050,0x69,0x668,0x666,
0x666,0x666,0x5008c,0x69,0x669,0x667,0x668,0x40053,
0x59,0x66a,0x161,0x40053,0x59,0x66b,0xa6,0x600a9,
0x59,0x66c,0x665,0x161,0xa6,0x60050,0x69,0x66d,
0x66c,0x66c,0x66c,0x500be,0x13d,0x66e,0x669,0x66d,
0x50083,0x69,0x66f,0x669,0x668,0x600a9,0x69,0x670,
0x66e,0x66f,0x669,0x40053,0x59,0x671,0x162,0x40053,
0x59,0x672,0x163,0x600a9,0x59,0x673,0x665,0x162,
0x163,0x60050,0x69,0x674,0x673,0x673,0x673,0x500b8,
0x13d,0x675,0x670,0x674,0x50081,0x69,0x676,0x670,
0x668,0x600a9,0x69,0x677,0x675,0x676,0x670,0x200f9,
0x678,0x200f8,0x678,0x700f5,0x50,0x679,0x56,0x658,
0x67a,0x67b,0x500b0,0x65,0x67c,0x679,0x61,0x400f6,
0x67d,0x67b,0x0,0x400fa,0x67c,0x67b,0x67d,0x200f8,
0x67b,0x50051,0x59,0x67e,0x677,0x0,0x50080,0x50,
0x67f,0x659,0x61,0x50080,0x50,0x680,0x67f,0x679,
0x60041,0x13b,0x681,0x26,0x52,0x680,0x4003d,0x50,
0x682,0x681,0x4007c,0x51,0x683,0x682,0x4006f,0x59,
0x684,0x683,0x50085,0x59,0x29,0x67e,0x684,0x50051,
0x59,0x685,0x677,0x1,0x50080,0x50,0x686,0x659,
0x7c,0x50080,0x50,0x687,0x686,0x679,0x60041,0x13b,
0x688,0x26,0x52,0x687,0x4003d,0x50,0x689,0x688,
0x4007c,0x51,0x68a,0x689,0x4006f,0x59,0x68b,0x68a,
0x50085,0x59,0x2a,0x685,0x68b,0x50081,0x59,0x2b,
0x29,0x2a,0x50051,0x59,0x68c,0x677,0x2,0x50080,
0x50,0x68d,0x659,0x8b,0x50080,0x50,0x68e,0x68d,
0x679,0x60041,0x13b,0x68f,0x26,0x52,0x68e,0x4003d,
0x50,0x690,0x68f,0x4007c,0x51,0x691,0x690,0x4006f,
0x59,0x692,0x691,0x50085,0x59,0x2c,0x68c,0x692,
0x50081,0x59,0x2d,0x2b,0x2c,0x50088,0x59,0x2e,
0x2d,0xa6,0x50041,0x136,0x693,0x167,0x679,0x3003e,
0x693,0x2e,0x50080,0x50,0x67a,0x679,0x53,0x200f9,
0x678,0x200f8,0x67d,0x300f7,0x694,0x0,0x400fa,0x665,
0x695,0x696,0x200f8,0x696,0x50041,0x136,0x697,0x167,
0x6c,0x4003d,0x59,0x698,0x697,0x200f9,0x694,0x200f8,
0x695,0x4003d,0x69,0x699,0x167,0x6000c,0x59,0x69a,
0x1,0x42,0x699,0x200f9,0x694,0x200f8,0x694,0x700f5,
0x59,0x69b,0x69a,0x695,0x698,0x696,0x500be,0x65,
0x69c,0x69b,0xa7,0x300f7,0x69d,0x0,0x400fa,0x69c,
0x69e,0x69d,0x200f8,0x69e,0x50051,0x50,0x69f,0x653,
0x2,0x500ab,0x65,0x6a0,0x69f,0x56,0x300f7,0x6a1,
0x0,0x400fa,0x6a0,0x6a2,0x6a1,0x200f8,0x6a2,0x500b8,
0x65,0x6a3,0x69b,0xa8,0x200f9,0x6a1,0x200f8,0x6a1,
0x700f5,0x65,0x6a4,0x8c,0x69e,0x6a3,0x6a2,0x200f9,
0x69d,0x200f8,0x69d,0x700f5,0x65,0x6a5,0x66,0x694,
0x6a4,0x6a1,0x600a9,0x50,0x6a6,0x6a5,0x53,0x56,
0x8000c,0x59,0x6a7,0x1,0x2b,0x69b,0x5e,0xa9,
0x300f7,0x6a8,0x0,0x400fa,0x665,0x6a9,0x6aa,0x200f8,
0x6aa,0x4003d,0x69,0x6ab,0x167,0x50051,0x59,0x6ac,
0x6ab,0x0,0x50051,0x59,0x6ad,0x6ab,0x1,0x60050,
0x69,0x6ae,0x6ac,0x6ad,0x6a7,0x200f9,0x6a8,0x200f8,
0x6a9,0x4003d,0x69,0x6af,0x167,0x200f9,0x6a8,0x200f8,
0x6a8,0x700f5,0x69,0x6b0,0x6af,0x6a9,0x6ae,0x6aa,
0x600a9,0x59,0x6b1,0x665,0x69b,0x6a7,0x50085,0x59,
0x6b2,0x6b1,0x159,0x5008e,0x5f,0x6b3,0x651,0x6b2,
0x50080,0x50,0x6b4,0x659,0x87,0x50051,0x50,0x6b5,
0x653,0x1,0x50084,0x50,0x6b6,0x6b5,0x6e,0x4006d,
0x50,0x6b7,0x6a7,0x500c2,0x50,0x6b8,0x6b7,0x63,
0x50080,0x50,0x6b9,0x6b6,0x6b8,0x50084,0x50,0x6ba,
0x6b9,0x70,0x50080,0x50,0x6bb,0x6b4,0x6ba,0x60041,
0x13b,0x6bc,0x26,0x52,0x6bb,0x4003d,0x50,0x6bd,
0x6bc,0x50080,0x50,0x6be,0x6bb,0x53,0x60041,0x13b,
0x6bf,0x26,0x52,0x6be,0x4003d,0x50,0x6c0,0x6bf,
0x50080,0x50,0x6c1,0x6bb,0x64,0x60041,0x13b,0x6c2,
0x26,0x52,0x6c1,0x4003d,0x50,0x6c3,0x6c2,0x50080,
0x50,0x6c4,0x6bb,0x61,0x60041,0x13b,0x6c5,0x26,
0x52,0x6c4,0x4003d,0x50,0x6c6,0x6c5,0x70050,0x7d,
0x6c7,0x6bd,0x6c0,0x6c3,0x6c6,0x4007c,0x75,0x6c8,
0x6c7,0x500c7,0x50,0x6c9,0x654,0x58,0x500ab,0x65,
0x6ca,0x6c9,0x56,0x300f7,0x6cb,0x0,0x400fa,0x6ca,
0x6cc,0x6cb,0x200f8,0x6cc,0x4003d,0x50,0x6cd,0x660,
0x4007c,0x59,0x6ce,0x6cd,0x4006e,0x51,0x6cf,0x6ce,
0x4007c,0x50,0x6d0,0x6cf,0x50051,0x59,0x6d1,0x16a,
0x2,0x4006d,0x50,0x6d2,0x6d1,0x50080,0x50,0x6d3,
0x6d0,0x6d2,0x500c7,0x50,0x6d4,0x6d3,0xaa,0x40070,
0x59,0x6d5,0x6d4,0x50083,0x59,0x6d6,0x5d,0x6d5,
0x500be,0x65,0x6d7,0x6d6,0xa7,0x300f7,0x6d8,0x0,
0x400fa,0x6d7,0x6d9,0x6d8,0x200f8,0x6d9,0x50051,0x50,
0x6da,0x653,0x2,0x500ab,0x65,0x6db,0x6da,0x56,
0x300f7,0x6dc,0x0,0x400fa,0x6db,0x6dd,0x6dc,0x200f8,
0x6dd,0x500b8,0x65,0x6de,0x6d6,0xa8,0x200f9,0x6dc,
0x200f8,0x6dc,0x700f5,0x65,0x6df,0x8c,0x6d9,0x6de,
0x6dd,0x200f9,0x6d8,0x200f8,0x6d8,0x700f5,0x65,0x6e0,
0x66,0x6cc,0x6df,0x6dc,0x600a9,0x50,0x6e1,0x6e0,
0x53,0x56,0x7004f,0x5f,0x6e2,0x16a,0x16a,0x0,
0x1,0x50088,0x59,0x6e3,0x5d,0x6d6,0x5008e,0x5f,
0x6e4,0x6e2,0x6e3,0x50081,0x5f,0x6e5,0xad,0x6e4,
0x50085,0x5f,0x6e6,0x178,0x9b,0x50081,0x5f,0x6e7,
0x6e5,0x6e6,0x7000c,0x59,0x6e8,0x1,0x4f,0x6d6,
0xa9,0x4006d,0x50,0x6e9,0x6e8,0x500c2,0x50,0x6ea,
0x6e9,0x63,0x50080,0x50,0x6eb,0x6b6,0x6ea,0x50084,
0x50,0x6ec,0x6eb,0x70,0x50080,0x50,0x6ed,0x6b4,
0x6ec,0x60041,0x13b,0x6ee,0x26,0x52,0x6ed,0x4003d,
0x50,0x6ef,0x6ee,0x50080,0x50,0x6f0,0x6ed,0x53,
0x60041,0x13b,0x6f1,0x26,0x52,0x6f0,0x4003d,0x50,
0x6f2,0x6f1,0x50080,0x50,0x6f3,0x6ed,0x64,0x60041,
0x13b,0x6f4,0x26,0x52,0x6f3,0x4003d,0x50,0x6f5,
0x6f4,0x50080,0x50,0x6f6,0x6ed,0x61,0x60041,0x13b,
0x6f7,0x26,0x52,0x6f6,0x4003d,0x50,0x6f8,0x6f7,
0x70050,0x7d,0x6f9,0x6ef,0x6f2,0x6f5,0x6f8,0x4007c,
0x75,0x6fa,0x6f9,0x50051,0x59,0x6fb,0x6e7,0x0,
0x50051,0x59,0x6fc,0x6e7,0x1,0x60050,0x69,0x6fd,
0x6fb,0x6fc,0x5e,0x500c7,0x50,0x6fe,0x654,0x14a,
0x60052,0x7d,0x6ff,0x6fe,0x653,0x3,0x200f9,0x6cb,
0x200f8,0x6cb,0x700f5,0x50,0x700,0x6a6,0x6a8,0x6e1,
0x6d8,0x700f5,0x69,0x701,0x6b0,0x6a8,0x6fd,0x6d8,
0x700f5,0x75,0x702,0x6c8,0x6a8,0x6fa,0x6d8,0x700f5,
0x5f,0x703,0x650,0x6a8,0x6e7,0x6d8,0x700f5,0x7d,
0x704,0x653,0x6a8,0x6ff,0x6d8,0x50050,0x13f,0x705,
0x6ca,0x6ca,0x600a9,0x5f,0x706,0x705,0x60,0x6b3,
0x200f9,0x657,0x200f8,0x657,0x700f5,0x50,0x707,0x64a,
0x28c,0x700,0x6cb,0x700f5,0x69,0x708,0x652,0x28c,
0x701,0x6cb,0x700f5,0x75,0x709,0x64b,0x28c,0x702,
0x6cb,0x700f5,0x75,0x70a,0x64c,0x28c,0x702,0x6cb,
0x700f5,0x5f,0x70b,0x650,0x28c,0x703,0x6cb,0x700f5,
0x5f,0x70c,0x651,0x28c,0x706,0x6cb,0x700f5,0x7d,
0x70d,0x653,0x28c,0x704,0x6cb,0x50051,0x50,0x70e,
0x70d,0x3,0x500c7,0x50,0x70f,0x70e,0xae,0x500ab,
0x65,0x710,0x70f,0x56,0x300f7,0x711,0x2,0x400fa,
0x710,0x712,0x711,0x200f8,0x712,0x50051,0x50,0x713,
0x70d,0x0,0x60041,0x13b,0x714,0x26,0x52,0x713,
0x4003d,0x50,0x715,0x714,0x4007c,0x51,0x716,0x715,
0x50080,0x50,0x717,0x713,0x53,0x60041,0x13b,0x718,
0x26,0x52,0x717,0x4003d,0x50,0x719,0x718,0x4007c,
0x51,0x71a,0x719,0x50080,0x50,0x71b,0x713,0x64,
0x60041,0x13b,0x71c,0x26,0x52,0x71b,0x4003d,0x50,
0x71d,0x71c,0x4007c,0x51,0x71e,0x71d,0x50080,0x50,
0x71f,0x713,0x87,0x60041,0x13b,0x720,0x26,0x52,
0x71f,0x4003d,0x50,0x721,0x720,0x4007c,0x59,0x722,
0x721,0x50080,0x50,0x723,0x713,0x92,0x60041,0x13b,
0x724,0x26,0x52,0x723,0x4003d,0x50,0x725,0x724,
0x4007c,0x59,0x726,0x725,0x50080,0x50,0x727,0x713,
0x6f,0x60041,0x13b,0x728,0x26,0x52,0x727,0x4003d,
0x50,0x729,0x728,0x4007c,0x59,0x72a,0x729,0x60050,
0x69,0x72b,0x722,0x726,0x72a,0x3003e,0x168,0xb0,
0x3003e,0x169,0x8a,0x200f9,0x72c,0x200f8,0x72c,0x700f5,
0x50,0x72d,0x56,0x712,0x72e,0x72f,0x500b0,0x65,
0x730,0x72d,0x61,0x400f6,0x731,0x72f,0x0,0x400fa,
0x730,0x72f,0x731,0x200f8,0x72f,0x50080,0x50,0x732,
0x713,0x61,0x50080,0x50,0x733,0x732,0x72d,0x60041,
0x13b,0x734,0x26,0x52,0x733,0x4003d,0x50,0x735,
0x734,0x4007c,0x51,0x736,0x735,0x50080,0x50,0x737,
0x713,0x7c,0x50080,0x50,0x738,0x737,0x72d,0x60041,
0x13b,0x739,0x26,0x52,0x738,0x4003d,0x50,0x73a,
0x739,0x4007c,0x51,0x73b,0x73a,0x50080,0x50,0x73c,
0x713,0x8b,0x50080,0x50,0x73d,0x73c,0x72d,0x60041,
0x13b,0x73e,0x26,0x52,0x73d,0x4003d,0x50,0x73f,
0x73e,0x4007c,0x51,0x740,0x73f,0x50084,0x51,0x741,
0x716,0x736,0x500c3,0x51,0x742,0x741,0xb1,0x50084,
0x51,0x743,0x71a,0x73b,0x500c3,0x51,0x744,0x743,
0xb1,0x50080,0x51,0x745,0x742,0x744,0x50084,0x51,
0x746,0x71e,0x740,0x500c3,0x51,0x747,0x746,0xb1,
0x50080,0x51,0x748,0x745,0x747,0x50051,0x59,0x749,
0x708,0x0,0x4006e,0x51,0x74a,0x749,0x500c3,0x51,
0x74b,0x736,0x93,0x50084,0x51,0x74c,0x74a,0x74b,
0x50051,0x59,0x74d,0x708,0x2,0x4006e,0x51,0x74e,
0x74d,0x500c3,0x51,0x74f,0x740,0x93,0x50084,0x51,
0x750,0x74e,0x74f,0x50080,0x51,0x751,0x74c,0x750,
0x50080,0x51,0x752,0x748,0x751,0x500c4,0x51,0x753,
0x752,0xb3,0x500c3,0x51,0x754,0x753,0xb3,0x50041,
0x137,0x755,0x168,0x72d,0x3003e,0x755,0x754,0x4003d,
0x51,0x756,0x755,0x4006f,0x59,0x757,0x756,0x4006f,
0x59,0x758,0x736,0x4006f,0x59,0x759,0x73b,0x4006f,
0x59,0x75a,0x740,0x60050,0x69,0x75b,0x758,0x759,
0x75a,0x50094,0x59,0x75c,0x72b,0x75b,0x50085,0x59,
0x75d,0x75c,0x15e,0x50081,0x59,0x75e,0x757,0x75d,
0x50041,0x136,0x75f,0x169,0x72d,0x3003e,0x75f,0x75e,
0x50080,0x50,0x72e,0x72d,0x53,0x200f9,0x72c,0x200f8,
0x731,0x500c7,0x50,0x760,0x70e,0xb4,0x500ab,0x65,
0x761,0x760,0x56,0x300f7,0x762,0x0,0x400fa,0x761,
0x763,0x764,0x200f8,0x764,0x50041,0x136,0x765,0x169,
0x6c,0x4003d,0x59,0x766,0x765,0x200f9,0x762,0x200f8,
0x763,0x4003d,0x69,0x767,0x169,0x6000c,0x59,0x768,
0x1,0x42,0x767,0x200f9,0x762,0x200f8,0x762,0x700f5,
0x59,0x769,0x768,0x763,0x766,0x764,0x500ba,0x65,
0x76a,0x769,0xa7,0x300f7,0x76b,0x0,0x400fa,0x76a,
0x76c,0x76b,0x200f8,0x76c,0x50051,0x50,0x76d,0x70d,
0x1,0x500ab,0x65,0x76e,0x76d,0x56,0x300f7,0x76f,
0x0,0x400fa,0x76e,0x770,0x76f,0x200f8,0x770,0x500b8,
0x65,0x771,0x769,0xb5,0x200f9,0x76f,0x200f8,0x76f,
0x700f5,0x65,0x772,0x8c,0x76c,0x771,0x770,0x200f9,
0x76b,0x200f8,0x76b,0x700f5,0x65,0x773,0x66,0x762,
0x772,0x76f,0x600a9,0x50,0x774,0x773,0x53,0x56,
0x300f7,0x775,0x0,0x400fa,0x761,0x776,0x777,0x200f8,
0x777,0x4003d,0x69,0x778,0x169,0x50041,0x136,0x779,
0x169,0x6c,0x4003d,0x59,0x77a,0x779,0x7000c,0x59,
0x77b,0x1,0x4f,0x77a,0xb6,0x50051,0x59,0x77c,
0x778,0x0,0x50051,0x59,0x77d,0x778,0x1,0x60050,
0x69,0x77e,0x77c,0x77d,0x77b,0x200f9,0x775,0x200f8,
0x776,0x4003d,0x69,0x77f,0x169,0x200f9,0x775,0x200f8,
0x775,0x700f5,0x69,0x780,0x77f,0x776,0x77e,0x777,
0x7000c,0x59,0x781,0x1,0x4f,0x769,0xb6,0x50085,
0x59,0x782,0x781,0x159,0x5008e,0x5f,0x783,0x70c,
0x782,0x200f9,0x711,0x200f8,0x711,0x700f5,0x50,0x784,
0x707,0x657,0x774,0x775,0x700f5,0x69,0x785,0x708,
0x657,0x780,0x775,0x700f5,0x5f,0x786,0x70c,0x657,
0x783,0x775,0x500c7,0x50,0x787,0x70e,0x90,0x500ab,
0x65,0x788,0x787,0x56,0x300f7,0x789,0x0,0x400fa,
0x788,0x78a,0x789,0x200f8,0x78a,0x4006e,0xaf,0x78b,
0x173,0x4006e,0xaf,0x78c,0x172,0x50082,0xaf,0x78d,
0x78b,0x78c,0x500c4,0xaf,0x78e,0x78d,0x11a,0x500c3,
0xaf,0x78f,0x78e,0x11a,0x4006f,0x69,0x790,0x78f,
0x50051,0x59,0x791,0x174,0x0,0x5008e,0x69,0x792,
0x790,0x791,0x50081,0x69,0x793,0x172,0x792,0x50051,
0x59,0x794,0x174,0x1,0x50051,0x59,0x795,0x793,
0x2,0x50081,0x59,0x796,0x794,0x795,0x500be,0x65,
0x797,0x796,0xa7,0x300f7,0x798,0x0,0x400fa,0x797,
0x799,0x798,0x200f8,0x799,0x50051,0x59,0x79a,0x174,
0x2,0x500b7,0x65,0x79b,0x79a,0x5e,0x300f7,0x79c,
0x0,0x400fa,0x79b,0x79d,0x79c,0x200f8,0x79d,0x50051,
0x59,0x79e,0x172,0x2,0x50081,0x59,0x79f,0x794,
0x79e,0x500be,0x65,0x7a0,0x79f,0xa7,0x200f9,0x79c,
0x200f8,0x79c,0x700f5,0x65,0x7a1,0x8c,0x799,0x7a0,
0x79d,0x200f9,0x798,0x200f8,0x798,0x700f5,0x65,0x7a2,
0x66,0x78a,0x7a1,0x79c,0x50051,0x59,0x7a3,0x174,
0x2,0x500b4,0x65,0x7a4,0x7a3,0x67,0x60050,0x13d,
0x7a5,0x7a4,0x7a4,0x7a4,0x600a9,0x69,0x7a6,0x7a5,
0x172,0x793,0x50085,0x59,0x7a7,0x796,0x15a,0x5008e,
0x5f,0x7a8,0x786,0x7a7,0x500c7,0x50,0x7a9,0x70e,
0x149,0x60052,0x7d,0x7aa,0x7a9,0x70d,0x3,0x200f9,
0x789,0x200f8,0x789,0x700f5,0x65,0x7ab,0x8c,0x711,
0x7a2,0x798,0x700f5,0x7d,0x7ac,0x70d,0x711,0x7aa,
0x798,0x700f5,0x5f,0x7ad,0x786,0x711,0x7a8,0x798,
0x700f5,0x69,0x7ae,0x785,0x711,0x7a6,0x798,0x500aa,
0x65,0x7af,0x64e,0x64,0x300f7,0x7b0,0x0,0x400fa,
0x7af,0x7b1,0x7b0,0x200f8,0x7b1,0x300f7,0x7b2,0x0,
0x300fb,0x56,0x7b3,0x200f8,0x7b3,0x50051,0x59,0x7b4,
0x174,0x2,0x500b6,0x65,0x7b5,0x7b4,0x5e,0x300f7,
0x7b6,0x0,0x400fa,0x7b5,0x7b7,0x7b6,0x200f8,0x7b7,
0x5008e,0x69,0x7b8,0x16e,0xa6,0x6000c,0x69,0x7b9,
0x1,0x2,0x7b8,0x4006e,0xaf,0x7ba,0x7b9,0x50051,
0x59,0x7bb,0x7ae,0x0,0x6000c,0x59,0x7bc,0x1,
0x6,0x7bb,0x4006e,0x51,0x7bd,0x7bc,0x4006f,0x59,
0x7be,0x7bd,0x6000c,0x59,0x7bf,0x1,0x4,0x7bb,
0x50081,0x59,0x7c0,0x7bf,0x98,0x6000c,0x59,0x7c1,
0x1,0x8,0x7c0,0x50085,0x59,0x7c2,0x7be,0x7c1,
0x4006e,0x51,0x7c3,0x7c2,0x4007c,0x50,0x7c4,0x7c3,
0x500c4,0x50,0x7c5,0x7c4,0x6e,0x4007c,0x51,0x7c6,
0x7c5,0x500c3,0x51,0x7c7,0x7c6,0xb3,0x50051,0x59,
0x7c8,0x7ae,0x1,0x6000c,0x59,0x7c9,0x1,0x6,
0x7c8,0x4006e,0x51,0x7ca,0x7c9,0x4006f,0x59,0x7cb,
0x7ca,0x6000c,0x59,0x7cc,0x1,0x4,0x7c8,0x50081,
0x59,0x7cd,0x7cc,0x98,0x6000c,0x59,0x7ce,0x1,
0x8,0x7cd,0x50085,0x59,0x7cf,0x7cb,0x7ce,0x4006e,
0x51,0x7d0,0x7cf,0x4007c,0x50,0x7d1,0x7d0,0x500c4,
0x50,0x7d2,0x7d1,0x6e,0x4007c,0x51,0x7d3,0x7d2,
0x500c3,0x51,0x7d4,0x7d3,0xb3,0x50051,0x59,0x7d5,
0x7ae,0x2,0x6000c,0x59,0x7d6,0x1,0x6,0x7d5,
0x4006e,0x51,0x7d7,0x7d6,0x4006f,0x59,0x7d8,0x7d7,
0x6000c,0x59,0x7d9,0x1,0x4,0x7d5,0x50081,0x59,
0x7da,0x7d9,0x98,0x6000c,0x59,0x7db,0x1,0x8,
0x7da,0x50085,0x59,0x7dc,0x7d8,0x7db,0x4006e,0x51,
0x7dd,0x7dc,0x4007c,0x50,0x7de,0x7dd,0x500c4,0x50,
0x7df,0x7de,0x6e,0x4007c,0x51,0x7e0,0x7df,0x500c3,
0x51,0x7e1,0x7e0,0xb3,0x60050,0xaf,0x7e2,0x7c7,
0x7d4,0x7e1,0x50084,0xaf,0x7e3,0x7ba,0x7e2,0x500c3,
0xaf,0x7e4,0x7e3,0x123,0x50051,0x51,0x7e5,0x7e4,
0x0,0x50051,0x51,0x7e6,0x7e4,0x1,0x50080,0x51,
0x7e7,0x7e5,0x7e6,0x50051,0x51,0x7e8,0x7e4,0x2,
0x50080,0x51,0x7e9,0x7e7,0x7e8,0x4007c,0x50,0x7ea,
0x7e9,0x500c4,0x50,0x7eb,0x7ea,0x6e,0x4007c,0x51,
0x7ec,0x7eb,0x500c3,0x51,0x7ed,0x7ec,0xb3,0x4006f,
0x59,0x7ee,0x7ed,0x5008e,0x69,0x7ef,0x16f,0xa6,
0x6000c,0x69,0x7f0,0x1,0x2,0x7ef,0x4006e,0xaf,
0x7f1,0x7f0,0x50084,0xaf,0x7f2,0x7f1,0x7e2,0x500c3,
0xaf,0x7f3,0x7f2,0x123,0x50051,0x51,0x7f4,0x7f3,
0x0,0x50051,0x51,0x7f5,0x7f3,0x1,0x50080,0x51,
0x7f6,0x7f4,0x7f5,0x50051,0x51,0x7f7,0x7f3,0x2,
0x50080,0x51,0x7f8,0x7f6,0x7f7,0x4007c,0x50,0x7f9,
0x7f8,0x500c4,0x50,0x7fa,0x7f9,0x6e,0x4007c,0x51,
0x7fb,0x7fa,0x500c3,0x51,0x7fc,0x7fb,0xb3,0x4006f,
0x59,0x7fd,0x7fc,0x5008e,0x69,0x7fe,0x170,0xa6,
0x6000c,0x69,0x7ff,0x1,0x2,0x7fe,0x4006e,0xaf,
0x800,0x7ff,0x50084,0xaf,0x801,0x800,0x7e2,0x500c3,
0xaf,0x802,0x801,0x123,0x50051,0x51,0x803,0x802,
0x0,0x50051,0x51,0x804,0x802,0x1,0x50080,0x51,
0x805,0x803,0x804,0x50051,0x51,0x806,0x802,0x2,
0x50080,0x51,0x807,0x805,0x806,0x4007c,0x50,0x808,
0x807,0x500c4,0x50,0x809,0x808,0x6e,0x4007c,0x51,
0x80a,0x809,0x500c3,0x51,0x80b,0x80a,0xb3,0x4006f,
0x59,0x80c,0x80b,0x60050,0x69,0x80d,0x7ee,0x7fd,
0x80c,0x200f9,0x7b2,0x200f8,0x7b6,0x50094,0x59,0x80e,
0x16e,0x7ae,0x50094,0x59,0x80f,0x16f,0x7ae,0x50094,
0x59,0x810,0x170,0x7ae,0x60050,0x69,0x811,0x80e,
0x80f,0x810,0x200f9,0x7b2,0x200f8,0x7b2,0x700f5,0x69,
0x812,0x80d,0x7b7,0x811,0x7b6,0x300f7,0x813,0x0,
0x400fa,0x7b5,0x814,0x815,0x200f8,0x815,0x50081,0x69,
0x816,0x812,0x172,0x200f9,0x813,0x200f8,0x814,0x50051,
0x59,0x817,0x812,0x0,0x4006e,0x51,0x818,0x817,
0x50051,0x59,0x819,0x172,0x0,0x6000c,0x59,0x81a,
0x1,0x6,0x819,0x4006e,0x51,0x81b,0x81a,0x4006f,
0x59,0x81c,0x81b,0x6000c,0x59,0x81d,0x1,0x4,
0x819,0x50081,0x59,0x81e,0x81d,0x98,0x6000c,0x59,
0x81f,0x1,0x8,0x81e,0x50085,0x59,0x820,0x81c,
0x81f,0x4006e,0x51,0x821,0x820,0x50080,0x51,0x822,
0x818,0x821,0x4007c,0x50,0x823,0x822,0x500c4,0x50,
0x824,0x823,0x6e,0x4007c,0x51,0x825,0x824,0x500c3,
0x51,0x826,0x825,0xb3,0x4006f,0x59,0x827,0x826,
0x50051,0x59,0x828,0x812,0x1,0x4006e,0x51,0x829,
0x828,0x50051,0x59,0x82a,0x172,0x1,0x6000c,0x59,
0x82b,0x1,0x6,0x82a,0x4006e,0x51,0x82c,0x82b,
0x4006f,0x59,0x82d,0x82c,0x6000c,0x59,0x82e,0x1,
0x4,0x82a,0x50081,0x59,0x82f,0x82e,0x98,0x6000c,
0x59,0x830,0x1,0x8,0x82f,0x50085,0x59,0x831,
0x82d,0x830,0x4006e,0x51,0x832,0x831,0x50080,0x51,
0x833,0x829,0x832,0x4007c,0x50,0x834,0x833,0x500c4,
0x50,0x835,0x834,0x6e,0x4007c,0x51,0x836,0x835,
0x500c3,0x51,0x837,0x836,0xb3,0x4006f,0x59,0x838,
0x837,0x50051,0x59,0x839,0x812,0x2,0x4006e,0x51,
0x83a,0x839,0x50051,0x59,0x83b,0x172,0x2,0x6000c,
0x59,0x83c,0x1,0x6,0x83b,0x4006e,0x51,0x83d,
0x83c,0x4006f,0x59,0x83e,0x83d,0x6000c,0x59,0x83f,
0x1,0x4,0x83b,0x50081,0x59,0x840,0x83f,0x98,
0x6000c,0x59,0x841,0x1,0x8,0x840,0x50085,0x59,
0x842,0x83e,0x841,0x4006e,0x51,0x843,0x842,0x50080,
0x51,0x844,0x83a,0x843,0x4007c,0x50,0x845,0x844,
0x500c4,0x50,0x846,0x845,0x6e,0x4007c,0x51,0x847,
0x846,0x500c3,0x51,0x848,0x847,0xb3,0x4006f,0x59,
0x849,0x848,0x60050,0x69,0x84a,0x827,0x838,0x849,
0x200f9,0x813,0x200f8,0x813,0x700f5,0x69,0x84b,0x84a,
0x814,0x816,0x815,0x300f7,0x84c,0x0,0x300fb,0x56,
0x84d,0x200f8,0x84d,0x300f7,0x84e,0x0,0x400fa,0x7b5,
0x84f,0x84e,0x200f8,0x84f,0x5008e,0x69,0x850,0x16e,
0xa6,0x6000c,0x69,0x851,0x1,0x2,0x850,0x4006e,
0xaf,0x852,0x851,0x50051,0x59,0x853,0x173,0x0,
0x6000c,0x59,0x854,0x1,0x6,0x853,0x4006e,0x51,
0x855,0x854,0x4006f,0x59,0x856,0x855,0x6000c,0x59,
0x857,0x1,0x4,0x853,0x50081,0x59,0x858,0x857,
0x98,0x6000c,0x59,0x859,0x1,0x8,0x858,0x50085,
0x59,0x85a,0x856,0x859,0x4006e,0x51,0x85b,0x85a,
0x4007c,0x50,0x85c,0x85b,0x500c4,0x50,0x85d,0x85c,
0x6e,0x4007c,0x51,0x85e,0x85d,0x500c3,0x51,0x85f,
0x85e,0xb3,0x50051,0x59,0x860,0x173,0x1,0x6000c,
0x59,0x861,0x1,0x6,0x860,0x4006e,0x51,0x862,
0x861,0x4006f,0x59,0x863,0x862,0x6000c,0x59,0x864,
0x1,0x4,0x860,0x50081,0x59,0x865,0x864,0x98,
0x6000c,0x59,0x866,0x1,0x8,0x865,0x50085,0x59,
0x867,0x863,0x866,0x4006e,0x51,0x868,0x867,0x4007c,
0x50,0x869,0x868,0x500c4,0x50,0x86a,0x869,0x6e,
0x4007c,0x51,0x86b,0x86a,0x500c3,0x51,0x86c,0x86b,
0xb3,0x50051,0x59,0x86d,0x173,0x2,0x6000c,0x59,
0x86e,0x1,0x6,0x86d,0x4006e,0x51,0x86f,0x86e,
0x4006f,0x59,0x870,0x86f,0x6000c,0x59,0x871,0x1,
0x4,0x86d,0x50081,0x59,0x872,0x871,0x98,0x6000c,
0x59,0x873,0x1,0x8,0x872,0x50085,0x59,0x874,
0x870,0x873,0x4006e,0x51,0x875,0x874,0x4007c,0x50,
0x876,0x875,0x500c4,0x50,0x877,0x876,0x6e,0x4007c,
0x51,0x878,0x877,0x500c3,0x51,0x879,0x878,0xb3,
0x60050,0xaf,0x87a,0x85f,0x86c,0x879,0x50084,0xaf,
0x87b,0x852,0x87a,0x500c3,0xaf,0x87c,0x87b,0x123,
0x50051,0x51,0x87d,0x87c,0x0,0x50051,0x51,0x87e,
0x87c,0x1,0x50080,0x51,0x87f,0x87d,0x87e,0x50051,
0x51,0x880,0x87c,0x2,0x50080,0x51,0x881,0x87f,
0x880,0x4007c,0x50,0x882,0x881,0x500c4,0x50,0x883,
0x882,0x6e,0x4007c,0x51,0x884,0x883,0x500c3,0x51,
0x885,0x884,0xb3,0x4006f,0x59,0x886,0x885,0x5008e,
0x69,0x887,0x16f,0xa6,0x6000c,0x69,0x888,0x1,
0x2,0x887,0x4006e,0xaf,0x889,0x888,0x50084,0xaf,
0x88a,0x889,0x87a,0x500c3,0xaf,0x88b,0x88a,0x123,
0x50051,0x51,0x88c,0x88b,0x0,0x50051,0x51,0x88d,
0x88b,0x1,0x50080,0x51,0x88e,0x88c,0x88d,0x50051,
0x51,0x88f,0x88b,0x2,0x50080,0x51,0x890,0x88e,
0x88f,0x4007c,0x50,0x891,0x890,0x500c4,0x50,0x892,
0x891,0x6e,0x4007c,0x51,0x893,0x892,0x500c3,0x51,
0x894,0x893,0xb3,0x4006f,0x59,0x895,0x894,0x5008e,
0x69,0x896,0x170,0xa6,0x6000c,0x69,0x897,0x1,
0x2,0x896,0x4006e,0xaf,0x898,0x897,0x50084,0xaf,
0x899,0x898,0x87a,0x500c3,0xaf,0x89a,0x899,0x123,
0x50051,0x51,0x89b,0x89a,0x0,0x50051,0x51,0x89c,
0x89a,0x1,0x50080,0x51,0x89d,0x89b,0x89c,0x50051,
0x51,0x89e,0x89a,0x2,0x50080,0x51,0x89f,0x89d,
0x89e,0x4007c,0x50,0x8a0,0x89f,0x500c4,0x50,0x8a1,
0x8a0,0x6e,0x4007c,0x51,0x8a2,0x8a1,0x500c3,0x51,
0x8a3,0x8a2,0xb3,0x4006f,0x59,0x8a4,0x8a3,0x60050,
0x69,0x8a5,0x886,0x895,0x8a4,0x200f9,0x84c,0x200f8,
0x84e,0x50094,0x59,0x8a6,0x16e,0x173,0x50094,0x59,
0x8a7,0x16f,0x173,0x50094,0x59,0x8a8,0x170,0x173,
0x60050,0x69,0x8a9,0x8a6,0x8a7,0x8a8,0x200f9,0x84c,
0x200f8,0x84c,0x700f5,0x69,0x8aa,0x8a5,0x84f,0x8a9,
0x84e,0x50051,0x59,0x8ab,0x8aa,0x1,0x6000c,0x59,
0x8ac,0x1,0x4,0x8ab,0x4007f,0x59,0x8ad,0x8ac,
0x50051,0x59,0x8ae,0x8aa,0x0,0x6000c,0x59,0x8af,
0x1,0x6,0x8ae,0x4006e,0x51,0x8b0,0x8af,0x4006f,
0x59,0x8b1,0x8b0,0x6000c,0x59,0x8b2,0x1,0x4,
0x8ae,0x50081,0x59,0x8b3,0x8b2,0x98,0x6000c,0x59,
0x8b4,0x1,0x8,0x8b3,0x50085,0x59,0x8b5,0x8b1,
0x8b4,0x4006e,0x51,0x8b6,0x8b5,0x6000c,0x59,0x8b7,
0x1,0x6,0x8ad,0x4006e,0x51,0x8b8,0x8b7,0x4006f,
0x59,0x8b9,0x8b8,0x6000c,0x59,0x8ba,0x1,0x4,
0x8ad,0x50081,0x59,0x8bb,0x8ba,0x98,0x6000c,0x59,
0x8bc,0x1,0x8,0x8bb,0x50085,0x59,0x8bd,0x8b9,
0x8bc,0x4006e,0x51,0x8be,0x8bd,0x50051,0x59,0x8bf,
0x8aa,0x2,0x6000c,0x59,0x8c0,0x1,0x6,0x8bf,
0x4006e,0x51,0x8c1,0x8c0,0x4006f,0x59,0x8c2,0x8c1,
0x6000c,0x59,0x8c3,0x1,0x4,0x8bf,0x50081,0x59,
0x8c4,0x8c3,0x98,0x6000c,0x59,0x8c5,0x1,0x8,
0x8c4,0x50085,0x59,0x8c6,0x8c2,0x8c5,0x4006e,0x51,
0x8c7,0x8c6,0x60050,0xaf,0x8c8,0x8b6,0x8be,0x8c7,
0x50051,0x59,0x8c9,0x174,0x0,0x6000c,0x59,0x8ca,
0x1,0x8,0x8c9,0x4006e,0x51,0x8cb,0x8ca,0x6000c,
0x59,0x8cc,0x1,0x9,0x8c9,0x4006e,0x51,0x8cd,
0x8cc,0x60050,0xaf,0x8ce,0x8cb,0x8cb,0x8cb,0x50084,
0xaf,0x8cf,0x8c8,0x8ce,0x500c3,0xaf,0x8d0,0x8cf,
0x11b,0x4006f,0x69,0x8d1,0x8d0,0x60050,0xaf,0x8d2,
0x8cd,0x8cd,0x8cd,0x50084,0xaf,0x8d3,0x8c8,0x8d2,
0x500c3,0xaf,0x8d4,0x8d3,0x11b,0x4006f,0x69,0x8d5,
0x8d4,0x4006f,0x59,0x8d6,0x8cb,0x50083,0x59,0x8d7,
0x8c9,0x8d6,0x60050,0x69,0x8d8,0x8d7,0x8d7,0x8d7,
0x8000c,0x69,0x8d9,0x1,0x2e,0x8d1,0x8d5,0x8d8,
0x50081,0x69,0x8da,0x84b,0x8d9,0x50085,0x69,0x8db,
0x8da,0x6a,0x50051,0x59,0x8dc,0x174,0x1,0x60050,
0x69,0x8dd,0x8dc,0x8dc,0x8dc,0x50088,0x69,0x8de,
0x8db,0x8dd,0x200f9,0x7b0,0x200f8,0x7b0,0x700f5,0x69,
0x8df,0x7ae,0x789,0x8de,0x84c,0x60041,0x142,0x8e0,
0x24,0x52,0x52,0x4003d,0x75,0x8e1,0x8e0,0x60041,
0x142,0x8e2,0x24,0x52,0x5b,0x4003d,0x75,0x8e3,
0x8e2,0x60041,0x142,0x8e4,0x24,0x52,0x6c,0x4003d,
0x75,0x8e5,0x8e4,0x70050,0x124,0x8e6,0x8e1,0x8e3,
0x8e5,0x114,0x50051,0x59,0x8e7,0x8df,0x0,0x50051,
0x59,0x8e8,0x8df,0x1,0x50051,0x59,0x8e9,0x8df,
0x2,0x70050,0x75,0x8ea,0x8e7,0x8e8,0x8e9,0x67,
0x50090,0x75,0x8eb,0x8ea,0x8e6,0x50051,0x50,0x8ec,
0x7ac,0x3,0x500c7,0x50,0x8ed,0x8ec,0x70,0x500ab,
0x65,0x8ee,0x8ed,0x56,0x300f7,0x8ef,0x0,0x400fa,
0x8ee,0x8f0,0x8ef,0x200f8,0x8f0,0x50090,0x75,0x8f1,
0x11c,0x8e6,0x8004f,0x69,0x8f2,0x8f1,0x8f1,0x0,
0x1,0x2,0x6000c,0x59,0x8f3,0x1,0x42,0x8f2,
0x50090,0x75,0x8f4,0xc2,0x8e6,0x8004f,0x69,0x8f5,
0x8f4,0x8f4,0x0,0x1,0x2,0x6000c,0x59,0x8f6,
0x1,0x42,0x8f5,0x300f7,0x8f7,0x0,0x400fa,0x7af,
0x8f8,0x8f7,0x200f8,0x8f8,0x50051,0x59,0x8f9,0x174,
0x1,0x50088,0x59,0x8fa,0x8f3,0x8f9,0x50088,0x59,
0x8fb,0x8f6,0x8f9,0x200f9,0x8f7,0x200f8,0x8f7,0x700f5,
0x59,0x8fc,0x8f6,0x8f0,0x8fb,0x8f8,0x700f5,0x59,
0x8fd,0x8f3,0x8f0,0x8fa,0x8f8,0x50050,0x5f,0x8fe,
0x8fd,0x8fc,0x50085,0x5f,0x8ff,0x7ad,0x8fe,0x7004f,
0x5f,0x900,0x8eb,0x8eb,0x0,0x1,0x50081,0x5f,
0x901,0x900,0x8ff,0x9004f,0x75,0x902,0x8eb,0x901,
0x4,0x5,0x2,0x3,0x200f9,0x8ef,0x200f8,0x8ef,
0x700f5,0x75,0x903,0x8eb,0x7b0,0x902,0x8f7,0x600a9,
0x51,0x904,0x7ab,0x5b,0x52,0x4007c,0x50,0x905,
0x904,0x500aa,0x65,0x906,0x64e,0x53,0x300f7,0x907,
0x0,0x400fa,0x906,0x908,0x907,0x200f8,0x908,0x50051,
0x59,0x909,0x16e,0x0,0x50051,0x59,0x90a,0x16e,
0x1,0x50051,0x59,0x90b,0x16e,0x2,0x70050,0x75,
0x90c,0x909,0x90a,0x90b,0x67,0x50090,0x75,0x90d,
0x90c,0x8e6,0x8004f,0x69,0x90e,0x90d,0x90d,0x0,
0x1,0x2,0x50051,0x59,0x90f,0x16f,0x0,0x50051,
0x59,0x910,0x16f,0x1,0x50051,0x59,0x911,0x16f,
0x2,0x70050,0x75,0x912,0x90f,0x910,0x911,0x67,
0x50090,0x75,0x913,0x912,0x8e6,0x8004f,0x69,0x914,
0x913,0x913,0x0,0x1,0x2,0x50051,0x59,0x915,
0x170,0x0,0x50051,0x59,0x916,0x170,0x1,0x50051,
0x59,0x917,0x170,0x2,0x70050,0x75,0x918,0x915,
0x916,0x917,0x67,0x50090,0x75,0x919,0x918,0x8e6,
0x8004f,0x69,0x91a,0x919,0x919,0x0,0x1,0x2,
0x50051,0x59,0x91b,0x90d,0x0,0x50051,0x59,0x91c,
0x913,0x1,0x50051,0x59,0x91d,0x919,0x2,0x50085,
0x59,0x34,0x91c,0x91d,0x50051,0x59,0x91e,0x913,
0x2,0x50051,0x59,0x91f,0x919,0x1,0x50085,0x59,
0x35,0x91e,0x91f,0x50083,0x59,0x36,0x34,0x35,
0x50085,0x59,0x37,0x91b,0x36,0x50051,0x59,0x920,
0x90d,0x1,0x50051,0x59,0x921,0x913,0x0,0x50085,
0x59,0x38,0x921,0x91d,0x50051,0x59,0x922,0x919,
0x0,0x50085,0x59,0x39,0x91e,0x922,0x50083,0x59,
0x3a,0x38,0x39,0x50085,0x59,0x3b,0x920,0x3a,
0x50083,0x59,0x3c,0x37,0x3b,0x50051,0x59,0x923,
0x90d,0x2,0x50085,0x59,0x3d,0x921,0x91f,0x50085,
0x59,0x3e,0x91c,0x922,0x50083,0x59,0x3f,0x3d,
0x3e,0x50085,0x59,0x40,0x923,0x3f,0x50081,0x59,
0x41,0x3c,0x40,0x6000c,0x69,0x924,0x1,0x4,
0x90e,0x6000c,0x69,0x925,0x1,0x4,0x914,0x7000c,
0x69,0x926,0x1,0x50,0x924,0x925,0x6000c,0x69,
0x927,0x1,0x4,0x91a,0x7000c,0x69,0x928,0x1,
0x50,0x926,0x927,0x50051,0x59,0x929,0x928,0x0,
0x50051,0x59,0x92a,0x928,0x1,0x7000c,0x59,0x92b,
0x1,0x50,0x929,0x92a,0x50051,0x59,0x92c,0x928,
0x2,0x7000c,0x59,0x92d,0x1,0x50,0x92c,0x67,
0x7000c,0x59,0x92e,0x1,0x50,0x92b,0x92d,0x50085,
0x59,0x92f,0x92e,0x92e,0x50085,0x59,0x930,0x92f,
0x92e,0x50085,0x59,0x931,0x930,0x122,0x500bc,0x65,
0x932,0x41,0x931,0x600a9,0x50,0x933,0x932,0x53,
0x56,0x200f9,0x907,0x200f8,0x907,0x700f5,0x50,0x934,
0x905,0x8ef,0x933,0x908,0x500ab,0x65,0x935,0x64f,
0x56,0x300f7,0x936,0x0,0x400fa,0x935,0x937,0x936,
0x200f8,0x937,0x50051,0x59,0x938,0x172,0x0,0x50051,
0x59,0x939,0x172,0x1,0x50051,0x59,0x93a,0x172,
0x2,0x70050,0x75,0x93b,0x938,0x939,0x93a,0x67,
0x50090,0x75,0x93c,0x93b,0x8e6,0x8004f,0x69,0x93d,
0x93c,0x93c,0x0,0x1,0x2,0x50051,0x59,0x93e,
0x173,0x0,0x50051,0x59,0x93f,0x173,0x1,0x50051,
0x59,0x940,0x173,0x2,0x70050,0x75,0x941,0x93e,
0x93f,0x940,0x67,0x50090,0x75,0x942,0x941,0x8e6,
0x8004f,0x69,0x943,0x942,0x942,0x0,0x1,0x2,
0x50051,0x59,0x944,0x174,0x0,0x50051,0x59,0x945,
0x174,0x1,0x50051,0x59,0x946,0x174,0x2,0x70050,
0x75,0x947,0x944,0x945,0x946,0x67,0x50090,0x75,
0x948,0x947,0x8e6,0x8004f,0x69,0x949,0x948,0x948,
0x0,0x1,0x2,0x50051,0x59,0x94a,0x93c,0x0,
0x50051,0x59,0x94b,0x942,0x1,0x50051,0x59,0x94c,
0x948,0x2,0x50085,0x59,0x42,0x94b,0x94c,0x50051,
0x59,0x94d,0x942,0x2,0x50051,0x59,0x94e,0x948,
0x1,0x50085,0x59,0x43,0x94d,0x94e,0x50083,0x59,
0x44,0x42,0x43,0x50085,0x59,0x45,0x94a,0x44,
0x50051,0x59,0x94f,0x93c,0x1,0x50051,0x59,0x950,
0x942,0x0,0x50085,0x59,0x46,0x950,0x94c,0x50051,
0x59,0x951,0x948,0x0,0x50085,0x59,0x47,0x94d,
0x951,0x50083,0x59,0x48,0x46,0x47,0x50085,0x59,
0x49,0x94f,0x48,0x50083,0x59,0x4a,0x45,0x49,
0x50051,0x59,0x952,0x93c,0x2,0x50085,0x59,0x4b,
0x950,0x94e,0x50085,0x59,0x4c,0x94b,0x951,0x50083,
0x59,0x4d,0x4b,0x4c,0x50085,0x59,0x4e,0x952,
0x4d,0x50081,0x59,0x4f,0x4a,0x4e,0x6000c,0x69,
0x953,0x1,0x4,0x93d,0x6000c,0x69,0x954,0x1,
0x4,0x943,0x7000c,0x69,0x955,0x1,0x50,0x953,
0x954,0x6000c,0x69,0x956,0x1,0x4,0x949,0x7000c,
0x69,0x957,0x1,0x50,0x955,0x956,0x50051,0x59,
0x958,0x957,0x0,0x50051,0x59,0x959,0x957,0x1,
0x7000c,0x59,0x95a,0x1,0x50,0x958,0x959,0x50051,
0x59,0x95b,0x957,0x2,0x7000c,0x59,0x95c,0x1,
0x50,0x95b,0x67,0x7000c,0x59,0x95d,0x1,0x50,
0x95a,0x95c,0x50085,0x59,0x95e,0x95d,0x95d,0x50085,
0x59,0x95f,0x95e,0x95d,0x50085,0x59,0x960,0x95f,
0x122,0x500bc,0x65,0x961,0x4f,0x960,0x600a9,0x50,
0x962,0x961,0x53,0x56,0x500c7,0x50,0x963,0x934,
0x962,0x200f9,0x936,0x200f8,0x936,0x700f5,0x50,0x964,
0x934,0x907,0x963,0x937,0x50041,0x140,0x965,0x24,
0x5b,0x4003d,0x124,0x966,0x965,0x50090,0x75,0x967,
0x903,0x966,0x500c7,0x50,0x968,0x8ec,0xa1,0x500ab,
0x65,0x969,0x968,0x56,0x300f7,0x96a,0x0,0x400fa,
0x969,0x96b,0x96a,0x200f8,0x96b,0x50051,0x59,0x96c,
0x967,0x3,0x50085,0x59,0x96d,0x96c,0xcc,0x50051,
0x59,0x96e,0x967,0x2,0x50083,0x59,0x96f,0x96e,
0x96d,0x60052,0x75,0x970,0x96f,0x967,0x2,0x200f9,
0x96a,0x200f8,0x96a,0x700f5,0x75,0x971,0x967,0x936,
0x970,0x96b,0x500c7,0x50,0x972,0x8ec,0xa2,0x500ab,
0x65,0x973,0x972,0x56,0x300f7,0x974,0x0,0x400fa,
0x973,0x975,0x974,0x200f8,0x975,0x50051,0x59,0x976,
0x7ad,0x0,0x500b4,0x65,0x977,0x976,0x5e,0x600a9,
0x59,0x978,0x977,0x67,0x976,0x50051,0x59,0x979,
0x70b,0x0,0x50051,0x59,0x97a,0x70b,0x1,0x60050,
0x69,0x97b,0x979,0x97a,0x978,0x200f9,0x974,0x200f8,
0x974,0x700f5,0x69,0x97c,0x8df,0x96a,0x97b,0x975,
0x500c7,0x50,0x97d,0x8ec,0xce,0x500aa,0x65,0x97e,
0x97d,0xce,0x300f7,0x97f,0x0,0x400fa,0x97e,0x980,
0x97f,0x200f8,0x980,0x50051,0x59,0x981,0x16f,0x0,
0x4006d,0x50,0x982,0x981,0x50051,0x59,0x983,0x16e,
0x0,0x50051,0x59,0x984,0x16e,0x1,0x50051,0x59,
0x985,0x16e,0x2,0x4006d,0x50,0x986,0x983,0x4006d,
0x50,0x987,0x984,0x4006d,0x50,0x988,0x985,0x70050,
0x7d,0x989,0x986,0x987,0x988,0x982,0x50051,0x59,
0x98a,0x16f,0x1,0x50051,0x59,0x98b,0x16f,0x2,
0x4006d,0x50,0x98c,0x98a,0x4006d,0x50,0x98d,0x98b,
0x50051,0x59,0x98e,0x170,0x0,0x50051,0x59,0x98f,
0x170,0x1,0x4006d,0x50,0x990,0x98e,0x4006d,0x50,
0x991,0x98f,0x70050,0x7d,0x992,0x98c,0x98d,0x990,
0x991,0x50051,0x59,0x993,0x170,0x2,0x4006d,0x50,
0x994,0x993,0x50051,0x59,0x995,0x172,0x0,0x50051,
0x59,0x996,0x172,0x1,0x50051,0x59,0x997,0x172,
0x2,0x4006d,0x50,0x998,0x995,0x4006d,0x50,0x999,
0x996,0x4006d,0x50,0x99a,0x997,0x70050,0x7d,0x99b,
0x994,0x998,0x999,0x99a,0x50051,0x59,0x99c,0x174,
0x0,0x4006d,0x50,0x99d,0x99c,0x50051,0x59,0x99e,
0x173,0x0,0x50051,0x59,0x99f,0x173,0x1,0x50051,
0x59,0x9a0,0x173,0x2,0x4006d,0x50,0x9a1,0x99e,
0x4006d,0x50,0x9a2,0x99f,0x4006d,0x50,0x9a3,0x9a0,
0x70050,0x7d,0x9a4,0x9a1,0x9a2,0x9a3,0x99d,0x200f9,
0x97f,0x200f8,0x97f,0x700f5,0x7d,0x9a5,0x7e,0x974,
0x989,0x980,0x700f5,0x7d,0x9a6,0x7e,0x974,0x992,
0x980,0x700f5,0x7d,0x9a7,0x7e,0x974,0x99b,0x980,
0x700f5,0x7d,0x9a8,0x7e,0x974,0x9a4,0x980,0x500c7,
0x50,0x9a9,0x964,0x784,0x500c7,0x50,0x9aa,0x70e,
0x63,0x500ab,0x65,0x9ab,0x9aa,0x56,0x300f7,0x9ac,
0x2,0x400fa,0x9ab,0x9ad,0x9ac,0x200f8,0x9ad,0x50051,
0x50,0x9ae,0x70d,0x0,0x50080,0x50,0x9af,0x9ae,
0x6d,0x60041,0x13b,0x9b0,0x26,0x52,0x9af,0x4003d,
0x50,0x9b1,0x9b0,0x500c7,0x50,0x9b2,0x9b1,0x90,
0x500ab,0x65,0x9b3,0x9b2,0x56,0x300f7,0x9b4,0x0,
0x400fa,0x9b3,0x9b5,0x9b4,0x200f8,0x9b5,0x4003d,0x50,
0x9b6,0x9b0,0x500c7,0x50,0x9b7,0x9b6,0xb7,0x500ab,
0x65,0x9b8,0x9b7,0x56,0x500c7,0x50,0x9b9,0x9b6,
0xb8,0x500ab,0x65,0x9ba,0x9b9,0x56,0x300f7,0x9bb,
0x0,0x400fa,0x9b8,0x9bc,0x9bd,0x200f8,0x9bd,0x600a9,
0x59,0x9be,0x9ba,0xba,0xbb,0x200f9,0x9bb,0x200f8,
0x9bc,0x200f9,0x9bb,0x200f8,0x9bb,0x700f5,0x59,0x9bf,
0xb9,0x9bc,0x9be,0x9bd,0x300f7,0x9c0,0x0,0x400fa,
0x9b8,0x9c1,0x9c2,0x200f8,0x9c2,0x600a9,0x59,0x9c3,
0x9ba,0xbd,0xab,0x200f9,0x9c0,0x200f8,0x9c1,0x200f9,
0x9c0,0x200f8,0x9c0,0x700f5,0x59,0x9c4,0xbc,0x9c1,
0x9c3,0x9c2,0x200f9,0x9c5,0x200f8,0x9c5,0x700f5,0x69,
0x9c6,0xcd,0x9c0,0x9c7,0x9c8,0x700f5,0x69,0x9c9,
0x8a,0x9c0,0x9ca,0x9c8,0x700f5,0x50,0x9cb,0x56,
0x9c0,0x9cc,0x9c8,0x500b0,0x65,0x9cd,0x9cb,0x63,
0x400f6,0x9ce,0x9c8,0x1,0x400fa,0x9cd,0x9cf,0x9ce,
0x200f8,0x9cf,0x50084,0x50,0x9d0,0x9cb,0xbf,0x50080,
0x50,0x9d1,0xbe,0x9d0,0x40070,0x59,0x9d2,0x9d1,
0x50089,0x50,0x9d3,0x9cb,0x61,0x40070,0x59,0x9d4,
0x9d3,0x50085,0x59,0x9d5,0xc1,0x9d4,0x50081,0x59,
0x9d6,0xc0,0x9d5,0x50085,0x59,0x9d7,0x9c4,0x9d6,
0x50081,0x59,0x9d8,0x9bf,0x9d7,0x50050,0x5f,0x9d9,
0x9d2,0x9d8,0x300f7,0x9da,0x0,0x300fb,0x56,0x9db,
0x200f8,0x9db,0x50051,0x50,0x9dc,0x7ac,0x0,0x50080,
0x50,0x9dd,0x9dc,0x64,0x60041,0x13b,0x9de,0x26,
0x52,0x9dd,0x4003d,0x50,0x9df,0x9de,0x50080,0x50,
0x9e0,0x9dc,0x72,0x60041,0x13b,0x9e1,0x26,0x52,
0x9e0,0x4003d,0x50,0x9e2,0x9e1,0x50080,0x50,0x9e3,
0x9dc,0x63,0x60041,0x13b,0x9e4,0x26,0x52,0x9e3,
0x4003d,0x50,0x9e5,0x9e4,0x500ab,0x65,0x9e6,0x9e5,
0x56,0x600a9,0x51,0x9e7,0x9e6,0xb3,0xc8,0x4007c,
0x50,0x9e8,0x9e7,0x6000c,0x5f,0x9e9,0x1,0x8,
0x9d9,0x4006e,0x141,0x9ea,0x9e9,0x50080,0x50,0x9eb,
0x9dc,0x6d,0x60041,0x13b,0x9ec,0x26,0x52,0x9eb,
0x4003d,0x50,0x9ed,0x9ec,0x500c7,0x50,0x9ee,0x9ed,
0x55,0x500ab,0x65,0x9ef,0x9ee,0x56,0x300f7,0x9f0,
0x0,0x400fa,0x9ef,0x9f1,0x9f0,0x200f8,0x9f1,0x500c7,
0x50,0x9f2,0x9df,0x64,0x500ab,0x65,0x9f3,0x9f2,
0x56,0x600a9,0x51,0x9f4,0x9f3,0xd0,0xd1,0x4007c,
0x50,0x9f5,0x9f4,0x50084,0x50,0x9f6,0x9f5,0x9e8,
0x50082,0x50,0x9f7,0x9f6,0x53,0x40070,0x59,0x9f8,
0x9f7,0x50080,0x50,0x9f9,0x9dc,0x70,0x60041,0x13b,
0x9fa,0x26,0x52,0x9f9,0x4003d,0x50,0x9fb,0x9fa,
0x4007c,0x51,0x9fc,0x9fb,0x4006f,0x59,0x9fd,0x9fc,
0x50083,0x59,0x9fe,0x9f8,0x9fd,0x7000c,0x59,0x9ff,
0x1,0x50,0xd2,0x9fe,0x8000c,0x59,0xa00,0x1,
0x2b,0xcf,0x5e,0x9ff,0x50050,0x5f,0xa01,0x15b,
0xa00,0x6000c,0x5f,0xa02,0x1,0x8,0xa01,0x4006e,
0x141,0xa03,0xa02,0x200f9,0x9f0,0x200f8,0x9f0,0x700f5,
0x141,0xa04,0x9ea,0x9db,0xa03,0x9f1,0x4003d,0x50,
0xa05,0x9ec,0x500c7,0x50,0xa06,0xa05,0x88,0x500ab,
0x65,0xa07,0xa06,0x56,0x300f7,0xa08,0x0,0x400fa,
0xa07,0xa09,0xa08,0x200f8,0xa09,0x6000c,0x5f,0xa0a,
0x1,0x8,0x15f,0x4006e,0x141,0xa0b,0xa0a,0x200f9,
0xa08,0x200f8,0xa08,0x700f5,0x141,0xa0c,0xa04,0x9f0,
0xa0b,0xa09,0x50051,0x51,0xa0d,0xa0c,0x1,0x50051,
0x51,0xa0e,0xa0c,0x0,0x4003d,0x50,0xa0f,0x9ec,
0x500c7,0x50,0xa10,0xa0f,0x6e,0x500ab,0x65,0xa11,
0xa10,0x56,0x300f7,0xa12,0x0,0x400fa,0xa11,0xa13,
0xa12,0x200f8,0xa13,0x500af,0x65,0xa14,0xa0d,0x52,
0x300f7,0xa15,0x0,0x400fa,0xa14,0xa16,0xa15,0x200f8,
0xa16,0x500af,0x65,0xa17,0xa0d,0xd4,0x200f9,0xa15,
0x200f8,0xa15,0x700f5,0x65,0xa18,0x8c,0xa13,0xa17,
0xa16,0x200f9,0xa12,0x200f8,0xa12,0x700f5,0x65,0xa19,
0x66,0xa08,0xa18,0xa15,0x300f7,0xa1a,0x0,0x400fa,
0xa19,0xa1b,0xa1a,0x200f8,0xa1b,0x200f9,0x9da,0x200f8,
0xa1a,0x50080,0x50,0xa1c,0x9dc,0x6f,0x60041,0x13b,
0xa1d,0x26,0x52,0xa1c,0x4003d,0x50,0xa1e,0xa1d,
0x500ab,0x65,0xa1f,0xa1e,0x56,0x300f7,0xa20,0x0,
0x400fa,0xa1f,0xa21,0xa20,0x200f8,0xa21,0x500af,0x65,
0xa22,0xa0e,0x52,0x300f7,0xa23,0x0,0x400fa,0xa22,
0xa24,0xa23,0x200f8,0xa24,0x500af,0x65,0xa25,0xa0e,
0xd6,0x200f9,0xa23,0x200f8,0xa23,0x700f5,0x65,0xa26,
0x8c,0xa21,0xa25,0xa24,0x200f9,0xa20,0x200f8,0xa20,
0x700f5,0x65,0xa27,0x66,0xa1a,0xa26,0xa23,0x300f7,
0xa28,0x0,0x400fa,0xa27,0xa29,0xa28,0x200f8,0xa29,
0x4003d,0x50,0xa2a,0xa1d,0x50080,0x50,0xa2b,0x9dc,
0xa2a,0x50080,0x50,0xa2c,0x6d,0xa2b,0x60041,0x13b,
0xa2d,0x26,0x52,0xa2c,0x4003d,0x50,0xa2e,0xa2d,
0x50080,0x50,0xa2f,0x9dc,0x92,0x60041,0x13b,0xa30,
0x26,0x52,0xa2f,0x4003d,0x50,0xa31,0xa30,0x50082,
0x50,0xa32,0x6d,0xa31,0x500c7,0x50,0xa33,0xa2e,
0x71,0x500c2,0x50,0xa34,0xa2e,0x63,0x500c7,0x50,
0xa35,0xa34,0x71,0x500c2,0x50,0xa36,0xa2e,0x6e,
0x500c7,0x50,0xa37,0xa36,0x71,0x60050,0x11d,0xa38,
0xa33,0xa35,0xa37,0x60050,0x11d,0xa39,0xa32,0xa32,
0xa32,0x50084,0x11d,0xa3a,0xa38,0xa39,0x50086,0x11d,
0xa3b,0xa3a,0x11e,0x500c2,0x50,0xa3c,0xa2e,0x74,
0x40070,0x59,0xa3d,0xa3c,0x50051,0x50,0xa3e,0xa3b,
0x0,0x50051,0x50,0xa3f,0xa3b,0x1,0x50051,0x50,
0xa40,0xa3b,0x2,0x40070,0x59,0xa41,0xa3e,0x40070,
0x59,0xa42,0xa3f,0x40070,0x59,0xa43,0xa40,0x70050,
0x75,0xa44,0xa41,0xa42,0xa43,0xa3d,0x50085,0x75,
0xa45,0xa44,0x152,0x500c7,0x50,0xa46,0x8ec,0x64,
0x500ab,0x65,0xa47,0xa46,0x56,0x300f7,0xa48,0x0,
0x400fa,0xa47,0xa49,0xa48,0x200f8,0xa49,0x8004f,0x69,
0xa4a,0xa45,0xa45,0x0,0x1,0x2,0x500bc,0x13d,
0xa4b,0xa4a,0x77,0x50085,0x69,0xa4c,0xa4a,0x154,
0x50081,0x69,0xa4d,0xa4a,0x79,0x50085,0x69,0xa4e,
0xa4d,0x156,0x7000c,0x69,0xa4f,0x1,0x1a,0xa4e,
0x7b,0x600a9,0x69,0xa50,0xa4b,0xa4c,0xa4f,0x9004f,
0x75,0xa51,0xa45,0xa50,0x4,0x5,0x6,0x3,
0x200f9,0xa48,0x200f8,0xa48,0x700f5,0x75,0xa52,0xa45,
0xa29,0xa51,0xa49,0x200f9,0x9da,0x200f8,0xa28,0x50080,
0x50,0xa53,0x9dc,0x8b,0x60041,0x13b,0xa54,0x26,
0x52,0xa53,0x4003d,0x50,0xa55,0xa54,0x4007c,0x51,
0xa56,0xa55,0x500ad,0x65,0xa57,0xa56,0x5b,0x300f7,
0xa58,0x0,0x400fa,0xa57,0xa59,0xa58,0x200f8,0xa59,
0x50050,0x141,0xa5a,0xa56,0xa56,0x5008a,0x141,0xa5b,
0xa0c,0xa5a,0x50080,0x141,0xa5c,0xa5b,0xa5a,0x5008a,
0x141,0xa5d,0xa5c,0xa5a,0x50082,0x141,0xa5e,0xa0c,
0xa5d,0x200f9,0xa58,0x200f8,0xa58,0x700f5,0x141,0xa5f,
0xa0c,0xa28,0xa5e,0xa59,0x50080,0x50,0xa60,0x9dc,
0x61,0x60041,0x13b,0xa61,0x26,0x52,0xa60,0x4003d,
0x50,0xa62,0xa61,0x4007c,0x51,0xa63,0xa62,0x50080,
0x50,0xa64,0x9dc,0x70,0x60041,0x13b,0xa65,0x26,
0x52,0xa64,0x4003d,0x50,0xa66,0xa65,0x4007c,0x51,
0xa67,0xa66,0x50050,0x141,0xa68,0xa63,0xa67,0x50080,
0x50,0xa69,0x9dc,0x86,0x60041,0x13b,0xa6a,0x26,
0x52,0xa69,0x4003d,0x50,0xa6b,0xa6a,0x500c7,0x50,
0xa6c,0xa6b,0x53,0x500ab,0x65,0xa6d,0xa6c,0x56,
0x300f7,0xa6e,0x0,0x400fa,0xa6d,0xa6f,0xa6e,0x200f8,
0xa6f,0x50051,0x51,0xa70,0xa5f,0x1,0x500af,0x65,
0xa71,0xa70,0x52,0x200f9,0xa6e,0x200f8,0xa6e,0x700f5,
0x65,0xa72,0x66,0xa58,0xa71,0xa6f,0x300f7,0xa73,
0x0,0x400fa,0xa72,0xa74,0xa73,0x200f8,0xa74,0x50051,
0x51,0xa75,0xa5f,0x1,0x500b1,0x65,0xa76,0xa75,
0xd4,0x200f9,0xa73,0x200f8,0xa73,0x700f5,0x65,0xa77,
0x66,0xa6e,0xa76,0xa74,0x300f7,0xa78,0x0,0x400fa,
0xa77,0xa79,0xa78,0x200f8,0xa79,0x50080,0x50,0xa7a,
0x9dc,0x14f,0x50051,0x51,0xa7b,0xa5f,0x1,0x4007c,
0x50,0xa7c,0xa7b,0x50080,0x50,0xa7d,0xa7a,0xa7c,
0x60041,0x13b,0xa7e,0x26,0x52,0xa7d,0x4003d,0x50,
0xa7f,0xa7e,0x4007c,0x51,0xa80,0xa7f,0x60052,0x141,
0xa81,0xa80,0xa68,0x0,0x200f9,0xa78,0x200f8,0xa78,
0x700f5,0x141,0xa82,0xa68,0xa73,0xa81,0xa79,0x500c7,
0x50,0xa83,0xa6b,0x64,0x500ab,0x65,0xa84,0xa83,
0x56,0x300f7,0xa85,0x0,0x400fa,0xa84,0xa86,0xa85,
0x200f8,0xa86,0x50080,0x50,0xa87,0x9dc,0x15c,0x50051,
0x51,0xa88,0xa5f,0x1,0x8000c,0x51,0xa89,0x1,
0x2d,0xa88,0x52,0xd7,0x4007c,0x50,0xa8a,0xa89,
0x50080,0x50,0xa8b,0xa87,0xa8a,0x60041,0x13b,0xa8c,
0x26,0x52,0xa8b,0x4003d,0x50,0xa8d,0xa8c,0x4007c,
0x51,0xa8e,0xa8d,0x60052,0x141,0xa8f,0xa8e,0xa82,
0x1,0x200f9,0xa85,0x200f8,0xa85,0x700f5,0x141,0xa90,
0xa82,0xa78,0xa8f,0xa86,0x50080,0x50,0xa91,0x9dc,
0x87,0x60041,0x13b,0xa92,0x26,0x52,0xa91,0x4003d,
0x50,0xa93,0xa92,0x500ab,0x65,0xa94,0xa93,0x56,
0x300f7,0xa95,0x0,0x400fa,0xa94,0xa96,0xa95,0x200f8,
0xa96,0x50051,0x51,0xa97,0xa5f,0x0,0x4003d,0x50,
0xa98,0xa61,0x4007c,0x51,0xa99,0xa98,0x500c7,0x51,
0xa9a,0xa99,0x93,0x50080,0x51,0xa9b,0xa97,0xa9a,
0x50051,0x51,0xa9c,0xa90,0x1,0x300f7,0xa9d,0x0,
0x300fb,0x56,0xa9e,0x200f8,0xa9e,0x500af,0x65,0xa9f,
0xa9b,0x52,0x300f7,0xaa0,0x0,0x400fa,0xa9f,0xaa1,
0xaa2,0x200f8,0xaa2,0x50082,0x51,0xaa3,0x93,0xa9b,
0x50087,0x51,0xaa4,0xaa3,0x15d,0x200f9,0xaa0,0x200f8,
0xaa1,0x50087,0x51,0xaa5,0xa9b,0xc8,0x200f9,0xaa0,
0x200f8,0xaa0,0x700f5,0x51,0xaa6,0xaa5,0xaa1,0xaa4,
0xaa2,0x500af,0x65,0xaa7,0xaa6,0x5b,0x300f7,0xaa8,
0x0,0x400fa,0xaa7,0xaa9,0xaa8,0x200f8,0xaa9,0x500b3,
0x65,0xaaa,0xaa6,0xd1,0x200f9,0xaa8,0x200f8,0xaa8,
0x700f5,0x65,0xaab,0x66,0xaa0,0xaaa,0xaa9,0x300f7,
0xaac,0x0,0x400fa,0xaab,0xaad,0xaac,0x200f8,0xaad,
0x50082,0x51,0xaae,0xaa6,0x5b,0x4007c,0x50,0xaaf,
0xaae,0x50080,0x50,0xab0,0x115,0xaaf,0x50084,0x50,
0xab1,0xab0,0x64,0x500c7,0x50,0xab2,0xab1,0xc3,
0x50080,0x50,0xab3,0x9dc,0x57,0x500c2,0x50,0xab4,
0xab2,0x64,0x50080,0x50,0xab5,0xab3,0xab4,0x60041,
0x13b,0xab6,0x26,0x52,0xab5,0x4003d,0x50,0xab7,
0xab6,0x500c7,0x50,0xab8,0xab1,0x61,0x50084,0x50,
0xab9,0xab8,0x63,0x500c7,0x50,0xaba,0xab9,0x73,
0x500c2,0x50,0xabb,0xab7,0xaba,0x500c7,0x50,0xabc,
0xabb,0x71,0x50080,0x50,0xabd,0xab1,0x53,0x500c7,
0x50,0xabe,0xabd,0xc3,0x500c2,0x50,0xabf,0xabe,
0x64,0x50080,0x50,0xac0,0xab3,0xabf,0x60041,0x13b,
0xac1,0x26,0x52,0xac0,0x4003d,0x50,0xac2,0xac1,
0x500c7,0x50,0xac3,0xabd,0x61,0x50084,0x50,0xac4,
0xac3,0x63,0x500c7,0x50,0xac5,0xac4,0x73,0x500c2,
0x50,0xac6,0xac2,0xac5,0x500c7,0x50,0xac7,0xac6,
0x71,0x500c4,0x50,0xac8,0xac7,0x63,0x500c5,0x50,
0xac9,0xabc,0xac8,0x500c7,0x50,0xaca,0xac9,0x58,
0x500ab,0x65,0xacb,0xaca,0x56,0x300f7,0xacc,0x0,
0x400fa,0xacb,0xacd,0xace,0x200f8,0xace,0x200f9,0xacc,
0x200f8,0xacd,0x500c7,0x50,0xacf,0xac9,0x116,0x4007c,
0x51,0xad0,0xacf,0x200f9,0xacc,0x200f8,0xacc,0x700f5,
0x51,0xad1,0xad0,0xacd,0xa9c,0xace,0x200f9,0xa9d,
0x200f8,0xaac,0x200f9,0xad2,0x200f8,0xad2,0x700f5,0x51,
0xad3,0x11f,0xaac,0xad4,0xad5,0x700f5,0x51,0xad6,
0x11f,0xaac,0xad7,0xad5,0x700f5,0x51,0xad8,0x52,
0xaac,0xad9,0xad5,0x500b1,0x65,0xada,0xad8,0xd1,
0x400f6,0xadb,0xad5,0x0,0x400fa,0xada,0xadc,0xadb,
0x200f8,0xadc,0x4007c,0x50,0xadd,0xad8,0x50080,0x50,
0xade,0x115,0xadd,0x50084,0x50,0xadf,0xade,0x64,
0x500c7,0x50,0xae0,0xadf,0xc3,0x50080,0x50,0xae1,
0x9dc,0x57,0x500c2,0x50,0xae2,0xae0,0x64,0x50080,
0x50,0xae3,0xae1,0xae2,0x60041,0x13b,0xae4,0x26,
0x52,0xae3,0x4003d,0x50,0xae5,0xae4,0x500c7,0x50,
0xae6,0xadf,0x61,0x50084,0x50,0xae7,0xae6,0x63,
0x500c7,0x50,0xae8,0xae7,0x73,0x500c2,0x50,0xae9,
0xae5,0xae8,0x500c7,0x50,0xaea,0xae9,0x71,0x50080,
0x50,0xaeb,0xadf,0x53,0x500c7,0x50,0xaec,0xaeb,
0xc3,0x500c2,0x50,0xaed,0xaec,0x64,0x50080,0x50,
0xaee,0xae1,0xaed,0x60041,0x13b,0xaef,0x26,0x52,
0xaee,0x4003d,0x50,0xaf0,0xaef,0x500c7,0x50,0xaf1,
0xaeb,0x61,0x50084,0x50,0xaf2,0xaf1,0x63,0x500c7,
0x50,0xaf3,0xaf2,0x73,0x500c2,0x50,0xaf4,0xaf0,
0xaf3,0x500c7,0x50,0xaf5,0xaf4,0x71,0x500c4,0x50,
0xaf6,0xaf5,0x63,0x500c5,0x50,0xaf7,0xaea,0xaf6,
0x50041,0x135,0xaf8,0x165,0xad8,0x3003e,0xaf8,0xaf7,
0x4003d,0x50,0xaf9,0xaf8,0x500c7,0x50,0xafa,0xaf9,
0x58,0x500ab,0x65,0xafb,0xafa,0x56,0x300f7,0xafc,
0x0,0x400fa,0xafb,0xafd,0xafc,0x200f8,0xafd,0x500b1,
0x65,0xafe,0xad6,0x52,0x600a9,0x51,0xaff,0xafe,
0xad8,0xad6,0x200f9,0xafc,0x200f8,0xafc,0x700f5,0x51,
0xad7,0xad6,0xadc,0xaff,0xafd,0x600a9,0x51,0xad4,
0xafb,0xad8,0xad3,0x200f9,0xad5,0x200f8,0xad5,0x50080,
0x51,0xad9,0xad8,0x5b,0x200f9,0xad2,0x200f8,0xadb,
0x500b3,0x65,0xb00,0xaa6,0x52,0x600a9,0x51,0xb01,
0xb00,0x52,0xb2,0x50041,0x135,0xb02,0x165,0xb01,
0x4003d,0x50,0xb03,0xb02,0x500c7,0x50,0xb04,0xb03,
0x58,0x500aa,0x65,0xb05,0xb04,0x56,0x300f7,0xb06,
0x0,0x400fa,0xb05,0xb07,0xb06,0x200f8,0xb07,0x200f9,
0xa9d,0x200f8,0xb06,0x500af,0x65,0xb08,0xad6,0x52,
0x300f7,0xb09,0x0,0x400fa,0xb08,0xb0a,0xb09,0x200f8,
0xb0a,0x500ab,0x65,0xb0b,0xad3,0xad6,0x200f9,0xb09,
0x200f8,0xb09,0x700f5,0x65,0xb0c,0x66,0xb06,0xb0b,
0xb0a,0x300f7,0xb0d,0x0,0x400fa,0xb0c,0xb0e,0xb0d,
0x200f8,0xb0e,0x50041,0x135,0xb0f,0x165,0xad3,0x4003d,
0x50,0xb10,0xb0f,0x500c7,0x50,0xb11,0xb10,0x116,
0x4007c,0x51,0xb12,0xb11,0x50041,0x135,0xb13,0x165,
0xad6,0x4003d,0x50,0xb14,0xb13,0x500c7,0x50,0xb15,
0xb14,0x116,0x4007c,0x51,0xb16,0xb15,0x50082,0x51,
0xb17,0xb12,0xb16,0x500c7,0x51,0xb18,0xb17,0x117,
0x500ad,0x65,0xb19,0xb18,0x118,0x300f7,0xb1a,0x0,
0x400fa,0xb19,0xb1b,0xb1a,0x200f8,0xb1b,0x50082,0x51,
0xb1c,0xb18,0x119,0x200f9,0xb1a,0x200f8,0xb1a,0x700f5,
0x51,0xb1d,0xb18,0xb0e,0xb1c,0xb1b,0x50082,0x51,
0xb1e,0xad3,0xad6,0x200f9,0xb0d,0x200f8,0xb0d,0x700f5,
0x51,0xb1f,0x5b,0xb09,0xb1e,0xb1a,0x700f5,0x51,
0xb20,0x52,0xb09,0xb1d,0xb1a,0x300f7,0xb21,0x0,
0x400fa,0xb00,0xb22,0xb23,0x200f8,0xb23,0x50082,0x51,
0xb24,0xaa6,0xd1,0x200f9,0xb21,0x200f8,0xb22,0x50080,
0x51,0xb25,0xaa6,0x5b,0x7000c,0x51,0xb26,0x1,
0x27,0xb25,0x52,0x200f9,0xb21,0x200f8,0xb21,0x700f5,
0x51,0xb27,0xb26,0xb22,0xb24,0xb23,0x4003d,0x50,
0xb28,0xb02,0x500c7,0x50,0xb29,0xb28,0x116,0x4007c,
0x51,0xb2a,0xb29,0x50084,0x51,0xb2b,0xb20,0xb27,
0x50087,0x51,0xb2c,0xb2b,0xb1f,0x50080,0x51,0xb2d,
0xb2a,0xb2c,0x500c7,0x51,0xb2e,0xb2d,0x117,0x200f9,
0xa9d,0x200f8,0xa9d,0x900f5,0x51,0xb2f,0xad1,0xacc,
0xa9c,0xb07,0xb2e,0xb21,0x60052,0x141,0xb30,0xb2f,
0xa90,0x1,0x200f9,0xa95,0x200f8,0xa95,0x700f5,0x141,
0xb31,0xa90,0xa85,0xb30,0xa9d,0x50080,0x141,0xb32,
0xa5f,0xb31,0x50080,0x50,0xb33,0x9dc,0x82,0x60041,
0x13b,0xb34,0x26,0x52,0xb33,0x4003d,0x50,0xb35,
0xb34,0x500c7,0x50,0xb36,0xb35,0xd8,0x500ab,0x65,
0xb37,0xb36,0x56,0x300f7,0xb38,0x0,0x400fa,0xb37,
0xb39,0xb38,0x200f8,0xb39,0x300f7,0xb3a,0x0,0x300fb,
0x56,0xb3b,0x200f8,0xb3b,0x70041,0x145,0xb3c,0x24,
0x52,0x52,0x54,0x4003d,0x59,0xb3d,0xb3c,0x70041,
0x145,0xb3e,0x24,0x52,0x5b,0x54,0x4003d,0x59,
0xb3f,0xb3e,0x70041,0x145,0xb40,0x24,0x52,0x6c,
0x54,0x4003d,0x59,0xb41,0xb40,0x60050,0x69,0xb42,
0xb3d,0xb3f,0xb41,0x70041,0x145,0xb43,0x24,0x52,
0x52,0x52,0x4003d,0x59,0xb44,0xb43,0x70041,0x145,
0xb45,0x24,0x52,0x5b,0x52,0x4003d,0x59,0xb46,
0xb45,0x70041,0x145,0xb47,0x24,0x52,0x6c,0x52,
0x4003d,0x59,0xb48,0xb47,0x60050,0x69,0xb49,0xb44,
0xb46,0xb48,0x50094,0x59,0xb4a,0xb49,0xb42,0x70041,
0x145,0xb4b,0x24,0x52,0x52,0x5b,0x4003d,0x59,
0xb4c,0xb4b,0x70041,0x145,0xb4d,0x24,0x52,0x5b,
0x5b,0x4003d,0x59,0xb4e,0xb4d,0x70041,0x145,0xb4f,
0x24,0x52,0x6c,0x5b,0x4003d,0x59,0xb50,0xb4f,
0x60050,0x69,0xb51,0xb4c,0xb4e,0xb50,0x50094,0x59,
0xb52,0xb51,0xb42,0x70041,0x145,0xb53,0x24,0x52,
0x52,0x6c,0x4003d,0x59,0xb54,0xb53,0x70041,0x145,
0xb55,0x24,0x52,0x5b,0x6c,0x4003d,0x59,0xb56,
0xb55,0x70041,0x145,0xb57,0x24,0x52,0x6c,0x6c,
0x4003d,0x59,0xb58,0xb57,0x60050,0x69,0xb59,0xb54,
0xb56,0xb58,0x50094,0x59,0xb5a,0xb59,0xb42,0x60050,
0x69,0xb5b,0xb4a,0xb52,0xb5a,0x4007f,0x69,0xb5c,
0xb5b,0x500be,0x65,0xb5d,0xb5a,0x5e,0x300f7,0xb5e,
0x0,0x400fa,0xb5d,0xb5f,0xb5e,0x200f8,0xb5f,0x200f9,
0xb3a,0x200f8,0xb5e,0x50051,0x59,0xb60,0xb5c,0x2,
0x50083,0x59,0xb61,0x120,0xb60,0x50088,0x59,0xb62,
0xb61,0xb5a,0x7004f,0x5f,0xb63,0xb5c,0xb5c,0x0,
0x1,0x7004f,0x5f,0xb64,0xb5b,0xb5b,0x0,0x1,
0x5008e,0x5f,0xb65,0xb64,0xb62,0x50081,0x5f,0xb66,
0xb63,0xb65,0x500ba,0x65,0xb67,0xb62,0x5e,0x300f7,
0xb68,0x0,0x400fa,0xb67,0xb69,0xb68,0x200f8,0xb69,
0x50051,0x59,0xb6a,0xb66,0x0,0x6000c,0x59,0xb6b,
0x1,0x4,0xb6a,0x500b8,0x65,0xb6c,0xb6b,0x67,
0x200f9,0xb68,0x200f8,0xb68,0x700f5,0x65,0xb6d,0x66,
0xb5e,0xb6c,0xb69,0x300f7,0xb6e,0x0,0x400fa,0xb6d,
0xb6f,0xb6e,0x200f8,0xb6f,0x50051,0x59,0xb70,0xb66,
0x1,0x6000c,0x59,0xb71,0x1,0x4,0xb70,0x500b8,
0x65,0xb72,0xb71,0x121,0x200f9,0xb6e,0x200f8,0xb6e,
0x700f5,0x65,0xb73,0x66,0xb68,0xb72,0xb6f,0x200f9,
0xb3a,0x200f8,0xb3a,0x700f5,0x65,0xb74,0x66,0xb5f,
0xb73,0xb6e,0x300f7,0xb75,0x0,0x400fa,0xb74,0xb76,
0xb75,0x200f8,0xb76,0x200f9,0x9da,0x200f8,0xb75,0x50051,
0x51,0xb77,0xb32,0x0,0x4007c,0x50,0xb78,0xb77,
0x500c2,0x50,0xb79,0xb78,0x72,0x50084,0x50,0xb7a,
0xb79,0xd9,0x50051,0x51,0xb7b,0xb32,0x1,0x4007c,
0x50,0xb7c,0xb7b,0x500c2,0x50,0xb7d,0xb7c,0x72,
0x50084,0x50,0xb7e,0xb7d,0xda,0x500c6,0x50,0xb7f,
0xb7a,0xb7e,0x500c2,0x50,0xb80,0xb7f,0x6e,0x500c6,
0x50,0xb81,0xb7f,0xb80,0x50084,0x50,0xb82,0xb81,
0xdb,0x500c2,0x50,0xb83,0xb82,0x6d,0x500c6,0x50,
0xb84,0xb82,0xb83,0x500c2,0x50,0xb85,0xb84,0x61,
0x50089,0x50,0xb86,0xb85,0x61,0x500c7,0x50,0xb87,
0xb84,0x82,0x50084,0x50,0xb88,0xb87,0x88,0x500c7,
0x51,0xb89,0xb77,0xb2,0x4007c,0x50,0xb8a,0xb89,
0x50080,0x50,0xb8b,0xb88,0xb8a,0x4007c,0x51,0xb8c,
0xb8b,0x500aa,0x65,0xb8d,0xb86,0x56,0x300f7,0xb8e,
0x0,0x400fa,0xb8d,0xb8f,0xb90,0x200f8,0xb90,0x50084,
0x50,0xb91,0xb86,0x88,0x50080,0x50,0xb92,0x89,
0xb91,0x200f9,0xb8e,0x200f8,0xb8f,0x200f9,0xb8e,0x200f8,
0xb8e,0x700f5,0x50,0xb93,0x56,0xb8f,0xb92,0xb90,
0x500c7,0x51,0xb94,0xb7b,0xb2,0x4007c,0x50,0xb95,
0xb94,0x50080,0x50,0xb96,0xb93,0xb95,0x4007c,0x51,
0xb97,0xb96,0x50050,0x141,0xb98,0xb8c,0xb97,0x200f9,
0xb38,0x200f8,0xb38,0x700f5,0x141,0xb99,0xb32,0xa95,
0xb98,0xb8e,0x4003d,0x50,0xb9a,0x9ec,0x500c7,0x50,
0xb9b,0xb9a,0xdc,0x500ab,0x65,0xb9c,0xb9b,0x56,
0x300f7,0xb9d,0x0,0x400fa,0xb9c,0xb9e,0xb9d,0x200f8,
0xb9e,0x50051,0x51,0xb9f,0xb99,0x1,0x500c7,0x50,
0xba0,0x9df,0x64,0x500ab,0x65,0xba1,0xba0,0x56,
0x600a9,0x51,0xba2,0xba1,0xd0,0xd1,0x4007c,0x50,
0xba3,0xba2,0x50084,0x50,0xba4,0xba3,0x9e8,0x4007c,
0x51,0xba5,0xba4,0x50082,0x51,0xba6,0xba5,0x5b,
0x8000c,0x51,0xba7,0x1,0x2d,0xb9f,0x52,0xba6,
0x60052,0x141,0xba8,0xba7,0xb99,0x1,0x200f9,0xb9d,
0x200f8,0xb9d,0x700f5,0x141,0xba9,0xb99,0xb38,0xba8,
0xb9e,0x4003d,0x50,0xbaa,0x9ec,0x500c7,0x50,0xbab,
0xbaa,0x64,0x500ab,0x65,0xbac,0xbab,0x56,0x300f7,
0xbad,0x0,0x400fa,0xbac,0xbae,0xbad,0x200f8,0xbae,
0x50051,0x51,0xbaf,0xba9,0x0,0x500af,0x65,0xbb0,
0xbaf,0x52,0x300f7,0xbb1,0x0,0x400fa,0xbb0,0xbb2,
0xbb1,0x200f8,0xbb2,0x500c7,0x50,0xbb3,0x9df,0x53,
0x500ab,0x65,0xbb4,0xbb3,0x56,0x600a9,0x51,0xbb5,
0xbb4,0xd0,0xd1,0x4007c,0x50,0xbb6,0xbb5,0x50084,
0x50,0xbb7,0xbb6,0x9e8,0x4007c,0x51,0xbb8,0xbb7,
0x500af,0x65,0xbb9,0xbaf,0xbb8,0x200f9,0xbb1,0x200f8,
0xbb1,0x700f5,0x65,0xbba,0x8c,0xbae,0xbb9,0xbb2,
0x200f9,0xbad,0x200f8,0xbad,0x700f5,0x65,0xbbb,0x66,
0xb9d,0xbba,0xbb1,0x300f7,0xbbc,0x0,0x400fa,0xbbb,
0xbbd,0xbbc,0x200f8,0xbbd,0x200f9,0x9da,0x200f8,0xbbc,
0x4003d,0x50,0xbbe,0x9ec,0x500c2,0x50,0xbbf,0xbbe,
0x63,0x500c7,0x50,0xbc0,0xbbf,0xc3,0x500aa,0x65,
0xbc1,0xbc0,0xd8,0x300f7,0xbc2,0x0,0x400fa,0xbc1,
0xbc3,0xbc2,0x200f8,0xbc3,0x50051,0x51,0xbc4,0xba9,
0x1,0x500af,0x65,0xbc5,0xbc4,0x52,0x300f7,0xbc6,
0x0,0x400fa,0xbc5,0xbc7,0xbc6,0x200f8,0xbc7,0x500c7,
0x50,0xbc8,0x9df,0x64,0x500ab,0x65,0xbc9,0xbc8,
0x56,0x600a9,0x51,0xbca,0xbc9,0xd0,0xd1,0x4007c,
0x50,0xbcb,0xbca,0x50084,0x50,0xbcc,0xbcb,0x9e8,
0x4007c,0x51,0xbcd,0xbcc,0x500af,0x65,0xbce,0xbc4,
0xbcd,0x200f9,0xbc6,0x200f8,0xbc6,0x700f5,0x65,0xbcf,
0x8c,0xbc3,0xbce,0xbc7,0x200f9,0xbc2,0x200f8,0xbc2,
0x700f5,0x65,0xbd0,0x66,0xbbc,0xbcf,0xbc6,0x300f7,
0xbd1,0x0,0x400fa,0xbd0,0xbd2,0xbd1,0x200f8,0xbd2,
0x200f9,0x9da,0x200f8,0xbd1,0x500ab,0x65,0xbd3,0xbc0,
0x56,0x300f7,0xbd4,0x0,0x400fa,0xbd3,0xbd5,0xbd4,
0x200f8,0xbd5,0x4007c,0x51,0xbd6,0xbc0,0x500b1,0x65,
0xbd7,0xa0d,0xbd6,0x200f9,0xbd4,0x200f8,0xbd4,0x700f5,
0x65,0xbd8,0x66,0xbd1,0xbd7,0xbd5,0x300f7,0xbd9,
0x0,0x400fa,0xbd8,0xbda,0xbd9,0x200f8,0xbda,0x500af,
0x65,0xbdb,0xa0e,0x52,0x300f7,0xbdc,0x0,0x400fa,
0xbdb,0xbdd,0xbdc,0x200f8,0xbdd,0x500af,0x65,0xbde,
0xa0e,0xd6,0x200f9,0xbdc,0x200f8,0xbdc,0x700f5,0x65,
0xbdf,0x8c,0xbda,0xbde,0xbdd,0x200f9,0xbd9,0x200f8,
0xbd9,0x700f5,0x65,0xbe0,0x66,0xbd4,0xbdf,0xbdc,
0x300f7,0xbe1,0x0,0x400fa,0xbe0,0xbe2,0xbe1,0x200f8,
0xbe2,0x50051,0x51,0xbe3,0xba9,0x0,0x500af,0x65,
0xbe4,0xbe3,0x52,0x300f7,0xbe5,0x0,0x400fa,0xbe4,
0xbe6,0xbe5,0x200f8,0xbe6,0x500c7,0x50,0xbe7,0x9df,
0x53,0x500ab,0x65,0xbe8,0xbe7,0x56,0x600a9,0x51,
0xbe9,0xbe8,0xd0,0xd1,0x4007c,0x50,0xbea,0xbe9,
0x50084,0x50,0xbeb,0xbea,0x9e8,0x4007c,0x51,0xbec,
0xbeb,0x500af,0x65,0xbed,0xbe3,0xbec,0x200f9,0xbe5,
0x200f8,0xbe5,0x700f5,0x65,0xbee,0x8c,0xbe2,0xbed,
0xbe6,0x200f9,0xbe1,0x200f8,0xbe1,0x700f5,0x65,0xbef,
0x66,0xbd9,0xbee,0xbe5,0x300f7,0xbf0,0x0,0x400fa,
0xbef,0xbf1,0xbf0,0x200f8,0xbf1,0x4003d,0x50,0xbf2,
0x9ec,0x500c7,0x50,0xbf3,0xbf2,0x53,0x500ab,0x65,
0xbf4,0xbf3,0x56,0x300f7,0xbf5,0x0,0x400fa,0xbf4,
0xbf6,0xbf5,0x200f8,0xbf6,0x200f9,0x9da,0x200f8,0xbf5,
0x50080,0x50,0xbf7,0x9dc,0x6e,0x60041,0x13b,0xbf8,
0x26,0x52,0xbf7,0x4003d,0x50,0xbf9,0xbf8,0x50080,
0x50,0xbfa,0x9dc,0x92,0x60041,0x13b,0xbfb,0x26,
0x52,0xbfa,0x4003d,0x50,0xbfc,0xbfb,0x50082,0x50,
0xbfd,0x6d,0xbfc,0x500c7,0x50,0xbfe,0xbf9,0x71,
0x500c2,0x50,0xbff,0xbf9,0x63,0x500c7,0x50,0xc00,
0xbff,0x71,0x500c2,0x50,0xc01,0xbf9,0x6e,0x500c7,
0x50,0xc02,0xc01,0x71,0x60050,0x11d,0xc03,0xbfe,
0xc00,0xc02,0x60050,0x11d,0xc04,0xbfd,0xbfd,0xbfd,
0x50084,0x11d,0xc05,0xc03,0xc04,0x50086,0x11d,0xc06,
0xc05,0x11e,0x500c2,0x50,0xc07,0xbf9,0x74,0x40070,
0x59,0xc08,0xc07,0x50051,0x50,0xc09,0xc06,0x0,
0x50051,0x50,0xc0a,0xc06,0x1,0x50051,0x50,0xc0b,
0xc06,0x2,0x40070,0x59,0xc0c,0xc09,0x40070,0x59,
0xc0d,0xc0a,0x40070,0x59,0xc0e,0xc0b,0x70050,0x75,
0xc0f,0xc0c,0xc0d,0xc0e,0xc08,0x50085,0x75,0xc10,
0xc0f,0x152,0x500c7,0x50,0xc11,0x8ec,0x64,0x500ab,
0x65,0xc12,0xc11,0x56,0x300f7,0xc13,0x0,0x400fa,
0xc12,0xc14,0xc13,0x200f8,0xc14,0x8004f,0x69,0xc15,
0xc10,0xc10,0x0,0x1,0x2,0x500bc,0x13d,0xc16,
0xc15,0x77,0x50085,0x69,0xc17,0xc15,0x154,0x50081,
0x69,0xc18,0xc15,0x79,0x50085,0x69,0xc19,0xc18,
0x156,0x7000c,0x69,0xc1a,0x1,0x1a,0xc19,0x7b,
0x600a9,0x69,0xc1b,0xc16,0xc17,0xc1a,0x9004f,0x75,
0xc1c,0xc10,0xc1b,0x4,0x5,0x6,0x3,0x200f9,
0xc13,0x200f8,0xc13,0x700f5,0x75,0xc1d,0xc10,0xbf5,
0xc1c,0xc14,0x200f9,0x9da,0x200f8,0xbf0,0x4007c,0x13e,
0xc1e,0xba9,0x500c7,0x50,0xc1f,0x9df,0x53,0x500ab,
0x65,0xc20,0xc1f,0x56,0x600a9,0x51,0xc21,0xc20,
0xd0,0xd1,0x4007c,0x50,0xc22,0xc21,0x50084,0x50,
0xc23,0xc22,0x9e8,0x50082,0x50,0xc24,0xc23,0x53,
0x500c7,0x50,0xc25,0x9df,0x64,0x500ab,0x65,0xc26,
0xc25,0x56,0x600a9,0x51,0xc27,0xc26,0xd0,0xd1,
0x4007c,0x50,0xc28,0xc27,0x50084,0x50,0xc29,0xc28,
0x9e8,0x50082,0x50,0xc2a,0xc29,0x53,0x50050,0x13e,
0xc2b,0xc24,0xc2a,0x500c7,0x13e,0xc2c,0xc1e,0xc2b,
0x4003d,0x50,0xc2d,0x9ec,0x500c7,0x50,0xc2e,0xc2d,
0xb7,0x500ab,0x65,0xc2f,0xc2e,0x56,0x300f7,0xc30,
0x0,0x400fa,0xc2f,0xc31,0xc30,0x200f8,0xc31,0x50051,
0x50,0xc32,0xc2c,0x0,0x500ae,0x65,0xc33,0xc32,
0xdd,0x200f9,0xc30,0x200f8,0xc30,0x700f5,0x65,0xc34,
0x66,0xbf0,0xc33,0xc31,0x300f7,0xc35,0x0,0x400fa,
0xc34,0xc36,0xc35,0x200f8,0xc36,0x50051,0x50,0xc37,
0xc2c,0x0,0x500b0,0x65,0xc38,0xc37,0xde,0x200f9,
0xc35,0x200f8,0xc35,0x700f5,0x65,0xc39,0x66,0xc30,
0xc38,0xc36,0x300f7,0xc3a,0x0,0x400fa,0xc39,0xc3b,
0xc3a,0x200f8,0xc3b,0x50051,0x50,0xc3c,0xc2c,0x1,
0x500ae,0x65,0xc3d,0xc3c,0xdf,0x200f9,0xc3a,0x200f8,
0xc3a,0x700f5,0x65,0xc3e,0x66,0xc35,0xc3d,0xc3b,
0x300f7,0xc3f,0x0,0x400fa,0xc3e,0xc40,0xc3f,0x200f8,
0xc40,0x50051,0x50,0xc41,0xc2c,0x1,0x500b0,0x65,
0xc42,0xc41,0xe0,0x200f9,0xc3f,0x200f8,0xc3f,0x700f5,
0x65,0xc43,0x66,0xc3a,0xc42,0xc40,0x300f7,0xc44,
0x0,0x400fa,0xc43,0xc45,0xc44,0x200f8,0xc45,0x50051,
0x50,0xc46,0xc2c,0x0,0x500c7,0x50,0xc47,0xc46,
0xe1,0x60052,0x13e,0xc48,0xc47,0xc2c,0x0,0x200f9,
0xc44,0x200f8,0xc44,0x700f5,0x13e,0xc49,0xc2c,0xc3f,
0xc48,0xc45,0x4003d,0x50,0xc4a,0x9ec,0x500c7,0x50,
0xc4b,0xc4a,0x85,0x500ab,0x65,0xc4c,0xc4b,0x56,
0x300f7,0xc4d,0x0,0x400fa,0xc4c,0xc4e,0xc4d,0x200f8,
0xc4e,0x500af,0x65,0xc4f,0xa0e,0x52,0x300f7,0xc50,
0x0,0x400fa,0xc4f,0xc51,0xc50,0x200f8,0xc51,0x500af,
0x65,0xc52,0xa0e,0xe2,0x200f9,0xc50,0x200f8,0xc50,
0x700f5,0x65,0xc53,0x8c,0xc4e,0xc52,0xc51,0x200f9,
0xc4d,0x200f8,0xc4d,0x700f5,0x65,0xc54,0x66,0xc44,
0xc53,0xc50,0x300f7,0xc55,0x0,0x400fa,0xc54,0xc56,
0xc55,0x200f8,0xc56,0x50051,0x50,0xc57,0xc49,0x1,
0x500ae,0x65,0xc58,0xc57,0xe3,0x200f9,0xc55,0x200f8,
0xc55,0x700f5,0x65,0xc59,0x66,0xc4d,0xc58,0xc56,
0x300f7,0xc5a,0x0,0x400fa,0xc59,0xc5b,0xc5a,0x200f8,
0xc5b,0x50051,0x50,0xc5c,0xc49,0x1,0x500b0,0x65,
0xc5d,0xc5c,0xe4,0x200f9,0xc5a,0x200f8,0xc5a,0x700f5,
0x65,0xc5e,0x66,0xc55,0xc5d,0xc5b,0x300f7,0xc5f,
0x0,0x400fa,0xc5e,0xc60,0xc5f,0x200f8,0xc60,0x50051,
0x50,0xc61,0xc49,0x0,0x500c7,0x50,0xc62,0xc61,
0xe1,0x60052,0x13e,0xc63,0xc62,0xc49,0x0,0x200f9,
0xc5f,0x200f8,0xc5f,0x700f5,0x13e,0xc64,0xc49,0xc5a,
0xc63,0xc60,0x4003d,0x50,0xc65,0x9ec,0x500c7,0x50,
0xc66,0xc65,0x81,0x500ab,0x65,0xc67,0xc66,0x56,
0x300f7,0xc68,0x0,0x400fa,0xc67,0xc69,0xc68,0x200f8,
0xc69,0x500af,0x65,0xc6a,0xa0e,0x52,0x300f7,0xc6b,
0x0,0x400fa,0xc6a,0xc6c,0xc6b,0x200f8,0xc6c,0x500af,
0x65,0xc6d,0xa0e,0xe2,0x200f9,0xc6b,0x200f8,0xc6b,
0x700f5,0x65,0xc6e,0x8c,0xc69,0xc6d,0xc6c,0x200f9,
0xc68,0x200f8,0xc68,0x700f5,0x65,0xc6f,0x66,0xc5f,
0xc6e,0xc6b,0x300f7,0xc70,0x0,0x400fa,0xc6f,0xc71,
0xc70,0x200f8,0xc71,0x50051,0x50,0xc72,0xc64,0x1,
0x500ae,0x65,0xc73,0xc72,0xdf,0x200f9,0xc70,0x200f8,
0xc70,0x700f5,0x65,0xc74,0x66,0xc68,0xc73,0xc71,
0x300f7,0xc75,0x0,0x400fa,0xc74,0xc76,0xc75,0x200f8,
0xc76,0x50051,0x50,0xc77,0xc64,0x1,0x500b0,0x65,
0xc78,0xc77,0xe5,0x200f9,0xc75,0x200f8,0xc75,0x700f5,
0x65,0xc79,0x66,0xc70,0xc78,0xc76,0x300f7,0xc7a,
0x0,0x400fa,0xc79,0xc7b,0xc7a,0x200f8,0xc7b,0x50051,
0x50,0xc7c,0xc64,0x0,0x500c7,0x50,0xc7d,0xc7c,
0xe1,0x60052,0x13e,0xc7e,0xc7d,0xc64,0x0,0x200f9,
0xc7a,0x200f8,0xc7a,0x700f5,0x13e,0xc7f,0xc64,0xc75,
0xc7e,0xc7b,0x4003d,0x50,0xc80,0x9ec,0x500c7,0x50,
0xc81,0xc80,0xe6,0x500aa,0x65,0xc82,0xc81,0xe6,
0x600a9,0x50,0xc83,0xc20,0xae,0x88,0x50084,0x50,
0xc84,0xc83,0x9e8,0x50086,0x50,0xc85,0xc84,0x64,
0x4003d,0x50,0xc86,0x9ec,0x500c7,0x50,0xc87,0xc86,
0xae,0x500ab,0x65,0xc88,0xc87,0x56,0x300f7,0xc89,
0x0,0x400fa,0xc88,0xc8a,0xc89,0x200f8,0xc8a,0x500af,
0x65,0xc8b,0xa0e,0x52,0x300f7,0xc8c,0x0,0x400fa,
0xc8b,0xc8d,0xc8c,0x200f8,0xc8d,0x600a9,0x50,0xc8e,
0xc82,0xd8,0xc85,0x4007c,0x51,0xc8f,0xc8e,0x500af,
0x65,0xc90,0xa0e,0xc8f,0x200f9,0xc8c,0x200f8,0xc8c,
0x700f5,0x65,0xc91,0x8c,0xc8a,0xc90,0xc8d,0x200f9,
0xc89,0x200f8,0xc89,0x700f5,0x65,0xc92,0x66,0xc7a,
0xc91,0xc8c,0x300f7,0xc93,0x0,0x400fa,0xc92,0xc94,
0xc93,0x200f8,0xc94,0x300f7,0xc95,0x0,0x400fa,0xc82,
0xc96,0xc97,0x200f8,0xc97,0x50051,0x50,0xc98,0xc7f,
0x0,0x50082,0x50,0xc99,0xc85,0x53,0x500c7,0x50,
0xc9a,0xc98,0xc99,0x500c5,0x50,0xc9b,0xc9a,0xc85,
0x200f9,0xc95,0x200f8,0xc96,0x50051,0x50,0xc9c,0xc7f,
0x0,0x500c7,0x50,0xc9d,0xc9c,0x71,0x200f9,0xc95,
0x200f8,0xc95,0x700f5,0x50,0xc9e,0xc9d,0xc96,0xc9b,
0xc97,0x60052,0x13e,0xc9f,0xc9e,0xc7f,0x0,0x200f9,
0xc93,0x200f8,0xc93,0x700f5,0x13e,0xca0,0xc7f,0xc89,
0xc9f,0xc95,0x4003d,0x50,0xca1,0x9ec,0x500c7,0x50,
0xca2,0xca1,0x63,0x500ab,0x65,0xca3,0xca2,0x56,
0x300f7,0xca4,0x0,0x400fa,0xca3,0xca5,0xca4,0x200f8,
0xca5,0x50051,0x50,0xca6,0xca0,0x1,0x500c7,0x50,
0xca7,0xca6,0x71,0x60052,0x13e,0xca8,0xca7,0xca0,
0x1,0x200f9,0xca4,0x200f8,0xca4,0x700f5,0x13e,0xca9,
0xca0,0xc93,0xca8,0xca5,0x4003d,0x50,0xcaa,0x9ec,
0x500c7,0x50,0xcab,0xcaa,0xe6,0x500aa,0x65,0xcac,
0xcab,0x89,0x300f7,0xcad,0x0,0x400fa,0xcac,0xcae,
0xcad,0x200f8,0xcae,0x50051,0x50,0xcaf,0xca9,0x0,
0x500c7,0x50,0xcb0,0xcaf,0x71,0x60052,0x13e,0xcb1,
0xcb0,0xca9,0x0,0x200f9,0xcad,0x200f8,0xcad,0x700f5,
0x13e,0xcb2,0xca9,0xca4,0xcb1,0xcae,0x4003d,0x50,
0xcb3,0x9ec,0x500c7,0x50,0xcb4,0xcb3,0x62,0x500ab,
0x65,0xcb5,0xcb4,0x56,0x300f7,0xcb6,0x0,0x400fa,
0xcb5,0xcb7,0xcb6,0x200f8,0xcb7,0x50051,0x50,0xcb8,
0xcb2,0x0,0x500ae,0x65,0xcb9,0xcb8,0xe0,0x300f7,
0xcba,0x0,0x400fa,0xcb9,0xcbb,0xcba,0x200f8,0xcbb,
0x500b0,0x65,0xcbc,0xcb8,0xe7,0x200f9,0xcba,0x200f8,
0xcba,0x700f5,0x65,0xcbd,0x66,0xcb7,0xcbc,0xcbb,
0x300f7,0xcbe,0x0,0x400fa,0xcbd,0xcbf,0xcbe,0x200f8,
0xcbf,0x50051,0x50,0xcc0,0xcb2,0x1,0x500ae,0x65,
0xcc1,0xcc0,0xe6,0x200f9,0xcbe,0x200f8,0xcbe,0x700f5,
0x65,0xcc2,0x66,0xcba,0xcc1,0xcbf,0x300f7,0xcc3,
0x0,0x400fa,0xcc2,0xcc4,0xcc3,0x200f8,0xcc4,0x50051,
0x50,0xcc5,0xcb2,0x1,0x500b0,0x65,0xcc6,0xcc5,
0xc5,0x200f9,0xcc3,0x200f8,0xcc3,0x700f5,0x65,0xcc7,
0x66,0xcbe,0xcc6,0xcc4,0x300f7,0xcc8,0x0,0x400fa,
0xcc7,0xcc9,0xcc8,0x200f8,0xcc9,0x500c7,0x50,0xcca,
0xcb8,0x71,0x60052,0x13e,0xccb,0xcca,0xcb2,0x0,
0x200f9,0xcc8,0x200f8,0xcc8,0x700f5,0x13e,0xccc,0xcb2,
0xcc3,0xccb,0xcc9,0x50051,0x51,0xccd,0xba9,0x1,
0x500b1,0x65,0xcce,0xccd,0xe8,0x300f7,0xccf,0x0,
0x400fa,0xcce,0xcd0,0xcd1,0x200f8,0xcd1,0x500af,0x65,
0xcd2,0xa0e,0x52,0x300f7,0xcd3,0x0,0x400fa,0xcd2,
0xcd4,0xcd3,0x200f8,0xcd4,0x500af,0x65,0xcd5,0xa0e,
0xe2,0x200f9,0xcd3,0x200f8,0xcd3,0x700f5,0x65,0xcd6,
0x8c,0xcd1,0xcd5,0xcd4,0x300f7,0xcd7,0x0,0x400fa,
0xcd6,0xcd8,0xcd7,0x200f8,0xcd8,0x50051,0x50,0xcd9,
0xccc,0x1,0x500ae,0x65,0xcda,0xcd9,0xea,0x200f9,
0xcd7,0x200f8,0xcd7,0x700f5,0x65,0xcdb,0x66,0xcd3,
0xcda,0xcd8,0x300f7,0xcdc,0x0,0x400fa,0xcdb,0xcdd,
0xcdc,0x200f8,0xcdd,0x50051,0x50,0xcde,0xccc,0x1,
0x500b0,0x65,0xcdf,0xcde,0xe4,0x200f9,0xcdc,0x200f8,
0xcdc,0x700f5,0x65,0xce0,0x66,0xcd7,0xcdf,0xcdd,
0x300f7,0xce1,0x0,0x400fa,0xce0,0xce2,0xce1,0x200f8,
0xce2,0x50051,0x50,0xce3,0xccc,0x0,0x500c7,0x50,
0xce4,0xce3,0xe1,0x50080,0x50,0xce5,0xce4,0xc5,
0x60052,0x13e,0xce6,0xce5,0xccc,0x0,0x200f9,0xce1,
0x200f8,0xce1,0x700f5,0x13e,0xce7,0xccc,0xcdc,0xce6,
0xce2,0x200f9,0xccf,0x200f8,0xcd0,0x4007c,0x50,0xce8,
0xccd,0x500c7,0x50,0xce9,0xce8,0x73,0x50080,0x50,
0xcea,0xe9,0xce9,0x50051,0x50,0xceb,0xccc,0x0,
0x500c7,0x50,0xcec,0xceb,0x71,0x50050,0x13e,0xced,
0xcec,0xcea,0x200f9,0xccf,0x200f8,0xccf,0x700f5,0x13e,
0xcee,0xced,0xcd0,0xce7,0xce1,0x200f9,0xcb6,0x200f8,
0xcb6,0x700f5,0x13e,0xcef,0xcb2,0xcad,0xcee,0xccf,
0x50080,0x50,0xcf0,0x9dc,0x8f,0x60041,0x13b,0xcf1,
0x26,0x52,0xcf0,0x4003d,0x50,0xcf2,0xcf1,0x500ab,
0x65,0xcf3,0xcf2,0x56,0x300f7,0xcf4,0x0,0x400fa,
0xcf3,0xcf5,0xcf4,0x200f8,0xcf5,0x500af,0x65,0xcf6,
0xa0e,0x52,0x300f7,0xcf7,0x0,0x400fa,0xcf6,0xcf8,
0xcf7,0x200f8,0xcf8,0x500af,0x65,0xcf9,0xa0e,0xd6,
0x200f9,0xcf7,0x200f8,0xcf7,0x700f5,0x65,0xcfa,0x8c,
0xcf5,0xcf9,0xcf8,0x200f9,0xcf4,0x200f8,0xcf4,0x700f5,
0x65,0xcfb,0x66,0xcb6,0xcfa,0xcf7,0x300f7,0xcfc,
0x0,0x400fa,0xcfb,0xcfd,0xcfc,0x200f8,0xcfd,0x4007c,
0x51,0xcfe,0xc23,0x50051,0x51,0xcff,0xb31,0x0,
0x50080,0x51,0xd00,0xeb,0xcff,0x4007c,0x50,0xd01,
0xd00,0x50082,0x51,0xd02,0xcfe,0x5b,0x4007c,0x50,
0xd03,0xd02,0x500c7,0x50,0xd04,0xd01,0xd03,0x4007c,
0x51,0xd05,0xd04,0x50051,0x51,0xd06,0xa5f,0x0,
0x50080,0x51,0xd07,0xd05,0xd06,0x50082,0x51,0xd08,
0xd07,0xeb,0x8000c,0x51,0xd09,0x1,0x2d,0xd08,
0x52,0xd02,0x4007c,0x50,0xd0a,0xd09,0x60052,0x13e,
0xd0b,0xd0a,0xcef,0x0,0x200f9,0xcfc,0x200f8,0xcfc,
0x700f5,0x13e,0xd0c,0xcef,0xcf4,0xd0b,0xcfd,0x50050,
0x13e,0xd0d,0x9e8,0x9e8,0x50086,0x13e,0xd0e,0xd0c,
0xd0d,0x50051,0x50,0xd0f,0xd0e,0x0,0x500ae,0x65,
0xd10,0xd0f,0x88,0x600a9,0x51,0xd11,0xd10,0xec,
0x52,0x50051,0x50,0xd12,0xd0e,0x1,0x500ae,0x65,
0xd13,0xd12,0x88,0x300f7,0xd14,0x0,0x400fa,0xd13,
0xd15,0xd16,0x200f8,0xd16,0x200f9,0xd14,0x200f8,0xd15,
0x600a9,0x51,0xd17,0xc20,0xed,0xec,0x200f9,0xd14,
0x200f8,0xd14,0x700f5,0x51,0xd18,0xd17,0xd15,0x52,
0xd16,0x50080,0x51,0xd19,0xd11,0xd18,0x4007c,0x50,
0xd1a,0xd19,0x50080,0x50,0xd1b,0x9dc,0x53,0x60041,
0x13b,0xd1c,0x26,0x52,0xd1b,0x4003d,0x50,0xd1d,
0xd1c,0x50080,0x50,0xd1e,0xd1d,0xd1a,0x500c7,0x50,
0xd1f,0xd12,0x73,0x50084,0x50,0xd20,0xd1f,0x88,
0x50080,0x50,0xd21,0xd1e,0xd20,0x500c7,0x50,0xd22,
0xd0f,0x73,0x50080,0x50,0xd23,0xd21,0xd22,0x50084,
0x50,0xd24,0xd23,0x64,0x500c7,0x50,0xd25,0xd24,
0xc3,0x50080,0x50,0xd26,0x9dc,0x57,0x500c2,0x50,
0xd27,0xd25,0x64,0x50080,0x50,0xd28,0xd26,0xd27,
0x60041,0x13b,0xd29,0x26,0x52,0xd28,0x4003d,0x50,
0xd2a,0xd29,0x500c7,0x50,0xd2b,0xd24,0x61,0x50084,
0x50,0xd2c,0xd2b,0x63,0x500c7,0x50,0xd2d,0xd2c,
0x73,0x500c2,0x50,0xd2e,0xd2a,0xd2d,0x500c7,0x50,
0xd2f,0xd2e,0x71,0x50080,0x50,0xd30,0xd24,0x53,
0x500c7,0x50,0xd31,0xd30,0xc3,0x500c2,0x50,0xd32,
0xd31,0x64,0x50080,0x50,0xd33,0xd26,0xd32,0x60041,
0x13b,0xd34,0x26,0x52,0xd33,0x4003d,0x50,0xd35,
0xd34,0x500c7,0x50,0xd36,0xd30,0x61,0x50084,0x50,
0xd37,0xd36,0x63,0x500c7,0x50,0xd38,0xd37,0x73,
0x500c2,0x50,0xd39,0xd35,0xd38,0x500c7,0x50,0xd3a,
0xd39,0x71,0x500c4,0x50,0xd3b,0xd3a,0x63,0x500c5,
0x50,0xd3c,0xd2f,0xd3b,0x4003d,0x50,0xd3d,0xb34,
0x500c7,0x50,0xd3e,0xd3d,0x61,0x500aa,0x65,0xd3f,
0xd3e,0x53,0x300f7,0xd40,0x0,0x400fa,0xd3f,0xd41,
0xd40,0x200f8,0xd41,0x500c7,0x50,0xd42,0xd3c,0xb4,
0x500ab,0x65,0xd43,0xd42,0x56,0x200f9,0xd40,0x200f8,
0xd40,0x700f5,0x65,0xd44,0x66,0xd14,0xd43,0xd41,
0x400a8,0x65,0xd45,0xd44,0x300f7,0xd46,0x0,0x400fa,
0xd45,0xd47,0xd46,0x200f8,0xd47,0x500aa,0x65,0xd48,
0xd3e,0x64,0x300f7,0xd49,0x0,0x400fa,0xd48,0xd4a,
0xd49,0x200f8,0xd4a,0x500c7,0x50,0xd4b,0xd3c,0xb4,
0x500aa,0x65,0xd4c,0xd4b,0x56,0x200f9,0xd49,0x200f8,
0xd49,0x700f5,0x65,0xd4d,0x66,0xd47,0xd4c,0xd4a,
0x200f9,0xd46,0x200f8,0xd46,0x700f5,0x65,0xd4e,0x8c,
0xd40,0xd4d,0xd49,0x300f7,0xd4f,0x0,0x400fa,0xd4e,
0xd50,0xd4f,0x200f8,0xd50,0x200f9,0x9da,0x200f8,0xd4f,
0x50082,0x50,0xd51,0x9e8,0x53,0x50050,0x13e,0xd52,
0xd51,0xd51,0x500c7,0x13e,0xd53,0xd0c,0xd52,0x500c7,
0x50,0xd54,0xd3c,0x58,0x500ab,0x65,0xd55,0xd54,
0x56,0x300f7,0xd56,0x0,0x400fa,0xd55,0xd57,0xd56,
0x200f8,0xd57,0x50051,0x50,0xd58,0xd53,0x0,0x50082,
0x50,0xd59,0xd51,0xd58,0x60052,0x13e,0xd5a,0xd59,
0xd53,0x0,0x200f9,0xd56,0x200f8,0xd56,0x700f5,0x13e,
0xd5b,0xd53,0xd4f,0xd5a,0xd57,0x500c7,0x50,0xd5c,
0xd3c,0xa1,0x500ab,0x65,0xd5d,0xd5c,0x56,0x300f7,
0xd5e,0x0,0x400fa,0xd5d,0xd5f,0xd5e,0x200f8,0xd5f,
0x50051,0x50,0xd60,0xd5b,0x1,0x50082,0x50,0xd61,
0xd51,0xd60,0x60052,0x13e,0xd62,0xd61,0xd5b,0x1,
0x200f9,0xd5e,0x200f8,0xd5e,0x700f5,0x13e,0xd63,0xd5b,
0xd56,0xd62,0xd5f,0x500c7,0x50,0xd64,0xd3c,0xee,
0x50051,0x50,0xd65,0xd63,0x0,0x500c2,0x50,0xd66,
0xd65,0x61,0x50080,0x50,0xd67,0xd64,0xd66,0x50051,
0x50,0xd68,0xd63,0x1,0x500c2,0x50,0xd69,0xd68,
0x61,0x50084,0x50,0xd6a,0xd69,0x6e,0x50080,0x50,
0xd6b,0xd67,0xd6a,0x500c7,0x50,0xd6c,0xd6b,0xee,
0x60041,0x13b,0xd6d,0x26,0x52,0x9dc,0x4003d,0x50,
0xd6e,0xd6d,0x50084,0x50,0xd6f,0xd6e,0x64,0x50084,
0x50,0xd70,0x9e2,0x63,0x50084,0x50,0xd71,0xd6c,
0xd70,0x50080,0x50,0xd72,0xd6f,0xd71,0x500c7,0x50,
0xd73,0xd68,0x82,0x50084,0x50,0xd74,0xd73,0x64,
0x50080,0x50,0xd75,0xd72,0xd74,0x500c7,0x50,0xd76,
0xd65,0x82,0x500c2,0x50,0xd77,0x89,0xd76,0x200f9,
0xd78,0x200f8,0xd78,0x700f5,0x50,0xd79,0x56,0xd5e,
0xd7a,0xd7b,0x700f5,0x50,0xd7c,0x56,0xd5e,0xd7d,
0xd7b,0x50086,0x50,0xd7e,0x9e2,0x64,0x500b0,0x65,
0xd7f,0xd7c,0xd7e,0x400f6,0xd80,0xd7b,0x0,0x400fa,
0xd7f,0xd81,0xd80,0x200f8,0xd81,0x50084,0x50,0xd82,
0xd7c,0x6e,0x50080,0x50,0xd83,0xd75,0xd82,0x500c7,
0x50,0xd84,0xd83,0xc3,0x500c2,0x50,0xd85,0xd84,
0x64,0x50080,0x50,0xd86,0xd26,0xd85,0x60041,0x13b,
0xd87,0x26,0x52,0xd86,0x4003d,0x50,0xd88,0xd87,
0x500c7,0x50,0xd89,0xd83,0x61,0x50084,0x50,0xd8a,
0xd89,0x63,0x500c7,0x50,0xd8b,0xd8a,0x73,0x500c2,
0x50,0xd8c,0xd88,0xd8b,0x500c7,0x50,0xd8d,0xd8c,
0x71,0x500c7,0x50,0xd8e,0xd8d,0xd77,0x500ab,0x65,
0xd8f,0xd8e,0x56,0x300f7,0xd90,0x0,0x400fa,0xd8f,
0xd91,0xd90,0x200f8,0xd91,0x50084,0x50,0xd92,0xd7c,
0x64,0x500c7,0x50,0xd93,0xd92,0x73,0x500c4,0x50,
0xd94,0x53,0xd93,0x500c5,0x50,0xd95,0xd79,0xd94,
0x200f9,0xd90,0x200f8,0xd90,0x700f5,0x50,0xd96,0xd79,
0xd81,0xd95,0xd91,0x50080,0x50,0xd97,0xd83,0x53,
0x500c7,0x50,0xd98,0xd97,0xc3,0x500c2,0x50,0xd99,
0xd98,0x64,0x50080,0x50,0xd9a,0xd26,0xd99,0x60041,
0x13b,0xd9b,0x26,0x52,0xd9a,0x4003d,0x50,0xd9c,
0xd9b,0x500c7,0x50,0xd9d,0xd97,0x61,0x50084,0x50,
0xd9e,0xd9d,0x63,0x500c7,0x50,0xd9f,0xd9e,0x73,
0x500c2,0x50,0xda0,0xd9c,0xd9f,0x500c7,0x50,0xda1,
0xda0,0x71,0x500c7,0x50,0xda2,0xda1,0xd77,0x500ab,
0x65,0xda3,0xda2,0x56,0x300f7,0xda4,0x0,0x400fa,
0xda3,0xda5,0xda4,0x200f8,0xda5,0x50084,0x50,0xda6,
0xd7c,0x64,0x500c7,0x50,0xda7,0xda6,0x73,0x500c4,
0x50,0xda8,0x64,0xda7,0x500c5,0x50,0xda9,0xd96,
0xda8,0x200f9,0xda4,0x200f8,0xda4,0x700f5,0x50,0xd7a,
0xd96,0xd90,0xda9,0xda5,0x200f9,0xd7b,0x200f8,0xd7b,
0x50080,0x50,0xd7d,0xd7c,0x53,0x200f9,0xd78,0x200f8,
0xd80,0x500aa,0x65,0xdaa,0xd79,0x56,0x300f7,0xdab,
0x0,0x400fa,0xdaa,0xdac,0xdab,0x200f8,0xdac,0x200f9,
0x9da,0x200f8,0xdab,0x500ab,0x65,0xdad,0x9e2,0x63,
0x300f7,0xdae,0x0,0x400fa,0xdad,0xdaf,0xdae,0x200f8,
0xdaf,0x500c2,0x50,0xdb0,0xd3c,0x86,0x500c7,0x50,
0xdb1,0xdb0,0x82,0x500c7,0x50,0xdb2,0x9e2,0x73,
0x500c4,0x50,0xdb3,0x53,0xdb2,0x50084,0x50,0xdb4,
0xdb1,0xdb3,0x50080,0x50,0xdb5,0xd79,0xdb4,0x200f9,
0xdae,0x200f8,0xdae,0x700f5,0x50,0xdb6,0xd79,0xdab,
0xdb5,0xdaf,0x50080,0x50,0xdb7,0x9dc,0x7c,0x60041,
0x13b,0xdb8,0x26,0x52,0xdb7,0x4003d,0x50,0xdb9,
0xdb8,0x50080,0x50,0xdba,0xdb6,0xdb9,0x500c7,0x50,
0xdbb,0xdba,0x71,0x4003d,0x50,0xdbc,0x9ec,0x500c7,
0x50,0xdbd,0xdbc,0x70,0x500ab,0x65,0xdbe,0xdbd,
0x56,0x300f7,0xdbf,0x0,0x400fa,0xdbe,0xdc0,0xdbf,
0x200f8,0xdc0,0x500af,0x65,0xdc1,0xa0e,0x52,0x300f7,
0xdc2,0x0,0x400fa,0xdc1,0xdc3,0xdc2,0x200f8,0xdc3,
0x500af,0x65,0xdc4,0xa0e,0xd6,0x200f9,0xdc2,0x200f8,
0xdc2,0x700f5,0x65,0xdc5,0x8c,0xdc0,0xdc4,0xdc3,
0x200f9,0xdbf,0x200f8,0xdbf,0x700f5,0x65,0xdc6,0x66,
0xdae,0xdc5,0xdc2,0x300f7,0xdc7,0x0,0x400fa,0xdc6,
0xdc8,0xdc7,0x200f8,0xdc8,0x4007c,0x51,0xdc9,0xc23,
0x50051,0x51,0xdca,0xb31,0x0,0x50087,0x51,0xdcb,
0xdc9,0x6c,0x50080,0x51,0xdcc,0xdca,0xdcb,0x5008a,
0x51,0xdcd,0xdcc,0xdc9,0x50080,0x51,0xdce,0xdcd,
0xdc9,0x5008a,0x51,0xdcf,0xdce,0xdc9,0x50082,0x51,
0xdd0,0xdcf,0xdcb,0x50051,0x51,0xdd1,0xa5f,0x0,
0x50080,0x51,0xdd2,0xdd1,0xdd0,0x50051,0x50,0xdd3,
0xd0c,0x0,0x500ae,0x65,0xdd4,0xdd3,0xc5,0x300f7,
0xdd5,0x0,0x400fa,0xdd4,0xdd6,0xdd5,0x200f8,0xdd6,
0x500b0,0x65,0xdd7,0xdd3,0xef,0x200f9,0xdd5,0x200f8,
0xdd5,0x700f5,0x65,0xdd8,0x66,0xdc8,0xdd7,0xdd6,
0x300f7,0xdd9,0x0,0x400fa,0xdd8,0xdda,0xdd9,0x200f8,
0xdda,0x50051,0x50,0xddb,0xd0c,0x1,0x500ae,0x65,
0xddc,0xddb,0xef,0x200f9,0xdd9,0x200f8,0xdd9,0x700f5,
0x65,0xddd,0x66,0xdd5,0xddc,0xdda,0x300f7,0xdde,
0x0,0x400fa,0xddd,0xddf,0xdde,0x200f8,0xddf,0x50051,
0x50,0xde0,0xd0c,0x1,0x500b0,0x65,0xde1,0xde0,
0xdf,0x200f9,0xdde,0x200f8,0xdde,0x700f5,0x65,0xde2,
0x66,0xdd9,0xde1,0xddf,0x300f7,0xde3,0x0,0x400fa,
0xde2,0xde4,0xde3,0x200f8,0xde4,0x500ae,0x65,0xde5,
0xdbb,0xf0,0x200f9,0xde3,0x200f8,0xde3,0x700f5,0x65,
0xde6,0x66,0xdde,0xde5,0xde4,0x300f7,0xde7,0x0,
0x400fa,0xde6,0xde8,0xde7,0x200f8,0xde8,0x500b2,0x65,
0xde9,0xdbb,0xf1,0x200f9,0xde7,0x200f8,0xde7,0x700f5,
0x65,0xdea,0x66,0xde3,0xde9,0xde8,0x500ae,0x65,
0xdeb,0xdd3,0xef,0x300f7,0xdec,0x0,0x400fa,0xdeb,
0xded,0xdec,0x200f8,0xded,0x500b0,0x65,0xdee,0xdd3,
0xf2,0x200f9,0xdec,0x200f8,0xdec,0x700f5,0x65,0xdef,
0x66,0xde7,0xdee,0xded,0x300f7,0xdf0,0x0,0x400fa,
0xdef,0xdf1,0xdf0,0x200f8,0xdf1,0x50051,0x50,0xdf2,
0xd0c,0x1,0x500ae,0x65,0xdf3,0xdf2,0xf2,0x200f9,
0xdf0,0x200f8,0xdf0,0x700f5,0x65,0xdf4,0x66,0xdec,
0xdf3,0xdf1,0x300f7,0xdf5,0x0,0x400fa,0xdf4,0xdf6,
0xdf5,0x200f8,0xdf6,0x50051,0x50,0xdf7,0xd0c,0x1,
0x500b0,0x65,0xdf8,0xdf7,0xdf,0x200f9,0xdf5,0x200f8,
0xdf5,0x700f5,0x65,0xdf9,0x66,0xdf0,0xdf8,0xdf6,
0x300f7,0xdfa,0x0,0x400fa,0xdf9,0xdfb,0xdfa,0x200f8,
0xdfb,0x500ae,0x65,0xdfc,0xdbb,0xf0,0x200f9,0xdfa,
0x200f8,0xdfa,0x700f5,0x65,0xdfd,0x66,0xdf5,0xdfc,
0xdfb,0x300f7,0xdfe,0x0,0x400fa,0xdfd,0xdff,0xdfe,
0x200f8,0xdff,0x500b2,0x65,0xe00,0xdbb,0xf3,0x200f9,
0xdfe,0x200f8,0xdfe,0x700f5,0x65,0xe01,0x66,0xdfa,
0xe00,0xdff,0x500af,0x65,0xe02,0xdd2,0x52,0x300f7,
0xe03,0x0,0x400fa,0xe02,0xe04,0xe03,0x200f8,0xe04,
0x500af,0x65,0xe05,0xdd2,0xdc9,0x200f9,0xe03,0x200f8,
0xe03,0x700f5,0x65,0xe06,0x8c,0xdfe,0xe05,0xe04,
0x300f7,0xe07,0x0,0x400fa,0xe06,0xe08,0xe07,0x200f8,
0xe08,0x400a8,0x65,0xe09,0xdea,0x600a9,0x65,0xe0a,
0xe09,0xe01,0x8c,0x200f9,0xe07,0x200f8,0xe07,0x700f5,
0x65,0xe0b,0x66,0xe03,0xe0a,0xe08,0x600a9,0x50,
0xe0c,0xe0b,0xf4,0xdbb,0x200f9,0xdc7,0x200f8,0xdc7,
0x700f5,0x50,0xe0d,0xdbb,0xdbf,0xe0c,0xe07,0x4003d,
0x50,0xe0e,0xb34,0x500c7,0x50,0xe0f,0xe0e,0xc5,
0x500ab,0x65,0xe10,0xe0f,0x56,0x300f7,0xe11,0x0,
0x400fa,0xe10,0xe12,0xe11,0x200f8,0xe12,0x500af,0x65,
0xe13,0xa0e,0x52,0x300f7,0xe14,0x0,0x400fa,0xe13,
0xe15,0xe14,0x200f8,0xe15,0x500af,0x65,0xe16,0xa0e,
0xd6,0x200f9,0xe14,0x200f8,0xe14,0x700f5,0x65,0xe17,
0x8c,0xe12,0xe16,0xe15,0x400a8,0x65,0xe18,0xe17,
0x300f7,0xe19,0x0,0x400fa,0xe18,0xe1a,0xe19,0x200f8,
0xe1a,0x500b1,0x65,0xe1b,0xa0d,0x52,0x200f9,0xe19,
0x200f8,0xe19,0x700f5,0x65,0xe1c,0x8c,0xe14,0xe1b,
0xe1a,0x400a8,0x65,0xe1d,0xe1c,0x300f7,0xe1e,0x0,
0x400fa,0xe1d,0xe1f,0xe1e,0x200f8,0xe1f,0x500af,0x65,
0xe20,0xa0d,0xd4,0x200f9,0xe1e,0x200f8,0xe1e,0x700f5,
0x65,0xe21,0x8c,0xe19,0xe20,0xe1f,0x200f9,0xe11,
0x200f8,0xe11,0x700f5,0x65,0xe22,0x66,0xdc7,0xe21,
0xe1e,0x300f7,0xe23,0x0,0x400fa,0xe22,0xe24,0xe23,
0x200f8,0xe24,0x4007c,0x51,0xe25,0xc23,0x50051,0x51,
0xe26,0xb31,0x0,0x50087,0x51,0xe27,0xe25,0x6c,
0x50080,0x51,0xe28,0xe26,0xe27,0x5008a,0x51,0xe29,
0xe28,0xe25,0x50080,0x51,0xe2a,0xe29,0xe25,0x5008a,
0x51,0xe2b,0xe2a,0xe25,0x50082,0x51,0xe2c,0xe2b,
0xe27,0x50051,0x51,0xe2d,0xa5f,0x0,0x50080,0x51,
0xe2e,0xe2d,0xe2c,0x50051,0x50,0xe2f,0xd0c,0x0,
0x500ae,0x65,0xe30,0xe2f,0xf5,0x300f7,0xe31,0x0,
0x400fa,0xe30,0xe32,0xe31,0x200f8,0xe32,0x500b0,0x65,
0xe33,0xe2f,0xf6,0x200f9,0xe31,0x200f8,0xe31,0x700f5,
0x65,0xe34,0x66,0xe24,0xe33,0xe32,0x300f7,0xe35,
0x0,0x400fa,0xe34,0xe36,0xe35,0x200f8,0xe36,0x50051,
0x50,0xe37,0xd0c,0x1,0x500ae,0x65,0xe38,0xe37,
0x6e,0x200f9,0xe35,0x200f8,0xe35,0x700f5,0x65,0xe39,
0x66,0xe31,0xe38,0xe36,0x300f7,0xe3a,0x0,0x400fa,
0xe39,0xe3b,0xe3a,0x200f8,0xe3b,0x50051,0x50,0xe3c,
0xd0c,0x1,0x500b0,0x65,0xe3d,0xe3c,0xf7,0x200f9,
0xe3a,0x200f8,0xe3a,0x700f5,0x65,0xe3e,0x66,0xe35,
0xe3d,0xe3b,0x400a8,0x65,0xe3f,0xe3e,0x300f7,0xe40,
0x0,0x400fa,0xe3f,0xe41,0xe40,0x200f8,0xe41,0x500ae,
0x65,0xe42,0xe2f,0xf7,0x300f7,0xe43,0x0,0x400fa,
0xe42,0xe44,0xe43,0x200f8,0xe44,0x500b0,0x65,0xe45,
0xe2f,0xf8,0x200f9,0xe43,0x200f8,0xe43,0x700f5,0x65,
0xe46,0x66,0xe41,0xe45,0xe44,0x300f7,0xe47,0x0,
0x400fa,0xe46,0xe48,0xe47,0x200f8,0xe48,0x50051,0x50,
0xe49,0xd0c,0x1,0x500ae,0x65,0xe4a,0xe49,0xae,
0x200f9,0xe47,0x200f8,0xe47,0x700f5,0x65,0xe4b,0x66,
0xe43,0xe4a,0xe48,0x300f7,0xe4c,0x0,0x400fa,0xe4b,
0xe4d,0xe4c,0x200f8,0xe4d,0x50051,0x50,0xe4e,0xd0c,
0x1,0x500b0,0x65,0xe4f,0xe4e,0xf9,0x200f9,0xe4c,
0x200f8,0xe4c,0x700f5,0x65,0xe50,0x66,0xe47,0xe4f,
0xe4d,0x200f9,0xe40,0x200f8,0xe40,0x700f5,0x65,0xe51,
0x8c,0xe3a,0xe50,0xe4c,0x400a8,0x65,0xe52,0xe51,
0x300f7,0xe53,0x0,0x400fa,0xe52,0xe54,0xe53,0x200f8,
0xe54,0x500ae,0x65,0xe55,0xe2f,0xfa,0x300f7,0xe56,
0x0,0x400fa,0xe55,0xe57,0xe56,0x200f8,0xe57,0x500b0,
0x65,0xe58,0xe2f,0xfb,0x200f9,0xe56,0x200f8,0xe56,
0x700f5,0x65,0xe59,0x66,0xe54,0xe58,0xe57,0x300f7,
0xe5a,0x0,0x400fa,0xe59,0xe5b,0xe5a,0x200f8,0xe5b,
0x50051,0x50,0xe5c,0xd0c,0x1,0x500ae,0x65,0xe5d,
0xe5c,0xf4,0x200f9,0xe5a,0x200f8,0xe5a,0x700f5,0x65,
0xe5e,0x66,0xe56,0xe5d,0xe5b,0x300f7,0xe5f,0x0,
0x400fa,0xe5e,0xe60,0xe5f,0x200f8,0xe60,0x50051,0x50,
0xe61,0xd0c,0x1,0x500b0,0x65,0xe62,0xe61,0xfa,
0x200f9,0xe5f,0x200f8,0xe5f,0x700f5,0x65,0xe63,0x66,
0xe5a,0xe62,0xe60,0x200f9,0xe53,0x200f8,0xe53,0x700f5,
0x65,0xe64,0x8c,0xe40,0xe63,0xe5f,0x400a8,0x65,
0xe65,0xe64,0x300f7,0xe66,0x0,0x400fa,0xe65,0xe67,
0xe66,0x200f8,0xe67,0x500ae,0x65,0xe68,0xe2f,0xf2,
0x300f7,0xe69,0x0,0x400fa,0xe68,0xe6a,0xe69,0x200f8,
0xe6a,0x500b0,0x65,0xe6b,0xe2f,0xe0,0x200f9,0xe69,
0x200f8,0xe69,0x700f5,0x65,0xe6c,0x66,0xe67,0xe6b,
0xe6a,0x300f7,0xe6d,0x0,0x400fa,0xe6c,0xe6e,0xe6d,
0x200f8,0xe6e,0x50051,0x50,0xe6f,0xd0c,0x1,0x500ae,
0x65,0xe70,0xe6f,0xfc,0x200f9,0xe6d,0x200f8,0xe6d,
0x700f5,0x65,0xe71,0x66,0xe69,0xe70,0xe6e,0x300f7,
0xe72,0x0,0x400fa,0xe71,0xe73,0xe72,0x200f8,0xe73,
0x50051,0x50,0xe74,0xd0c,0x1,0x500b0,0x65,0xe75,
0xe74,0xfa,0x200f9,0xe72,0x200f8,0xe72,0x700f5,0x65,
0xe76,0x66,0xe6d,0xe75,0xe73,0x200f9,0xe66,0x200f8,
0xe66,0x700f5,0x65,0xe77,0x8c,0xe53,0xe76,0xe72,
0x400a8,0x65,0xe78,0xe77,0x300f7,0xe79,0x0,0x400fa,
0xe78,0xe7a,0xe79,0x200f8,0xe7a,0x500ae,0x65,0xe7b,
0xe2f,0xfd,0x300f7,0xe7c,0x0,0x400fa,0xe7b,0xe7d,
0xe7c,0x200f8,0xe7d,0x500b0,0x65,0xe7e,0xe2f,0xc5,
0x200f9,0xe7c,0x200f8,0xe7c,0x700f5,0x65,0xe7f,0x66,
0xe7a,0xe7e,0xe7d,0x300f7,0xe80,0x0,0x400fa,0xe7f,
0xe81,0xe80,0x200f8,0xe81,0x50051,0x50,0xe82,0xd0c,
0x1,0x500ae,0x65,0xe83,0xe82,0xfa,0x200f9,0xe80,
0x200f8,0xe80,0x700f5,0x65,0xe84,0x66,0xe7c,0xe83,
0xe81,0x300f7,0xe85,0x0,0x400fa,0xe84,0xe86,0xe85,
0x200f8,0xe86,0x50051,0x50,0xe87,0xd0c,0x1,0x500b0,
0x65,0xe88,0xe87,0xfe,0x200f9,0xe85,0x200f8,0xe85,
0x700f5,0x65,0xe89,0x66,0xe80,0xe88,0xe86,0x200f9,
0xe79,0x200f8,0xe79,0x700f5,0x65,0xe8a,0x8c,0xe66,
0xe89,0xe85,0x400a8,0x65,0xe8b,0xe8a,0x300f7,0xe8c,
0x0,0x400fa,0xe8b,0xe8d,0xe8c,0x200f8,0xe8d,0x500ae,
0x65,0xe8e,0xe2f,0xff,0x300f7,0xe8f,0x0,0x400fa,
0xe8e,0xe90,0xe8f,0x200f8,0xe90,0x500b0,0x65,0xe91,
0xe2f,0x100,0x200f9,0xe8f,0x200f8,0xe8f,0x700f5,0x65,
0xe92,0x66,0xe8d,0xe91,0xe90,0x300f7,0xe93,0x0,
0x400fa,0xe92,0xe94,0xe93,0x200f8,0xe94,0x50051,0x50,
0xe95,0xd0c,0x1,0x500ae,0x65,0xe96,0xe95,0x89,
0x200f9,0xe93,0x200f8,0xe93,0x700f5,0x65,0xe97,0x66,
0xe8f,0xe96,0xe94,0x300f7,0xe98,0x0,0x400fa,0xe97,
0xe99,0xe98,0x200f8,0xe99,0x50051,0x50,0xe9a,0xd0c,
0x1,0x500b0,0x65,0xe9b,0xe9a,0x101,0x200f9,0xe98,
0x200f8,0xe98,0x700f5,0x65,0xe9c,0x66,0xe93,0xe9b,
0xe99,0x200f9,0xe8c,0x200f8,0xe8c,0x700f5,0x65,0xe9d,
0x8c,0xe79,0xe9c,0xe98,0x400a8,0x65,0xe9e,0xe9d,
0x300f7,0xe9f,0x0,0x400fa,0xe9e,0xea0,0xe9f,0x200f8,
0xea0,0x500ae,0x65,0xea1,0xe2f,0x102,0x300f7,0xea2,
0x0,0x400fa,0xea1,0xea3,0xea2,0x200f8,0xea3,0x500b0,
0x65,0xea4,0xe2f,0x103,0x200f9,0xea2,0x200f8,0xea2,
0x700f5,0x65,0xea5,0x66,0xea0,0xea4,0xea3,0x300f7,
0xea6,0x0,0x400fa,0xea5,0xea7,0xea6,0x200f8,0xea7,
0x50051,0x50,0xea8,0xd0c,0x1,0x500ae,0x65,0xea9,
0xea8,0x104,0x200f9,0xea6,0x200f8,0xea6,0x700f5,0x65,
0xeaa,0x66,0xea2,0xea9,0xea7,0x300f7,0xeab,0x0,
0x400fa,0xeaa,0xeac,0xeab,0x200f8,0xeac,0x50051,0x50,
0xead,0xd0c,0x1,0x500b0,0x65,0xeae,0xead,0xfe,
0x200f9,0xeab,0x200f8,0xeab,0x700f5,0x65,0xeaf,0x66,
0xea6,0xeae,0xeac,0x200f9,0xe9f,0x200f8,0xe9f,0x700f5,
0x65,0xeb0,0x8c,0xe8c,0xeaf,0xeab,0x400a8,0x65,
0xeb1,0xeb0,0x300f7,0xeb2,0x0,0x400fa,0xeb1,0xeb3,
0xeb2,0x200f8,0xeb3,0x500ae,0x65,0xeb4,0xe2f,0x103,
0x300f7,0xeb5,0x0,0x400fa,0xeb4,0xeb6,0xeb5,0x200f8,
0xeb6,0x500b0,0x65,0xeb7,0xe2f,0x105,0x200f9,0xeb5,
0x200f8,0xeb5,0x700f5,0x65,0xeb8,0x66,0xeb3,0xeb7,
0xeb6,0x300f7,0xeb9,0x0,0x400fa,0xeb8,0xeba,0xeb9,
0x200f8,0xeba,0x50051,0x50,0xebb,0xd0c,0x1,0x500ae,
0x65,0xebc,0xebb,0x106,0x200f9,0xeb9,0x200f8,0xeb9,
0x700f5,0x65,0xebd,0x66,0xeb5,0xebc,0xeba,0x300f7,
0xebe,0x0,0x400fa,0xebd,0xebf,0xebe,0x200f8,0xebf,
0x50051,0x50,0xec0,0xd0c,0x1,0x500b0,0x65,0xec1,
0xec0,0x107,0x200f9,0xebe,0x200f8,0xebe,0x700f5,0x65,
0xec2,0x66,0xeb9,0xec1,0xebf,0x200f9,0xeb2,0x200f8,
0xeb2,0x700f5,0x65,0xec3,0x8c,0xe9f,0xec2,0xebe,
0x400a8,0x65,0xec4,0xec3,0x300f7,0xec5,0x0,0x400fa,
0xec4,0xec6,0xec5,0x200f8,0xec6,0x500ae,0x65,0xec7,
0xe2f,0x108,0x300f7,0xec8,0x0,0x400fa,0xec7,0xec9,
0xec8,0x200f8,0xec9,0x500b0,0x65,0xeca,0xe2f,0x109,
0x200f9,0xec8,0x200f8,0xec8,0x700f5,0x65,0xecb,0x66,
0xec6,0xeca,0xec9,0x300f7,0xecc,0x0,0x400fa,0xecb,
0xecd,0xecc,0x200f8,0xecd,0x50051,0x50,0xece,0xd0c,
0x1,0x500ae,0x65,0xecf,0xece,0x10a,0x200f9,0xecc,
0x200f8,0xecc,0x700f5,0x65,0xed0,0x66,0xec8,0xecf,
0xecd,0x300f7,0xed1,0x0,0x400fa,0xed0,0xed2,0xed1,
0x200f8,0xed2,0x50051,0x50,0xed3,0xd0c,0x1,0x500b0,
0x65,0xed4,0xed3,0xff,0x200f9,0xed1,0x200f8,0xed1,
0x700f5,0x65,0xed5,0x66,0xecc,0xed4,0xed2,0x200f9,
0xec5,0x200f8,0xec5,0x700f5,0x65,0xed6,0x8c,0xeb2,
0xed5,0xed1,0x400a8,0x65,0xed7,0xed6,0x300f7,0xed8,
0x0,0x400fa,0xed7,0xed9,0xed8,0x200f8,0xed9,0x500ae,
0x65,0xeda,0xe2f,0x10b,0x300f7,0xedb,0x0,0x400fa,
0xeda,0xedc,0xedb,0x200f8,0xedc,0x500b0,0x65,0xedd,
0xe2f,0xe4,0x200f9,0xedb,0x200f8,0xedb,0x700f5,0x65,
0xede,0x66,0xed9,0xedd,0xedc,0x300f7,0xedf,0x0,
0x400fa,0xede,0xee0,0xedf,0x200f8,0xee0,0x50051,0x50,
0xee1,0xd0c,0x1,0x500ae,0x65,0xee2,0xee1,0x108,
0x200f9,0xedf,0x200f8,0xedf,0x700f5,0x65,0xee3,0x66,
0xedb,0xee2,0xee0,0x300f7,0xee4,0x0,0x400fa,0xee3,
0xee5,0xee4,0x200f8,0xee5,0x50051,0x50,0xee6,0xd0c,
0x1,0x500b0,0x65,0xee7,0xee6,0x10c,0x200f9,0xee4,
0x200f8,0xee4,0x700f5,0x65,0xee8,0x66,0xedf,0xee7,
0xee5,0x200f9,0xed8,0x200f8,0xed8,0x700f5,0x65,0xee9,
0x8c,0xec5,0xee8,0xee4,0x400a8,0x65,0xeea,0xee9,
0x300f7,0xeeb,0x0,0x400fa,0xeea,0xeec,0xeeb,0x200f8,
0xeec,0x500ae,0x65,0xeed,0xe2f,0x10d,0x300f7,0xeee,
0x0,0x400fa,0xeed,0xeef,0xeee,0x200f8,0xeef,0x500b0,
0x65,0xef0,0xe2f,0x106,0x200f9,0xeee,0x200f8,0xeee,
0x700f5,0x65,0xef1,0x66,0xeec,0xef0,0xeef,0x300f7,
0xef2,0x0,0x400fa,0xef1,0xef3,0xef2,0x200f8,0xef3,
0x50051,0x50,0xef4,0xd0c,0x1,0x500ae,0x65,0xef5,
0xef4,0xff,0x200f9,0xef2,0x200f8,0xef2,0x700f5,0x65,
0xef6,0x66,0xeee,0xef5,0xef3,0x300f7,0xef7,0x0,
0x400fa,0xef6,0xef8,0xef7,0x200f8,0xef8,0x50051,0x50,
0xef9,0xd0c,0x1,0x500b0,0x65,0xefa,0xef9,0x100,
0x200f9,0xef7,0x200f8,0xef7,0x700f5,0x65,0xefb,0x66,
0xef2,0xefa,0xef8,0x200f9,0xeeb,0x200f8,0xeeb,0x700f5,
0x65,0xefc,0x8c,0xed8,0xefb,0xef7,0x400a8,0x65,
0xefd,0xefc,0x300f7,0xefe,0x0,0x400fa,0xefd,0xeff,
0xefe,0x200f8,0xeff,0x500ae,0x65,0xf00,0xe2f,0xe7,
0x300f7,0xf01,0x0,0x400fa,0xf00,0xf02,0xf01,0x200f8,
0xf02,0x500b0,0x65,0xf03,0xe2f,0x10e,0x200f9,0xf01,
0x200f8,0xf01,0x700f5,0x65,0xf04,0x66,0xeff,0xf03,
0xf02,0x300f7,0xf05,0x0,0x400fa,0xf04,0xf06,0xf05,
0x200f8,0xf06,0x50051,0x50,0xf07,0xd0c,0x1,0x500ae,
0x65,0xf08,0xf07,0x100,0x200f9,0xf05,0x200f8,0xf05,
0x700f5,0x65,0xf09,0x66,0xf01,0xf08,0xf06,0x300f7,
0xf0a,0x0,0x400fa,0xf09,0xf0b,0xf0a,0x200f8,0xf0b,
0x50051,0x50,0xf0c,0xd0c,0x1,0x500b0,0x65,0xf0d,
0xf0c,0xe7,0x200f9,0xf0a,0x200f8,0xf0a,0x700f5,0x65,
0xf0e,0x66,0xf05,0xf0d,0xf0b,0x200f9,0xefe,0x200f8,
0xefe,0x700f5,0x65,0xf0f,0x8c,0xeeb,0xf0e,0xf0a,
0x400a8,0x65,0xf10,0xf0f,0x300f7,0xf11,0x0,0x400fa,
0xf10,0xf12,0xf11,0x200f8,0xf12,0x500ae,0x65,0xf13,
0xe2f,0xf7,0x300f7,0xf14,0x0,0x400fa,0xf13,0xf15,
0xf14,0x200f8,0xf15,0x500b0,0x65,0xf16,0xe2f,0x89,
0x200f9,0xf14,0x200f8,0xf14,0x700f5,0x65,0xf17,0x66,
0xf12,0xf16,0xf15,0x300f7,0xf18,0x0,0x400fa,0xf17,
0xf19,0xf18,0x200f8,0xf19,0x50051,0x50,0xf1a,0xd0c,
0x1,0x500ae,0x65,0xf1b,0xf1a,0xf2,0x200f9,0xf18,
0x200f8,0xf18,0x700f5,0x65,0xf1c,0x66,0xf14,0xf1b,
0xf19,0x300f7,0xf1d,0x0,0x400fa,0xf1c,0xf1e,0xf1d,
0x200f8,0xf1e,0x50051,0x50,0xf1f,0xd0c,0x1,0x500b0,
0x65,0xf20,0xf1f,0xe0,0x200f9,0xf1d,0x200f8,0xf1d,
0x700f5,0x65,0xf21,0x66,0xf18,0xf20,0xf1e,0x200f9,
0xf11,0x200f8,0xf11,0x700f5,0x65,0xf22,0x8c,0xefe,
0xf21,0xf1d,0x400a8,0x65,0xf23,0xf22,0x300f7,0xf24,
0x0,0x400fa,0xf23,0xf25,0xf24,0x200f8,0xf25,0x500ae,
0x65,0xf26,0xe2f,0x88,0x300f7,0xf27,0x0,0x400fa,
0xf26,0xf28,0xf27,0x200f8,0xf28,0x500b0,0x65,0xf29,
0xe2f,0xf9,0x200f9,0xf27,0x200f8,0xf27,0x700f5,0x65,
0xf2a,0x66,0xf25,0xf29,0xf28,0x300f7,0xf2b,0x0,
0x400fa,0xf2a,0xf2c,0xf2b,0x200f8,0xf2c,0x50051,0x50,
0xf2d,0xd0c,0x1,0x500ae,0x65,0xf2e,0xf2d,0x101,
0x200f9,0xf2b,0x200f8,0xf2b,0x700f5,0x65,0xf2f,0x66,
0xf27,0xf2e,0xf2c,0x300f7,0xf30,0x0,0x400fa,0xf2f,
0xf31,0xf30,0x200f8,0xf31,0x50051,0x50,0xf32,0xd0c,
0x1,0x500b0,0x65,0xf33,0xf32,0x10d,0x200f9,0xf30,
0x200f8,0xf30,0x700f5,0x65,0xf34,0x66,0xf2b,0xf33,
0xf31,0x200f9,0xf24,0x200f8,0xf24,0x700f5,0x65,0xf35,
0x8c,0xf11,0xf34,0xf30,0x400a8,0x65,0xf36,0xf35,
0x300f7,0xf37,0x0,0x400fa,0xf36,0xf38,0xf37,0x200f8,
0xf38,0x500ae,0x65,0xf39,0xe2f,0xe5,0x300f7,0xf3a,
0x0,0x400fa,0xf39,0xf3b,0xf3a,0x200f8,0xf3b,0x500b0,
0x65,0xf3c,0xe2f,0x10f,0x200f9,0xf3a,0x200f8,0xf3a,
0x700f5,0x65,0xf3d,0x66,0xf38,0xf3c,0xf3b,0x300f7,
0xf3e,0x0,0x400fa,0xf3d,0xf3f,0xf3e,0x200f8,0xf3f,
0x50051,0x50,0xf40,0xd0c,0x1,0x500ae,0x65,0xf41,
0xf40,0x110,0x200f9,0xf3e,0x200f8,0xf3e,0x700f5,0x65,
0xf42,0x66,0xf3a,0xf41,0xf3f,0x300f7,0xf43,0x0,
0x400fa,0xf42,0xf44,0xf43,0x200f8,0xf44,0x50051,0x50,
0xf45,0xd0c,0x1,0x500b0,0x65,0xf46,0xf45,0xc5,
0x200f9,0xf43,0x200f8,0xf43,0x700f5,0x65,0xf47,0x66,
0xf3e,0xf46,0xf44,0x200f9,0xf37,0x200f8,0xf37,0x700f5,
0x65,0xf48,0x8c,0xf24,0xf47,0xf43,0x400a8,0x65,
0xf49,0xf48,0x300f7,0xf4a,0x0,0x400fa,0xf49,0xf4b,
0xf4a,0x200f8,0xf4b,0x500ae,0x65,0xf4c,0xe2f,0x111,
0x300f7,0xf4d,0x0,0x400fa,0xf4c,0xf4e,0xf4d,0x200f8,
0xf4e,0x500b0,0x65,0xf4f,0xe2f,0xfe,0x200f9,0xf4d,
0x200f8,0xf4d,0x700f5,0x65,0xf50,0x66,0xf4b,0xf4f,
0xf4e,0x300f7,0xf51,0x0,0x400fa,0xf50,0xf52,0xf51,
0x200f8,0xf52,0x50051,0x50,0xf53,0xd0c,0x1,0x500ae,
0x65,0xf54,0xf53,0xef,0x200f9,0xf51,0x200f8,0xf51,
0x700f5,0x65,0xf55,0x66,0xf4d,0xf54,0xf52,0x300f7,
0xf56,0x0,0x400fa,0xf55,0xf57,0xf56,0x200f8,0xf57,
0x50051,0x50,0xf58,0xd0c,0x1,0x500b0,0x65,0xf59,
0xf58,0x112,0x200f9,0xf56,0x200f8,0xf56,0x700f5,0x65,
0xf5a,0x66,0xf51,0xf59,0xf57,0x200f9,0xf4a,0x200f8,
0xf4a,0x700f5,0x65,0xf5b,0x8c,0xf37,0xf5a,0xf56,
0x4007c,0x51,0xf5c,0xc29,0x500af,0x65,0xf5d,0xe2e,
0x52,0x300f7,0xf5e,0x0,0x400fa,0xf5d,0xf5f,0xf5e,
0x200f8,0xf5f,0x500af,0x65,0xf60,0xe2e,0xe25,0x200f9,
0xf5e,0x200f8,0xf5e,0x700f5,0x65,0xf61,0x8c,0xf4a,
0xf60,0xf5f,0x400a8,0x65,0xf62,0xf61,0x300f7,0xf63,
0x0,0x400fa,0xf62,0xf64,0xf63,0x200f8,0xf64,0x50051,
0x51,0xf65,0xba9,0x1,0x500b1,0x65,0xf66,0xf65,
0x52,0x200f9,0xf63,0x200f8,0xf63,0x700f5,0x65,0xf67,
0x8c,0xf5e,0xf66,0xf64,0x400a8,0x65,0xf68,0xf67,
0x300f7,0xf69,0x0,0x400fa,0xf68,0xf6a,0xf69,0x200f8,
0xf6a,0x50051,0x51,0xf6b,0xba9,0x1,0x500af,0x65,
0xf6c,0xf6b,0xf5c,0x200f9,0xf69,0x200f8,0xf69,0x700f5,
0x65,0xf6d,0x8c,0xf63,0xf6c,0xf6a,0x600a9,0x65,
0xf6e,0xf6d,0xf5b,0x66,0x600a9,0x50,0xf6f,0xf6e,
0x6f,0xe0d,0x200f9,0xe23,0x200f8,0xe23,0x700f5,0x50,
0xf70,0xe0d,0xe11,0xf6f,0xf69,0x4003d,0x50,0xf71,
0x9ec,0x500c7,0x50,0xf72,0xf71,0x53,0x500ab,0x65,
0xf73,0xf72,0x56,0x300f7,0xf74,0x0,0x400fa,0xf73,
0xf75,0xf74,0x200f8,0xf75,0x50080,0x50,0xf76,0x9dc,
0x6e,0x50080,0x50,0xf77,0xf76,0xf70,0x60041,0x13b,
0xf78,0x26,0x52,0xf77,0x4003d,0x50,0xf79,0xf78,
0x500c7,0x50,0xf7a,0xf79,0x113,0x500aa,0x65,0xf7b,
0xf7a,0x56,0x200f9,0xf74,0x200f8,0xf74,0x700f5,0x65,
0xf7c,0x66,0xe23,0xf7b,0xf75,0x300f7,0xf7d,0x0,
0x400fa,0xf7c,0xf7e,0xf7d,0x200f8,0xf7e,0x200f9,0x9da,
0x200f8,0xf7d,0x50080,0x50,0xf7f,0x9dc,0x6e,0x50080,
0x50,0xf80,0xf7f,0xf70,0x60041,0x13b,0xf81,0x26,
0x52,0xf80,0x4003d,0x50,0xf82,0xf81,0x50080,0x50,
0xf83,0x9dc,0x92,0x60041,0x13b,0xf84,0x26,0x52,
0xf83,0x4003d,0x50,0xf85,0xf84,0x50082,0x50,0xf86,
0x6d,0xf85,0x500c7,0x50,0xf87,0xf82,0x71,0x500c2,
0x50,0xf88,0xf82,0x63,0x500c7,0x50,0xf89,0xf88,
0x71,0x500c2,0x50,0xf8a,0xf82,0x6e,0x500c7,0x50,
0xf8b,0xf8a,0x71,0x60050,0x11d,0xf8c,0xf87,0xf89,
0xf8b,0x60050,0x11d,0xf8d,0xf86,0xf86,0xf86,0x50084,
0x11d,0xf8e,0xf8c,0xf8d,0x50086,0x11d,0xf8f,0xf8e,
0x11e,0x500c2,0x50,0xf90,0xf82,0x74,0x40070,0x59,
0xf91,0xf90,0x50051,0x50,0xf92,0xf8f,0x0,0x50051,
0x50,0xf93,0xf8f,0x1,0x50051,0x50,0xf94,0xf8f,
0x2,0x40070,0x59,0xf95,0xf92,0x40070,0x59,0xf96,
0xf93,0x40070,0x59,0xf97,0xf94,0x70050,0x75,0xf98,
0xf95,0xf96,0xf97,0xf91,0x50085,0x75,0xf99,0xf98,
0x152,0x500c7,0x50,0xf9a,0x8ec,0x64,0x500ab,0x65,
0xf9b,0xf9a,0x56,0x300f7,0xf9c,0x0,0x400fa,0xf9b,
0xf9d,0xf9c,0x200f8,0xf9d,0x8004f,0x69,0xf9e,0xf99,
0xf99,0x0,0x1,0x2,0x500bc,0x13d,0xf9f,0xf9e,
0x77,0x50085,0x69,0xfa0,0xf9e,0x154,0x50081,0x69,
0xfa1,0xf9e,0x79,0x50085,0x69,0xfa2,0xfa1,0x156,
0x7000c,0x69,0xfa3,0x1,0x1a,0xfa2,0x7b,0x600a9,
0x69,0xfa4,0xf9f,0xfa0,0xfa3,0x9004f,0x75,0xfa5,
0xf99,0xfa4,0x4,0x5,0x6,0x3,0x200f9,0xf9c,
0x200f8,0xf9c,0x700f5,0x75,0xfa6,0xf99,0xf7d,0xfa5,
0xf9d,0x200f9,0x9da,0x200f8,0x9da,0x1900f5,0x75,0xfa7,
0xd5,0xa1b,0xa52,0xa48,0xd5,0xb76,0xd5,0xbbd,
0xd5,0xbd2,0xd5,0xbf6,0xc1d,0xc13,0xd5,0xd50,
0xd5,0xdac,0xd5,0xf7e,0xfa6,0xf9c,0x50051,0x59,
0xfa8,0xfa7,0x3,0x500b6,0x65,0xfa9,0xfa8,0x5e,
0x300f7,0xfaa,0x0,0x400fa,0xfa9,0xfab,0xfaa,0x200f8,
0xfab,0x8004f,0x69,0xfac,0xfa7,0xfa7,0x0,0x1,
0x2,0x7000c,0x69,0xfad,0x1,0x4f,0x9c6,0xfac,
0x7000c,0x69,0xfae,0x1,0x50,0x9c9,0xfac,0x200f9,
0xfaa,0x200f8,0xfaa,0x700f5,0x69,0x9c7,0x9c6,0x9da,
0xfad,0xfab,0x700f5,0x69,0x9ca,0x9c9,0x9da,0xfae,
0xfab,0x200f9,0x9c8,0x200f8,0x9c8,0x50080,0x50,0x9cc,
0x9cb,0x53,0x200f9,0x9c5,0x200f8,0x9ce,0x200f9,0x9b4,
0x200f8,0x9b4,0x700f5,0x69,0xfaf,0xcd,0x9ad,0x9c6,
0x9ce,0x700f5,0x69,0xfb0,0x8a,0x9ad,0x9c9,0x9ce,
0x4003d,0x50,0xfb1,0x9b0,0x500c7,0x50,0xfb2,0xfb1,
0x88,0x500ab,0x65,0xfb3,0xfb2,0x56,0x300f7,0xfb4,
0x0,0x400fa,0xfb3,0xfb5,0xfb4,0x200f8,0xfb5,0x50090,
0x75,0xfb6,0xc2,0x8e6,0x8004f,0x69,0xfb7,0xfb6,
0xfb6,0x0,0x1,0x2,0x6000c,0x59,0xfb8,0x1,
0x42,0xfb7,0x50051,0x59,0xfb9,0x97c,0x1,0x50085,
0x59,0xfba,0xfb9,0xfb8,0x60052,0x69,0xfbb,0xfba,
0x97c,0x1,0x200f9,0xfb4,0x200f8,0xfb4,0x700f5,0x69,
0xfbc,0x97c,0x9b4,0xfbb,0xfb5,0x50080,0x50,0xfbd,
0x9ae,0x87,0x60041,0x13b,0xfbe,0x26,0x52,0xfbd,
0x4003d,0x50,0xfbf,0xfbe,0x500aa,0x65,0xfc0,0xfbf,
0x64,0x300f7,0xfc1,0x0,0x400fa,0xfc0,0xfc2,0xfc1,
0x200f8,0xfc2,0x300f7,0xfc3,0x0,0x300fb,0x56,0xfc4,
0x200f8,0xfc4,0x200f9,0xfc5,0x200f8,0xfc5,0x700f5,0x51,
0xfc6,0x52,0xfc4,0xfc7,0xfc8,0x700f5,0x51,0xfc9,
0x52,0xfc4,0xfca,0xfc8,0x700f5,0x59,0xfcb,0x5e,
0xfc4,0xfcc,0xfc8,0x700f5,0x59,0xfcd,0x5e,0xfc4,
0xfce,0xfc8,0x700f5,0x59,0xfcf,0x5e,0xfc4,0xfd0,
0xfc8,0x700f5,0x59,0xfd1,0x5e,0xfc4,0xfd2,0xfc8,
0x700f5,0x59,0xfd3,0x5e,0xfc4,0xfd4,0xfc8,0x700f5,
0x51,0xfd5,0x52,0xfc4,0xfd6,0xfc8,0x500b1,0x65,
0xfd7,0xfd5,0xd1,0x400f6,0xfd8,0xfc8,0x0,0x400fa,
0xfd7,0xfd9,0xfd8,0x200f8,0xfd9,0x4007c,0x50,0xfda,
0xfd5,0x50080,0x50,0xfdb,0x115,0xfda,0x50084,0x50,
0xfdc,0xfdb,0x64,0x500c7,0x50,0xfdd,0xfdc,0xc3,
0x50080,0x50,0xfde,0x9ae,0x57,0x500c2,0x50,0xfdf,
0xfdd,0x64,0x50080,0x50,0xfe0,0xfde,0xfdf,0x60041,
0x13b,0xfe1,0x26,0x52,0xfe0,0x4003d,0x50,0xfe2,
0xfe1,0x500c7,0x50,0xfe3,0xfdc,0x61,0x50084,0x50,
0xfe4,0xfe3,0x63,0x500c7,0x50,0xfe5,0xfe4,0x73,
0x500c2,0x50,0xfe6,0xfe2,0xfe5,0x500c7,0x50,0xfe7,
0xfe6,0x71,0x50080,0x50,0xfe8,0xfdc,0x53,0x500c7,
0x50,0xfe9,0xfe8,0xc3,0x500c2,0x50,0xfea,0xfe9,
0x64,0x50080,0x50,0xfeb,0xfde,0xfea,0x60041,0x13b,
0xfec,0x26,0x52,0xfeb,0x4003d,0x50,0xfed,0xfec,
0x500c7,0x50,0xfee,0xfe8,0x61,0x50084,0x50,0xfef,
0xfee,0x63,0x500c7,0x50,0xff0,0xfef,0x73,0x500c2,
0x50,0xff1,0xfed,0xff0,0x500c7,0x50,0xff2,0xff1,
0x71,0x500c4,0x50,0xff3,0xff2,0x63,0x500c5,0x50,
0xff4,0xfe7,0xff3,0x500c7,0x50,0xff5,0xff4,0x58,
0x500aa,0x65,0xff6,0xff5,0x56,0x300f7,0xff7,0x0,
0x400fa,0xff6,0xff8,0xff7,0x200f8,0xff8,0x200f9,0xfc8,
0x200f8,0xff7,0x500c7,0x50,0xff9,0xff4,0x116,0x4007c,
0x51,0xffa,0xff9,0x50082,0x51,0xffb,0xffa,0xfc9,
0x500c7,0x51,0xffc,0xffb,0x117,0x500ad,0x65,0xffd,
0xffc,0x118,0x300f7,0xffe,0x0,0x400fa,0xffd,0xfff,
0xffe,0x200f8,0xfff,0x50082,0x51,0x1000,0xffc,0x119,
0x200f9,0xffe,0x200f8,0xffe,0x700f5,0x51,0x1001,0xffc,
0xff7,0x1000,0xfff,0x500b4,0x65,0x1002,0xfd3,0x5e,
0x300f7,0x1003,0x0,0x400fa,0x1002,0x1004,0x1005,0x200f8,
0x1005,0x50080,0x51,0x1006,0xfc6,0x1001,0x200f9,0x1003,
0x200f8,0x1004,0x200f9,0x1003,0x200f8,0x1003,0x700f5,0x51,
0x1007,0xffa,0x1004,0x1006,0x1005,0x50080,0x51,0x1008,
0xfd5,0x5b,0x4006f,0x59,0x1009,0x1008,0x4006f,0x59,
0x100a,0x1007,0x50081,0x59,0x100b,0xfd3,0x67,0x50081,
0x59,0x100c,0xfcf,0x1009,0x50081,0x59,0x100d,0xfcb,
0x100a,0x50085,0x59,0x100e,0x1009,0x1009,0x50081,0x59,
0x100f,0xfd1,0x100e,0x50085,0x59,0x1010,0x1009,0x100a,
0x50081,0x59,0x1011,0xfcd,0x1010,0x200f9,0xfc8,0x200f8,
0xfc8,0x700f5,0x51,0xfc7,0xfc6,0xff8,0x1007,0x1003,
0x700f5,0x51,0xfca,0xfc9,0xff8,0xffa,0x1003,0x700f5,
0x59,0xfcc,0xfcb,0xff8,0x100d,0x1003,0x700f5,0x59,
0xfce,0xfcd,0xff8,0x1011,0x1003,0x700f5,0x59,0xfd0,
0xfcf,0xff8,0x100c,0x1003,0x700f5,0x59,0xfd2,0xfd1,
0xff8,0x100f,0x1003,0x700f5,0x59,0xfd4,0xfd3,0xff8,
0x100b,0x1003,0x50080,0x51,0xfd6,0xfd5,0x5b,0x200f9,
0xfc5,0x200f8,0xfd8,0x500b4,0x65,0x1012,0xfd3,0x5e,
0x300f7,0x1013,0x0,0x400fa,0x1012,0x1014,0x1013,0x200f8,
0x1014,0x200f9,0xfc3,0x200f8,0x1013,0x50085,0x59,0x1015,
0xfd3,0xfd1,0x50085,0x59,0x1016,0xfcf,0xfcf,0x50083,
0x59,0x1017,0x1015,0x1016,0x500ba,0x65,0x1018,0xfd3,
0x67,0x300f7,0x1019,0x0,0x400fa,0x1018,0x101a,0x1019,
0x200f8,0x101a,0x500b6,0x65,0x101b,0x1017,0x5e,0x200f9,
0x1019,0x200f8,0x1019,0x700f5,0x65,0x101c,0x66,0x1013,
0x101b,0x101a,0x300f7,0x101d,0x0,0x400fa,0x101c,0x101e,
0x101f,0x200f8,0x101f,0x200f9,0x101d,0x200f8,0x101e,0x50085,
0x59,0x1020,0xfd3,0xfcd,0x50085,0x59,0x1021,0xfcf,
0xfcb,0x50083,0x59,0x1022,0x1020,0x1021,0x50088,0x59,
0x1023,0x1022,0x1017,0x200f9,0x101d,0x200f8,0x101d,0x700f5,
0x59,0x1024,0x1023,0x101e,0x5e,0x101f,0x50085,0x59,
0x1025,0x1024,0xfcf,0x50083,0x59,0x1026,0xfcb,0x1025,
0x50088,0x59,0x1027,0x1026,0xfd3,0x60050,0x69,0x1028,
0x1027,0x1024,0x67,0x200f9,0xfc3,0x200f8,0xfc3,0x700f5,
0x69,0x1029,0x8a,0x1014,0x1028,0x101d,0x200f9,0xfc1,
0x200f8,0xfc1,0x700f5,0x69,0x102a,0x8a,0xfb4,0x1029,
0xfc3,0x50080,0x50,0x102b,0x9ae,0x6f,0x60041,0x13b,
0x102c,0x26,0x52,0x102b,0x4003d,0x50,0x102d,0x102c,
0x500aa,0x65,0x102e,0x102d,0x56,0x300f7,0x102f,0x0,
0x400fa,0x102e,0x1030,0x102f,0x200f8,0x1030,0x4003d,0x50,
0x1031,0x9b0,0x500c2,0x50,0x1032,0x1031,0x63,0x500c7,
0x50,0x1033,0x1032,0xc3,0x500ab,0x65,0x1034,0x1033,
0x56,0x200f9,0x102f,0x200f8,0x102f,0x700f5,0x65,0x1035,
0x8c,0xfc1,0x1034,0x1030,0x300f7,0x1036,0x0,0x400fa,
0x1035,0x1037,0x1036,0x200f8,0x1037,0x200f9,0x1038,0x200f8,
0x1038,0x700f5,0x50,0x1039,0xc4,0x1037,0x103a,0x103b,
0x700f5,0x50,0x103c,0x56,0x1037,0x103d,0x103b,0x700f5,
0x50,0x103e,0x56,0x1037,0x103f,0x103b,0x500b0,0x65,
0x1040,0x103c,0xc5,0x400f6,0x1041,0x103b,0x0,0x400fa,
0x1040,0x1042,0x1041,0x200f8,0x1042,0x50080,0x50,0x1043,
0x9ae,0x6e,0x50080,0x50,0x1044,0x1043,0x103c,0x60041,
0x13b,0x1045,0x26,0x52,0x1044,0x4003d,0x50,0x1046,
0x1045,0x500c7,0x50,0x1047,0x1046,0x71,0x500c2,0x50,
0x1048,0x1047,0x61,0x50084,0x50,0x1049,0xc6,0x1048,
0x500c2,0x50,0x104a,0x1046,0x63,0x500c7,0x50,0x104b,
0x104a,0x71,0x500c2,0x50,0x104c,0x104b,0x61,0x50084,
0x50,0x104d,0xc7,0x104c,0x50080,0x50,0x104e,0x1049,
0x104d,0x500c2,0x50,0x104f,0x1046,0x6e,0x500c7,0x50,
0x1050,0x104f,0x71,0x500c2,0x50,0x1051,0x1050,0x61,
0x50084,0x50,0x1052,0xbe,0x1051,0x50080,0x50,0x1053,
0x104e,0x1052,0x500b0,0x65,0x1054,0x1053,0x1039,0x600a9,
0x50,0x103a,0x1054,0x1053,0x1039,0x600a9,0x50,0x103f,
0x1054,0x103c,0x103e,0x500aa,0x65,0x1055,0x1053,0x56,
0x300f7,0x1056,0x0,0x400fa,0x1055,0x1057,0x1056,0x200f8,
0x1057,0x200f9,0x1041,0x200f8,0x1056,0x200f9,0x103b,0x200f8,
0x103b,0x50080,0x50,0x103d,0x103c,0x53,0x200f9,0x1038,
0x200f8,0x1041,0x700f5,0x50,0x1058,0x103e,0x1038,0x103f,
0x1057,0x200f9,0x1036,0x200f8,0x1036,0x700f5,0x50,0x1059,
0x56,0x102f,0x1058,0x1041,0x200f9,0x9ac,0x200f8,0x9ac,
0x700f5,0x69,0x105a,0x8a,0x97f,0x102a,0x1036,0x700f5,
0x50,0x105b,0x56,0x97f,0x1059,0x1036,0x700f5,0x69,
0x105c,0x97c,0x97f,0xfbc,0x1036,0x700f5,0x69,0x105d,
0xcd,0x97f,0xfaf,0x1036,0x700f5,0x69,0x105e,0x8a,
0x97f,0xfb0,0x1036,0x3003e,0x12,0x971,0x3003e,0x13,
0x709,0x3003e,0x14,0x70a,0x3003e,0x15,0x64d,0x3003e,
0x16,0x9a9,0x3003e,0x17,0x70b,0x3003e,0x18,0x7ac,
0x3003e,0x19,0x105a,0x3003e,0x1a,0x105b,0x3003e,0x1b,
0x70b,0x3003e,0x1c,0x105c,0x3003e,0x1d,0x105d,0x3003e,
0x1e,0x105e,0x3003e,0x1f,0x9a5,0x3003e,0x20,0x9a6,
0x3003e,0x21,0x9a7,0x3003e,0x22,0x9a8,0x100fd,0x10038
};
inline constexpr std::uint32_t fragment[]={
0x7230203,0x10000,0xe0000,0x131,0x0,0x20011,0x1,0x6000b,
0x1,0x4c534c47,0x6474732e,0x3035342e,0x0,0x3000e,0x0,0x1,
0xf000f,0x4,0x2,0x67617266,0x746e656d,0x69616d5f,0x6e,0x3,
0x4,0x5,0x6,0x7,0x8,0x9,0xa,0x30010,
0x2,0x7,0x30003,0x5,0x258,0x90005,0xb,0x65707974,
0x6e6f432e,0x6e617473,0x66754274,0x2e726566,0x656d6143,0x6172,0x60006,0xb,
0x0,0x77656976,0x776f725f,0x73,0x60006,0xb,0x1,0x6a6f7270,
0x69746365,0x6e6f,0x50006,0xb,0x2,0x65666665,0x737463,0x40005,
0xc,0x656d6163,0x6172,0x60005,0x4,0x762e6e69,0x432e7261,0x524f4c4f,
0x30,0x60005,0x5,0x762e6e69,0x432e7261,0x524f4c4f,0x31,0x70005,
0x6,0x762e6e69,0x542e7261,0x4f435845,0x3044524f,0x0,0x70005,0x7,
0x762e6e69,0x542e7261,0x4f435845,0x3144524f,0x0,0x70005,0x8,0x762e6e69,
0x542e7261,0x4f435845,0x3344524f,0x0,0x70005,0x9,0x762e6e69,0x542e7261,
0x4f435845,0x3644524f,0x0,0x70005,0xa,0x2e74756f,0x2e726176,0x545f5653,
0x65677261,0x3074,0x60005,0x2,0x67617266,0x746e656d,0x69616d5f,0x6e,
0x40047,0x3,0xb,0xf,0x30047,0x4,0xe,0x30047,
0x5,0xe,0x30047,0x6,0xe,0x30047,0x7,0xe,
0x30047,0x8,0xe,0x40047,0x4,0x1e,0x0,0x40047,
0x5,0x1e,0x1,0x40047,0x6,0x1e,0x2,0x40047,
0x7,0x1e,0x3,0x40047,0x8,0x1e,0x5,0x40047,
0x9,0x1e,0x8,0x40047,0xa,0x1e,0x0,0x40047,
0xd,0x6,0x10,0x50048,0xb,0x0,0x23,0x0,
0x50048,0xb,0x1,0x23,0x30,0x50048,0xb,0x1,
0x7,0x10,0x40048,0xb,0x1,0x4,0x50048,0xb,
0x2,0x23,0x70,0x30047,0xb,0x2,0x40015,0xe,
0x20,0x0,0x40015,0xf,0x20,0x1,0x4002b,0xe,
0x10,0x0,0x4002b,0xe,0x11,0x1000,0x20014,0x12,
0x3002a,0x12,0x13,0x30016,0x14,0x20,0x4002b,0x14,
0x15,0x3f800000,0x4002b,0xe,0x16,0x1,0x4002b,0xf,
0x17,0x2,0x30029,0x12,0x18,0x4002b,0x14,0x19,
0x429a0000,0x4002b,0x14,0x1a,0x43160000,0x4002b,0x14,0x1b,
0x41e80000,0x40017,0x1c,0x14,0x3,0x6002c,0x1c,0x1d,
0x19,0x1a,0x1b,0x4002b,0x14,0x1e,0x3b808081,0x4002b,
0x14,0x1f,0x40a00000,0x4002b,0x14,0x20,0x3f000000,0x4002b,
0xe,0x21,0x4,0x4002b,0xe,0x22,0x8,0x4002b,
0x14,0x23,0x42ca0000,0x4002b,0x14,0x24,0x43450000,0x4002b,
0x14,0x25,0x42400000,0x6002c,0x1c,0x26,0x23,0x24,
0x25,0x4002b,0x14,0x27,0x42b20000,0x4002b,0x14,0x28,
0x43300000,0x4002b,0x14,0x29,0x422c0000,0x6002c,0x1c,0x2a,
0x27,0x28,0x29,0x4002b,0x14,0x2b,0x428c0000,0x4002b,
0x14,0x2c,0x43090000,0x4002b,0x14,0x2d,0x42080000,0x6002c,
0x1c,0x2e,0x2b,0x2c,0x2d,0x4002b,0x14,0x2f,
0x0,0x6002c,0x1c,0x30,0x2f,0x2f,0x2f,0x6002c,
0x1c,0x31,0x15,0x15,0x15,0x4002b,0xe,0x32,
0x9,0x4002b,0x14,0x33,0x41000000,0x4002b,0x14,0x34,
0x42200000,0x6002c,0x1c,0x35,0x33,0x1f,0x34,0x4002b,
0x14,0x36,0x42820000,0x4002b,0x14,0x37,0x41a00000,0x6002c,
0x1c,0x38,0x36,0x37,0x1a,0x4002b,0x14,0x39,
0x435c0000,0x4002b,0x14,0x3a,0x41f00000,0x6002c,0x1c,0x3b,
0x39,0x3a,0x2b,0x4002b,0x14,0x3c,0x437f0000,0x4002b,
0x14,0x3d,0x41700000,0x6002c,0x1c,0x3e,0x3c,0x1a,
0x3d,0x4002b,0x14,0x3f,0x43520000,0x6002c,0x1c,0x40,
0x3c,0x3c,0x3f,0x4002b,0xe,0x41,0x3,0x4002b,
0xe,0x42,0xa,0x4002b,0x14,0x43,0x3dc0c0c1,0x4002b,
0xe,0x44,0xb,0x4002b,0x14,0x45,0x3ec0c0c1,0x6002c,
0x1c,0x46,0x45,0x45,0x45,0x4002b,0xe,0x47,
0xd,0x4002b,0x14,0x48,0x425c0000,0x4002b,0x14,0x49,
0x42c80000,0x6002c,0x1c,0x4a,0x48,0x33,0x49,0x4002b,
0x14,0x4b,0x437a0000,0x4002b,0x14,0x4c,0x43750000,0x6002c,
0x1c,0x4d,0x2b,0x4b,0x4c,0x4002b,0xe,0x4e,
0xe,0x6002c,0x1c,0x4f,0x20,0x20,0x20,0x4002b,
0xe,0x50,0xf,0x4002b,0x14,0x51,0x41c00000,0x6002c,
0x1c,0x52,0x33,0x51,0x36,0x4002b,0x14,0x53,
0x43600000,0x4002b,0x14,0x54,0x43760000,0x6002c,0x1c,0x55,
0x53,0x4b,0x54,0x4002b,0xe,0x56,0x10,0x4002b,
0x14,0x57,0x40400000,0x6002c,0x1c,0x58,0x57,0x57,
0x57,0x4002b,0x14,0x59,0x40000000,0x4002b,0x14,0x5a,
0x3f87ae14,0x4002b,0x14,0x5b,0x3f5eb852,0x6002c,0x1c,0x5c,
0x5a,0x15,0x5b,0x4002b,0x14,0x5d,0x3d0f5c29,0x4002b,
0x14,0x5e,0x3c75c28f,0x4002b,0x14,0x5f,0x3ccccccd,0x6002c,
0x1c,0x60,0x5d,0x5e,0x5f,0x4002b,0xe,0x61,
0x64,0x40017,0x62,0x14,0x4,0x4001c,0xd,0x62,
0x41,0x40018,0x63,0x62,0x4,0x40017,0x64,0xe,
0x4,0x5001e,0xb,0xd,0x63,0x64,0x40020,0x65,
0x9,0xb,0x40020,0x66,0x1,0x62,0x40020,0x67,
0x1,0xe,0x40017,0x68,0x14,0x2,0x40020,0x69,
0x1,0x68,0x40020,0x6a,0x1,0x64,0x40020,0x6b,
0x3,0x62,0x20013,0x6c,0x30021,0x6d,0x6c,0x40017,
0x6e,0xe,0x2,0x40020,0x6f,0x9,0x64,0x40020,
0x70,0x7,0x1c,0x4002b,0xe,0x71,0x5,0x4001c,
0x72,0x1c,0x71,0x40020,0x73,0x7,0x72,0x4003b,
0x65,0xc,0x9,0x4003b,0x66,0x3,0x1,0x4003b,
0x66,0x4,0x1,0x4003b,0x66,0x5,0x1,0x4003b,
0x67,0x6,0x1,0x4003b,0x67,0x7,0x1,0x4003b,
0x6a,0x8,0x1,0x4003b,0x69,0x9,0x1,0x4003b,
0x6b,0xa,0x3,0x8002c,0x72,0x74,0x35,0x38,
0x3b,0x3e,0x40,0x4002b,0x14,0x75,0x3b800000,0x6002c,
0x1c,0x76,0x1e,0x1e,0x1e,0x4002b,0x14,0x77,
0x3e4ccccd,0x6002c,0x1c,0x78,0x77,0x77,0x77,0x4002b,
0x14,0x79,0x3e000000,0x6002c,0x1c,0x7a,0x79,0x79,
0x79,0x4002b,0x14,0x7b,0x3a124925,0x4002b,0x14,0x7c,
0x3b99999a,0x4002b,0x14,0x7d,0x3a800000,0x4002b,0x14,0x7e,
0x3c7f0000,0x6002c,0x1c,0x7f,0x75,0x75,0x75,0x4002b,
0x14,0x80,0x3c23d70a,0x50036,0x6c,0x2,0x0,0x6d,
0x200f8,0x81,0x4003b,0x73,0x82,0x7,0x4003d,0x62,
0x83,0x3,0x4003d,0x62,0x84,0x4,0x4003d,0x62,
0x85,0x5,0x4003d,0xe,0x86,0x6,0x4003d,0xe,
0x87,0x7,0x4003d,0x64,0x88,0x8,0x4003d,0x68,
0x89,0x9,0x300f7,0x8a,0x0,0x300fb,0x10,0x8b,
0x200f8,0x8b,0x500aa,0x12,0x8c,0x87,0x10,0x300f7,
0x8d,0x0,0x400fa,0x8c,0x8e,0x8d,0x200f8,0x8e,
0x100fc,0x200f8,0x8d,0x50051,0xe,0x8f,0x88,0x3,
0x500c7,0xe,0x90,0x8f,0x11,0x500ab,0x12,0x91,
0x90,0x10,0x300f7,0x92,0x0,0x400fa,0x91,0x93,
0x92,0x200f8,0x93,0x50094,0x14,0x94,0x89,0x89,
0x500ba,0x12,0x95,0x94,0x15,0x200f9,0x92,0x200f8,
0x92,0x700f5,0x12,0x96,0x13,0x8d,0x95,0x93,
0x300f7,0x97,0x0,0x400fa,0x96,0x98,0x97,0x200f8,
0x98,0x100fc,0x200f8,0x97,0x500ab,0x12,0x99,0x86,
0x10,0x300f7,0x9a,0x0,0x400fa,0x99,0x9b,0x9a,
0x200f8,0x9b,0x7004f,0x68,0x9c,0x83,0x83,0x0,
0x1,0x4006d,0x6e,0x9d,0x9c,0x50050,0x6e,0x9e,
0x86,0x86,0x50086,0x6e,0x9f,0x9d,0x9e,0x50051,
0xe,0xa0,0x9f,0x0,0x50051,0xe,0xa1,0x9f,
0x1,0x500c6,0xe,0xa2,0xa0,0xa1,0x500c7,0xe,
0xa3,0xa2,0x16,0x500ab,0x12,0xa4,0xa3,0x10,
0x300f7,0xa5,0x0,0x400fa,0xa4,0xa6,0xa5,0x200f8,
0xa6,0x200f9,0x8a,0x200f8,0xa5,0x200f9,0x9a,0x200f8,
0x9a,0x200f9,0x8a,0x200f8,0x8a,0x700f5,0x62,0xa7,
0x85,0xa6,0x84,0x9a,0x50041,0x6f,0xa8,0xc,
0x17,0x4003d,0x64,0xa9,0xa8,0x300f7,0xaa,0x0,
0x300fb,0x10,0xab,0x200f8,0xab,0x50051,0xe,0xac,
0xa9,0x0,0x500ab,0x12,0xad,0xac,0x10,0x300f7,
0xae,0x0,0x400fa,0xad,0xaf,0xae,0x200f8,0xaf,
0x50051,0xe,0xb0,0xa9,0x1,0x500aa,0x12,0xb1,
0xb0,0x10,0x200f9,0xae,0x200f8,0xae,0x700f5,0x12,
0xb2,0x18,0xab,0xb1,0xaf,0x300f7,0xb3,0x0,
0x400fa,0xb2,0xb4,0xb3,0x200f8,0xb4,0x200f9,0xaa,
0x200f8,0xb3,0x8004f,0x1c,0xb5,0xa7,0xa7,0x0,
0x1,0x2,0x50094,0x14,0xb6,0xb5,0x1d,0x50085,
0x14,0xb7,0xb6,0x75,0x500aa,0x12,0xb8,0xac,
0x16,0x300f7,0xb9,0x0,0x400fa,0xb8,0xba,0xbb,
0x200f8,0xba,0x50051,0x14,0xbc,0xa7,0x0,0x50051,
0x14,0xbd,0xa7,0x1,0x7000c,0x14,0xbe,0x1,
0x50,0xbc,0xbd,0x50051,0x14,0xbf,0xa7,0x2,
0x7000c,0x14,0xc0,0x1,0x50,0xbf,0x1e,0x7000c,
0x14,0xc1,0x1,0x50,0xbe,0xc0,0x50085,0x14,
0xc2,0xc1,0x1f,0x50081,0x14,0xc3,0xc2,0x20,
0x6000c,0x14,0xc4,0x1,0x8,0xc3,0x50085,0x14,
0xc5,0xc4,0x77,0x7000c,0x14,0xc6,0x1,0x4f,
0x15,0xc5,0x50088,0x14,0xc7,0xc6,0xc1,0x5008e,
0x1c,0xc8,0xb5,0xc7,0x200f9,0xb9,0x200f8,0xbb,
0x500aa,0x12,0xc9,0xac,0x21,0x300f7,0xca,0x0,
0x400fa,0xc9,0xcb,0xcc,0x200f8,0xcb,0x60050,0x1c,
0xcd,0xb7,0xb7,0xb7,0x200f9,0xca,0x200f8,0xcc,
0x500aa,0x12,0xce,0xac,0x22,0x300f7,0xcf,0x0,
0x400fa,0xce,0xd0,0xd1,0x200f8,0xd0,0x50094,0x14,
0xd2,0xb5,0x26,0x50094,0x14,0xd3,0xb5,0x2a,
0x50094,0x14,0xd4,0xb5,0x2e,0x60050,0x1c,0xd5,
0xd2,0xd3,0xd4,0x50085,0x1c,0xd6,0xd5,0x7f,
0x8000c,0x1c,0xd7,0x1,0x2b,0xd6,0x30,0x31,
0x200f9,0xcf,0x200f8,0xd1,0x500aa,0x12,0xd8,0xac,
0x32,0x300f7,0xd9,0x0,0x400fa,0xd8,0xda,0xdb,
0x200f8,0xda,0x3003e,0x82,0x74,0x50085,0x14,0xdc,
0xb6,0x7e,0x4006d,0xe,0xdd,0xdc,0x7000c,0xe,
0xde,0x1,0x26,0xdd,0x41,0x50041,0x70,0xdf,
0x82,0xde,0x4003d,0x1c,0xe0,0xdf,0x50080,0xe,
0xe1,0xde,0x16,0x50041,0x70,0xe2,0x82,0xe1,
0x4003d,0x1c,0xe3,0xe2,0x40070,0x14,0xe4,0xde,
0x50083,0x14,0xe5,0xdc,0xe4,0x60050,0x1c,0xe6,
0xe5,0xe5,0xe5,0x8000c,0x1c,0xe7,0x1,0x2e,
0xe0,0xe3,0xe6,0x50085,0x1c,0xe8,0xe7,0x76,
0x200f9,0xd9,0x200f8,0xdb,0x500aa,0x12,0xe9,0xac,
0x42,0x300f7,0xea,0x0,0x400fa,0xe9,0xeb,0xec,
0x200f8,0xeb,0x50085,0x14,0xed,0xb6,0x7b,0x50085,
0x14,0xee,0xb6,0x7c,0x50081,0x14,0xef,0x43,
0xee,0x50085,0x14,0xf0,0xb6,0x7d,0x60050,0x1c,
0xf1,0xed,0xef,0xf0,0x8000c,0x1c,0xf2,0x1,
0x2b,0xf1,0x30,0x31,0x200f9,0xea,0x200f8,0xec,
0x500aa,0x12,0xf3,0xac,0x44,0x300f7,0xf4,0x0,
0x400fa,0xf3,0xf5,0xf6,0x200f8,0xf5,0x5008e,0x1c,
0xf7,0xb5,0x1f,0x50085,0x1c,0xf8,0xf7,0x7a,
0x50081,0x1c,0xf9,0x46,0xf8,0x200f9,0xf4,0x200f8,
0xf6,0x500aa,0x12,0xfa,0xac,0x47,0x300f7,0xfb,
0x0,0x400fa,0xfa,0xfc,0xfd,0x200f8,0xfc,0x60050,
0x1c,0xfe,0xb7,0xb7,0xb7,0x8000c,0x1c,0xff,
0x1,0x2e,0x4a,0x4d,0xfe,0x50085,0x1c,0x100,
0xff,0x76,0x200f9,0xfb,0x200f8,0xfd,0x500aa,0x12,
0x101,0xac,0x4e,0x300f7,0x102,0x0,0x400fa,0x101,
0x103,0x104,0x200f8,0x103,0x8000c,0x1c,0x105,0x1,
0x2b,0xb5,0x30,0x31,0x5008e,0x1c,0x106,0x105,
0x1f,0x50081,0x1c,0x107,0x106,0x4f,0x6000c,0x1c,
0x108,0x1,0x8,0x107,0x50085,0x1c,0x109,0x108,
0x78,0x200f9,0x102,0x200f8,0x104,0x500aa,0x12,0x10a,
0xac,0x50,0x300f7,0x10b,0x0,0x400fa,0x10a,0x10c,
0x10d,0x200f8,0x10c,0x60050,0x1c,0x10e,0xb7,0xb7,
0xb7,0x8000c,0x1c,0x10f,0x1,0x2e,0x52,0x55,
0x10e,0x50085,0x1c,0x110,0x10f,0x76,0x200f9,0x10b,
0x200f8,0x10d,0x500aa,0x12,0x111,0xac,0x56,0x300f7,
0x112,0x0,0x400fa,0x111,0x113,0x112,0x200f8,0x113,
0x50085,0x1c,0x114,0xb5,0xb5,0x5008e,0x1c,0x115,
0xb5,0x59,0x50083,0x1c,0x116,0x58,0x115,0x50085,
0x1c,0x117,0x114,0x116,0x50085,0x1c,0x118,0x117,
0x5c,0x50081,0x1c,0x119,0x118,0x60,0x8000c,0x1c,
0x11a,0x1,0x2b,0x119,0x30,0x31,0x200f9,0x112,
0x200f8,0x112,0x700f5,0x1c,0x11b,0xb5,0x10d,0x11a,
0x113,0x200f9,0x10b,0x200f8,0x10b,0x700f5,0x1c,0x11c,
0x110,0x10c,0x11b,0x112,0x200f9,0x102,0x200f8,0x102,
0x700f5,0x1c,0x11d,0x109,0x103,0x11c,0x10b,0x200f9,
0xfb,0x200f8,0xfb,0x700f5,0x1c,0x11e,0x100,0xfc,
0x11d,0x102,0x200f9,0xf4,0x200f8,0xf4,0x700f5,0x1c,
0x11f,0xf9,0xf5,0x11e,0xfb,0x200f9,0xea,0x200f8,
0xea,0x700f5,0x1c,0x120,0xf2,0xeb,0x11f,0xf4,
0x200f9,0xd9,0x200f8,0xd9,0x700f5,0x1c,0x121,0xe8,
0xda,0x120,0xea,0x200f9,0xcf,0x200f8,0xcf,0x700f5,
0x1c,0x122,0xd7,0xd0,0x121,0xd9,0x200f9,0xca,
0x200f8,0xca,0x700f5,0x1c,0x123,0xcd,0xcb,0x122,
0xcf,0x200f9,0xb9,0x200f8,0xb9,0x700f5,0x1c,0x124,
0xc8,0xba,0x123,0xca,0x50051,0xe,0x125,0xa9,
0x1,0x7000c,0xe,0x126,0x1,0x26,0x125,0x61,
0x40070,0x14,0x127,0x126,0x50085,0x14,0x128,0x127,
0x80,0x60050,0x1c,0x129,0x128,0x128,0x128,0x8000c,
0x1c,0x12a,0x1,0x2e,0xb5,0x124,0x129,0x50051,
0x14,0x12b,0xa7,0x3,0x50051,0x14,0x12c,0x12a,
0x0,0x50051,0x14,0x12d,0x12a,0x1,0x50051,0x14,
0x12e,0x12a,0x2,0x70050,0x62,0x12f,0x12c,0x12d,
0x12e,0x12b,0x200f9,0xaa,0x200f8,0xaa,0x700f5,0x62,
0x130,0xa7,0xb4,0x12f,0xb9,0x3003e,0xa,0x130,
0x100fd,0x10038
};
inline constexpr std::uint32_t fragment_textured[]={
0x7230203,0x10000,0xe0000,0x1eea,0x0,0x20011,0x1,0x6000b,
0x1,0x4c534c47,0x6474732e,0x3035342e,0x0,0x3000e,0x0,0x1,
0x1b000f,0x4,0x2,0x67617266,0x746e656d,0x7865745f,0x65727574,0x616d5f64,
0x6e69,0x3,0x4,0x5,0x6,0x7,0x8,0x9,
0xa,0xb,0xc,0xd,0xe,0xf,0x10,0x11,
0x12,0x13,0x14,0x30010,0x2,0x7,0x30003,0x5,
0x258,0x90005,0x15,0x65707974,0x6e6f432e,0x6e617473,0x66754274,0x2e726566,
0x656d6143,0x6172,0x60006,0x15,0x0,0x77656976,0x776f725f,0x73,
0x60006,0x15,0x1,0x6a6f7270,0x69746365,0x6e6f,0x50006,0x15,
0x2,0x65666665,0x737463,0x40005,0x16,0x656d6163,0x6172,0x90005,
0x17,0x65707974,0x7274532e,0x75746375,0x42646572,0x65666675,0x69752e72,0x746e,
0x40005,0x18,0x65786574,0x736c,0x60005,0x4,0x762e6e69,0x432e7261,
0x524f4c4f,0x30,0x60005,0x5,0x762e6e69,0x432e7261,0x524f4c4f,0x31,
0x70005,0x6,0x762e6e69,0x542e7261,0x4f435845,0x3044524f,0x0,0x70005,
0x7,0x762e6e69,0x542e7261,0x4f435845,0x3144524f,0x0,0x70005,0x8,
0x762e6e69,0x542e7261,0x4f435845,0x3244524f,0x0,0x70005,0x9,0x762e6e69,
0x542e7261,0x4f435845,0x3344524f,0x0,0x70005,0xa,0x762e6e69,0x542e7261,
0x4f435845,0x3444524f,0x0,0x70005,0xb,0x762e6e69,0x542e7261,0x4f435845,
0x3544524f,0x0,0x70005,0xc,0x762e6e69,0x542e7261,0x4f435845,0x3644524f,
0x0,0x70005,0xd,0x762e6e69,0x542e7261,0x4f435845,0x3744524f,0x0,
0x70005,0xe,0x762e6e69,0x542e7261,0x4f435845,0x3844524f,0x0,0x70005,
0xf,0x762e6e69,0x542e7261,0x4f435845,0x3944524f,0x0,0x70005,0x10,
0x762e6e69,0x542e7261,0x4f435845,0x3144524f,0x30,0x70005,0x11,0x762e6e69,
0x542e7261,0x4f435845,0x3144524f,0x31,0x70005,0x12,0x762e6e69,0x542e7261,
0x4f435845,0x3144524f,0x32,0x70005,0x13,0x762e6e69,0x542e7261,0x4f435845,
0x3144524f,0x33,0x70005,0x14,0x2e74756f,0x2e726176,0x545f5653,0x65677261,
0x3074,0x80005,0x2,0x67617266,0x746e656d,0x7865745f,0x65727574,0x616d5f64,
0x6e69,0x40047,0x3,0xb,0xf,0x30047,0x4,0xe,
0x30047,0x5,0xe,0x30047,0x6,0xe,0x30047,0x7,
0xe,0x30047,0x8,0xd,0x30047,0x9,0xe,0x30047,
0xa,0xe,0x30047,0xb,0xe,0x30047,0xe,0xe,
0x30047,0xf,0xe,0x30047,0x10,0xe,0x30047,0x11,
0xe,0x30047,0x12,0xe,0x30047,0x13,0xe,0x40047,
0x4,0x1e,0x0,0x40047,0x5,0x1e,0x1,0x40047,
0x6,0x1e,0x2,0x40047,0x7,0x1e,0x3,0x40047,
0x8,0x1e,0x4,0x40047,0x9,0x1e,0x5,0x40047,
0xa,0x1e,0x6,0x40047,0xb,0x1e,0x7,0x40047,
0xc,0x1e,0x8,0x40047,0xd,0x1e,0x9,0x40047,
0xe,0x1e,0xa,0x40047,0xf,0x1e,0xb,0x40047,
0x10,0x1e,0xc,0x40047,0x11,0x1e,0xd,0x40047,
0x12,0x1e,0xe,0x40047,0x13,0x1e,0xf,0x40047,
0x14,0x1e,0x0,0x40047,0x18,0x22,0x0,0x40047,
0x18,0x21,0x0,0x40047,0x19,0x6,0x10,0x50048,
0x15,0x0,0x23,0x0,0x50048,0x15,0x1,0x23,
0x30,0x50048,0x15,0x1,0x7,0x10,0x40048,0x15,
0x1,0x4,0x50048,0x15,0x2,0x23,0x70,0x30047,
0x15,0x2,0x40047,0x1a,0x6,0x4,0x50048,0x17,
0x0,0x23,0x0,0x40048,0x17,0x0,0x18,0x30047,
0x17,0x3,0x40015,0x1b,0x20,0x0,0x40015,0x1c,
0x20,0x1,0x4002b,0x1b,0x1d,0x0,0x4002b,0x1c,
0x1e,0x3,0x4002b,0x1b,0x1f,0x2001,0x4002b,0x1b,
0x20,0x800000,0x4002b,0x1c,0x21,0x0,0x4002b,0x1b,
0x22,0x9,0x4002b,0x1b,0x23,0xa,0x4002b,0x1b,
0x24,0x4,0x20014,0x25,0x3002a,0x25,0x26,0x30016,
0x27,0x20,0x4002b,0x27,0x28,0x0,0x40017,0x29,
0x27,0x2,0x5002c,0x29,0x2a,0x28,0x28,0x30029,
0x25,0x2b,0x4002b,0x1b,0x2c,0x1,0x40017,0x2d,
0x1b,0x2,0x5002c,0x2d,0x2e,0x2c,0x2c,0x4002b,
0x1b,0x2f,0x8,0x4002b,0x1c,0x30,0x1,0x4002b,
0x1b,0x31,0x2,0x4002b,0x1b,0x32,0x1f,0x4002b,
0x1b,0x33,0x3,0x4002b,0x1b,0x34,0xff,0x4002b,
0x1c,0x35,0x2,0x4002b,0x1b,0x36,0xb,0x4002b,
0x1b,0x37,0x10,0x4002b,0x27,0x38,0x437f0000,0x40017,
0x39,0x27,0x4,0x4002b,0x27,0x3a,0x3d25aee6,0x40017,
0x3b,0x27,0x3,0x6002c,0x3b,0x3c,0x3a,0x3a,
0x3a,0x4002b,0x27,0x3d,0x3d6147ae,0x6002c,0x3b,0x3e,
0x3d,0x3d,0x3d,0x4002b,0x27,0x3f,0x4019999a,0x6002c,
0x3b,0x40,0x3f,0x3f,0x3f,0x4002b,0x1b,0x41,
0x10000,0x4002b,0x1b,0x42,0x80000000,0x4002b,0x1b,0x43,
0xffff,0x4002b,0x1c,0x44,0x10,0x4002b,0x1c,0x45,
0x1f,0x4002b,0x1b,0x46,0xf,0x4002b,0x1c,0x47,
0xffffffff,0x4002b,0x1c,0x48,0xfffffffe,0x4002b,0x1c,0x49,
0xfffffffd,0x4002b,0x1b,0x4a,0x18,0x4002b,0x1b,0x4b,
0x17,0x4002b,0x1b,0x4c,0xc,0x4002b,0x1b,0x4d,
0xd,0x4002b,0x1b,0x4e,0x20,0x4002b,0x1b,0x4f,
0x100000,0x4002b,0x1b,0x50,0x16,0x4002b,0x1b,0x51,
0x6,0x4002b,0x1b,0x52,0x5,0x4002b,0x1b,0x53,
0x200000,0x4002b,0x1b,0x54,0x400,0x4002b,0x27,0x55,
0x41800000,0x5002c,0x29,0x56,0x55,0x55,0x4002b,0x1b,
0x57,0x8000,0x4002b,0x1b,0x58,0x200,0x40017,0x59,
0x1c,0x2,0x5002c,0x59,0x5a,0x21,0x21,0x4002b,
0x1c,0x5b,0xe0,0x4002b,0x1c,0x5c,0xc0,0x4002b,
0x1b,0x5d,0x100,0x4002b,0x1b,0x5e,0x40000000,0x4002b,
0x1b,0x5f,0x20000000,0x4002b,0x27,0x60,0x3727c5ac,0x4002b,
0x27,0x61,0x3da3d70a,0x4002b,0x27,0x62,0x3f220c4a,0x4002b,
0x27,0x63,0x40124925,0x4002b,0x27,0x64,0x3b03126f,0x4002b,
0x27,0x65,0x3f7f7cee,0x4002b,0x27,0x66,0x40400000,0x4002b,
0x27,0x67,0x3f800000,0x4002b,0x27,0x68,0x3a83126f,0x4002b,
0x27,0x69,0x3f000000,0x5002c,0x29,0x6a,0x69,0x69,
0x4002b,0x27,0x6b,0x3eeb851f,0x4002b,0x27,0x6c,0x40000000,
0x4002b,0x27,0x6d,0x3e3851ec,0x4002b,0x27,0x6e,0x3ccccccd,
0x4002b,0x27,0x6f,0x3e991687,0x4002b,0x27,0x70,0x3f1645a2,
0x4002b,0x27,0x71,0x3de978d5,0x6002c,0x3b,0x72,0x6f,
0x70,0x71,0x4002b,0x27,0x73,0x41600000,0x4002b,0x27,
0x74,0x430c0000,0x4002b,0x27,0x75,0x3b808081,0x4002b,0x27,
0x76,0x40e00000,0x4002b,0x27,0x77,0x40800000,0x4002b,0x27,
0x78,0x3f4ccccd,0x4002b,0x27,0x79,0x3e4ccccd,0x4002b,0x27,
0x7a,0x41500000,0x4002b,0x1b,0x7b,0xe,0x4002b,0x1b,
0x7c,0x7,0x6002c,0x3b,0x7d,0x28,0x28,0x28,
0x6002c,0x3b,0x7e,0x67,0x67,0x67,0x40017,0x7f,
0x1b,0x3,0x6002c,0x7f,0x80,0x46,0x46,0x46,
0x4002b,0x1b,0x81,0x40,0x4002b,0x1b,0x82,0x80,
0x4002b,0x1b,0x83,0x2000,0x4002b,0x1b,0x84,0x1000,
0x4002b,0x1c,0x85,0x7,0x4002b,0x1b,0x86,0x8000000,
0x4002b,0x27,0x87,0x43d40000,0x4002b,0x27,0x88,0x43c80000,
0x4002b,0x27,0x89,0x43c00000,0x4002b,0x27,0x8a,0x42200000,
0x4002b,0x27,0x8b,0x41700000,0x4002b,0x27,0x8c,0x42a00000,
0x4002b,0x27,0x8d,0x38d1b717,0x4002b,0x27,0x8e,0x43000000,
0x4002b,0x27,0x8f,0x44000000,0x4002b,0x27,0x90,0x3d3851ec,
0x7002c,0x39,0x91,0x28,0x28,0x28,0x67,0x4002b,
0x27,0x92,0x42000000,0x4002b,0x27,0x93,0x41300000,0x6002c,
0x3b,0x94,0x93,0x93,0x93,0x4002b,0x27,0x95,
0x41b80000,0x6002c,0x3b,0x96,0x95,0x95,0x95,0x4002b,
0x27,0x97,0x42140000,0x6002c,0x3b,0x98,0x97,0x97,
0x97,0x4002b,0x27,0x99,0x400851ec,0x4002b,0x27,0x9a,
0x40e9999a,0x6002c,0x3b,0x9b,0x9a,0x9a,0x9a,0x4002b,
0x27,0x9c,0x3e800000,0x4002b,0x27,0x9d,0x408bd70a,0x4002b,
0x27,0x9e,0x40833333,0x6002c,0x3b,0x9f,0x9e,0x9e,
0x9e,0x4002b,0x27,0xa0,0x3e19999a,0x4002b,0x27,0xa1,
0x410b5c29,0x4002b,0x27,0xa2,0x419d999a,0x6002c,0x3b,0xa3,
0xa2,0xa2,0xa2,0x4002b,0x27,0xa4,0x3dcccccd,0x4002b,
0x27,0xa5,0x429a0000,0x4002b,0x27,0xa6,0x43160000,0x4002b,
0x27,0xa7,0x41e80000,0x6002c,0x3b,0xa8,0xa5,0xa6,
0xa7,0x4002b,0x27,0xa9,0x43800000,0x4002b,0x27,0xaa,
0x40a00000,0x4002b,0x27,0xab,0x42ca0000,0x4002b,0x27,0xac,
0x43450000,0x4002b,0x27,0xad,0x42400000,0x6002c,0x3b,0xae,
0xab,0xac,0xad,0x4002b,0x27,0xaf,0x42b20000,0x4002b,
0x27,0xb0,0x43300000,0x4002b,0x27,0xb1,0x422c0000,0x6002c,
0x3b,0xb2,0xaf,0xb0,0xb1,0x4002b,0x27,0xb3,
0x428c0000,0x4002b,0x27,0xb4,0x43090000,0x4002b,0x27,0xb5,
0x42080000,0x6002c,0x3b,0xb6,0xb3,0xb4,0xb5,0x4002b,
0x27,0xb7,0x41000000,0x6002c,0x3b,0xb8,0xb7,0xaa,
0x8a,0x4002b,0x27,0xb9,0x42820000,0x4002b,0x27,0xba,
0x41a00000,0x6002c,0x3b,0xbb,0xb9,0xba,0xa6,0x4002b,
0x27,0xbc,0x435c0000,0x4002b,0x27,0xbd,0x41f00000,0x6002c,
0x3b,0xbe,0xbc,0xbd,0xb3,0x6002c,0x3b,0xbf,
0x38,0xa6,0x8b,0x4002b,0x27,0xc0,0x43520000,0x6002c,
0x3b,0xc1,0x38,0x38,0xc0,0x4002b,0x27,0xc2,
0x3dc0c0c1,0x4002b,0x27,0xc3,0x3ec0c0c1,0x6002c,0x3b,0xc4,
0xc3,0xc3,0xc3,0x4002b,0x27,0xc5,0x425c0000,0x4002b,
0x27,0xc6,0x42c80000,0x6002c,0x3b,0xc7,0xc5,0xb7,
0xc6,0x4002b,0x27,0xc8,0x437a0000,0x4002b,0x27,0xc9,
0x43750000,0x6002c,0x3b,0xca,0xb3,0xc8,0xc9,0x6002c,
0x3b,0xcb,0x69,0x69,0x69,0x4002b,0x27,0xcc,
0x41c00000,0x6002c,0x3b,0xcd,0xb7,0xcc,0xb9,0x4002b,
0x27,0xce,0x43600000,0x4002b,0x27,0xcf,0x43760000,0x6002c,
0x3b,0xd0,0xce,0xc8,0xcf,0x6002c,0x3b,0xd1,
0x66,0x66,0x66,0x4002b,0x27,0xd2,0x3f87ae14,0x4002b,
0x27,0xd3,0x3f5eb852,0x6002c,0x3b,0xd4,0xd2,0x67,
0xd3,0x4002b,0x27,0xd5,0x3d0f5c29,0x4002b,0x27,0xd6,
0x3c75c28f,0x6002c,0x3b,0xd7,0xd5,0xd6,0x6e,0x4002b,
0x1b,0xd8,0x64,0x6002c,0x7f,0xd9,0x1d,0x52,
0x23,0x6002c,0x7f,0xda,0x32,0x32,0x32,0x6002c,
0x7f,0xdb,0x33,0x33,0x33,0x6002c,0x7f,0xdc,
0x31,0x31,0x31,0x4002b,0x1b,0xdd,0x110,0x4002b,
0x1c,0xde,0x8,0x4002b,0x27,0xdf,0x42e00000,0x4002b,
0x1b,0xe0,0x10000000,0x4002b,0x1c,0xe1,0x40,0x4002b,
0x1c,0xe2,0x20,0x4002b,0x27,0xe3,0x435f0000,0x4002b,
0x27,0xe4,0x3c23d70a,0x4002b,0x27,0xe5,0xc3800000,0x7002c,
0x39,0xe6,0x28,0x28,0x28,0x28,0x4002b,0x1c,
0xe7,0x100,0x4002b,0x1b,0xe8,0x4000,0x4002b,0x1c,
0xe9,0xdf,0x4002b,0x1b,0xea,0x9e3779b9,0x4002b,0x1b,
0xeb,0x85ebca6b,0x4002b,0x1b,0xec,0x7feb352d,0x4002b,0x1b,
0xed,0x150,0x4002b,0x1b,0xee,0x188,0x4002b,0x1b,
0xef,0x140,0x4002b,0x1b,0xf0,0x180,0x4002b,0x1b,
0xf1,0x7f,0x4002b,0x1b,0xf2,0x1000000,0x4002b,0x1c,
0xf3,0x200,0x4002b,0x1b,0xf4,0x158,0x4002b,0x1b,
0xf5,0x168,0x4002b,0x1b,0xf6,0x2000000,0x4002b,0x1b,
0xf7,0x160,0x4002b,0x1b,0xf8,0xc0,0x4002b,0x1b,
0xf9,0x4000000,0x4002b,0x1b,0xfa,0x1b8,0x4002b,0x1c,
0xfb,0xd0,0x4002b,0x1b,0xfc,0xd0,0x4002b,0x1b,
0xfd,0x108,0x4002b,0x1c,0xfe,0x80,0x4002b,0x1c,
0xff,0x400,0x4002b,0x1c,0x100,0x800,0x4002b,0x1b,
0x101,0x3ff,0x4002b,0x1b,0x102,0x120,0x4002b,0x1b,
0x103,0x51,0x4002b,0x1b,0x104,0x5f,0x4002b,0x1b,
0x105,0x130,0x4002b,0x1b,0x106,0x56,0x4002b,0x1b,
0x107,0x58,0x4002b,0x1b,0x108,0x70,0x4002b,0x1b,
0x109,0x90,0x4002b,0x1b,0x10a,0x30,0x4002b,0x1b,
0x10b,0x50,0x4002b,0x1b,0x10c,0x60,0x4002b,0x1b,
0x10d,0x78,0x4002b,0x1b,0x10e,0x98,0x4002b,0x1b,
0x10f,0x28,0x4002b,0x1b,0x110,0xb0,0x4002b,0x1b,
0x111,0xc8,0x4002b,0x1b,0x112,0x178,0x4002b,0x1b,
0x113,0x198,0x4002b,0x1b,0x114,0xa0,0x4002b,0x1b,
0x115,0x1b0,0x4002b,0x1b,0x116,0x1d0,0x4002b,0x1b,
0x117,0xa8,0x4002b,0x1b,0x118,0x1f0,0x4002b,0x1b,
0x119,0xd8,0x4002b,0x1b,0x11a,0xf8,0x4002b,0x1b,
0x11b,0x170,0x4002b,0x1b,0x11c,0x1c0,0x4002b,0x1b,
0x11d,0x128,0x4002b,0x1b,0x11e,0x148,0x4002b,0x1b,
0x11f,0x190,0x4002b,0x1b,0x120,0xb8,0x4002b,0x1b,
0x121,0x1d8,0x4002b,0x1b,0x122,0x1a0,0x4002b,0x1b,
0x123,0xe8,0x4002b,0x1b,0x124,0x88,0x4002b,0x1b,
0x125,0x138,0x4002b,0x1b,0x126,0xffffff,0x40017,0x127,
0x1c,0x3,0x6002c,0x127,0x128,0x30,0x21,0x21,
0x6002c,0x127,0x129,0x21,0x30,0x21,0x6002c,0x127,
0x12a,0x30,0x30,0x21,0x6002c,0x127,0x12b,0x21,
0x21,0x30,0x6002c,0x127,0x12c,0x30,0x21,0x30,
0x6002c,0x127,0x12d,0x21,0x30,0x30,0x6002c,0x127,
0x12e,0x30,0x30,0x30,0x5002c,0x59,0x12f,0x30,
0x21,0x5002c,0x59,0x130,0x21,0x30,0x5002c,0x59,
0x131,0x30,0x30,0x4002b,0x1c,0x132,0x1fff,0x4002b,
0x1b,0x133,0x2fa0,0x4002b,0x1b,0x134,0x1fff,0x4002b,
0x1c,0x135,0xfff,0x4002b,0x1c,0x136,0x2000,0x4002b,
0x27,0x137,0xc0000000,0x4002b,0x27,0x138,0x3f600000,0x4002b,
0x1b,0x139,0x5f356495,0x4002b,0x1b,0x13a,0xe336beb9,0x4002b,
0x1b,0x13b,0xa6d23e7f,0x4002b,0x1b,0x13c,0x85ebca77,0x4002b,
0x1b,0x13d,0xc2b2ae3d,0x4001c,0x19,0x39,0x33,0x40018,
0x13e,0x39,0x4,0x40017,0x13f,0x1b,0x4,0x5001e,
0x15,0x19,0x13e,0x13f,0x40020,0x140,0x9,0x15,
0x3001d,0x1a,0x1b,0x3001e,0x17,0x1a,0x40020,0x141,
0x2,0x17,0x40020,0x142,0x1,0x39,0x40020,0x143,
0x1,0x1b,0x40020,0x144,0x1,0x29,0x40020,0x145,
0x1,0x13f,0x40020,0x146,0x1,0x3b,0x40020,0x147,
0x3,0x39,0x20013,0x148,0x30021,0x149,0x148,0x40020,
0x14a,0x7,0x1b,0x40020,0x14b,0x7,0x1c,0x4001c,
0x14c,0x1c,0x37,0x40020,0x14d,0x7,0x14c,0x40020,
0x14e,0x7,0x13f,0x40020,0x14f,0x2,0x1b,0x40017,
0x150,0x25,0x2,0x40017,0x151,0x25,0x3,0x40020,
0x152,0x7,0x3b,0x40020,0x153,0x9,0x13f,0x4001c,
0x154,0x3b,0x52,0x40020,0x155,0x7,0x154,0x4001c,
0x156,0x1b,0x4e,0x40020,0x157,0x7,0x156,0x40020,
0x158,0x9,0x27,0x4003b,0x140,0x16,0x9,0x4003b,
0x141,0x18,0x2,0x4003b,0x142,0x3,0x1,0x4003b,
0x142,0x4,0x1,0x4003b,0x142,0x5,0x1,0x4003b,
0x143,0x6,0x1,0x4003b,0x143,0x7,0x1,0x4003b,
0x144,0x8,0x1,0x4003b,0x145,0x9,0x1,0x4003b,
0x146,0xa,0x1,0x4003b,0x143,0xb,0x1,0x4003b,
0x144,0xc,0x1,0x4003b,0x146,0xd,0x1,0x4003b,
0x146,0xe,0x1,0x4003b,0x146,0xf,0x1,0x4003b,
0x145,0x10,0x1,0x4003b,0x145,0x11,0x1,0x4003b,
0x145,0x12,0x1,0x4003b,0x145,0x13,0x1,0x4003b,
0x147,0x14,0x3,0x30001,0x39,0x159,0x13002c,0x14c,
0x15a,0x21,0x30,0x35,0x1e,0x1e,0x1e,0x35,
0x30,0x21,0x47,0x48,0x49,0x49,0x49,0x48,
0x47,0x4002b,0x1b,0x15b,0xfffffffc,0x8002c,0x154,0x15c,
0xb8,0xbb,0xbe,0xbf,0xc1,0x7002c,0x39,0x15d,
0x75,0x75,0x75,0x75,0x4002b,0x27,0x15e,0x3d9e8391,
0x6002c,0x3b,0x15f,0x15e,0x15e,0x15e,0x4002b,0x27,
0x160,0x3f72a76f,0x6002c,0x3b,0x161,0x160,0x160,0x160,
0x4002b,0x27,0x162,0x3a800000,0x4002b,0x1b,0x163,0x4110,
0x4002b,0x1b,0x164,0x41f0,0x4002b,0x1c,0x165,0xfffffff8,
0x4002b,0x27,0x166,0x3e000000,0x4002b,0x27,0x167,0x33800001,
0x4002b,0x27,0x168,0x3e124925,0x4002b,0x27,0x169,0x3eaaaaab,
0x6002c,0x3b,0x16a,0x75,0x75,0x75,0x4002b,0x27,
0x16b,0x3f880000,0x4002b,0x27,0x16c,0xbf733333,0x4002b,0x27,
0x16d,0x40200000,0x4002b,0x27,0x16e,0x3fb55556,0x4002b,0x27,
0x16f,0x3c1c09c1,0x4002b,0x27,0x170,0x3b800000,0x6002c,0x3b,
0x171,0x79,0x79,0x79,0x6002c,0x3b,0x172,0x166,
0x166,0x166,0x4002b,0x27,0x173,0x3a124925,0x4002b,0x27,
0x174,0x3b99999a,0x4002b,0x27,0x175,0x3c7f0000,0x6002c,0x3b,
0x176,0x170,0x170,0x170,0x40020,0x177,0x1,0x27,
0x4002b,0x27,0x178,0x44d90fdb,0x5002c,0x29,0x179,0xe5,
0xdf,0x3002e,0x39,0x17a,0x40017,0x17b,0x25,0x4,
0x50036,0x148,0x2,0x0,0x149,0x200f8,0x17c,0x4003b,
0x155,0x17d,0x7,0x4003b,0x157,0x17e,0x7,0x4003b,
0x157,0x17f,0x7,0x4003b,0x14e,0x180,0x7,0x4003b,
0x14e,0x181,0x7,0x4003b,0x14e,0x182,0x7,0x4003b,
0x14e,0x183,0x7,0x4003b,0x14e,0x184,0x7,0x4003b,
0x14e,0x185,0x7,0x4003b,0x14e,0x186,0x7,0x4003b,
0x14e,0x187,0x7,0x4003b,0x14e,0x188,0x7,0x4003b,
0x14e,0x189,0x7,0x4003b,0x14e,0x18a,0x7,0x4003b,
0x14e,0x18b,0x7,0x4003b,0x14d,0x18c,0x7,0x4003d,
0x39,0x18d,0x3,0x4003d,0x39,0x18e,0x4,0x4003d,
0x39,0x18f,0x5,0x4003d,0x1b,0x190,0x6,0x4003d,
0x1b,0x191,0x7,0x4003d,0x29,0x192,0x8,0x4003d,
0x13f,0x193,0x9,0x4003d,0x1b,0x194,0xb,0x4003d,
0x29,0x195,0xc,0x4003d,0x3b,0x196,0xd,0x4003d,
0x3b,0x197,0xe,0x4003d,0x3b,0x198,0xf,0x4003d,
0x13f,0x199,0x10,0x4003d,0x13f,0x19a,0x11,0x4003d,
0x13f,0x19b,0x12,0x4003d,0x13f,0x19c,0x13,0x300f7,
0x19d,0x0,0x300fb,0x1d,0x19e,0x200f8,0x19e,0x500aa,
0x25,0x19f,0x191,0x1d,0x300f7,0x1a0,0x0,0x400fa,
0x19f,0x1a1,0x1a0,0x200f8,0x1a1,0x100fc,0x200f8,0x1a0,
0x50041,0x143,0x1a2,0x9,0x1e,0x4003d,0x1b,0x1a3,
0x1a2,0x500c7,0x1b,0x1a4,0x1a3,0x1f,0x500aa,0x25,
0x1a5,0x1a4,0x1f,0x300f7,0x1a6,0x0,0x400fa,0x1a5,
0x1a7,0x1a6,0x200f8,0x1a7,0x7004f,0x2d,0x1a8,0x193,
0x193,0x1,0x2,0x50080,0x2d,0x1a9,0x1a8,0x2e,
0x40070,0x29,0x1aa,0x1a9,0x50041,0x177,0x1ab,0x5,
0x1e,0x4003d,0x27,0x1ac,0x1ab,0x4006d,0x1b,0x1ad,
0x1ac,0x500aa,0x25,0x1ae,0x1ad,0x24,0x300f7,0x1af,
0x0,0x400fa,0x1ae,0x1b0,0x1b1,0x200f8,0x1b1,0x400cf,
0x29,0x1b2,0x195,0x50085,0x29,0x1b3,0x1b2,0x1aa,
0x6000c,0x27,0x1b4,0x1,0x42,0x1b3,0x400d0,0x29,
0x1b5,0x195,0x50085,0x29,0x1b6,0x1b5,0x1aa,0x6000c,
0x27,0x1b7,0x1,0x42,0x1b6,0x7000c,0x27,0x1b8,
0x1,0x50,0x1b4,0x1b7,0x7000c,0x27,0x1b9,0x1,
0x50,0x1b8,0x67,0x6000c,0x27,0x1ba,0x1,0x1e,
0x1b9,0x60041,0x14f,0x1bb,0x18,0x21,0x2c,0x4003d,
0x1b,0x1bc,0x1bb,0x50082,0x1b,0x1bd,0x1bc,0x2c,
0x40070,0x27,0x1be,0x1bd,0x8000c,0x27,0x1bf,0x1,
0x2b,0x1ba,0x28,0x1be,0x6000c,0x27,0x1c0,0x1,
0x8,0x1bf,0x4006d,0x1b,0x1c1,0x1c0,0x50080,0x1b,
0x1c2,0x1c1,0x2c,0x4003d,0x1b,0x1c3,0x1bb,0x50082,
0x1b,0x1c4,0x1c3,0x2c,0x7000c,0x1b,0x1c5,0x1,
0x26,0x1c2,0x1c4,0x50084,0x1b,0x1c6,0x33,0x1c1,
0x50080,0x1b,0x1c7,0x1c6,0x52,0x60041,0x14f,0x1c8,
0x18,0x21,0x1c7,0x4003d,0x1b,0x1c9,0x1c8,0x40070,
0x27,0x1ca,0x1c9,0x50080,0x1b,0x1cb,0x1c6,0x51,
0x60041,0x14f,0x1cc,0x18,0x21,0x1cb,0x4003d,0x1b,
0x1cd,0x1cc,0x40070,0x27,0x1ce,0x1cd,0x50050,0x29,
0x1cf,0x1ca,0x1ce,0x50085,0x29,0x1d0,0x195,0x1cf,
0x50083,0x29,0x1d1,0x1d0,0x6a,0x6000c,0x29,0x1d2,
0x1,0x8,0x1d1,0x4006e,0x59,0x1d3,0x1d2,0x6000c,
0x29,0x1d4,0x1,0xa,0x1d1,0x50080,0x1b,0x1d5,
0x24,0x1c6,0x4003d,0x1b,0x1d6,0x1c8,0x4007c,0x1c,
0x1d7,0x1d6,0x4003d,0x1b,0x1d8,0x1cc,0x4007c,0x1c,
0x1d9,0x1d8,0x60041,0x14f,0x1da,0x18,0x21,0x31,
0x4003d,0x1b,0x1db,0x1da,0x500ab,0x25,0x1dc,0x1db,
0x1d,0x300f7,0x1dd,0x0,0x400fa,0x1dc,0x1de,0x1df,
0x200f8,0x1df,0x50051,0x1c,0x1e0,0x1d3,0x0,0x50082,
0x1c,0x1e1,0x1d7,0x30,0x8000c,0x1c,0x1e2,0x1,
0x2d,0x1e0,0x21,0x1e1,0x200f9,0x1dd,0x200f8,0x1de,
0x50051,0x1c,0x1e3,0x1d3,0x0,0x5008a,0x1c,0x1e4,
0x1e3,0x1d7,0x50080,0x1c,0x1e5,0x1e4,0x1d7,0x5008a,
0x1c,0x1e6,0x1e5,0x1d7,0x200f9,0x1dd,0x200f8,0x1dd,
0x700f5,0x1c,0x1e7,0x1e6,0x1de,0x1e2,0x1df,0x50051,
0x1c,0x1e8,0x1d3,0x1,0x50082,0x1c,0x1e9,0x1d9,
0x30,0x8000c,0x1c,0x1ea,0x1,0x2d,0x1e8,0x21,
0x1e9,0x60041,0x14f,0x1eb,0x18,0x21,0x1d5,0x4003d,
0x1b,0x1ec,0x1eb,0x50084,0x1c,0x1ed,0x1ea,0x1d7,
0x50080,0x1c,0x1ee,0x1ed,0x1e7,0x4007c,0x1b,0x1ef,
0x1ee,0x50080,0x1b,0x1f0,0x1ec,0x1ef,0x60041,0x14f,
0x1f1,0x18,0x21,0x1f0,0x4003d,0x1b,0x1f2,0x1f1,
0x500c7,0x1b,0x1f3,0x1f2,0x34,0x40070,0x27,0x1f4,
0x1f3,0x500c2,0x1b,0x1f5,0x1f2,0x2f,0x500c7,0x1b,
0x1f6,0x1f5,0x34,0x40070,0x27,0x1f7,0x1f6,0x500c2,
0x1b,0x1f8,0x1f2,0x37,0x500c7,0x1b,0x1f9,0x1f8,
0x34,0x40070,0x27,0x1fa,0x1f9,0x500c2,0x1b,0x1fb,
0x1f2,0x4a,0x40070,0x27,0x1fc,0x1fb,0x70050,0x39,
0x1fd,0x1f4,0x1f7,0x1fa,0x1fc,0x50085,0x39,0x1fe,
0x1fd,0x15d,0x50080,0x59,0x1ff,0x1d3,0x12f,0x4003d,
0x1b,0x200,0x1c8,0x4007c,0x1c,0x201,0x200,0x4003d,
0x1b,0x202,0x1cc,0x4007c,0x1c,0x203,0x202,0x4003d,
0x1b,0x204,0x1da,0x500ab,0x25,0x205,0x204,0x1d,
0x300f7,0x206,0x0,0x400fa,0x205,0x207,0x208,0x200f8,
0x208,0x50051,0x1c,0x209,0x1ff,0x0,0x50082,0x1c,
0x20a,0x201,0x30,0x8000c,0x1c,0x20b,0x1,0x2d,
0x209,0x21,0x20a,0x200f9,0x206,0x200f8,0x207,0x50051,
0x1c,0x20c,0x1ff,0x0,0x5008a,0x1c,0x20d,0x20c,
0x201,0x50080,0x1c,0x20e,0x20d,0x201,0x5008a,0x1c,
0x20f,0x20e,0x201,0x200f9,0x206,0x200f8,0x206,0x700f5,
0x1c,0x210,0x20f,0x207,0x20b,0x208,0x50051,0x1c,
0x211,0x1ff,0x1,0x50082,0x1c,0x212,0x203,0x30,
0x8000c,0x1c,0x213,0x1,0x2d,0x211,0x21,0x212,
0x4003d,0x1b,0x214,0x1eb,0x50084,0x1c,0x215,0x213,
0x201,0x50080,0x1c,0x216,0x215,0x210,0x4007c,0x1b,
0x217,0x216,0x50080,0x1b,0x218,0x214,0x217,0x60041,
0x14f,0x219,0x18,0x21,0x218,0x4003d,0x1b,0x21a,
0x219,0x500c7,0x1b,0x21b,0x21a,0x34,0x40070,0x27,
0x21c,0x21b,0x500c2,0x1b,0x21d,0x21a,0x2f,0x500c7,
0x1b,0x21e,0x21d,0x34,0x40070,0x27,0x21f,0x21e,
0x500c2,0x1b,0x220,0x21a,0x37,0x500c7,0x1b,0x221,
0x220,0x34,0x40070,0x27,0x222,0x221,0x500c2,0x1b,
0x223,0x21a,0x4a,0x40070,0x27,0x224,0x223,0x70050,
0x39,0x225,0x21c,0x21f,0x222,0x224,0x50085,0x39,
0x226,0x225,0x15d,0x50051,0x27,0x227,0x1d4,0x0,
0x70050,0x39,0x228,0x227,0x227,0x227,0x227,0x8000c,
0x39,0x229,0x1,0x2e,0x1fe,0x226,0x228,0x50080,
0x59,0x22a,0x1d3,0x130,0x4003d,0x1b,0x22b,0x1c8,
0x4007c,0x1c,0x22c,0x22b,0x4003d,0x1b,0x22d,0x1cc,
0x4007c,0x1c,0x22e,0x22d,0x4003d,0x1b,0x22f,0x1da,
0x500ab,0x25,0x230,0x22f,0x1d,0x300f7,0x231,0x0,
0x400fa,0x230,0x232,0x233,0x200f8,0x233,0x50051,0x1c,
0x234,0x22a,0x0,0x50082,0x1c,0x235,0x22c,0x30,
0x8000c,0x1c,0x236,0x1,0x2d,0x234,0x21,0x235,
0x200f9,0x231,0x200f8,0x232,0x50051,0x1c,0x237,0x22a,
0x0,0x5008a,0x1c,0x238,0x237,0x22c,0x50080,0x1c,
0x239,0x238,0x22c,0x5008a,0x1c,0x23a,0x239,0x22c,
0x200f9,0x231,0x200f8,0x231,0x700f5,0x1c,0x23b,0x23a,
0x232,0x236,0x233,0x50051,0x1c,0x23c,0x22a,0x1,
0x50082,0x1c,0x23d,0x22e,0x30,0x8000c,0x1c,0x23e,
0x1,0x2d,0x23c,0x21,0x23d,0x4003d,0x1b,0x23f,
0x1eb,0x50084,0x1c,0x240,0x23e,0x22c,0x50080,0x1c,
0x241,0x240,0x23b,0x4007c,0x1b,0x242,0x241,0x50080,
0x1b,0x243,0x23f,0x242,0x60041,0x14f,0x244,0x18,
0x21,0x243,0x4003d,0x1b,0x245,0x244,0x500c7,0x1b,
0x246,0x245,0x34,0x40070,0x27,0x247,0x246,0x500c2,
0x1b,0x248,0x245,0x2f,0x500c7,0x1b,0x249,0x248,
0x34,0x40070,0x27,0x24a,0x249,0x500c2,0x1b,0x24b,
0x245,0x37,0x500c7,0x1b,0x24c,0x24b,0x34,0x40070,
0x27,0x24d,0x24c,0x500c2,0x1b,0x24e,0x245,0x4a,
0x40070,0x27,0x24f,0x24e,0x70050,0x39,0x250,0x247,
0x24a,0x24d,0x24f,0x50085,0x39,0x251,0x250,0x15d,
0x50080,0x59,0x252,0x1d3,0x131,0x4003d,0x1b,0x253,
0x1c8,0x4007c,0x1c,0x254,0x253,0x4003d,0x1b,0x255,
0x1cc,0x4007c,0x1c,0x256,0x255,0x4003d,0x1b,0x257,
0x1da,0x500ab,0x25,0x258,0x257,0x1d,0x300f7,0x259,
0x0,0x400fa,0x258,0x25a,0x25b,0x200f8,0x25b,0x50051,
0x1c,0x25c,0x252,0x0,0x50082,0x1c,0x25d,0x254,
0x30,0x8000c,0x1c,0x25e,0x1,0x2d,0x25c,0x21,
0x25d,0x200f9,0x259,0x200f8,0x25a,0x50051,0x1c,0x25f,
0x252,0x0,0x5008a,0x1c,0x260,0x25f,0x254,0x50080,
0x1c,0x261,0x260,0x254,0x5008a,0x1c,0x262,0x261,
0x254,0x200f9,0x259,0x200f8,0x259,0x700f5,0x1c,0x263,
0x262,0x25a,0x25e,0x25b,0x50051,0x1c,0x264,0x252,
0x1,0x50082,0x1c,0x265,0x256,0x30,0x8000c,0x1c,
0x266,0x1,0x2d,0x264,0x21,0x265,0x4003d,0x1b,
0x267,0x1eb,0x50084,0x1c,0x268,0x266,0x254,0x50080,
0x1c,0x269,0x268,0x263,0x4007c,0x1b,0x26a,0x269,
0x50080,0x1b,0x26b,0x267,0x26a,0x60041,0x14f,0x26c,
0x18,0x21,0x26b,0x4003d,0x1b,0x26d,0x26c,0x500c7,
0x1b,0x26e,0x26d,0x34,0x40070,0x27,0x26f,0x26e,
0x500c2,0x1b,0x270,0x26d,0x2f,0x500c7,0x1b,0x271,
0x270,0x34,0x40070,0x27,0x272,0x271,0x500c2,0x1b,
0x273,0x26d,0x37,0x500c7,0x1b,0x274,0x273,0x34,
0x40070,0x27,0x275,0x274,0x500c2,0x1b,0x276,0x26d,
0x4a,0x40070,0x27,0x277,0x276,0x70050,0x39,0x278,
0x26f,0x272,0x275,0x277,0x50085,0x39,0x279,0x278,
0x15d,0x8000c,0x39,0x27a,0x1,0x2e,0x251,0x279,
0x228,0x50051,0x27,0x27b,0x1d4,0x1,0x70050,0x39,
0x27c,0x27b,0x27b,0x27b,0x27b,0x8000c,0x39,0x27d,
0x1,0x2e,0x229,0x27a,0x27c,0x50084,0x1b,0x27e,
0x33,0x1c5,0x50080,0x1b,0x27f,0x27e,0x52,0x60041,
0x14f,0x280,0x18,0x21,0x27f,0x4003d,0x1b,0x281,
0x280,0x40070,0x27,0x282,0x281,0x50080,0x1b,0x283,
0x27e,0x51,0x60041,0x14f,0x284,0x18,0x21,0x283,
0x4003d,0x1b,0x285,0x284,0x40070,0x27,0x286,0x285,
0x50050,0x29,0x287,0x282,0x286,0x50085,0x29,0x288,
0x195,0x287,0x50083,0x29,0x289,0x288,0x6a,0x6000c,
0x29,0x28a,0x1,0x8,0x289,0x4006e,0x59,0x28b,
0x28a,0x6000c,0x29,0x28c,0x1,0xa,0x289,0x50080,
0x1b,0x28d,0x24,0x27e,0x4003d,0x1b,0x28e,0x280,
0x4007c,0x1c,0x28f,0x28e,0x4003d,0x1b,0x290,0x284,
0x4007c,0x1c,0x291,0x290,0x4003d,0x1b,0x292,0x1da,
0x500ab,0x25,0x293,0x292,0x1d,0x300f7,0x294,0x0,
0x400fa,0x293,0x295,0x296,0x200f8,0x296,0x50051,0x1c,
0x297,0x28b,0x0,0x50082,0x1c,0x298,0x28f,0x30,
0x8000c,0x1c,0x299,0x1,0x2d,0x297,0x21,0x298,
0x200f9,0x294,0x200f8,0x295,0x50051,0x1c,0x29a,0x28b,
0x0,0x5008a,0x1c,0x29b,0x29a,0x28f,0x50080,0x1c,
0x29c,0x29b,0x28f,0x5008a,0x1c,0x29d,0x29c,0x28f,
0x200f9,0x294,0x200f8,0x294,0x700f5,0x1c,0x29e,0x29d,
0x295,0x299,0x296,0x50051,0x1c,0x29f,0x28b,0x1,
0x50082,0x1c,0x2a0,0x291,0x30,0x8000c,0x1c,0x2a1,
0x1,0x2d,0x29f,0x21,0x2a0,0x60041,0x14f,0x2a2,
0x18,0x21,0x28d,0x4003d,0x1b,0x2a3,0x2a2,0x50084,
0x1c,0x2a4,0x2a1,0x28f,0x50080,0x1c,0x2a5,0x2a4,
0x29e,0x4007c,0x1b,0x2a6,0x2a5,0x50080,0x1b,0x2a7,
0x2a3,0x2a6,0x60041,0x14f,0x2a8,0x18,0x21,0x2a7,
0x4003d,0x1b,0x2a9,0x2a8,0x500c7,0x1b,0x2aa,0x2a9,
0x34,0x40070,0x27,0x2ab,0x2aa,0x500c2,0x1b,0x2ac,
0x2a9,0x2f,0x500c7,0x1b,0x2ad,0x2ac,0x34,0x40070,
0x27,0x2ae,0x2ad,0x500c2,0x1b,0x2af,0x2a9,0x37,
0x500c7,0x1b,0x2b0,0x2af,0x34,0x40070,0x27,0x2b1,
0x2b0,0x500c2,0x1b,0x2b2,0x2a9,0x4a,0x40070,0x27,
0x2b3,0x2b2,0x70050,0x39,0x2b4,0x2ab,0x2ae,0x2b1,
0x2b3,0x50085,0x39,0x2b5,0x2b4,0x15d,0x50080,0x59,
0x2b6,0x28b,0x12f,0x4003d,0x1b,0x2b7,0x280,0x4007c,
0x1c,0x2b8,0x2b7,0x4003d,0x1b,0x2b9,0x284,0x4007c,
0x1c,0x2ba,0x2b9,0x4003d,0x1b,0x2bb,0x1da,0x500ab,
0x25,0x2bc,0x2bb,0x1d,0x300f7,0x2bd,0x0,0x400fa,
0x2bc,0x2be,0x2bf,0x200f8,0x2bf,0x50051,0x1c,0x2c0,
0x2b6,0x0,0x50082,0x1c,0x2c1,0x2b8,0x30,0x8000c,
0x1c,0x2c2,0x1,0x2d,0x2c0,0x21,0x2c1,0x200f9,
0x2bd,0x200f8,0x2be,0x50051,0x1c,0x2c3,0x2b6,0x0,
0x5008a,0x1c,0x2c4,0x2c3,0x2b8,0x50080,0x1c,0x2c5,
0x2c4,0x2b8,0x5008a,0x1c,0x2c6,0x2c5,0x2b8,0x200f9,
0x2bd,0x200f8,0x2bd,0x700f5,0x1c,0x2c7,0x2c6,0x2be,
0x2c2,0x2bf,0x50051,0x1c,0x2c8,0x2b6,0x1,0x50082,
0x1c,0x2c9,0x2ba,0x30,0x8000c,0x1c,0x2ca,0x1,
0x2d,0x2c8,0x21,0x2c9,0x4003d,0x1b,0x2cb,0x2a2,
0x50084,0x1c,0x2cc,0x2ca,0x2b8,0x50080,0x1c,0x2cd,
0x2cc,0x2c7,0x4007c,0x1b,0x2ce,0x2cd,0x50080,0x1b,
0x2cf,0x2cb,0x2ce,0x60041,0x14f,0x2d0,0x18,0x21,
0x2cf,0x4003d,0x1b,0x2d1,0x2d0,0x500c7,0x1b,0x2d2,
0x2d1,0x34,0x40070,0x27,0x2d3,0x2d2,0x500c2,0x1b,
0x2d4,0x2d1,0x2f,0x500c7,0x1b,0x2d5,0x2d4,0x34,
0x40070,0x27,0x2d6,0x2d5,0x500c2,0x1b,0x2d7,0x2d1,
0x37,0x500c7,0x1b,0x2d8,0x2d7,0x34,0x40070,0x27,
0x2d9,0x2d8,0x500c2,0x1b,0x2da,0x2d1,0x4a,0x40070,
0x27,0x2db,0x2da,0x70050,0x39,0x2dc,0x2d3,0x2d6,
0x2d9,0x2db,0x50085,0x39,0x2dd,0x2dc,0x15d,0x50051,
0x27,0x2de,0x28c,0x0,0x70050,0x39,0x2df,0x2de,
0x2de,0x2de,0x2de,0x8000c,0x39,0x2e0,0x1,0x2e,
0x2b5,0x2dd,0x2df,0x50080,0x59,0x2e1,0x28b,0x130,
0x4003d,0x1b,0x2e2,0x280,0x4007c,0x1c,0x2e3,0x2e2,
0x4003d,0x1b,0x2e4,0x284,0x4007c,0x1c,0x2e5,0x2e4,
0x4003d,0x1b,0x2e6,0x1da,0x500ab,0x25,0x2e7,0x2e6,
0x1d,0x300f7,0x2e8,0x0,0x400fa,0x2e7,0x2e9,0x2ea,
0x200f8,0x2ea,0x50051,0x1c,0x2eb,0x2e1,0x0,0x50082,
0x1c,0x2ec,0x2e3,0x30,0x8000c,0x1c,0x2ed,0x1,
0x2d,0x2eb,0x21,0x2ec,0x200f9,0x2e8,0x200f8,0x2e9,
0x50051,0x1c,0x2ee,0x2e1,0x0,0x5008a,0x1c,0x2ef,
0x2ee,0x2e3,0x50080,0x1c,0x2f0,0x2ef,0x2e3,0x5008a,
0x1c,0x2f1,0x2f0,0x2e3,0x200f9,0x2e8,0x200f8,0x2e8,
0x700f5,0x1c,0x2f2,0x2f1,0x2e9,0x2ed,0x2ea,0x50051,
0x1c,0x2f3,0x2e1,0x1,0x50082,0x1c,0x2f4,0x2e5,
0x30,0x8000c,0x1c,0x2f5,0x1,0x2d,0x2f3,0x21,
0x2f4,0x4003d,0x1b,0x2f6,0x2a2,0x50084,0x1c,0x2f7,
0x2f5,0x2e3,0x50080,0x1c,0x2f8,0x2f7,0x2f2,0x4007c,
0x1b,0x2f9,0x2f8,0x50080,0x1b,0x2fa,0x2f6,0x2f9,
0x60041,0x14f,0x2fb,0x18,0x21,0x2fa,0x4003d,0x1b,
0x2fc,0x2fb,0x500c7,0x1b,0x2fd,0x2fc,0x34,0x40070,
0x27,0x2fe,0x2fd,0x500c2,0x1b,0x2ff,0x2fc,0x2f,
0x500c7,0x1b,0x300,0x2ff,0x34,0x40070,0x27,0x301,
0x300,0x500c2,0x1b,0x302,0x2fc,0x37,0x500c7,0x1b,
0x303,0x302,0x34,0x40070,0x27,0x304,0x303,0x500c2,
0x1b,0x305,0x2fc,0x4a,0x40070,0x27,0x306,0x305,
0x70050,0x39,0x307,0x2fe,0x301,0x304,0x306,0x50085,
0x39,0x308,0x307,0x15d,0x50080,0x59,0x309,0x28b,
0x131,0x4003d,0x1b,0x30a,0x280,0x4007c,0x1c,0x30b,
0x30a,0x4003d,0x1b,0x30c,0x284,0x4007c,0x1c,0x30d,
0x30c,0x4003d,0x1b,0x30e,0x1da,0x500ab,0x25,0x30f,
0x30e,0x1d,0x300f7,0x310,0x0,0x400fa,0x30f,0x311,
0x312,0x200f8,0x312,0x50051,0x1c,0x313,0x309,0x0,
0x50082,0x1c,0x314,0x30b,0x30,0x8000c,0x1c,0x315,
0x1,0x2d,0x313,0x21,0x314,0x200f9,0x310,0x200f8,
0x311,0x50051,0x1c,0x316,0x309,0x0,0x5008a,0x1c,
0x317,0x316,0x30b,0x50080,0x1c,0x318,0x317,0x30b,
0x5008a,0x1c,0x319,0x318,0x30b,0x200f9,0x310,0x200f8,
0x310,0x700f5,0x1c,0x31a,0x319,0x311,0x315,0x312,
0x50051,0x1c,0x31b,0x309,0x1,0x50082,0x1c,0x31c,
0x30d,0x30,0x8000c,0x1c,0x31d,0x1,0x2d,0x31b,
0x21,0x31c,0x4003d,0x1b,0x31e,0x2a2,0x50084,0x1c,
0x31f,0x31d,0x30b,0x50080,0x1c,0x320,0x31f,0x31a,
0x4007c,0x1b,0x321,0x320,0x50080,0x1b,0x322,0x31e,
0x321,0x60041,0x14f,0x323,0x18,0x21,0x322,0x4003d,
0x1b,0x324,0x323,0x500c7,0x1b,0x325,0x324,0x34,
0x40070,0x27,0x326,0x325,0x500c2,0x1b,0x327,0x324,
0x2f,0x500c7,0x1b,0x328,0x327,0x34,0x40070,0x27,
0x329,0x328,0x500c2,0x1b,0x32a,0x324,0x37,0x500c7,
0x1b,0x32b,0x32a,0x34,0x40070,0x27,0x32c,0x32b,
0x500c2,0x1b,0x32d,0x324,0x4a,0x40070,0x27,0x32e,
0x32d,0x70050,0x39,0x32f,0x326,0x329,0x32c,0x32e,
0x50085,0x39,0x330,0x32f,0x15d,0x8000c,0x39,0x331,
0x1,0x2e,0x308,0x330,0x2df,0x50051,0x27,0x332,
0x28c,0x1,0x70050,0x39,0x333,0x332,0x332,0x332,
0x332,0x8000c,0x39,0x334,0x1,0x2e,0x2e0,0x331,
0x333,0x6000c,0x27,0x335,0x1,0xa,0x1bf,0x70050,
0x39,0x336,0x335,0x335,0x335,0x335,0x8000c,0x39,
0x337,0x1,0x2e,0x27d,0x334,0x336,0x200f9,0x1af,
0x200f8,0x1b0,0x6000c,0x3b,0x338,0x1,0x45,0x196,
0x50051,0x27,0x339,0x338,0x1,0x7004f,0x29,0x33a,
0x338,0x338,0x0,0x2,0x6000c,0x27,0x33b,0x1,
0x42,0x33a,0x7000c,0x27,0x33c,0x1,0x50,0x33b,
0x60,0x7000c,0x27,0x33d,0x1,0x19,0x339,0x33c,
0x500be,0x25,0x33e,0x33d,0x61,0x300f7,0x33f,0x0,
0x400fa,0x33e,0x340,0x33f,0x200f8,0x340,0x100fc,0x200f8,
0x33f,0x50041,0x177,0x341,0xc,0x21,0x4003d,0x27,
0x342,0x341,0x50085,0x27,0x343,0x33d,0x63,0x50083,
0x27,0x344,0x62,0x343,0x8000c,0x27,0x345,0x1,
0x2b,0x344,0x64,0x65,0x50085,0x27,0x346,0x345,
0x169,0x50050,0x29,0x347,0x342,0x346,0x50083,0x27,
0x348,0x67,0x339,0x7000c,0x27,0x349,0x1,0x50,
0x348,0x68,0x50050,0x29,0x34a,0x349,0x349,0x50088,
0x29,0x34b,0x33a,0x34a,0x5008e,0x29,0x34c,0x34b,
0x6b,0x50081,0x29,0x34d,0x6a,0x34c,0x50051,0x27,
0x34e,0x34d,0x1,0x50085,0x27,0x34f,0x6c,0x34e,
0x50081,0x27,0x350,0x67,0x34f,0x50085,0x27,0x351,
0x350,0x169,0x60052,0x29,0x352,0x351,0x34d,0x1,
0x4007f,0x27,0x353,0x33d,0x8000c,0x27,0x354,0x1,
0x31,0x61,0x6d,0x353,0x400cf,0x29,0x355,0x347,
0x50085,0x29,0x356,0x355,0x1aa,0x6000c,0x27,0x357,
0x1,0x42,0x356,0x400d0,0x29,0x358,0x347,0x50085,
0x29,0x359,0x358,0x1aa,0x6000c,0x27,0x35a,0x1,
0x42,0x359,0x7000c,0x27,0x35b,0x1,0x50,0x357,
0x35a,0x7000c,0x27,0x35c,0x1,0x50,0x35b,0x67,
0x6000c,0x27,0x35d,0x1,0x1e,0x35c,0x60041,0x14f,
0x35e,0x18,0x21,0x2c,0x4003d,0x1b,0x35f,0x35e,
0x50082,0x1b,0x360,0x35f,0x2c,0x40070,0x27,0x361,
0x360,0x8000c,0x27,0x362,0x1,0x2b,0x35d,0x28,
0x361,0x6000c,0x27,0x363,0x1,0x8,0x362,0x4006d,
0x1b,0x364,0x363,0x50080,0x1b,0x365,0x364,0x2c,
0x4003d,0x1b,0x366,0x35e,0x50082,0x1b,0x367,0x366,
0x2c,0x7000c,0x1b,0x368,0x1,0x26,0x365,0x367,
0x50084,0x1b,0x369,0x33,0x364,0x50080,0x1b,0x36a,
0x369,0x52,0x60041,0x14f,0x36b,0x18,0x21,0x36a,
0x4003d,0x1b,0x36c,0x36b,0x40070,0x27,0x36d,0x36c,
0x50080,0x1b,0x36e,0x369,0x51,0x60041,0x14f,0x36f,
0x18,0x21,0x36e,0x4003d,0x1b,0x370,0x36f,0x40070,
0x27,0x371,0x370,0x50050,0x29,0x372,0x36d,0x371,
0x50085,0x29,0x373,0x347,0x372,0x50083,0x29,0x374,
0x373,0x6a,0x6000c,0x29,0x375,0x1,0x8,0x374,
0x4006e,0x59,0x376,0x375,0x6000c,0x29,0x377,0x1,
0xa,0x374,0x50080,0x1b,0x378,0x24,0x369,0x4003d,
0x1b,0x379,0x36b,0x4007c,0x1c,0x37a,0x379,0x4003d,
0x1b,0x37b,0x36f,0x4007c,0x1c,0x37c,0x37b,0x60041,
0x14f,0x37d,0x18,0x21,0x31,0x4003d,0x1b,0x37e,
0x37d,0x500ab,0x25,0x37f,0x37e,0x1d,0x300f7,0x380,
0x0,0x400fa,0x37f,0x381,0x382,0x200f8,0x382,0x50051,
0x1c,0x383,0x376,0x0,0x50082,0x1c,0x384,0x37a,
0x30,0x8000c,0x1c,0x385,0x1,0x2d,0x383,0x21,
0x384,0x200f9,0x380,0x200f8,0x381,0x50051,0x1c,0x386,
0x376,0x0,0x5008a,0x1c,0x387,0x386,0x37a,0x50080,
0x1c,0x388,0x387,0x37a,0x5008a,0x1c,0x389,0x388,
0x37a,0x200f9,0x380,0x200f8,0x380,0x700f5,0x1c,0x38a,
0x389,0x381,0x385,0x382,0x50051,0x1c,0x38b,0x376,
0x1,0x50082,0x1c,0x38c,0x37c,0x30,0x8000c,0x1c,
0x38d,0x1,0x2d,0x38b,0x21,0x38c,0x60041,0x14f,
0x38e,0x18,0x21,0x378,0x4003d,0x1b,0x38f,0x38e,
0x50084,0x1c,0x390,0x38d,0x37a,0x50080,0x1c,0x391,
0x390,0x38a,0x4007c,0x1b,0x392,0x391,0x50080,0x1b,
0x393,0x38f,0x392,0x60041,0x14f,0x394,0x18,0x21,
0x393,0x4003d,0x1b,0x395,0x394,0x500c7,0x1b,0x396,
0x395,0x34,0x40070,0x27,0x397,0x396,0x500c2,0x1b,
0x398,0x395,0x2f,0x500c7,0x1b,0x399,0x398,0x34,
0x40070,0x27,0x39a,0x399,0x500c2,0x1b,0x39b,0x395,
0x37,0x500c7,0x1b,0x39c,0x39b,0x34,0x40070,0x27,
0x39d,0x39c,0x500c2,0x1b,0x39e,0x395,0x4a,0x40070,
0x27,0x39f,0x39e,0x70050,0x39,0x3a0,0x397,0x39a,
0x39d,0x39f,0x50085,0x39,0x3a1,0x3a0,0x15d,0x50080,
0x59,0x3a2,0x376,0x12f,0x4003d,0x1b,0x3a3,0x36b,
0x4007c,0x1c,0x3a4,0x3a3,0x4003d,0x1b,0x3a5,0x36f,
0x4007c,0x1c,0x3a6,0x3a5,0x4003d,0x1b,0x3a7,0x37d,
0x500ab,0x25,0x3a8,0x3a7,0x1d,0x300f7,0x3a9,0x0,
0x400fa,0x3a8,0x3aa,0x3ab,0x200f8,0x3ab,0x50051,0x1c,
0x3ac,0x3a2,0x0,0x50082,0x1c,0x3ad,0x3a4,0x30,
0x8000c,0x1c,0x3ae,0x1,0x2d,0x3ac,0x21,0x3ad,
0x200f9,0x3a9,0x200f8,0x3aa,0x50051,0x1c,0x3af,0x3a2,
0x0,0x5008a,0x1c,0x3b0,0x3af,0x3a4,0x50080,0x1c,
0x3b1,0x3b0,0x3a4,0x5008a,0x1c,0x3b2,0x3b1,0x3a4,
0x200f9,0x3a9,0x200f8,0x3a9,0x700f5,0x1c,0x3b3,0x3b2,
0x3aa,0x3ae,0x3ab,0x50051,0x1c,0x3b4,0x3a2,0x1,
0x50082,0x1c,0x3b5,0x3a6,0x30,0x8000c,0x1c,0x3b6,
0x1,0x2d,0x3b4,0x21,0x3b5,0x4003d,0x1b,0x3b7,
0x38e,0x50084,0x1c,0x3b8,0x3b6,0x3a4,0x50080,0x1c,
0x3b9,0x3b8,0x3b3,0x4007c,0x1b,0x3ba,0x3b9,0x50080,
0x1b,0x3bb,0x3b7,0x3ba,0x60041,0x14f,0x3bc,0x18,
0x21,0x3bb,0x4003d,0x1b,0x3bd,0x3bc,0x500c7,0x1b,
0x3be,0x3bd,0x34,0x40070,0x27,0x3bf,0x3be,0x500c2,
0x1b,0x3c0,0x3bd,0x2f,0x500c7,0x1b,0x3c1,0x3c0,
0x34,0x40070,0x27,0x3c2,0x3c1,0x500c2,0x1b,0x3c3,
0x3bd,0x37,0x500c7,0x1b,0x3c4,0x3c3,0x34,0x40070,
0x27,0x3c5,0x3c4,0x500c2,0x1b,0x3c6,0x3bd,0x4a,
0x40070,0x27,0x3c7,0x3c6,0x70050,0x39,0x3c8,0x3bf,
0x3c2,0x3c5,0x3c7,0x50085,0x39,0x3c9,0x3c8,0x15d,
0x50051,0x27,0x3ca,0x377,0x0,0x70050,0x39,0x3cb,
0x3ca,0x3ca,0x3ca,0x3ca,0x8000c,0x39,0x3cc,0x1,
0x2e,0x3a1,0x3c9,0x3cb,0x50080,0x59,0x3cd,0x376,
0x130,0x4003d,0x1b,0x3ce,0x36b,0x4007c,0x1c,0x3cf,
0x3ce,0x4003d,0x1b,0x3d0,0x36f,0x4007c,0x1c,0x3d1,
0x3d0,0x4003d,0x1b,0x3d2,0x37d,0x500ab,0x25,0x3d3,
0x3d2,0x1d,0x300f7,0x3d4,0x0,0x400fa,0x3d3,0x3d5,
0x3d6,0x200f8,0x3d6,0x50051,0x1c,0x3d7,0x3cd,0x0,
0x50082,0x1c,0x3d8,0x3cf,0x30,0x8000c,0x1c,0x3d9,
0x1,0x2d,0x3d7,0x21,0x3d8,0x200f9,0x3d4,0x200f8,
0x3d5,0x50051,0x1c,0x3da,0x3cd,0x0,0x5008a,0x1c,
0x3db,0x3da,0x3cf,0x50080,0x1c,0x3dc,0x3db,0x3cf,
0x5008a,0x1c,0x3dd,0x3dc,0x3cf,0x200f9,0x3d4,0x200f8,
0x3d4,0x700f5,0x1c,0x3de,0x3dd,0x3d5,0x3d9,0x3d6,
0x50051,0x1c,0x3df,0x3cd,0x1,0x50082,0x1c,0x3e0,
0x3d1,0x30,0x8000c,0x1c,0x3e1,0x1,0x2d,0x3df,
0x21,0x3e0,0x4003d,0x1b,0x3e2,0x38e,0x50084,0x1c,
0x3e3,0x3e1,0x3cf,0x50080,0x1c,0x3e4,0x3e3,0x3de,
0x4007c,0x1b,0x3e5,0x3e4,0x50080,0x1b,0x3e6,0x3e2,
0x3e5,0x60041,0x14f,0x3e7,0x18,0x21,0x3e6,0x4003d,
0x1b,0x3e8,0x3e7,0x500c7,0x1b,0x3e9,0x3e8,0x34,
0x40070,0x27,0x3ea,0x3e9,0x500c2,0x1b,0x3eb,0x3e8,
0x2f,0x500c7,0x1b,0x3ec,0x3eb,0x34,0x40070,0x27,
0x3ed,0x3ec,0x500c2,0x1b,0x3ee,0x3e8,0x37,0x500c7,
0x1b,0x3ef,0x3ee,0x34,0x40070,0x27,0x3f0,0x3ef,
0x500c2,0x1b,0x3f1,0x3e8,0x4a,0x40070,0x27,0x3f2,
0x3f1,0x70050,0x39,0x3f3,0x3ea,0x3ed,0x3f0,0x3f2,
0x50085,0x39,0x3f4,0x3f3,0x15d,0x50080,0x59,0x3f5,
0x376,0x131,0x4003d,0x1b,0x3f6,0x36b,0x4007c,0x1c,
0x3f7,0x3f6,0x4003d,0x1b,0x3f8,0x36f,0x4007c,0x1c,
0x3f9,0x3f8,0x4003d,0x1b,0x3fa,0x37d,0x500ab,0x25,
0x3fb,0x3fa,0x1d,0x300f7,0x3fc,0x0,0x400fa,0x3fb,
0x3fd,0x3fe,0x200f8,0x3fe,0x50051,0x1c,0x3ff,0x3f5,
0x0,0x50082,0x1c,0x400,0x3f7,0x30,0x8000c,0x1c,
0x401,0x1,0x2d,0x3ff,0x21,0x400,0x200f9,0x3fc,
0x200f8,0x3fd,0x50051,0x1c,0x402,0x3f5,0x0,0x5008a,
0x1c,0x403,0x402,0x3f7,0x50080,0x1c,0x404,0x403,
0x3f7,0x5008a,0x1c,0x405,0x404,0x3f7,0x200f9,0x3fc,
0x200f8,0x3fc,0x700f5,0x1c,0x406,0x405,0x3fd,0x401,
0x3fe,0x50051,0x1c,0x407,0x3f5,0x1,0x50082,0x1c,
0x408,0x3f9,0x30,0x8000c,0x1c,0x409,0x1,0x2d,
0x407,0x21,0x408,0x4003d,0x1b,0x40a,0x38e,0x50084,
0x1c,0x40b,0x409,0x3f7,0x50080,0x1c,0x40c,0x40b,
0x406,0x4007c,0x1b,0x40d,0x40c,0x50080,0x1b,0x40e,
0x40a,0x40d,0x60041,0x14f,0x40f,0x18,0x21,0x40e,
0x4003d,0x1b,0x410,0x40f,0x500c7,0x1b,0x411,0x410,
0x34,0x40070,0x27,0x412,0x411,0x500c2,0x1b,0x413,
0x410,0x2f,0x500c7,0x1b,0x414,0x413,0x34,0x40070,
0x27,0x415,0x414,0x500c2,0x1b,0x416,0x410,0x37,
0x500c7,0x1b,0x417,0x416,0x34,0x40070,0x27,0x418,
0x417,0x500c2,0x1b,0x419,0x410,0x4a,0x40070,0x27,
0x41a,0x419,0x70050,0x39,0x41b,0x412,0x415,0x418,
0x41a,0x50085,0x39,0x41c,0x41b,0x15d,0x8000c,0x39,
0x41d,0x1,0x2e,0x3f4,0x41c,0x3cb,0x50051,0x27,
0x41e,0x377,0x1,0x70050,0x39,0x41f,0x41e,0x41e,
0x41e,0x41e,0x8000c,0x39,0x420,0x1,0x2e,0x3cc,
0x41d,0x41f,0x50084,0x1b,0x421,0x33,0x368,0x50080,
0x1b,0x422,0x421,0x52,0x60041,0x14f,0x423,0x18,
0x21,0x422,0x4003d,0x1b,0x424,0x423,0x40070,0x27,
0x425,0x424,0x50080,0x1b,0x426,0x421,0x51,0x60041,
0x14f,0x427,0x18,0x21,0x426,0x4003d,0x1b,0x428,
0x427,0x40070,0x27,0x429,0x428,0x50050,0x29,0x42a,
0x425,0x429,0x50085,0x29,0x42b,0x347,0x42a,0x50083,
0x29,0x42c,0x42b,0x6a,0x6000c,0x29,0x42d,0x1,
0x8,0x42c,0x4006e,0x59,0x42e,0x42d,0x6000c,0x29,
0x42f,0x1,0xa,0x42c,0x50080,0x1b,0x430,0x24,
0x421,0x4003d,0x1b,0x431,0x423,0x4007c,0x1c,0x432,
0x431,0x4003d,0x1b,0x433,0x427,0x4007c,0x1c,0x434,
0x433,0x4003d,0x1b,0x435,0x37d,0x500ab,0x25,0x436,
0x435,0x1d,0x300f7,0x437,0x0,0x400fa,0x436,0x438,
0x439,0x200f8,0x439,0x50051,0x1c,0x43a,0x42e,0x0,
0x50082,0x1c,0x43b,0x432,0x30,0x8000c,0x1c,0x43c,
0x1,0x2d,0x43a,0x21,0x43b,0x200f9,0x437,0x200f8,
0x438,0x50051,0x1c,0x43d,0x42e,0x0,0x5008a,0x1c,
0x43e,0x43d,0x432,0x50080,0x1c,0x43f,0x43e,0x432,
0x5008a,0x1c,0x440,0x43f,0x432,0x200f9,0x437,0x200f8,
0x437,0x700f5,0x1c,0x441,0x440,0x438,0x43c,0x439,
0x50051,0x1c,0x442,0x42e,0x1,0x50082,0x1c,0x443,
0x434,0x30,0x8000c,0x1c,0x444,0x1,0x2d,0x442,
0x21,0x443,0x60041,0x14f,0x445,0x18,0x21,0x430,
0x4003d,0x1b,0x446,0x445,0x50084,0x1c,0x447,0x444,
0x432,0x50080,0x1c,0x448,0x447,0x441,0x4007c,0x1b,
0x449,0x448,0x50080,0x1b,0x44a,0x446,0x449,0x60041,
0x14f,0x44b,0x18,0x21,0x44a,0x4003d,0x1b,0x44c,
0x44b,0x500c7,0x1b,0x44d,0x44c,0x34,0x40070,0x27,
0x44e,0x44d,0x500c2,0x1b,0x44f,0x44c,0x2f,0x500c7,
0x1b,0x450,0x44f,0x34,0x40070,0x27,0x451,0x450,
0x500c2,0x1b,0x452,0x44c,0x37,0x500c7,0x1b,0x453,
0x452,0x34,0x40070,0x27,0x454,0x453,0x500c2,0x1b,
0x455,0x44c,0x4a,0x40070,0x27,0x456,0x455,0x70050,
0x39,0x457,0x44e,0x451,0x454,0x456,0x50085,0x39,
0x458,0x457,0x15d,0x50080,0x59,0x459,0x42e,0x12f,
0x4003d,0x1b,0x45a,0x423,0x4007c,0x1c,0x45b,0x45a,
0x4003d,0x1b,0x45c,0x427,0x4007c,0x1c,0x45d,0x45c,
0x4003d,0x1b,0x45e,0x37d,0x500ab,0x25,0x45f,0x45e,
0x1d,0x300f7,0x460,0x0,0x400fa,0x45f,0x461,0x462,
0x200f8,0x462,0x50051,0x1c,0x463,0x459,0x0,0x50082,
0x1c,0x464,0x45b,0x30,0x8000c,0x1c,0x465,0x1,
0x2d,0x463,0x21,0x464,0x200f9,0x460,0x200f8,0x461,
0x50051,0x1c,0x466,0x459,0x0,0x5008a,0x1c,0x467,
0x466,0x45b,0x50080,0x1c,0x468,0x467,0x45b,0x5008a,
0x1c,0x469,0x468,0x45b,0x200f9,0x460,0x200f8,0x460,
0x700f5,0x1c,0x46a,0x469,0x461,0x465,0x462,0x50051,
0x1c,0x46b,0x459,0x1,0x50082,0x1c,0x46c,0x45d,
0x30,0x8000c,0x1c,0x46d,0x1,0x2d,0x46b,0x21,
0x46c,0x4003d,0x1b,0x46e,0x445,0x50084,0x1c,0x46f,
0x46d,0x45b,0x50080,0x1c,0x470,0x46f,0x46a,0x4007c,
0x1b,0x471,0x470,0x50080,0x1b,0x472,0x46e,0x471,
0x60041,0x14f,0x473,0x18,0x21,0x472,0x4003d,0x1b,
0x474,0x473,0x500c7,0x1b,0x475,0x474,0x34,0x40070,
0x27,0x476,0x475,0x500c2,0x1b,0x477,0x474,0x2f,
0x500c7,0x1b,0x478,0x477,0x34,0x40070,0x27,0x479,
0x478,0x500c2,0x1b,0x47a,0x474,0x37,0x500c7,0x1b,
0x47b,0x47a,0x34,0x40070,0x27,0x47c,0x47b,0x500c2,
0x1b,0x47d,0x474,0x4a,0x40070,0x27,0x47e,0x47d,
0x70050,0x39,0x47f,0x476,0x479,0x47c,0x47e,0x50085,
0x39,0x480,0x47f,0x15d,0x50051,0x27,0x481,0x42f,
0x0,0x70050,0x39,0x482,0x481,0x481,0x481,0x481,
0x8000c,0x39,0x483,0x1,0x2e,0x458,0x480,0x482,
0x50080,0x59,0x484,0x42e,0x130,0x4003d,0x1b,0x485,
0x423,0x4007c,0x1c,0x486,0x485,0x4003d,0x1b,0x487,
0x427,0x4007c,0x1c,0x488,0x487,0x4003d,0x1b,0x489,
0x37d,0x500ab,0x25,0x48a,0x489,0x1d,0x300f7,0x48b,
0x0,0x400fa,0x48a,0x48c,0x48d,0x200f8,0x48d,0x50051,
0x1c,0x48e,0x484,0x0,0x50082,0x1c,0x48f,0x486,
0x30,0x8000c,0x1c,0x490,0x1,0x2d,0x48e,0x21,
0x48f,0x200f9,0x48b,0x200f8,0x48c,0x50051,0x1c,0x491,
0x484,0x0,0x5008a,0x1c,0x492,0x491,0x486,0x50080,
0x1c,0x493,0x492,0x486,0x5008a,0x1c,0x494,0x493,
0x486,0x200f9,0x48b,0x200f8,0x48b,0x700f5,0x1c,0x495,
0x494,0x48c,0x490,0x48d,0x50051,0x1c,0x496,0x484,
0x1,0x50082,0x1c,0x497,0x488,0x30,0x8000c,0x1c,
0x498,0x1,0x2d,0x496,0x21,0x497,0x4003d,0x1b,
0x499,0x445,0x50084,0x1c,0x49a,0x498,0x486,0x50080,
0x1c,0x49b,0x49a,0x495,0x4007c,0x1b,0x49c,0x49b,
0x50080,0x1b,0x49d,0x499,0x49c,0x60041,0x14f,0x49e,
0x18,0x21,0x49d,0x4003d,0x1b,0x49f,0x49e,0x500c7,
0x1b,0x4a0,0x49f,0x34,0x40070,0x27,0x4a1,0x4a0,
0x500c2,0x1b,0x4a2,0x49f,0x2f,0x500c7,0x1b,0x4a3,
0x4a2,0x34,0x40070,0x27,0x4a4,0x4a3,0x500c2,0x1b,
0x4a5,0x49f,0x37,0x500c7,0x1b,0x4a6,0x4a5,0x34,
0x40070,0x27,0x4a7,0x4a6,0x500c2,0x1b,0x4a8,0x49f,
0x4a,0x40070,0x27,0x4a9,0x4a8,0x70050,0x39,0x4aa,
0x4a1,0x4a4,0x4a7,0x4a9,0x50085,0x39,0x4ab,0x4aa,
0x15d,0x50080,0x59,0x4ac,0x42e,0x131,0x4003d,0x1b,
0x4ad,0x423,0x4007c,0x1c,0x4ae,0x4ad,0x4003d,0x1b,
0x4af,0x427,0x4007c,0x1c,0x4b0,0x4af,0x4003d,0x1b,
0x4b1,0x37d,0x500ab,0x25,0x4b2,0x4b1,0x1d,0x300f7,
0x4b3,0x0,0x400fa,0x4b2,0x4b4,0x4b5,0x200f8,0x4b5,
0x50051,0x1c,0x4b6,0x4ac,0x0,0x50082,0x1c,0x4b7,
0x4ae,0x30,0x8000c,0x1c,0x4b8,0x1,0x2d,0x4b6,
0x21,0x4b7,0x200f9,0x4b3,0x200f8,0x4b4,0x50051,0x1c,
0x4b9,0x4ac,0x0,0x5008a,0x1c,0x4ba,0x4b9,0x4ae,
0x50080,0x1c,0x4bb,0x4ba,0x4ae,0x5008a,0x1c,0x4bc,
0x4bb,0x4ae,0x200f9,0x4b3,0x200f8,0x4b3,0x700f5,0x1c,
0x4bd,0x4bc,0x4b4,0x4b8,0x4b5,0x50051,0x1c,0x4be,
0x4ac,0x1,0x50082,0x1c,0x4bf,0x4b0,0x30,0x8000c,
0x1c,0x4c0,0x1,0x2d,0x4be,0x21,0x4bf,0x4003d,
0x1b,0x4c1,0x445,0x50084,0x1c,0x4c2,0x4c0,0x4ae,
0x50080,0x1c,0x4c3,0x4c2,0x4bd,0x4007c,0x1b,0x4c4,
0x4c3,0x50080,0x1b,0x4c5,0x4c1,0x4c4,0x60041,0x14f,
0x4c6,0x18,0x21,0x4c5,0x4003d,0x1b,0x4c7,0x4c6,
0x500c7,0x1b,0x4c8,0x4c7,0x34,0x40070,0x27,0x4c9,
0x4c8,0x500c2,0x1b,0x4ca,0x4c7,0x2f,0x500c7,0x1b,
0x4cb,0x4ca,0x34,0x40070,0x27,0x4cc,0x4cb,0x500c2,
0x1b,0x4cd,0x4c7,0x37,0x500c7,0x1b,0x4ce,0x4cd,
0x34,0x40070,0x27,0x4cf,0x4ce,0x500c2,0x1b,0x4d0,
0x4c7,0x4a,0x40070,0x27,0x4d1,0x4d0,0x70050,0x39,
0x4d2,0x4c9,0x4cc,0x4cf,0x4d1,0x50085,0x39,0x4d3,
0x4d2,0x15d,0x8000c,0x39,0x4d4,0x1,0x2e,0x4ab,
0x4d3,0x482,0x50051,0x27,0x4d5,0x42f,0x1,0x70050,
0x39,0x4d6,0x4d5,0x4d5,0x4d5,0x4d5,0x8000c,0x39,
0x4d7,0x1,0x2e,0x483,0x4d4,0x4d6,0x6000c,0x27,
0x4d8,0x1,0xa,0x362,0x70050,0x39,0x4d9,0x4d8,
0x4d8,0x4d8,0x4d8,0x8000c,0x39,0x4da,0x1,0x2e,
0x420,0x4d7,0x4d9,0x400cf,0x29,0x4db,0x352,0x50085,
0x29,0x4dc,0x4db,0x1aa,0x6000c,0x27,0x4dd,0x1,
0x42,0x4dc,0x400d0,0x29,0x4de,0x352,0x50085,0x29,
0x4df,0x4de,0x1aa,0x6000c,0x27,0x4e0,0x1,0x42,
0x4df,0x7000c,0x27,0x4e1,0x1,0x50,0x4dd,0x4e0,
0x7000c,0x27,0x4e2,0x1,0x50,0x4e1,0x67,0x6000c,
0x27,0x4e3,0x1,0x1e,0x4e2,0x4003d,0x1b,0x4e4,
0x35e,0x50082,0x1b,0x4e5,0x4e4,0x2c,0x40070,0x27,
0x4e6,0x4e5,0x8000c,0x27,0x4e7,0x1,0x2b,0x4e3,
0x28,0x4e6,0x6000c,0x27,0x4e8,0x1,0x8,0x4e7,
0x4006d,0x1b,0x4e9,0x4e8,0x50080,0x1b,0x4ea,0x4e9,
0x2c,0x4003d,0x1b,0x4eb,0x35e,0x50082,0x1b,0x4ec,
0x4eb,0x2c,0x7000c,0x1b,0x4ed,0x1,0x26,0x4ea,
0x4ec,0x50084,0x1b,0x4ee,0x33,0x4e9,0x50080,0x1b,
0x4ef,0x4ee,0x52,0x60041,0x14f,0x4f0,0x18,0x21,
0x4ef,0x4003d,0x1b,0x4f1,0x4f0,0x40070,0x27,0x4f2,
0x4f1,0x50080,0x1b,0x4f3,0x4ee,0x51,0x60041,0x14f,
0x4f4,0x18,0x21,0x4f3,0x4003d,0x1b,0x4f5,0x4f4,
0x40070,0x27,0x4f6,0x4f5,0x50050,0x29,0x4f7,0x4f2,
0x4f6,0x50085,0x29,0x4f8,0x352,0x4f7,0x50083,0x29,
0x4f9,0x4f8,0x6a,0x6000c,0x29,0x4fa,0x1,0x8,
0x4f9,0x4006e,0x59,0x4fb,0x4fa,0x6000c,0x29,0x4fc,
0x1,0xa,0x4f9,0x50080,0x1b,0x4fd,0x24,0x4ee,
0x4003d,0x1b,0x4fe,0x4f0,0x4007c,0x1c,0x4ff,0x4fe,
0x4003d,0x1b,0x500,0x4f4,0x4007c,0x1c,0x501,0x500,
0x4003d,0x1b,0x502,0x37d,0x500ab,0x25,0x503,0x502,
0x1d,0x300f7,0x504,0x0,0x400fa,0x503,0x505,0x506,
0x200f8,0x506,0x50051,0x1c,0x507,0x4fb,0x0,0x50082,
0x1c,0x508,0x4ff,0x30,0x8000c,0x1c,0x509,0x1,
0x2d,0x507,0x21,0x508,0x200f9,0x504,0x200f8,0x505,
0x50051,0x1c,0x50a,0x4fb,0x0,0x5008a,0x1c,0x50b,
0x50a,0x4ff,0x50080,0x1c,0x50c,0x50b,0x4ff,0x5008a,
0x1c,0x50d,0x50c,0x4ff,0x200f9,0x504,0x200f8,0x504,
0x700f5,0x1c,0x50e,0x50d,0x505,0x509,0x506,0x50051,
0x1c,0x50f,0x4fb,0x1,0x50082,0x1c,0x510,0x501,
0x30,0x8000c,0x1c,0x511,0x1,0x2d,0x50f,0x21,
0x510,0x60041,0x14f,0x512,0x18,0x21,0x4fd,0x4003d,
0x1b,0x513,0x512,0x50084,0x1c,0x514,0x511,0x4ff,
0x50080,0x1c,0x515,0x514,0x50e,0x4007c,0x1b,0x516,
0x515,0x50080,0x1b,0x517,0x513,0x516,0x60041,0x14f,
0x518,0x18,0x21,0x517,0x4003d,0x1b,0x519,0x518,
0x500c7,0x1b,0x51a,0x519,0x34,0x40070,0x27,0x51b,
0x51a,0x500c2,0x1b,0x51c,0x519,0x2f,0x500c7,0x1b,
0x51d,0x51c,0x34,0x40070,0x27,0x51e,0x51d,0x500c2,
0x1b,0x51f,0x519,0x37,0x500c7,0x1b,0x520,0x51f,
0x34,0x40070,0x27,0x521,0x520,0x500c2,0x1b,0x522,
0x519,0x4a,0x40070,0x27,0x523,0x522,0x70050,0x39,
0x524,0x51b,0x51e,0x521,0x523,0x50085,0x39,0x525,
0x524,0x15d,0x50080,0x59,0x526,0x4fb,0x12f,0x4003d,
0x1b,0x527,0x4f0,0x4007c,0x1c,0x528,0x527,0x4003d,
0x1b,0x529,0x4f4,0x4007c,0x1c,0x52a,0x529,0x4003d,
0x1b,0x52b,0x37d,0x500ab,0x25,0x52c,0x52b,0x1d,
0x300f7,0x52d,0x0,0x400fa,0x52c,0x52e,0x52f,0x200f8,
0x52f,0x50051,0x1c,0x530,0x526,0x0,0x50082,0x1c,
0x531,0x528,0x30,0x8000c,0x1c,0x532,0x1,0x2d,
0x530,0x21,0x531,0x200f9,0x52d,0x200f8,0x52e,0x50051,
0x1c,0x533,0x526,0x0,0x5008a,0x1c,0x534,0x533,
0x528,0x50080,0x1c,0x535,0x534,0x528,0x5008a,0x1c,
0x536,0x535,0x528,0x200f9,0x52d,0x200f8,0x52d,0x700f5,
0x1c,0x537,0x536,0x52e,0x532,0x52f,0x50051,0x1c,
0x538,0x526,0x1,0x50082,0x1c,0x539,0x52a,0x30,
0x8000c,0x1c,0x53a,0x1,0x2d,0x538,0x21,0x539,
0x4003d,0x1b,0x53b,0x512,0x50084,0x1c,0x53c,0x53a,
0x528,0x50080,0x1c,0x53d,0x53c,0x537,0x4007c,0x1b,
0x53e,0x53d,0x50080,0x1b,0x53f,0x53b,0x53e,0x60041,
0x14f,0x540,0x18,0x21,0x53f,0x4003d,0x1b,0x541,
0x540,0x500c7,0x1b,0x542,0x541,0x34,0x40070,0x27,
0x543,0x542,0x500c2,0x1b,0x544,0x541,0x2f,0x500c7,
0x1b,0x545,0x544,0x34,0x40070,0x27,0x546,0x545,
0x500c2,0x1b,0x547,0x541,0x37,0x500c7,0x1b,0x548,
0x547,0x34,0x40070,0x27,0x549,0x548,0x500c2,0x1b,
0x54a,0x541,0x4a,0x40070,0x27,0x54b,0x54a,0x70050,
0x39,0x54c,0x543,0x546,0x549,0x54b,0x50085,0x39,
0x54d,0x54c,0x15d,0x50051,0x27,0x54e,0x4fc,0x0,
0x70050,0x39,0x54f,0x54e,0x54e,0x54e,0x54e,0x8000c,
0x39,0x550,0x1,0x2e,0x525,0x54d,0x54f,0x50080,
0x59,0x551,0x4fb,0x130,0x4003d,0x1b,0x552,0x4f0,
0x4007c,0x1c,0x553,0x552,0x4003d,0x1b,0x554,0x4f4,
0x4007c,0x1c,0x555,0x554,0x4003d,0x1b,0x556,0x37d,
0x500ab,0x25,0x557,0x556,0x1d,0x300f7,0x558,0x0,
0x400fa,0x557,0x559,0x55a,0x200f8,0x55a,0x50051,0x1c,
0x55b,0x551,0x0,0x50082,0x1c,0x55c,0x553,0x30,
0x8000c,0x1c,0x55d,0x1,0x2d,0x55b,0x21,0x55c,
0x200f9,0x558,0x200f8,0x559,0x50051,0x1c,0x55e,0x551,
0x0,0x5008a,0x1c,0x55f,0x55e,0x553,0x50080,0x1c,
0x560,0x55f,0x553,0x5008a,0x1c,0x561,0x560,0x553,
0x200f9,0x558,0x200f8,0x558,0x700f5,0x1c,0x562,0x561,
0x559,0x55d,0x55a,0x50051,0x1c,0x563,0x551,0x1,
0x50082,0x1c,0x564,0x555,0x30,0x8000c,0x1c,0x565,
0x1,0x2d,0x563,0x21,0x564,0x4003d,0x1b,0x566,
0x512,0x50084,0x1c,0x567,0x565,0x553,0x50080,0x1c,
0x568,0x567,0x562,0x4007c,0x1b,0x569,0x568,0x50080,
0x1b,0x56a,0x566,0x569,0x60041,0x14f,0x56b,0x18,
0x21,0x56a,0x4003d,0x1b,0x56c,0x56b,0x500c7,0x1b,
0x56d,0x56c,0x34,0x40070,0x27,0x56e,0x56d,0x500c2,
0x1b,0x56f,0x56c,0x2f,0x500c7,0x1b,0x570,0x56f,
0x34,0x40070,0x27,0x571,0x570,0x500c2,0x1b,0x572,
0x56c,0x37,0x500c7,0x1b,0x573,0x572,0x34,0x40070,
0x27,0x574,0x573,0x500c2,0x1b,0x575,0x56c,0x4a,
0x40070,0x27,0x576,0x575,0x70050,0x39,0x577,0x56e,
0x571,0x574,0x576,0x50085,0x39,0x578,0x577,0x15d,
0x50080,0x59,0x579,0x4fb,0x131,0x4003d,0x1b,0x57a,
0x4f0,0x4007c,0x1c,0x57b,0x57a,0x4003d,0x1b,0x57c,
0x4f4,0x4007c,0x1c,0x57d,0x57c,0x4003d,0x1b,0x57e,
0x37d,0x500ab,0x25,0x57f,0x57e,0x1d,0x300f7,0x580,
0x0,0x400fa,0x57f,0x581,0x582,0x200f8,0x582,0x50051,
0x1c,0x583,0x579,0x0,0x50082,0x1c,0x584,0x57b,
0x30,0x8000c,0x1c,0x585,0x1,0x2d,0x583,0x21,
0x584,0x200f9,0x580,0x200f8,0x581,0x50051,0x1c,0x586,
0x579,0x0,0x5008a,0x1c,0x587,0x586,0x57b,0x50080,
0x1c,0x588,0x587,0x57b,0x5008a,0x1c,0x589,0x588,
0x57b,0x200f9,0x580,0x200f8,0x580,0x700f5,0x1c,0x58a,
0x589,0x581,0x585,0x582,0x50051,0x1c,0x58b,0x579,
0x1,0x50082,0x1c,0x58c,0x57d,0x30,0x8000c,0x1c,
0x58d,0x1,0x2d,0x58b,0x21,0x58c,0x4003d,0x1b,
0x58e,0x512,0x50084,0x1c,0x58f,0x58d,0x57b,0x50080,
0x1c,0x590,0x58f,0x58a,0x4007c,0x1b,0x591,0x590,
0x50080,0x1b,0x592,0x58e,0x591,0x60041,0x14f,0x593,
0x18,0x21,0x592,0x4003d,0x1b,0x594,0x593,0x500c7,
0x1b,0x595,0x594,0x34,0x40070,0x27,0x596,0x595,
0x500c2,0x1b,0x597,0x594,0x2f,0x500c7,0x1b,0x598,
0x597,0x34,0x40070,0x27,0x599,0x598,0x500c2,0x1b,
0x59a,0x594,0x37,0x500c7,0x1b,0x59b,0x59a,0x34,
0x40070,0x27,0x59c,0x59b,0x500c2,0x1b,0x59d,0x594,
0x4a,0x40070,0x27,0x59e,0x59d,0x70050,0x39,0x59f,
0x596,0x599,0x59c,0x59e,0x50085,0x39,0x5a0,0x59f,
0x15d,0x8000c,0x39,0x5a1,0x1,0x2e,0x578,0x5a0,
0x54f,0x50051,0x27,0x5a2,0x4fc,0x1,0x70050,0x39,
0x5a3,0x5a2,0x5a2,0x5a2,0x5a2,0x8000c,0x39,0x5a4,
0x1,0x2e,0x550,0x5a1,0x5a3,0x50084,0x1b,0x5a5,
0x33,0x4ed,0x50080,0x1b,0x5a6,0x5a5,0x52,0x60041,
0x14f,0x5a7,0x18,0x21,0x5a6,0x4003d,0x1b,0x5a8,
0x5a7,0x40070,0x27,0x5a9,0x5a8,0x50080,0x1b,0x5aa,
0x5a5,0x51,0x60041,0x14f,0x5ab,0x18,0x21,0x5aa,
0x4003d,0x1b,0x5ac,0x5ab,0x40070,0x27,0x5ad,0x5ac,
0x50050,0x29,0x5ae,0x5a9,0x5ad,0x50085,0x29,0x5af,
0x352,0x5ae,0x50083,0x29,0x5b0,0x5af,0x6a,0x6000c,
0x29,0x5b1,0x1,0x8,0x5b0,0x4006e,0x59,0x5b2,
0x5b1,0x6000c,0x29,0x5b3,0x1,0xa,0x5b0,0x50080,
0x1b,0x5b4,0x24,0x5a5,0x4003d,0x1b,0x5b5,0x5a7,
0x4007c,0x1c,0x5b6,0x5b5,0x4003d,0x1b,0x5b7,0x5ab,
0x4007c,0x1c,0x5b8,0x5b7,0x4003d,0x1b,0x5b9,0x37d,
0x500ab,0x25,0x5ba,0x5b9,0x1d,0x300f7,0x5bb,0x0,
0x400fa,0x5ba,0x5bc,0x5bd,0x200f8,0x5bd,0x50051,0x1c,
0x5be,0x5b2,0x0,0x50082,0x1c,0x5bf,0x5b6,0x30,
0x8000c,0x1c,0x5c0,0x1,0x2d,0x5be,0x21,0x5bf,
0x200f9,0x5bb,0x200f8,0x5bc,0x50051,0x1c,0x5c1,0x5b2,
0x0,0x5008a,0x1c,0x5c2,0x5c1,0x5b6,0x50080,0x1c,
0x5c3,0x5c2,0x5b6,0x5008a,0x1c,0x5c4,0x5c3,0x5b6,
0x200f9,0x5bb,0x200f8,0x5bb,0x700f5,0x1c,0x5c5,0x5c4,
0x5bc,0x5c0,0x5bd,0x50051,0x1c,0x5c6,0x5b2,0x1,
0x50082,0x1c,0x5c7,0x5b8,0x30,0x8000c,0x1c,0x5c8,
0x1,0x2d,0x5c6,0x21,0x5c7,0x60041,0x14f,0x5c9,
0x18,0x21,0x5b4,0x4003d,0x1b,0x5ca,0x5c9,0x50084,
0x1c,0x5cb,0x5c8,0x5b6,0x50080,0x1c,0x5cc,0x5cb,
0x5c5,0x4007c,0x1b,0x5cd,0x5cc,0x50080,0x1b,0x5ce,
0x5ca,0x5cd,0x60041,0x14f,0x5cf,0x18,0x21,0x5ce,
0x4003d,0x1b,0x5d0,0x5cf,0x500c7,0x1b,0x5d1,0x5d0,
0x34,0x40070,0x27,0x5d2,0x5d1,0x500c2,0x1b,0x5d3,
0x5d0,0x2f,0x500c7,0x1b,0x5d4,0x5d3,0x34,0x40070,
0x27,0x5d5,0x5d4,0x500c2,0x1b,0x5d6,0x5d0,0x37,
0x500c7,0x1b,0x5d7,0x5d6,0x34,0x40070,0x27,0x5d8,
0x5d7,0x500c2,0x1b,0x5d9,0x5d0,0x4a,0x40070,0x27,
0x5da,0x5d9,0x70050,0x39,0x5db,0x5d2,0x5d5,0x5d8,
0x5da,0x50085,0x39,0x5dc,0x5db,0x15d,0x50080,0x59,
0x5dd,0x5b2,0x12f,0x4003d,0x1b,0x5de,0x5a7,0x4007c,
0x1c,0x5df,0x5de,0x4003d,0x1b,0x5e0,0x5ab,0x4007c,
0x1c,0x5e1,0x5e0,0x4003d,0x1b,0x5e2,0x37d,0x500ab,
0x25,0x5e3,0x5e2,0x1d,0x300f7,0x5e4,0x0,0x400fa,
0x5e3,0x5e5,0x5e6,0x200f8,0x5e6,0x50051,0x1c,0x5e7,
0x5dd,0x0,0x50082,0x1c,0x5e8,0x5df,0x30,0x8000c,
0x1c,0x5e9,0x1,0x2d,0x5e7,0x21,0x5e8,0x200f9,
0x5e4,0x200f8,0x5e5,0x50051,0x1c,0x5ea,0x5dd,0x0,
0x5008a,0x1c,0x5eb,0x5ea,0x5df,0x50080,0x1c,0x5ec,
0x5eb,0x5df,0x5008a,0x1c,0x5ed,0x5ec,0x5df,0x200f9,
0x5e4,0x200f8,0x5e4,0x700f5,0x1c,0x5ee,0x5ed,0x5e5,
0x5e9,0x5e6,0x50051,0x1c,0x5ef,0x5dd,0x1,0x50082,
0x1c,0x5f0,0x5e1,0x30,0x8000c,0x1c,0x5f1,0x1,
0x2d,0x5ef,0x21,0x5f0,0x4003d,0x1b,0x5f2,0x5c9,
0x50084,0x1c,0x5f3,0x5f1,0x5df,0x50080,0x1c,0x5f4,
0x5f3,0x5ee,0x4007c,0x1b,0x5f5,0x5f4,0x50080,0x1b,
0x5f6,0x5f2,0x5f5,0x60041,0x14f,0x5f7,0x18,0x21,
0x5f6,0x4003d,0x1b,0x5f8,0x5f7,0x500c7,0x1b,0x5f9,
0x5f8,0x34,0x40070,0x27,0x5fa,0x5f9,0x500c2,0x1b,
0x5fb,0x5f8,0x2f,0x500c7,0x1b,0x5fc,0x5fb,0x34,
0x40070,0x27,0x5fd,0x5fc,0x500c2,0x1b,0x5fe,0x5f8,
0x37,0x500c7,0x1b,0x5ff,0x5fe,0x34,0x40070,0x27,
0x600,0x5ff,0x500c2,0x1b,0x601,0x5f8,0x4a,0x40070,
0x27,0x602,0x601,0x70050,0x39,0x603,0x5fa,0x5fd,
0x600,0x602,0x50085,0x39,0x604,0x603,0x15d,0x50051,
0x27,0x605,0x5b3,0x0,0x70050,0x39,0x606,0x605,
0x605,0x605,0x605,0x8000c,0x39,0x607,0x1,0x2e,
0x5dc,0x604,0x606,0x50080,0x59,0x608,0x5b2,0x130,
0x4003d,0x1b,0x609,0x5a7,0x4007c,0x1c,0x60a,0x609,
0x4003d,0x1b,0x60b,0x5ab,0x4007c,0x1c,0x60c,0x60b,
0x4003d,0x1b,0x60d,0x37d,0x500ab,0x25,0x60e,0x60d,
0x1d,0x300f7,0x60f,0x0,0x400fa,0x60e,0x610,0x611,
0x200f8,0x611,0x50051,0x1c,0x612,0x608,0x0,0x50082,
0x1c,0x613,0x60a,0x30,0x8000c,0x1c,0x614,0x1,
0x2d,0x612,0x21,0x613,0x200f9,0x60f,0x200f8,0x610,
0x50051,0x1c,0x615,0x608,0x0,0x5008a,0x1c,0x616,
0x615,0x60a,0x50080,0x1c,0x617,0x616,0x60a,0x5008a,
0x1c,0x618,0x617,0x60a,0x200f9,0x60f,0x200f8,0x60f,
0x700f5,0x1c,0x619,0x618,0x610,0x614,0x611,0x50051,
0x1c,0x61a,0x608,0x1,0x50082,0x1c,0x61b,0x60c,
0x30,0x8000c,0x1c,0x61c,0x1,0x2d,0x61a,0x21,
0x61b,0x4003d,0x1b,0x61d,0x5c9,0x50084,0x1c,0x61e,
0x61c,0x60a,0x50080,0x1c,0x61f,0x61e,0x619,0x4007c,
0x1b,0x620,0x61f,0x50080,0x1b,0x621,0x61d,0x620,
0x60041,0x14f,0x622,0x18,0x21,0x621,0x4003d,0x1b,
0x623,0x622,0x500c7,0x1b,0x624,0x623,0x34,0x40070,
0x27,0x625,0x624,0x500c2,0x1b,0x626,0x623,0x2f,
0x500c7,0x1b,0x627,0x626,0x34,0x40070,0x27,0x628,
0x627,0x500c2,0x1b,0x629,0x623,0x37,0x500c7,0x1b,
0x62a,0x629,0x34,0x40070,0x27,0x62b,0x62a,0x500c2,
0x1b,0x62c,0x623,0x4a,0x40070,0x27,0x62d,0x62c,
0x70050,0x39,0x62e,0x625,0x628,0x62b,0x62d,0x50085,
0x39,0x62f,0x62e,0x15d,0x50080,0x59,0x630,0x5b2,
0x131,0x4003d,0x1b,0x631,0x5a7,0x4007c,0x1c,0x632,
0x631,0x4003d,0x1b,0x633,0x5ab,0x4007c,0x1c,0x634,
0x633,0x4003d,0x1b,0x635,0x37d,0x500ab,0x25,0x636,
0x635,0x1d,0x300f7,0x637,0x0,0x400fa,0x636,0x638,
0x639,0x200f8,0x639,0x50051,0x1c,0x63a,0x630,0x0,
0x50082,0x1c,0x63b,0x632,0x30,0x8000c,0x1c,0x63c,
0x1,0x2d,0x63a,0x21,0x63b,0x200f9,0x637,0x200f8,
0x638,0x50051,0x1c,0x63d,0x630,0x0,0x5008a,0x1c,
0x63e,0x63d,0x632,0x50080,0x1c,0x63f,0x63e,0x632,
0x5008a,0x1c,0x640,0x63f,0x632,0x200f9,0x637,0x200f8,
0x637,0x700f5,0x1c,0x641,0x640,0x638,0x63c,0x639,
0x50051,0x1c,0x642,0x630,0x1,0x50082,0x1c,0x643,
0x634,0x30,0x8000c,0x1c,0x644,0x1,0x2d,0x642,
0x21,0x643,0x4003d,0x1b,0x645,0x5c9,0x50084,0x1c,
0x646,0x644,0x632,0x50080,0x1c,0x647,0x646,0x641,
0x4007c,0x1b,0x648,0x647,0x50080,0x1b,0x649,0x645,
0x648,0x60041,0x14f,0x64a,0x18,0x21,0x649,0x4003d,
0x1b,0x64b,0x64a,0x500c7,0x1b,0x64c,0x64b,0x34,
0x40070,0x27,0x64d,0x64c,0x500c2,0x1b,0x64e,0x64b,
0x2f,0x500c7,0x1b,0x64f,0x64e,0x34,0x40070,0x27,
0x650,0x64f,0x500c2,0x1b,0x651,0x64b,0x37,0x500c7,
0x1b,0x652,0x651,0x34,0x40070,0x27,0x653,0x652,
0x500c2,0x1b,0x654,0x64b,0x4a,0x40070,0x27,0x655,
0x654,0x70050,0x39,0x656,0x64d,0x650,0x653,0x655,
0x50085,0x39,0x657,0x656,0x15d,0x8000c,0x39,0x658,
0x1,0x2e,0x62f,0x657,0x606,0x50051,0x27,0x659,
0x5b3,0x1,0x70050,0x39,0x65a,0x659,0x659,0x659,
0x659,0x8000c,0x39,0x65b,0x1,0x2e,0x607,0x658,
0x65a,0x6000c,0x27,0x65c,0x1,0xa,0x4e7,0x70050,
0x39,0x65d,0x65c,0x65c,0x65c,0x65c,0x8000c,0x39,
0x65e,0x1,0x2e,0x5a4,0x65b,0x65d,0x70050,0x39,
0x65f,0x354,0x354,0x354,0x354,0x8000c,0x39,0x660,
0x1,0x2e,0x4da,0x65e,0x65f,0x8000c,0x27,0x661,
0x1,0x31,0x6e,0x61,0x33d,0x50083,0x27,0x662,
0x67,0x661,0x5008e,0x39,0x663,0x660,0x662,0x200f9,
0x1af,0x200f8,0x1af,0x700f5,0x39,0x664,0x337,0x310,
0x663,0x637,0x500c7,0x1b,0x665,0x1ad,0x2c,0x500ab,
0x25,0x666,0x665,0x1d,0x300f7,0x667,0x0,0x400fa,
0x666,0x668,0x667,0x200f8,0x668,0x50041,0x177,0x669,
0xc,0x30,0x4003d,0x27,0x66a,0x669,0x500bc,0x25,
0x66b,0x66a,0x28,0x200f9,0x667,0x200f8,0x667,0x700f5,
0x25,0x66c,0x26,0x1af,0x66b,0x668,0x300f7,0x66d,
0x0,0x400fa,0x66c,0x66e,0x66f,0x200f8,0x66f,0x500c7,
0x1b,0x670,0x1ad,0x31,0x500ab,0x25,0x671,0x670,
0x1d,0x300f7,0x672,0x0,0x400fa,0x671,0x673,0x672,
0x200f8,0x673,0x50041,0x177,0x674,0xc,0x30,0x4003d,
0x27,0x675,0x674,0x500be,0x25,0x676,0x675,0x67,
0x200f9,0x672,0x200f8,0x672,0x700f5,0x25,0x677,0x26,
0x66f,0x676,0x673,0x300f7,0x678,0x0,0x400fa,0x677,
0x679,0x678,0x200f8,0x679,0x60041,0x14f,0x67a,0x18,
0x21,0x51,0x4003d,0x1b,0x67b,0x67a,0x4007c,0x1c,
0x67c,0x67b,0x50082,0x1c,0x67d,0x67c,0x30,0x60041,
0x14f,0x67e,0x18,0x21,0x52,0x4003d,0x1b,0x67f,
0x67e,0x4007c,0x1c,0x680,0x67f,0x4003d,0x1b,0x681,
0x67a,0x4007c,0x1c,0x682,0x681,0x60041,0x14f,0x683,
0x18,0x21,0x31,0x4003d,0x1b,0x684,0x683,0x500ab,
0x25,0x685,0x684,0x1d,0x300f7,0x686,0x0,0x400fa,
0x685,0x687,0x688,0x200f8,0x688,0x200f9,0x686,0x200f8,
0x687,0x5008a,0x1c,0x689,0x680,0x680,0x200f9,0x686,
0x200f8,0x686,0x700f5,0x1c,0x68a,0x689,0x687,0x21,
0x688,0x50082,0x1c,0x68b,0x682,0x30,0x8000c,0x1c,
0x68c,0x1,0x2d,0x67d,0x21,0x68b,0x60041,0x14f,
0x68d,0x18,0x21,0x24,0x4003d,0x1b,0x68e,0x68d,
0x50084,0x1c,0x68f,0x68c,0x680,0x50080,0x1c,0x690,
0x68f,0x68a,0x4007c,0x1b,0x691,0x690,0x50080,0x1b,
0x692,0x68e,0x691,0x60041,0x14f,0x693,0x18,0x21,
0x692,0x4003d,0x1b,0x694,0x693,0x500c7,0x1b,0x695,
0x694,0x34,0x40070,0x27,0x696,0x695,0x500c2,0x1b,
0x697,0x694,0x2f,0x500c7,0x1b,0x698,0x697,0x34,
0x40070,0x27,0x699,0x698,0x500c2,0x1b,0x69a,0x694,
0x37,0x500c7,0x1b,0x69b,0x69a,0x34,0x40070,0x27,
0x69c,0x69b,0x500c2,0x1b,0x69d,0x694,0x4a,0x40070,
0x27,0x69e,0x69d,0x70050,0x39,0x69f,0x696,0x699,
0x69c,0x69e,0x50085,0x39,0x6a0,0x69f,0x15d,0x200f9,
0x678,0x200f8,0x678,0x700f5,0x39,0x6a1,0x664,0x672,
0x6a0,0x686,0x200f9,0x66d,0x200f8,0x66e,0x60041,0x14f,
0x6a2,0x18,0x21,0x52,0x4003d,0x1b,0x6a3,0x6a2,
0x4007c,0x1c,0x6a4,0x6a3,0x60041,0x14f,0x6a5,0x18,
0x21,0x31,0x4003d,0x1b,0x6a6,0x6a5,0x500ab,0x25,
0x6a7,0x6a6,0x1d,0x300f7,0x6a8,0x0,0x400fa,0x6a7,
0x6a9,0x6aa,0x200f8,0x6aa,0x200f9,0x6a8,0x200f8,0x6a9,
0x5008a,0x1c,0x6ab,0x6a4,0x6a4,0x200f9,0x6a8,0x200f8,
0x6a8,0x700f5,0x1c,0x6ac,0x6ab,0x6a9,0x21,0x6aa,
0x60041,0x14f,0x6ad,0x18,0x21,0x24,0x4003d,0x1b,
0x6ae,0x6ad,0x4007c,0x1b,0x6af,0x6ac,0x50080,0x1b,
0x6b0,0x6ae,0x6af,0x60041,0x14f,0x6b1,0x18,0x21,
0x6b0,0x4003d,0x1b,0x6b2,0x6b1,0x500c7,0x1b,0x6b3,
0x6b2,0x34,0x40070,0x27,0x6b4,0x6b3,0x500c2,0x1b,
0x6b5,0x6b2,0x2f,0x500c7,0x1b,0x6b6,0x6b5,0x34,
0x40070,0x27,0x6b7,0x6b6,0x500c2,0x1b,0x6b8,0x6b2,
0x37,0x500c7,0x1b,0x6b9,0x6b8,0x34,0x40070,0x27,
0x6ba,0x6b9,0x500c2,0x1b,0x6bb,0x6b2,0x4a,0x40070,
0x27,0x6bc,0x6bb,0x70050,0x39,0x6bd,0x6b4,0x6b7,
0x6ba,0x6bc,0x50085,0x39,0x6be,0x6bd,0x15d,0x200f9,
0x66d,0x200f8,0x66d,0x700f5,0x39,0x6bf,0x6a1,0x678,
0x6be,0x6a8,0x50051,0x27,0x6c0,0x6bf,0x3,0x500bc,
0x25,0x6c1,0x6c0,0x28,0x300f7,0x6c2,0x0,0x400fa,
0x6c1,0x6c3,0x6c2,0x200f8,0x6c3,0x100fc,0x200f8,0x6c2,
0x60050,0x3b,0x6c4,0x6c0,0x6c0,0x6c0,0x8004f,0x3b,
0x6c5,0x6bf,0x6bf,0x0,0x1,0x2,0x50088,0x3b,
0x6c6,0x6c5,0x6c4,0x9004f,0x39,0x6c7,0x6bf,0x6c6,
0x4,0x5,0x6,0x3,0x50041,0x143,0x6c8,0x10,
0x21,0x4003d,0x1b,0x6c9,0x6c8,0x500aa,0x25,0x6ca,
0x6c9,0x2c,0x300f7,0x6cb,0x0,0x400fa,0x6ca,0x6cc,
0x6cd,0x200f8,0x6cd,0x500aa,0x25,0x6ce,0x6c9,0x31,
0x300f7,0x6cf,0x0,0x400fa,0x6ce,0x6d0,0x6d1,0x200f8,
0x6d1,0x500aa,0x25,0x6d2,0x6c9,0x33,0x300f7,0x6d3,
0x0,0x400fa,0x6d2,0x6d4,0x6d5,0x200f8,0x6d5,0x500aa,
0x25,0x6d6,0x6c9,0x24,0x300f7,0x6d7,0x0,0x400fa,
0x6d6,0x6d8,0x6d9,0x200f8,0x6d9,0x500aa,0x25,0x6da,
0x6c9,0x52,0x300f7,0x6db,0x0,0x400fa,0x6da,0x6dc,
0x6dd,0x200f8,0x6dd,0x500ab,0x25,0x6de,0x6c9,0x51,
0x300f7,0x6df,0x0,0x400fa,0x6de,0x6e0,0x6df,0x200f8,
0x6e0,0x500aa,0x25,0x6e1,0x6c9,0x7c,0x200f9,0x6df,
0x200f8,0x6df,0x700f5,0x25,0x6e2,0x2b,0x6dd,0x6e1,
0x6e0,0x400a8,0x25,0x6e3,0x6e2,0x300f7,0x6e4,0x0,
0x400fa,0x6e3,0x6e5,0x6e4,0x200f8,0x6e5,0x500aa,0x25,
0x6e6,0x6c9,0x2f,0x200f9,0x6e4,0x200f8,0x6e4,0x700f5,
0x25,0x6e7,0x2b,0x6df,0x6e6,0x6e5,0x300f7,0x6e8,
0x0,0x400fa,0x6e7,0x6e9,0x6e8,0x200f8,0x6e9,0x500aa,
0x25,0x6ea,0x6c9,0x2f,0x300f7,0x6eb,0x0,0x400fa,
0x6ea,0x6ec,0x6ed,0x200f8,0x6ed,0x500aa,0x25,0x6ee,
0x6c9,0x51,0x600a9,0x1b,0x6ef,0x6ee,0x31,0x2c,
0x200f9,0x6eb,0x200f8,0x6ec,0x200f9,0x6eb,0x200f8,0x6eb,
0x700f5,0x1b,0x6f0,0x7c,0x6ec,0x6ef,0x6ed,0x40070,
0x27,0x6f1,0x6f0,0x50051,0x27,0x6f2,0x6c6,0x0,
0x8000c,0x27,0x6f3,0x1,0x2b,0x6f2,0x28,0x67,
0x50083,0x27,0x6f4,0x67,0x6f3,0x50085,0x27,0x6f5,
0x6f1,0x6f4,0x50081,0x27,0x6f6,0x67,0x6f5,0x4006d,
0x1b,0x6f7,0x6f6,0x50080,0x1b,0x6f8,0x6f7,0x2c,
0x50080,0x1b,0x6f9,0x6f0,0x2c,0x7000c,0x1b,0x6fa,
0x1,0x26,0x6f8,0x6f9,0x500b0,0x25,0x6fb,0x6f7,
0x24,0x300f7,0x6fc,0x0,0x400fa,0x6fb,0x6fd,0x6fe,
0x200f8,0x6fe,0x500b0,0x25,0x6ff,0x6f7,0x2f,0x300f7,
0x700,0x0,0x400fa,0x6ff,0x701,0x702,0x200f8,0x702,
0x500b0,0x25,0x703,0x6f7,0x4c,0x70050,0x17b,0x704,
0x703,0x703,0x703,0x703,0x600a9,0x13f,0x705,0x704,
0x19b,0x19c,0x200f9,0x700,0x200f8,0x701,0x200f9,0x700,
0x200f8,0x700,0x700f5,0x13f,0x706,0x19a,0x701,0x705,
0x702,0x200f9,0x6fc,0x200f8,0x6fd,0x200f9,0x6fc,0x200f8,
0x6fc,0x700f5,0x13f,0x707,0x199,0x6fd,0x706,0x700,
0x3003e,0x181,0x707,0x500c7,0x1b,0x708,0x6f7,0x33,
0x50041,0x14a,0x709,0x181,0x708,0x4003d,0x1b,0x70a,
0x709,0x60050,0x7f,0x70b,0x70a,0x70a,0x70a,0x500c2,
0x7f,0x70c,0x70b,0xd9,0x500c7,0x7f,0x70d,0x70c,
0xda,0x500c4,0x7f,0x70e,0x70d,0xdb,0x500c2,0x7f,
0x70f,0x70d,0xdc,0x500c5,0x7f,0x710,0x70e,0x70f,
0x40070,0x3b,0x711,0x710,0x50085,0x3b,0x712,0x711,
0x16a,0x500b0,0x25,0x713,0x6fa,0x24,0x300f7,0x714,
0x0,0x400fa,0x713,0x715,0x716,0x200f8,0x716,0x500b0,
0x25,0x717,0x6fa,0x2f,0x300f7,0x718,0x0,0x400fa,
0x717,0x719,0x71a,0x200f8,0x71a,0x500b0,0x25,0x71b,
0x6fa,0x4c,0x70050,0x17b,0x71c,0x71b,0x71b,0x71b,
0x71b,0x600a9,0x13f,0x71d,0x71c,0x19b,0x19c,0x200f9,
0x718,0x200f8,0x719,0x200f9,0x718,0x200f8,0x718,0x700f5,
0x13f,0x71e,0x19a,0x719,0x71d,0x71a,0x200f9,0x714,
0x200f8,0x715,0x200f9,0x714,0x200f8,0x714,0x700f5,0x13f,
0x71f,0x199,0x715,0x71e,0x718,0x3003e,0x180,0x71f,
0x500c7,0x1b,0x720,0x6fa,0x33,0x50041,0x14a,0x721,
0x180,0x720,0x4003d,0x1b,0x722,0x721,0x60050,0x7f,
0x723,0x722,0x722,0x722,0x500c2,0x7f,0x724,0x723,
0xd9,0x500c7,0x7f,0x725,0x724,0xda,0x500c4,0x7f,
0x726,0x725,0xdb,0x500c2,0x7f,0x727,0x725,0xdc,
0x500c5,0x7f,0x728,0x726,0x727,0x40070,0x3b,0x729,
0x728,0x50085,0x3b,0x72a,0x729,0x16a,0x6000c,0x27,
0x72b,0x1,0xa,0x6f6,0x60050,0x3b,0x72c,0x72b,
0x72b,0x72b,0x8000c,0x3b,0x72d,0x1,0x2e,0x712,
0x72a,0x72c,0x9004f,0x39,0x72e,0x6bf,0x72d,0x4,
0x5,0x6,0x3,0x200f9,0x6e8,0x200f8,0x6e8,0x700f5,
0x39,0x72f,0x6c7,0x6e4,0x72e,0x714,0x200f9,0x6db,
0x200f8,0x6dc,0x50051,0x27,0x730,0x6c6,0x0,0x8000c,
0x27,0x731,0x1,0x2b,0x730,0x28,0x67,0x50083,
0x27,0x732,0x67,0x731,0x50085,0x27,0x733,0x73,
0x732,0x50081,0x27,0x734,0x67,0x733,0x4006d,0x1b,
0x735,0x734,0x50080,0x1b,0x736,0x735,0x2c,0x7000c,
0x1b,0x737,0x1,0x26,0x736,0x46,0x500b0,0x25,
0x738,0x735,0x24,0x300f7,0x739,0x0,0x400fa,0x738,
0x73a,0x73b,0x200f8,0x73b,0x500b0,0x25,0x73c,0x735,
0x2f,0x300f7,0x73d,0x0,0x400fa,0x73c,0x73e,0x73f,
0x200f8,0x73f,0x500b0,0x25,0x740,0x735,0x4c,0x70050,
0x17b,0x741,0x740,0x740,0x740,0x740,0x600a9,0x13f,
0x742,0x741,0x19b,0x19c,0x200f9,0x73d,0x200f8,0x73e,
0x200f9,0x73d,0x200f8,0x73d,0x700f5,0x13f,0x743,0x19a,
0x73e,0x742,0x73f,0x200f9,0x739,0x200f8,0x73a,0x200f9,
0x739,0x200f8,0x739,0x700f5,0x13f,0x744,0x199,0x73a,
0x743,0x73d,0x3003e,0x183,0x744,0x500c7,0x1b,0x745,
0x735,0x33,0x50041,0x14a,0x746,0x183,0x745,0x4003d,
0x1b,0x747,0x746,0x60050,0x7f,0x748,0x747,0x747,
0x747,0x500c2,0x7f,0x749,0x748,0xd9,0x500c7,0x7f,
0x74a,0x749,0xda,0x500c4,0x7f,0x74b,0x74a,0xdb,
0x500c2,0x7f,0x74c,0x74a,0xdc,0x500c5,0x7f,0x74d,
0x74b,0x74c,0x40070,0x3b,0x74e,0x74d,0x50085,0x3b,
0x74f,0x74e,0x16a,0x500b0,0x25,0x750,0x737,0x24,
0x300f7,0x751,0x0,0x400fa,0x750,0x752,0x753,0x200f8,
0x753,0x500b0,0x25,0x754,0x737,0x2f,0x300f7,0x755,
0x0,0x400fa,0x754,0x756,0x757,0x200f8,0x757,0x500b0,
0x25,0x758,0x737,0x4c,0x70050,0x17b,0x759,0x758,
0x758,0x758,0x758,0x600a9,0x13f,0x75a,0x759,0x19b,
0x19c,0x200f9,0x755,0x200f8,0x756,0x200f9,0x755,0x200f8,
0x755,0x700f5,0x13f,0x75b,0x19a,0x756,0x75a,0x757,
0x200f9,0x751,0x200f8,0x752,0x200f9,0x751,0x200f8,0x751,
0x700f5,0x13f,0x75c,0x199,0x752,0x75b,0x755,0x3003e,
0x182,0x75c,0x500c7,0x1b,0x75d,0x737,0x33,0x50041,
0x14a,0x75e,0x182,0x75d,0x4003d,0x1b,0x75f,0x75e,
0x60050,0x7f,0x760,0x75f,0x75f,0x75f,0x500c2,0x7f,
0x761,0x760,0xd9,0x500c7,0x7f,0x762,0x761,0xda,
0x500c4,0x7f,0x763,0x762,0xdb,0x500c2,0x7f,0x764,
0x762,0xdc,0x500c5,0x7f,0x765,0x763,0x764,0x40070,
0x3b,0x766,0x765,0x50085,0x3b,0x767,0x766,0x16a,
0x6000c,0x27,0x768,0x1,0xa,0x734,0x60050,0x3b,
0x769,0x768,0x768,0x768,0x8000c,0x3b,0x76a,0x1,
0x2e,0x74f,0x767,0x769,0x9004f,0x39,0x76b,0x6bf,
0x76a,0x4,0x5,0x6,0x3,0x200f9,0x6db,0x200f8,
0x6db,0x700f5,0x39,0x76c,0x72f,0x6e8,0x76b,0x751,
0x200f9,0x6d7,0x200f8,0x6d8,0x50051,0x27,0x76d,0x6c6,
0x0,0x50085,0x27,0x76e,0x76d,0x16b,0x8000c,0x27,
0x76f,0x1,0x2b,0x76e,0x28,0x67,0x50083,0x27,
0x770,0x67,0x76f,0x50085,0x27,0x771,0x7a,0x770,
0x50081,0x27,0x772,0x67,0x771,0x4006d,0x1b,0x773,
0x772,0x50080,0x1b,0x774,0x773,0x2c,0x7000c,0x1b,
0x775,0x1,0x26,0x774,0x7b,0x500b0,0x25,0x776,
0x773,0x24,0x300f7,0x777,0x0,0x400fa,0x776,0x778,
0x779,0x200f8,0x779,0x500b0,0x25,0x77a,0x773,0x2f,
0x300f7,0x77b,0x0,0x400fa,0x77a,0x77c,0x77d,0x200f8,
0x77d,0x500b0,0x25,0x77e,0x773,0x4c,0x70050,0x17b,
0x77f,0x77e,0x77e,0x77e,0x77e,0x600a9,0x13f,0x780,
0x77f,0x19b,0x19c,0x200f9,0x77b,0x200f8,0x77c,0x200f9,
0x77b,0x200f8,0x77b,0x700f5,0x13f,0x781,0x19a,0x77c,
0x780,0x77d,0x200f9,0x777,0x200f8,0x778,0x200f9,0x777,
0x200f8,0x777,0x700f5,0x13f,0x782,0x199,0x778,0x781,
0x77b,0x3003e,0x185,0x782,0x500c7,0x1b,0x783,0x773,
0x33,0x50041,0x14a,0x784,0x185,0x783,0x4003d,0x1b,
0x785,0x784,0x60050,0x7f,0x786,0x785,0x785,0x785,
0x500c2,0x7f,0x787,0x786,0xd9,0x500c7,0x7f,0x788,
0x787,0xda,0x500c4,0x7f,0x789,0x788,0xdb,0x500c2,
0x7f,0x78a,0x788,0xdc,0x500c5,0x7f,0x78b,0x789,
0x78a,0x40070,0x3b,0x78c,0x78b,0x50085,0x3b,0x78d,
0x78c,0x16a,0x500b0,0x25,0x78e,0x775,0x24,0x300f7,
0x78f,0x0,0x400fa,0x78e,0x790,0x791,0x200f8,0x791,
0x500b0,0x25,0x792,0x775,0x2f,0x300f7,0x793,0x0,
0x400fa,0x792,0x794,0x795,0x200f8,0x795,0x500b0,0x25,
0x796,0x775,0x4c,0x70050,0x17b,0x797,0x796,0x796,
0x796,0x796,0x600a9,0x13f,0x798,0x797,0x19b,0x19c,
0x200f9,0x793,0x200f8,0x794,0x200f9,0x793,0x200f8,0x793,
0x700f5,0x13f,0x799,0x19a,0x794,0x798,0x795,0x200f9,
0x78f,0x200f8,0x790,0x200f9,0x78f,0x200f8,0x78f,0x700f5,
0x13f,0x79a,0x199,0x790,0x799,0x793,0x3003e,0x184,
0x79a,0x500c7,0x1b,0x79b,0x775,0x33,0x50041,0x14a,
0x79c,0x184,0x79b,0x4003d,0x1b,0x79d,0x79c,0x60050,
0x7f,0x79e,0x79d,0x79d,0x79d,0x500c2,0x7f,0x79f,
0x79e,0xd9,0x500c7,0x7f,0x7a0,0x79f,0xda,0x500c4,
0x7f,0x7a1,0x7a0,0xdb,0x500c2,0x7f,0x7a2,0x7a0,
0xdc,0x500c5,0x7f,0x7a3,0x7a1,0x7a2,0x40070,0x3b,
0x7a4,0x7a3,0x50085,0x3b,0x7a5,0x7a4,0x16a,0x6000c,
0x27,0x7a6,0x1,0xa,0x772,0x60050,0x3b,0x7a7,
0x7a6,0x7a6,0x7a6,0x8000c,0x3b,0x7a8,0x1,0x2e,
0x78d,0x7a5,0x7a7,0x9004f,0x39,0x7a9,0x6bf,0x7a8,
0x4,0x5,0x6,0x3,0x200f9,0x6d7,0x200f8,0x6d7,
0x700f5,0x39,0x7aa,0x76c,0x6db,0x7a9,0x78f,0x200f9,
0x6d3,0x200f8,0x6d4,0x50041,0x177,0x7ab,0xc,0x21,
0x4003d,0x27,0x7ac,0x7ab,0x50085,0x27,0x7ad,0x7ac,
0x6c,0x50081,0x27,0x7ae,0x7ad,0x16c,0x50085,0x27,
0x7af,0x7ae,0x16d,0x8000c,0x27,0x7b0,0x1,0x31,
0x28,0x67,0x7af,0x50041,0x143,0x7b1,0x10,0x31,
0x4003d,0x1b,0x7b2,0x7b1,0x60050,0x7f,0x7b3,0x7b2,
0x7b2,0x7b2,0x500c2,0x7f,0x7b4,0x7b3,0xd9,0x500c7,
0x7f,0x7b5,0x7b4,0xda,0x500c4,0x7f,0x7b6,0x7b5,
0xdb,0x500c2,0x7f,0x7b7,0x7b5,0xdc,0x500c5,0x7f,
0x7b8,0x7b6,0x7b7,0x40070,0x3b,0x7b9,0x7b8,0x50085,
0x3b,0x7ba,0x7b9,0x16a,0x50041,0x143,0x7bb,0x10,
0x2c,0x4003d,0x1b,0x7bc,0x7bb,0x60050,0x7f,0x7bd,
0x7bc,0x7bc,0x7bc,0x500c2,0x7f,0x7be,0x7bd,0xd9,
0x500c7,0x7f,0x7bf,0x7be,0xda,0x500c4,0x7f,0x7c0,
0x7bf,0xdb,0x500c2,0x7f,0x7c1,0x7bf,0xdc,0x500c5,
0x7f,0x7c2,0x7c0,0x7c1,0x40070,0x3b,0x7c3,0x7c2,
0x50085,0x3b,0x7c4,0x7c3,0x16a,0x60050,0x3b,0x7c5,
0x7b0,0x7b0,0x7b0,0x8000c,0x3b,0x7c6,0x1,0x2e,
0x7ba,0x7c4,0x7c5,0x50051,0x27,0x7c7,0x6c6,0x0,
0x50085,0x27,0x7c8,0x79,0x7c7,0x50081,0x27,0x7c9,
0x78,0x7c8,0x5008e,0x3b,0x7ca,0x7c6,0x7c9,0x9004f,
0x39,0x7cb,0x6bf,0x7ca,0x4,0x5,0x6,0x3,
0x200f9,0x6d3,0x200f8,0x6d3,0x700f5,0x39,0x7cc,0x7aa,
0x6d7,0x7cb,0x6d4,0x200f9,0x6cf,0x200f8,0x6d0,0x50051,
0x27,0x7cd,0x6c6,0x0,0x50051,0x27,0x7ce,0x6c6,
0x1,0x50051,0x27,0x7cf,0x6c6,0x2,0x7000c,0x27,
0x7d0,0x1,0x50,0x7ce,0x7cf,0x7000c,0x27,0x7d1,
0x1,0x50,0x7cd,0x7d0,0x7000c,0x27,0x7d2,0x1,
0x4f,0x7ce,0x7cf,0x7000c,0x27,0x7d3,0x1,0x4f,
0x7cd,0x7d2,0x50083,0x27,0x7d4,0x7d1,0x7d3,0x7000c,
0x27,0x7d5,0x1,0x50,0x75,0x7d1,0x50088,0x27,
0x7d6,0x7d4,0x7d5,0x50083,0x27,0x7d7,0x7cf,0x7cd,
0x50085,0x27,0x7d8,0x6c,0x7d7,0x50088,0x27,0x7d9,
0x7d8,0x7d5,0x50081,0x27,0x7da,0x69,0x7d9,0x8000c,
0x27,0x7db,0x1,0x2b,0x7da,0x28,0x67,0x50085,
0x27,0x7dc,0x7d1,0x16e,0x8000c,0x27,0x7dd,0x1,
0x2b,0x7dc,0x28,0x67,0x50083,0x27,0x7de,0x67,
0x7dd,0x50085,0x27,0x7df,0x76,0x7de,0x4006d,0x1b,
0x7e0,0x7df,0x7000c,0x1b,0x7e1,0x1,0x26,0x7e0,
0x51,0x50080,0x1b,0x7e2,0x7e1,0x2c,0x500ae,0x25,
0x7e3,0x7e1,0x7c,0x300f7,0x7e4,0x0,0x400fa,0x7e3,
0x7e5,0x7e6,0x200f8,0x7e6,0x500b0,0x25,0x7e7,0x7e2,
0x24,0x300f7,0x7e8,0x0,0x400fa,0x7e7,0x7e9,0x7ea,
0x200f8,0x7ea,0x500b0,0x25,0x7eb,0x7e2,0x2f,0x300f7,
0x7ec,0x0,0x400fa,0x7eb,0x7ed,0x7ee,0x200f8,0x7ee,
0x500b0,0x25,0x7ef,0x7e2,0x4c,0x70050,0x17b,0x7f0,
0x7ef,0x7ef,0x7ef,0x7ef,0x600a9,0x13f,0x7f1,0x7f0,
0x19b,0x19c,0x200f9,0x7ec,0x200f8,0x7ed,0x200f9,0x7ec,
0x200f8,0x7ec,0x700f5,0x13f,0x7f2,0x19a,0x7ed,0x7f1,
0x7ee,0x200f9,0x7e8,0x200f8,0x7e9,0x200f9,0x7e8,0x200f8,
0x7e8,0x700f5,0x13f,0x7f3,0x199,0x7e9,0x7f2,0x7ec,
0x3003e,0x189,0x7f3,0x500c7,0x1b,0x7f4,0x7e2,0x33,
0x50041,0x14a,0x7f5,0x189,0x7f4,0x4003d,0x1b,0x7f6,
0x7f5,0x60050,0x7f,0x7f7,0x7f6,0x7f6,0x7f6,0x500c2,
0x7f,0x7f8,0x7f7,0xd9,0x500c7,0x7f,0x7f9,0x7f8,
0xda,0x500c4,0x7f,0x7fa,0x7f9,0xdb,0x500c2,0x7f,
0x7fb,0x7f9,0xdc,0x500c5,0x7f,0x7fc,0x7fa,0x7fb,
0x40070,0x3b,0x7fd,0x7fc,0x50085,0x3b,0x7fe,0x7fd,
0x16a,0x200f9,0x7e4,0x200f8,0x7e5,0x200f9,0x7e4,0x200f8,
0x7e4,0x700f5,0x3b,0x7ff,0x7d,0x7e5,0x7fe,0x7e8,
0x500ae,0x25,0x800,0x7e2,0x7c,0x300f7,0x801,0x0,
0x400fa,0x800,0x802,0x803,0x200f8,0x803,0x50080,0x1b,
0x804,0x7e1,0x31,0x500b0,0x25,0x805,0x804,0x24,
0x300f7,0x806,0x0,0x400fa,0x805,0x807,0x808,0x200f8,
0x808,0x500b0,0x25,0x809,0x804,0x2f,0x300f7,0x80a,
0x0,0x400fa,0x809,0x80b,0x80c,0x200f8,0x80c,0x500b0,
0x25,0x80d,0x804,0x4c,0x70050,0x17b,0x80e,0x80d,
0x80d,0x80d,0x80d,0x600a9,0x13f,0x80f,0x80e,0x19b,
0x19c,0x200f9,0x80a,0x200f8,0x80b,0x200f9,0x80a,0x200f8,
0x80a,0x700f5,0x13f,0x810,0x19a,0x80b,0x80f,0x80c,
0x200f9,0x806,0x200f8,0x807,0x200f9,0x806,0x200f8,0x806,
0x700f5,0x13f,0x811,0x199,0x807,0x810,0x80a,0x3003e,
0x188,0x811,0x500c7,0x1b,0x812,0x804,0x33,0x50041,
0x14a,0x813,0x188,0x812,0x4003d,0x1b,0x814,0x813,
0x60050,0x7f,0x815,0x814,0x814,0x814,0x500c2,0x7f,
0x816,0x815,0xd9,0x500c7,0x7f,0x817,0x816,0xda,
0x500c4,0x7f,0x818,0x817,0xdb,0x500c2,0x7f,0x819,
0x817,0xdc,0x500c5,0x7f,0x81a,0x818,0x819,0x40070,
0x3b,0x81b,0x81a,0x50085,0x3b,0x81c,0x81b,0x16a,
0x200f9,0x801,0x200f8,0x802,0x200f9,0x801,0x200f8,0x801,
0x700f5,0x3b,0x81d,0x7d,0x802,0x81c,0x806,0x40070,
0x27,0x81e,0x7e1,0x50083,0x27,0x81f,0x7df,0x81e,
0x60050,0x3b,0x820,0x81f,0x81f,0x81f,0x8000c,0x3b,
0x821,0x1,0x2e,0x7ff,0x81d,0x820,0x300f7,0x822,
0x0,0x400fa,0x7e3,0x823,0x824,0x200f8,0x824,0x50080,
0x1b,0x825,0x2f,0x7e1,0x500b0,0x25,0x826,0x825,
0x24,0x300f7,0x827,0x0,0x400fa,0x826,0x828,0x829,
0x200f8,0x829,0x500b0,0x25,0x82a,0x825,0x2f,0x300f7,
0x82b,0x0,0x400fa,0x82a,0x82c,0x82d,0x200f8,0x82d,
0x500b0,0x25,0x82e,0x825,0x4c,0x70050,0x17b,0x82f,
0x82e,0x82e,0x82e,0x82e,0x600a9,0x13f,0x830,0x82f,
0x19b,0x19c,0x200f9,0x82b,0x200f8,0x82c,0x200f9,0x82b,
0x200f8,0x82b,0x700f5,0x13f,0x831,0x19a,0x82c,0x830,
0x82d,0x200f9,0x827,0x200f8,0x828,0x200f9,0x827,0x200f8,
0x827,0x700f5,0x13f,0x832,0x199,0x828,0x831,0x82b,
0x3003e,0x187,0x832,0x500c7,0x1b,0x833,0x7e1,0x33,
0x50041,0x14a,0x834,0x187,0x833,0x4003d,0x1b,0x835,
0x834,0x60050,0x7f,0x836,0x835,0x835,0x835,0x500c2,
0x7f,0x837,0x836,0xd9,0x500c7,0x7f,0x838,0x837,
0xda,0x500c4,0x7f,0x839,0x838,0xdb,0x500c2,0x7f,
0x83a,0x838,0xdc,0x500c5,0x7f,0x83b,0x839,0x83a,
0x40070,0x3b,0x83c,0x83b,0x50085,0x3b,0x83d,0x83c,
0x16a,0x200f9,0x822,0x200f8,0x823,0x200f9,0x822,0x200f8,
0x822,0x700f5,0x3b,0x83e,0x7d,0x823,0x83d,0x827,
0x300f7,0x83f,0x0,0x400fa,0x800,0x840,0x841,0x200f8,
0x841,0x50080,0x1b,0x842,0x7e1,0x22,0x500b0,0x25,
0x843,0x842,0x24,0x300f7,0x844,0x0,0x400fa,0x843,
0x845,0x846,0x200f8,0x846,0x500b0,0x25,0x847,0x842,
0x2f,0x300f7,0x848,0x0,0x400fa,0x847,0x849,0x84a,
0x200f8,0x84a,0x500b0,0x25,0x84b,0x842,0x4c,0x70050,
0x17b,0x84c,0x84b,0x84b,0x84b,0x84b,0x600a9,0x13f,
0x84d,0x84c,0x19b,0x19c,0x200f9,0x848,0x200f8,0x849,
0x200f9,0x848,0x200f8,0x848,0x700f5,0x13f,0x84e,0x19a,
0x849,0x84d,0x84a,0x200f9,0x844,0x200f8,0x845,0x200f9,
0x844,0x200f8,0x844,0x700f5,0x13f,0x84f,0x199,0x845,
0x84e,0x848,0x3003e,0x186,0x84f,0x500c7,0x1b,0x850,
0x842,0x33,0x50041,0x14a,0x851,0x186,0x850,0x4003d,
0x1b,0x852,0x851,0x60050,0x7f,0x853,0x852,0x852,
0x852,0x500c2,0x7f,0x854,0x853,0xd9,0x500c7,0x7f,
0x855,0x854,0xda,0x500c4,0x7f,0x856,0x855,0xdb,
0x500c2,0x7f,0x857,0x855,0xdc,0x500c5,0x7f,0x858,
0x856,0x857,0x40070,0x3b,0x859,0x858,0x50085,0x3b,
0x85a,0x859,0x16a,0x200f9,0x83f,0x200f8,0x840,0x200f9,
0x83f,0x200f8,0x83f,0x700f5,0x3b,0x85b,0x7d,0x840,
0x85a,0x844,0x8000c,0x3b,0x85c,0x1,0x2e,0x83e,
0x85b,0x820,0x8004f,0x3b,0x85d,0x6c6,0x17a,0x0,
0x1,0x2,0x60050,0x3b,0x85e,0x7db,0x7db,0x7db,
0x8000c,0x3b,0x85f,0x1,0x2e,0x821,0x85c,0x85e,
0x50085,0x27,0x860,0x7d6,0x77,0x8000c,0x27,0x861,
0x1,0x2b,0x860,0x28,0x67,0x60050,0x3b,0x862,
0x861,0x861,0x861,0x8000c,0x3b,0x863,0x1,0x2e,
0x85d,0x85f,0x862,0x9004f,0x39,0x864,0x6bf,0x863,
0x4,0x5,0x6,0x3,0x200f9,0x6cf,0x200f8,0x6cf,
0x700f5,0x39,0x865,0x7cc,0x6d3,0x864,0x83f,0x200f9,
0x6cb,0x200f8,0x6cc,0x8004f,0x3b,0x866,0x6c6,0x17a,
0x0,0x1,0x2,0x50094,0x27,0x867,0x866,0x72,
0x50085,0x27,0x868,0x867,0x38,0x50083,0x27,0x869,
0x868,0x74,0x50085,0x27,0x86a,0x869,0x16f,0x8000c,
0x27,0x86b,0x1,0x2b,0x86a,0x28,0x67,0x50083,
0x27,0x86c,0x67,0x86b,0x50085,0x27,0x86d,0x73,
0x86c,0x50081,0x27,0x86e,0x67,0x86d,0x4006d,0x1b,
0x86f,0x86e,0x50080,0x1b,0x870,0x86f,0x2c,0x7000c,
0x1b,0x871,0x1,0x26,0x870,0x46,0x500b0,0x25,
0x872,0x86f,0x24,0x300f7,0x873,0x0,0x400fa,0x872,
0x874,0x875,0x200f8,0x875,0x500b0,0x25,0x876,0x86f,
0x2f,0x300f7,0x877,0x0,0x400fa,0x876,0x878,0x879,
0x200f8,0x879,0x500b0,0x25,0x87a,0x86f,0x4c,0x70050,
0x17b,0x87b,0x87a,0x87a,0x87a,0x87a,0x600a9,0x13f,
0x87c,0x87b,0x19b,0x19c,0x200f9,0x877,0x200f8,0x878,
0x200f9,0x877,0x200f8,0x877,0x700f5,0x13f,0x87d,0x19a,
0x878,0x87c,0x879,0x200f9,0x873,0x200f8,0x874,0x200f9,
0x873,0x200f8,0x873,0x700f5,0x13f,0x87e,0x199,0x874,
0x87d,0x877,0x3003e,0x18b,0x87e,0x500c7,0x1b,0x87f,
0x86f,0x33,0x50041,0x14a,0x880,0x18b,0x87f,0x4003d,
0x1b,0x881,0x880,0x60050,0x7f,0x882,0x881,0x881,
0x881,0x500c2,0x7f,0x883,0x882,0xd9,0x500c7,0x7f,
0x884,0x883,0xda,0x500c4,0x7f,0x885,0x884,0xdb,
0x500c2,0x7f,0x886,0x884,0xdc,0x500c5,0x7f,0x887,
0x885,0x886,0x40070,0x3b,0x888,0x887,0x50085,0x3b,
0x889,0x888,0x16a,0x500b0,0x25,0x88a,0x871,0x24,
0x300f7,0x88b,0x0,0x400fa,0x88a,0x88c,0x88d,0x200f8,
0x88d,0x500b0,0x25,0x88e,0x871,0x2f,0x300f7,0x88f,
0x0,0x400fa,0x88e,0x890,0x891,0x200f8,0x891,0x500b0,
0x25,0x892,0x871,0x4c,0x70050,0x17b,0x893,0x892,
0x892,0x892,0x892,0x600a9,0x13f,0x894,0x893,0x19b,
0x19c,0x200f9,0x88f,0x200f8,0x890,0x200f9,0x88f,0x200f8,
0x88f,0x700f5,0x13f,0x895,0x19a,0x890,0x894,0x891,
0x200f9,0x88b,0x200f8,0x88c,0x200f9,0x88b,0x200f8,0x88b,
0x700f5,0x13f,0x896,0x199,0x88c,0x895,0x88f,0x3003e,
0x18a,0x896,0x500c7,0x1b,0x897,0x871,0x33,0x50041,
0x14a,0x898,0x18a,0x897,0x4003d,0x1b,0x899,0x898,
0x60050,0x7f,0x89a,0x899,0x899,0x899,0x500c2,0x7f,
0x89b,0x89a,0xd9,0x500c7,0x7f,0x89c,0x89b,0xda,
0x500c4,0x7f,0x89d,0x89c,0xdb,0x500c2,0x7f,0x89e,
0x89c,0xdc,0x500c5,0x7f,0x89f,0x89d,0x89e,0x40070,
0x3b,0x8a0,0x89f,0x50085,0x3b,0x8a1,0x8a0,0x16a,
0x6000c,0x27,0x8a2,0x1,0xa,0x86e,0x60050,0x3b,
0x8a3,0x8a2,0x8a2,0x8a2,0x8000c,0x3b,0x8a4,0x1,
0x2e,0x889,0x8a1,0x8a3,0x9004f,0x39,0x8a5,0x6bf,
0x8a4,0x4,0x5,0x6,0x3,0x200f9,0x6cb,0x200f8,
0x6cb,0x700f5,0x39,0x8a6,0x865,0x6cf,0x8a5,0x88b,
0x50085,0x39,0x8a7,0x8a6,0x18e,0x8004f,0x3b,0x8a8,
0x8a7,0x8a7,0x0,0x1,0x2,0x8004f,0x3b,0x8a9,
0x18f,0x18f,0x0,0x1,0x2,0x50081,0x3b,0x8aa,
0x8a8,0x8a9,0x8000c,0x3b,0x8ab,0x1,0x2b,0x8aa,
0x7d,0x7e,0x9004f,0x39,0x8ac,0x8a7,0x8ab,0x4,
0x5,0x6,0x3,0x500c7,0x1b,0x8ad,0x1a3,0x31,
0x500ab,0x25,0x8ae,0x8ad,0x1d,0x300f7,0x8af,0x0,
0x400fa,0x8ae,0x8b0,0x8af,0x200f8,0x8b0,0x8004f,0x3b,
0x8b1,0x8ab,0x17a,0x0,0x1,0x2,0x500bc,0x151,
0x8b2,0x8b1,0x3c,0x50085,0x3b,0x8b3,0x8b1,0x15f,
0x50081,0x3b,0x8b4,0x8b1,0x3e,0x50085,0x3b,0x8b5,
0x8b4,0x161,0x7000c,0x3b,0x8b6,0x1,0x1a,0x8b5,
0x40,0x600a9,0x3b,0x8b7,0x8b2,0x8b3,0x8b6,0x9004f,
0x39,0x8b8,0x8a7,0x8b7,0x4,0x5,0x6,0x3,
0x200f9,0x8af,0x200f8,0x8af,0x700f5,0x39,0x8b9,0x8ac,
0x6cb,0x8b8,0x8b0,0x200f9,0x19d,0x200f8,0x1a6,0x500c7,
0x1b,0x8ba,0x1a3,0x20,0x500ab,0x25,0x8bb,0x8ba,
0x1d,0x300f7,0x8bc,0x0,0x400fa,0x8bb,0x8bd,0x8bc,
0x200f8,0x8bd,0x50041,0x143,0x8be,0x9,0x21,0x4003d,
0x1b,0x8bf,0x8be,0x50080,0x1b,0x8c0,0x8bf,0x22,
0x60041,0x14f,0x8c1,0x18,0x21,0x8c0,0x4003d,0x1b,
0x8c2,0x8c1,0x50080,0x1b,0x8c3,0x8bf,0x23,0x60041,
0x14f,0x8c4,0x18,0x21,0x8c3,0x4003d,0x1b,0x8c5,
0x8c4,0x50050,0x2d,0x8c6,0x8c2,0x8c5,0x500c7,0x1b,
0x8c7,0x1a3,0x24,0x500ab,0x25,0x8c8,0x8c7,0x1d,
0x300f7,0x8c9,0x0,0x400fa,0x8c8,0x8ca,0x8c9,0x200f8,
0x8ca,0x500b8,0x150,0x8cb,0x192,0x2a,0x4009a,0x25,
0x8cc,0x8cb,0x400a8,0x25,0x8cd,0x8cc,0x300f7,0x8ce,
0x0,0x400fa,0x8cd,0x8cf,0x8ce,0x200f8,0x8cf,0x50080,
0x2d,0x8d0,0x8c6,0x2e,0x40070,0x29,0x8d1,0x8d0,
0x500be,0x150,0x8d2,0x192,0x8d1,0x4009a,0x25,0x8d3,
0x8d2,0x200f9,0x8ce,0x200f8,0x8ce,0x700f5,0x25,0x8d4,
0x2b,0x8ca,0x8d3,0x8cf,0x200f9,0x8c9,0x200f8,0x8c9,
0x700f5,0x25,0x8d5,0x26,0x8bd,0x8d4,0x8ce,0x300f7,
0x8d6,0x0,0x400fa,0x8d5,0x8d7,0x8d6,0x200f8,0x8d7,
0x100fc,0x200f8,0x8d6,0x6000c,0x29,0x8d8,0x1,0x8,
0x192,0x4006e,0x59,0x8d9,0x8d8,0x4007c,0x2d,0x8da,
0x8d9,0x500c7,0x2d,0x8db,0x8da,0x8c6,0x50080,0x1b,
0x8dc,0x8bf,0x2f,0x60041,0x14f,0x8dd,0x18,0x21,
0x8dc,0x4003d,0x1b,0x8de,0x8dd,0x50051,0x1b,0x8df,
0x8db,0x1,0x50080,0x1b,0x8e0,0x8c2,0x2c,0x50084,
0x1b,0x8e1,0x8df,0x8e0,0x50080,0x1b,0x8e2,0x8de,
0x8e1,0x50051,0x1b,0x8e3,0x8db,0x0,0x50080,0x1b,
0x8e4,0x8e2,0x8e3,0x50041,0x143,0x8e5,0x9,0x30,
0x4003d,0x1b,0x8e6,0x8e5,0x500c2,0x1b,0x8e7,0x8e4,
0x31,0x50080,0x1b,0x8e8,0x8e6,0x8e7,0x60041,0x14f,
0x8e9,0x18,0x21,0x8e8,0x4003d,0x1b,0x8ea,0x8e9,
0x500c7,0x1b,0x8eb,0x8e4,0x33,0x50084,0x1b,0x8ec,
0x8eb,0x2f,0x500c7,0x1b,0x8ed,0x8ec,0x32,0x500c2,
0x1b,0x8ee,0x8ea,0x8ed,0x500c7,0x1b,0x8ef,0x8ee,
0x34,0x500aa,0x25,0x8f0,0x8ef,0x1d,0x300f7,0x8f1,
0x0,0x400fa,0x8f0,0x8f2,0x8f1,0x200f8,0x8f2,0x100fc,
0x200f8,0x8f1,0x50041,0x143,0x8f3,0x9,0x35,0x4003d,
0x1b,0x8f4,0x8f3,0x50080,0x1b,0x8f5,0x8bf,0x36,
0x60041,0x14f,0x8f6,0x18,0x21,0x8f5,0x4003d,0x1b,
0x8f7,0x8f6,0x50080,0x1b,0x8f8,0x8ef,0x8f7,0x500c7,
0x1b,0x8f9,0x8f8,0x34,0x50080,0x1b,0x8fa,0x8f4,
0x8f9,0x60041,0x14f,0x8fb,0x18,0x21,0x8fa,0x4003d,
0x1b,0x8fc,0x8fb,0x500c7,0x1b,0x8fd,0x8fc,0x34,
0x40070,0x27,0x8fe,0x8fd,0x500c2,0x1b,0x8ff,0x8fc,
0x2f,0x500c7,0x1b,0x900,0x8ff,0x34,0x40070,0x27,
0x901,0x900,0x500c2,0x1b,0x902,0x8fc,0x37,0x500c7,
0x1b,0x903,0x902,0x34,0x40070,0x27,0x904,0x903,
0x70050,0x39,0x905,0x8fe,0x901,0x904,0x38,0x50085,
0x39,0x906,0x905,0x15d,0x500c7,0x1b,0x907,0x1a3,
0x31,0x500ab,0x25,0x908,0x907,0x1d,0x300f7,0x909,
0x0,0x400fa,0x908,0x90a,0x909,0x200f8,0x90a,0x8004f,
0x3b,0x90b,0x906,0x906,0x0,0x1,0x2,0x500bc,
0x151,0x90c,0x90b,0x3c,0x50085,0x3b,0x90d,0x90b,
0x15f,0x50081,0x3b,0x90e,0x90b,0x3e,0x50085,0x3b,
0x90f,0x90e,0x161,0x7000c,0x3b,0x910,0x1,0x1a,
0x90f,0x40,0x600a9,0x3b,0x911,0x90c,0x90d,0x910,
0x9004f,0x39,0x912,0x906,0x911,0x4,0x5,0x6,
0x3,0x200f9,0x909,0x200f8,0x909,0x700f5,0x39,0x913,
0x906,0x8f1,0x912,0x90a,0x200f9,0x19d,0x200f8,0x8bc,
0x500c7,0x1b,0x914,0x1a3,0x41,0x500ab,0x25,0x915,
0x914,0x1d,0x300f7,0x916,0x0,0x400fa,0x915,0x917,
0x916,0x200f8,0x917,0x50041,0x143,0x918,0x9,0x21,
0x4003d,0x1b,0x919,0x918,0x50041,0x177,0x91a,0xd,
0x35,0x4003d,0x27,0x91b,0x91a,0x500bc,0x25,0x91c,
0x91b,0x28,0x300f7,0x91d,0x0,0x400fa,0x91c,0x91e,
0x91d,0x200f8,0x91e,0x100fc,0x200f8,0x91d,0x7004f,0x29,
0x91f,0x196,0x196,0x0,0x1,0x50050,0x29,0x920,
0x91b,0x91b,0x50088,0x29,0x921,0x91f,0x920,0x6000c,
0x29,0x922,0x1,0x8,0x921,0x4006e,0x59,0x923,
0x922,0x50051,0x1c,0x924,0x923,0x0,0x500af,0x25,
0x925,0x924,0x21,0x300f7,0x926,0x0,0x400fa,0x925,
0x927,0x926,0x200f8,0x927,0x50041,0x143,0x928,0x9,
0x30,0x4003d,0x1b,0x929,0x928,0x4007c,0x1c,0x92a,
0x929,0x500af,0x25,0x92b,0x924,0x92a,0x200f9,0x926,
0x200f8,0x926,0x700f5,0x25,0x92c,0x2b,0x91d,0x92b,
0x927,0x300f7,0x92d,0x0,0x400fa,0x92c,0x92e,0x92d,
0x200f8,0x92e,0x100fc,0x200f8,0x92d,0x50080,0x1b,0x92f,
0x919,0x33,0x60041,0x14f,0x930,0x18,0x21,0x92f,
0x4003d,0x1b,0x931,0x930,0x500c7,0x1b,0x932,0x931,
0x42,0x500ab,0x25,0x933,0x932,0x1d,0x300f7,0x934,
0x0,0x400fa,0x933,0x935,0x934,0x200f8,0x935,0x500c7,
0x1b,0x936,0x931,0x43,0x4007c,0x1b,0x937,0x924,
0x50080,0x1b,0x938,0x936,0x937,0x500c4,0x1b,0x939,
0x938,0x37,0x4007c,0x1c,0x93a,0x939,0x500c3,0x1c,
0x93b,0x93a,0x44,0x500c3,0x1c,0x93c,0x93b,0x30,
0x500c2,0x1b,0x93d,0x931,0x37,0x500c7,0x1b,0x93e,
0x93d,0x46,0x4007c,0x1c,0x93f,0x93e,0x50080,0x1c,
0x940,0x93c,0x93f,0x50082,0x1c,0x941,0x940,0x30,
0x500c4,0x1c,0x942,0x941,0x44,0x500c3,0x1c,0x943,
0x942,0x44,0x3003e,0x18c,0x15a,0x4007c,0x1b,0x944,
0x943,0x500c7,0x1b,0x945,0x944,0x46,0x50041,0x14b,
0x946,0x18c,0x945,0x4003d,0x1c,0x947,0x946,0x200f9,
0x934,0x200f8,0x934,0x700f5,0x1c,0x948,0x21,0x92d,
0x947,0x935,0x200f9,0x949,0x200f8,0x949,0x700f5,0x1b,
0x94a,0x1d,0x934,0x94b,0x94c,0x500b0,0x25,0x94d,
0x94a,0x31,0x400f6,0x94e,0x94c,0x0,0x400fa,0x94d,
0x94f,0x94e,0x200f8,0x94f,0x500ab,0x25,0x950,0x94a,
0x1d,0x300f7,0x951,0x0,0x400fa,0x950,0x952,0x951,
0x200f8,0x952,0x500aa,0x25,0x953,0x932,0x1d,0x200f9,
0x951,0x200f8,0x951,0x700f5,0x25,0x954,0x26,0x94f,
0x953,0x952,0x300f7,0x955,0x0,0x400fa,0x954,0x956,
0x955,0x200f8,0x956,0x200f9,0x94c,0x200f8,0x955,0x50051,
0x1c,0x957,0x923,0x1,0x600a9,0x1c,0x958,0x950,
0x948,0x21,0x50082,0x1c,0x959,0x957,0x958,0x500af,
0x25,0x95a,0x959,0x21,0x300f7,0x95b,0x0,0x400fa,
0x95a,0x95c,0x95b,0x200f8,0x95c,0x50080,0x1b,0x95d,
0x919,0x31,0x60041,0x14f,0x95e,0x18,0x21,0x95d,
0x4003d,0x1b,0x95f,0x95e,0x4007c,0x1c,0x960,0x95f,
0x500af,0x25,0x961,0x959,0x960,0x200f9,0x95b,0x200f8,
0x95b,0x700f5,0x25,0x962,0x2b,0x955,0x961,0x95c,
0x300f7,0x963,0x0,0x400fa,0x962,0x964,0x963,0x200f8,
0x964,0x200f9,0x94c,0x200f8,0x963,0x60041,0x14f,0x965,
0x18,0x21,0x919,0x4003d,0x1b,0x966,0x965,0x4007c,
0x1b,0x967,0x959,0x50084,0x1b,0x968,0x967,0x4a,
0x50080,0x1b,0x969,0x966,0x968,0x50080,0x1b,0x96a,
0x969,0x4b,0x60041,0x14f,0x96b,0x18,0x21,0x96a,
0x4003d,0x1b,0x96c,0x96b,0x500c7,0x1b,0x96d,0x96c,
0x31,0x500ab,0x25,0x96e,0x96d,0x1d,0x500a5,0x25,
0x96f,0x96e,0x950,0x300f7,0x970,0x0,0x400fa,0x96f,
0x971,0x970,0x200f8,0x971,0x200f9,0x94c,0x200f8,0x970,
0x60041,0x14f,0x972,0x18,0x21,0x969,0x4003d,0x1b,
0x973,0x972,0x4007c,0x1c,0x974,0x973,0x500af,0x25,
0x975,0x924,0x974,0x300f7,0x976,0x0,0x400fa,0x975,
0x977,0x976,0x200f8,0x977,0x50080,0x1b,0x978,0x969,
0x31,0x60041,0x14f,0x979,0x18,0x21,0x978,0x4003d,
0x1b,0x97a,0x979,0x4007c,0x1c,0x97b,0x97a,0x500af,
0x25,0x97c,0x924,0x97b,0x200f9,0x976,0x200f8,0x976,
0x700f5,0x25,0x97d,0x2b,0x970,0x97c,0x977,0x300f7,
0x97e,0x0,0x400fa,0x97d,0x97f,0x97e,0x200f8,0x97f,
0x200f9,0x94c,0x200f8,0x97e,0x500c7,0x1b,0x980,0x96c,
0x2c,0x500ab,0x25,0x981,0x980,0x1d,0x300f7,0x982,
0x0,0x400fa,0x981,0x983,0x982,0x200f8,0x983,0x50080,
0x1b,0x984,0x969,0x4c,0x60041,0x14f,0x985,0x18,
0x21,0x984,0x4003d,0x1b,0x986,0x985,0x4007c,0x1c,
0x987,0x986,0x500ab,0x25,0x988,0x924,0x987,0x200f9,
0x982,0x200f8,0x982,0x700f5,0x25,0x989,0x26,0x97e,
0x988,0x983,0x300f7,0x98a,0x0,0x400fa,0x989,0x98b,
0x98a,0x200f8,0x98b,0x50080,0x1b,0x98c,0x969,0x4d,
0x60041,0x14f,0x98d,0x18,0x21,0x98c,0x4003d,0x1b,
0x98e,0x98d,0x4007c,0x1c,0x98f,0x98e,0x500ab,0x25,
0x990,0x924,0x98f,0x200f9,0x98a,0x200f8,0x98a,0x700f5,
0x25,0x991,0x26,0x982,0x990,0x98b,0x300f7,0x992,
0x0,0x400fa,0x991,0x993,0x992,0x200f8,0x993,0x200f9,
0x94c,0x200f8,0x992,0x500c7,0x1b,0x994,0x96c,0x24,
0x500ab,0x25,0x995,0x994,0x1d,0x300f7,0x996,0x0,
0x400fa,0x995,0x997,0x996,0x200f8,0x997,0x50080,0x1b,
0x998,0x919,0x2c,0x60041,0x14f,0x999,0x18,0x21,
0x998,0x4003d,0x1b,0x99a,0x999,0x50080,0x1b,0x99b,
0x969,0x2f,0x60041,0x14f,0x99c,0x18,0x21,0x99b,
0x4003d,0x1b,0x99d,0x99c,0x50080,0x1b,0x99e,0x969,
0x22,0x60041,0x14f,0x99f,0x18,0x21,0x99e,0x4003d,
0x1b,0x9a0,0x99f,0x50084,0x1b,0x9a1,0x967,0x9a0,
0x50080,0x1b,0x9a2,0x99d,0x9a1,0x50086,0x1b,0x9a3,
0x9a2,0x24,0x50080,0x1b,0x9a4,0x99a,0x9a3,0x4007c,
0x1b,0x9a5,0x924,0x50086,0x1b,0x9a6,0x9a5,0x4e,
0x50080,0x1b,0x9a7,0x9a4,0x9a6,0x60041,0x14f,0x9a8,
0x18,0x21,0x9a7,0x4003d,0x1b,0x9a9,0x9a8,0x500c7,
0x1b,0x9aa,0x9a5,0x32,0x500c4,0x1b,0x9ab,0x2c,
0x9aa,0x500c7,0x1b,0x9ac,0x9a9,0x9ab,0x500aa,0x25,
0x9ad,0x9ac,0x1d,0x300f7,0x9ae,0x0,0x400fa,0x9ad,
0x9af,0x9ae,0x200f8,0x9af,0x200f9,0x94c,0x200f8,0x9ae,
0x200f9,0x996,0x200f8,0x996,0x500c7,0x1b,0x9b0,0x1a3,
0x4f,0x500ab,0x25,0x9b1,0x9b0,0x1d,0x300f7,0x9b2,
0x0,0x400fa,0x9b1,0x9b3,0x9b2,0x200f8,0x9b3,0x50080,
0x1b,0x9b4,0x969,0x50,0x60041,0x14f,0x9b5,0x18,
0x21,0x9b4,0x4003d,0x1b,0x9b6,0x9b5,0x7000c,0x1b,
0x9b7,0x1,0x29,0x2c,0x9b6,0x50080,0x1b,0x9b8,
0x969,0x51,0x60041,0x14f,0x9b9,0x18,0x21,0x9b8,
0x4003d,0x1b,0x9ba,0x9b9,0x500ab,0x25,0x9bb,0x9ba,
0x1d,0x300f7,0x9bc,0x0,0x400fa,0x9bb,0x9bd,0x9bc,
0x200f8,0x9bd,0x4007c,0x1b,0x9be,0x924,0x50086,0x1b,
0x9bf,0x9be,0x9b7,0x4007c,0x1b,0x9c0,0x957,0x50086,
0x1b,0x9c1,0x9c0,0x9b7,0x500c6,0x1b,0x9c2,0x9bf,
0x9c1,0x500c7,0x1b,0x9c3,0x9c2,0x2c,0x500ab,0x25,
0x9c4,0x9c3,0x1d,0x200f9,0x9bc,0x200f8,0x9bc,0x700f5,
0x25,0x9c5,0x26,0x9b3,0x9c4,0x9bd,0x300f7,0x9c6,
0x0,0x400fa,0x9c5,0x9c7,0x9c8,0x200f8,0x9c8,0x50080,
0x1b,0x9c9,0x969,0x24,0x60041,0x14f,0x9ca,0x18,
0x21,0x9c9,0x4003d,0x1b,0x9cb,0x9ca,0x200f9,0x9c6,
0x200f8,0x9c7,0x50080,0x1b,0x9cc,0x969,0x52,0x60041,
0x14f,0x9cd,0x18,0x21,0x9cc,0x4003d,0x1b,0x9ce,
0x9cd,0x200f9,0x9c6,0x200f8,0x9c6,0x700f5,0x1b,0x9cf,
0x9ce,0x9c7,0x9cb,0x9c8,0x50041,0x143,0x9d0,0x9,
0x35,0x4003d,0x1b,0x9d1,0x9d0,0x500c7,0x1b,0x9d2,
0x9cf,0x34,0x50080,0x1b,0x9d3,0x9d1,0x9d2,0x60041,
0x14f,0x9d4,0x18,0x21,0x9d3,0x4003d,0x1b,0x9d5,
0x9d4,0x500c7,0x1b,0x9d6,0x9d5,0x34,0x40070,0x27,
0x9d7,0x9d6,0x500c2,0x1b,0x9d8,0x9d5,0x2f,0x500c7,
0x1b,0x9d9,0x9d8,0x34,0x40070,0x27,0x9da,0x9d9,
0x500c2,0x1b,0x9db,0x9d5,0x37,0x500c7,0x1b,0x9dc,
0x9db,0x34,0x40070,0x27,0x9dd,0x9dc,0x500c2,0x1b,
0x9de,0x9d5,0x4a,0x40070,0x27,0x9df,0x9de,0x70050,
0x39,0x9e0,0x9d7,0x9da,0x9dd,0x9df,0x50085,0x39,
0x9e1,0x9e0,0x15d,0x500c7,0x1b,0x9e2,0x1a3,0x53,
0x500ab,0x25,0x9e3,0x9e2,0x1d,0x300f7,0x9e4,0x0,
0x400fa,0x9e3,0x9e5,0x9e4,0x200f8,0x9e5,0x8004f,0x3b,
0x9e6,0x9e1,0x9e1,0x0,0x1,0x2,0x500bc,0x151,
0x9e7,0x9e6,0x3c,0x50085,0x3b,0x9e8,0x9e6,0x15f,
0x50081,0x3b,0x9e9,0x9e6,0x3e,0x50085,0x3b,0x9ea,
0x9e9,0x161,0x7000c,0x3b,0x9eb,0x1,0x1a,0x9ea,
0x40,0x600a9,0x3b,0x9ec,0x9e7,0x9e8,0x9eb,0x9004f,
0x39,0x9ed,0x9e1,0x9ec,0x4,0x5,0x6,0x3,
0x200f9,0x9e4,0x200f8,0x9e4,0x700f5,0x39,0x9ee,0x9e1,
0x9c6,0x9ed,0x9e5,0x200f9,0x94e,0x200f8,0x9b2,0x7000c,
0x1b,0x9ef,0x1,0x29,0x2c,0x190,0x500ab,0x25,
0x9f0,0x190,0x1d,0x300f7,0x9f1,0x0,0x400fa,0x9f0,
0x9f2,0x9f1,0x200f8,0x9f2,0x4007c,0x1b,0x9f3,0x924,
0x50086,0x1b,0x9f4,0x9f3,0x9ef,0x4007c,0x1b,0x9f5,
0x957,0x50086,0x1b,0x9f6,0x9f5,0x9ef,0x500c6,0x1b,
0x9f7,0x9f4,0x9f6,0x500c7,0x1b,0x9f8,0x9f7,0x2c,
0x500ab,0x25,0x9f9,0x9f8,0x1d,0x200f9,0x9f1,0x200f8,
0x9f1,0x700f5,0x25,0x9fa,0x26,0x9b2,0x9f9,0x9f2,
0x300f7,0x9fb,0x0,0x400fa,0x9fa,0x9fc,0x9fb,0x200f8,
0x9fc,0x200f9,0x94e,0x200f8,0x9fb,0x200f9,0x94e,0x200f8,
0x94c,0x50080,0x1b,0x94b,0x94a,0x2c,0x200f9,0x949,
0x200f8,0x94e,0xb00f5,0x39,0x9fd,0x159,0x949,0x9ee,
0x9e4,0x18f,0x9fc,0x18e,0x9fb,0xb00f5,0x25,0x9fe,
0x26,0x949,0x2b,0x9e4,0x2b,0x9fc,0x2b,0x9fb,
0x300f7,0x9ff,0x0,0x400fa,0x9fe,0x19d,0x9ff,0x200f8,
0x9ff,0x100fc,0x200f8,0x916,0x500c7,0x1b,0xa00,0x1a3,
0x2f,0x500ab,0x25,0xa01,0xa00,0x1d,0x50050,0x150,
0xa02,0xa01,0xa01,0x600a9,0x29,0xa03,0xa02,0x195,
0x192,0x500c7,0x1b,0xa04,0x1a3,0x54,0x500ab,0x25,
0xa05,0xa04,0x1d,0x300f7,0xa06,0x0,0x400fa,0xa05,
0xa07,0xa06,0x200f8,0xa07,0x500b8,0x150,0xa08,0xa03,
0x2a,0x4009a,0x25,0xa09,0xa08,0x400a8,0x25,0xa0a,
0xa09,0x300f7,0xa0b,0x0,0x400fa,0xa0a,0xa0c,0xa0b,
0x200f8,0xa0c,0x500be,0x150,0xa0d,0xa03,0x56,0x4009a,
0x25,0xa0e,0xa0d,0x200f9,0xa0b,0x200f8,0xa0b,0x700f5,
0x25,0xa0f,0x2b,0xa07,0xa0e,0xa0c,0x300f7,0xa10,
0x0,0x400fa,0xa0f,0xa11,0xa10,0x200f8,0xa11,0x100fc,
0x200f8,0xa10,0x6000c,0x29,0xa12,0x1,0x8,0xa03,
0x4006d,0x2d,0xa13,0xa12,0x50041,0x143,0xa14,0x9,
0x21,0x4003d,0x1b,0xa15,0xa14,0x50080,0x1b,0xa16,
0xa15,0x2c,0x50051,0x1b,0xa17,0xa13,0x1,0x500c2,
0x1b,0xa18,0xa17,0x2c,0x50080,0x1b,0xa19,0xa16,
0xa18,0x60041,0x14f,0xa1a,0x18,0x21,0xa19,0x4003d,
0x1b,0xa1b,0xa1a,0x500c7,0x1b,0xa1c,0xa17,0x2c,
0x50084,0x1b,0xa1d,0xa1c,0x37,0x500c7,0x1b,0xa1e,
0xa1d,0x32,0x500c2,0x1b,0xa1f,0xa1b,0xa1e,0x50051,
0x1b,0xa20,0xa13,0x0,0x500c7,0x1b,0xa21,0xa20,
0x32,0x500c2,0x1b,0xa22,0x57,0xa21,0x500c7,0x1b,
0xa23,0xa1f,0xa22,0x500aa,0x25,0xa24,0xa23,0x1d,
0x300f7,0xa25,0x0,0x400fa,0xa24,0xa26,0xa25,0x200f8,
0xa26,0x100fc,0x200f8,0xa25,0x60041,0x14f,0xa27,0x18,
0x21,0xa15,0x4003d,0x1b,0xa28,0xa27,0x500c2,0x1b,
0xa29,0xa28,0x4a,0x500aa,0x25,0xa2a,0xa29,0x1d,
0x300f7,0xa2b,0x0,0x400fa,0xa2a,0xa2c,0xa2b,0x200f8,
0xa2c,0x100fc,0x200f8,0xa2b,0x500c7,0x1b,0xa2d,0xa28,
0x34,0x40070,0x27,0xa2e,0xa2d,0x500c2,0x1b,0xa2f,
0xa28,0x2f,0x500c7,0x1b,0xa30,0xa2f,0x34,0x40070,
0x27,0xa31,0xa30,0x500c2,0x1b,0xa32,0xa28,0x37,
0x500c7,0x1b,0xa33,0xa32,0x34,0x40070,0x27,0xa34,
0xa33,0x40070,0x27,0xa35,0xa29,0x70050,0x39,0xa36,
0xa2e,0xa31,0xa34,0xa35,0x50085,0x39,0xa37,0xa36,
0x15d,0x500c7,0x1b,0xa38,0x1a3,0x31,0x500ab,0x25,
0xa39,0xa38,0x1d,0x300f7,0xa3a,0x0,0x400fa,0xa39,
0xa3b,0xa3a,0x200f8,0xa3b,0x8004f,0x3b,0xa3c,0xa37,
0xa37,0x0,0x1,0x2,0x500bc,0x151,0xa3d,0xa3c,
0x3c,0x50085,0x3b,0xa3e,0xa3c,0x15f,0x50081,0x3b,
0xa3f,0xa3c,0x3e,0x50085,0x3b,0xa40,0xa3f,0x161,
0x7000c,0x3b,0xa41,0x1,0x1a,0xa40,0x40,0x600a9,
0x3b,0xa42,0xa3d,0xa3e,0xa41,0x9004f,0x39,0xa43,
0xa37,0xa42,0x4,0x5,0x6,0x3,0x200f9,0xa3a,
0x200f8,0xa3a,0x700f5,0x39,0xa44,0xa37,0xa2b,0xa43,
0xa3b,0x200f9,0x19d,0x200f8,0xa06,0x500c7,0x1b,0xa45,
0x1a3,0x58,0x500ab,0x25,0xa46,0xa45,0x1d,0x300f7,
0xa47,0x0,0x400fa,0xa46,0xa48,0xa47,0x200f8,0xa48,
0x6000c,0x29,0xa49,0x1,0x8,0xa03,0x4006e,0x59,
0xa4a,0xa49,0x500b1,0x150,0xa4b,0xa4a,0x5a,0x4009a,
0x25,0xa4c,0xa4b,0x400a8,0x25,0xa4d,0xa4c,0x300f7,
0xa4e,0x0,0x400fa,0xa4d,0xa4f,0xa4e,0x200f8,0xa4f,
0x50051,0x1c,0xa50,0xa4a,0x0,0x500af,0x25,0xa51,
0xa50,0x5b,0x200f9,0xa4e,0x200f8,0xa4e,0x700f5,0x25,
0xa52,0x2b,0xa48,0xa51,0xa4f,0x400a8,0x25,0xa53,
0xa52,0x300f7,0xa54,0x0,0x400fa,0xa53,0xa55,0xa54,
0x200f8,0xa55,0x50051,0x1c,0xa56,0xa4a,0x1,0x500af,
0x25,0xa57,0xa56,0x5c,0x200f9,0xa54,0x200f8,0xa54,
0x700f5,0x25,0xa58,0x2b,0xa4e,0xa57,0xa55,0x300f7,
0xa59,0x0,0x400fa,0xa58,0xa5a,0xa59,0x200f8,0xa5a,
0x100fc,0x200f8,0xa59,0x50041,0x143,0xa5b,0x9,0x21,
0x4003d,0x1b,0xa5c,0xa5b,0x50051,0x1c,0xa5d,0xa4a,
0x1,0x4007c,0x1b,0xa5e,0xa5d,0x50084,0x1b,0xa5f,
0xa5e,0x31,0x50080,0x1b,0xa60,0xa5c,0xa5f,0x60041,
0x14f,0xa61,0x18,0x21,0xa60,0x4003d,0x1b,0xa62,
0xa61,0x50080,0x1b,0xa63,0xa60,0x2c,0x60041,0x14f,
0xa64,0x18,0x21,0xa63,0x4003d,0x1b,0xa65,0xa64,
0x200f9,0xa66,0x200f8,0xa66,0x700f5,0x1b,0xa67,0x1d,
0xa59,0xa68,0xa69,0x500b0,0x25,0xa6a,0xa67,0xa65,
0x400f6,0xa6b,0xa69,0x0,0x400fa,0xa6a,0xa6c,0xa6b,
0x200f8,0xa6c,0x50080,0x1b,0xa6d,0xa62,0xa67,0x60041,
0x14f,0xa6e,0x18,0x21,0xa6d,0x4003d,0x1b,0xa6f,
0xa6e,0x50080,0x1b,0xa70,0xa6f,0x2c,0x60041,0x14f,
0xa71,0x18,0x21,0xa70,0x4003d,0x1b,0xa72,0xa71,
0x4007c,0x1c,0xa73,0xa72,0x50080,0x1b,0xa74,0xa6f,
0x31,0x60041,0x14f,0xa75,0x18,0x21,0xa74,0x4003d,
0x1b,0xa76,0xa75,0x4007c,0x1c,0xa77,0xa76,0x50050,
0x59,0xa78,0xa73,0xa77,0x60041,0x14f,0xa79,0x18,
0x21,0xa6f,0x4003d,0x1b,0xa7a,0xa79,0x500ab,0x25,
0xa7b,0xa7a,0x1d,0x300f7,0xa7c,0x0,0x400fa,0xa7b,
0xa7d,0xa7c,0x200f8,0xa7d,0x500aa,0x150,0xa7e,0xa4a,
0xa78,0x4009b,0x25,0xa7f,0xa7e,0x300f7,0xa80,0x0,
0x400fa,0xa7f,0xa81,0xa80,0x200f8,0xa81,0x200f9,0xa6b,
0x200f8,0xa80,0x200f9,0xa69,0x200f8,0xa7c,0x50080,0x1b,
0xa82,0xa6f,0x33,0x60041,0x14f,0xa83,0x18,0x21,
0xa82,0x4003d,0x1b,0xa84,0xa83,0x4007c,0x1c,0xa85,
0xa84,0x50080,0x1b,0xa86,0xa6f,0x24,0x60041,0x14f,
0xa87,0x18,0x21,0xa86,0x4003d,0x1b,0xa88,0xa87,
0x4007c,0x1c,0xa89,0xa88,0x50082,0x1c,0xa8a,0xa73,
0xa85,0x50082,0x1c,0xa8b,0xa77,0xa89,0x50082,0x1c,
0xa8c,0xa73,0x35,0x50051,0x1c,0xa8d,0xa4a,0x0,
0x50082,0x1c,0xa8e,0xa8c,0xa8d,0x500af,0x25,0xa8f,
0xa8e,0x21,0x300f7,0xa90,0x0,0x400fa,0xa8f,0xa91,
0xa90,0x200f8,0xa91,0x7000c,0x1c,0xa92,0x1,0x2a,
0xa8a,0x21,0x500ad,0x25,0xa93,0xa8e,0xa92,0x200f9,
0xa90,0x200f8,0xa90,0x700f5,0x25,0xa94,0x2b,0xa7c,
0xa93,0xa91,0x300f7,0xa95,0x0,0x400fa,0xa94,0xa96,
0xa95,0x200f8,0xa96,0x200f9,0xa69,0x200f8,0xa95,0x500ad,
0x25,0xa97,0xa8e,0x21,0x300f7,0xa98,0x0,0x400fa,
0xa97,0xa99,0xa98,0x200f8,0xa99,0x500ad,0x25,0xa9a,
0xa8a,0x21,0x200f9,0xa98,0x200f8,0xa98,0x700f5,0x25,
0xa9b,0x26,0xa95,0xa9a,0xa99,0x300f7,0xa9c,0x0,
0x400fa,0xa9b,0xa9d,0xa9c,0x200f8,0xa9d,0x6000c,0x1c,
0xa9e,0x1,0x5,0xa8b,0x50084,0x1c,0xa9f,0xa8e,
0xa9e,0x50082,0x1c,0xaa0,0xa9f,0x30,0x50087,0x1c,
0xaa1,0xaa0,0xa8a,0x7000c,0x1c,0xaa2,0x1,0x2a,
0x21,0xaa1,0x7000c,0x1c,0xaa3,0x1,0x27,0xa8e,
0xaa2,0x200f9,0xa9c,0x200f8,0xa9c,0x700f5,0x1c,0xaa4,
0x21,0xa98,0xaa3,0xa9d,0x500b1,0x25,0xaa5,0xa77,
0xa89,0x600a9,0x1c,0xaa6,0xaa5,0x30,0x47,0x50084,
0x1c,0xaa7,0xaa4,0xaa6,0x50080,0x1c,0xaa8,0xa77,
0xaa7,0x500aa,0x25,0xaa9,0xa5d,0xaa8,0x300f7,0xaaa,
0x0,0x400fa,0xaa9,0xaab,0xaaa,0x200f8,0xaab,0x200f9,
0xa6b,0x200f8,0xaaa,0x200f9,0xa69,0x200f8,0xa69,0x50080,
0x1b,0xa68,0xa67,0x2c,0x200f9,0xa66,0x200f8,0xa6b,
0x900f5,0x39,0xaac,0x159,0xa66,0x18e,0xa81,0x18e,
0xaab,0x900f5,0x25,0xaad,0x26,0xa66,0x2b,0xa81,
0x2b,0xaab,0x300f7,0xaae,0x0,0x400fa,0xaad,0x19d,
0xaae,0x200f8,0xaae,0x100fc,0x200f8,0xa47,0x500c7,0x1b,
0xaaf,0x1a3,0x5d,0x500ab,0x25,0xab0,0xaaf,0x1d,
0x300f7,0xab1,0x0,0x400fa,0xab0,0xab2,0xab1,0x200f8,
0xab2,0x50041,0x143,0xab3,0x9,0x21,0x4003d,0x1b,
0xab4,0xab3,0x60041,0x14f,0xab5,0x18,0x21,0xab4,
0x4003d,0x1b,0xab6,0xab5,0x4007c,0x1c,0xab7,0xab6,
0x50080,0x1b,0xab8,0xab4,0x2c,0x60041,0x14f,0xab9,
0x18,0x21,0xab8,0x4003d,0x1b,0xaba,0xab9,0x4007c,
0x1c,0xabb,0xaba,0x50080,0x1b,0xabc,0xab4,0x31,
0x60041,0x14f,0xabd,0x18,0x21,0xabc,0x4003d,0x1b,
0xabe,0xabd,0x4007c,0x1c,0xabf,0xabe,0x50080,0x1b,
0xac0,0xab4,0x33,0x60041,0x14f,0xac1,0x18,0x21,
0xac0,0x4003d,0x1b,0xac2,0xac1,0x4007c,0x1c,0xac3,
0xac2,0x6000c,0x29,0xac4,0x1,0x8,0xa03,0x4006e,
0x59,0xac5,0xac4,0x50082,0x1c,0xac6,0xab7,0xabf,
0x50082,0x1c,0xac7,0xabb,0xac3,0x50082,0x1c,0xac8,
0xab7,0x35,0x50051,0x1c,0xac9,0xac5,0x0,0x50082,
0x1c,0xaca,0xac8,0xac9,0x500af,0x25,0xacb,0xaca,
0x21,0x300f7,0xacc,0x0,0x400fa,0xacb,0xacd,0xacc,
0x200f8,0xacd,0x7000c,0x1c,0xace,0x1,0x2a,0xac6,
0x21,0x500ad,0x25,0xacf,0xaca,0xace,0x200f9,0xacc,
0x200f8,0xacc,0x700f5,0x25,0xad0,0x2b,0xab2,0xacf,
0xacd,0x300f7,0xad1,0x0,0x400fa,0xad0,0xad2,0xad1,
0x200f8,0xad2,0x100fc,0x200f8,0xad1,0x500ad,0x25,0xad3,
0xaca,0x21,0x300f7,0xad4,0x0,0x400fa,0xad3,0xad5,
0xad4,0x200f8,0xad5,0x500ad,0x25,0xad6,0xac6,0x21,
0x200f9,0xad4,0x200f8,0xad4,0x700f5,0x25,0xad7,0x26,
0xad1,0xad6,0xad5,0x300f7,0xad8,0x0,0x400fa,0xad7,
0xad9,0xad8,0x200f8,0xad9,0x6000c,0x1c,0xada,0x1,
0x5,0xac7,0x50084,0x1c,0xadb,0xaca,0xada,0x50082,
0x1c,0xadc,0xadb,0x30,0x50087,0x1c,0xadd,0xadc,
0xac6,0x7000c,0x1c,0xade,0x1,0x2a,0x21,0xadd,
0x7000c,0x1c,0xadf,0x1,0x27,0xaca,0xade,0x200f9,
0xad8,0x200f8,0xad8,0x700f5,0x1c,0xae0,0x21,0xad4,
0xadf,0xad9,0x50051,0x1c,0xae1,0xac5,0x1,0x500b1,
0x25,0xae2,0xabb,0xac3,0x600a9,0x1c,0xae3,0xae2,
0x30,0x47,0x50084,0x1c,0xae4,0xae0,0xae3,0x50080,
0x1c,0xae5,0xabb,0xae4,0x500ab,0x25,0xae6,0xae1,
0xae5,0x300f7,0xae7,0x0,0x400fa,0xae6,0xae8,0xae7,
0x200f8,0xae8,0x100fc,0x200f8,0xae7,0x200f9,0x19d,0x200f8,
0xab1,0x500c7,0x1b,0xae9,0x1a3,0x4e,0x500ab,0x25,
0xaea,0xae9,0x1d,0x300f7,0xaeb,0x0,0x400fa,0xaea,
0xaec,0xaeb,0x200f8,0xaec,0x50041,0x143,0xaed,0x9,
0x21,0x4003d,0x1b,0xaee,0xaed,0x50041,0x143,0xaef,
0x9,0x30,0x4003d,0x1b,0xaf0,0xaef,0x50080,0x1b,
0xaf1,0xaee,0x37,0x50080,0x1b,0xaf2,0xaf1,0xaf0,
0x60041,0x14f,0xaf3,0x18,0x21,0xaf2,0x4003d,0x1b,
0xaf4,0xaf3,0x50080,0x1b,0xaf5,0xaee,0x4d,0x60041,
0x14f,0xaf6,0x18,0x21,0xaf5,0x4003d,0x1b,0xaf7,
0xaf6,0x50082,0x1b,0xaf8,0x46,0xaf7,0x500c7,0x1b,
0xaf9,0xaf4,0x34,0x500c2,0x1b,0xafa,0xaf4,0x2f,
0x500c7,0x1b,0xafb,0xafa,0x34,0x500c2,0x1b,0xafc,
0xaf4,0x37,0x500c7,0x1b,0xafd,0xafc,0x34,0x60050,
0x7f,0xafe,0xaf9,0xafb,0xafd,0x60050,0x7f,0xaff,
0xaf8,0xaf8,0xaf8,0x50084,0x7f,0xb00,0xafe,0xaff,
0x50086,0x7f,0xb01,0xb00,0x80,0x500c2,0x1b,0xb02,
0xaf4,0x4a,0x40070,0x27,0xb03,0xb02,0x50051,0x1b,
0xb04,0xb01,0x0,0x50051,0x1b,0xb05,0xb01,0x1,
0x50051,0x1b,0xb06,0xb01,0x2,0x40070,0x27,0xb07,
0xb04,0x40070,0x27,0xb08,0xb05,0x40070,0x27,0xb09,
0xb06,0x70050,0x39,0xb0a,0xb07,0xb08,0xb09,0xb03,
0x50085,0x39,0xb0b,0xb0a,0x15d,0x500c7,0x1b,0xb0c,
0x1a3,0x31,0x500ab,0x25,0xb0d,0xb0c,0x1d,0x300f7,
0xb0e,0x0,0x400fa,0xb0d,0xb0f,0xb0e,0x200f8,0xb0f,
0x8004f,0x3b,0xb10,0xb0b,0xb0b,0x0,0x1,0x2,
0x500bc,0x151,0xb11,0xb10,0x3c,0x50085,0x3b,0xb12,
0xb10,0x15f,0x50081,0x3b,0xb13,0xb10,0x3e,0x50085,
0x3b,0xb14,0xb13,0x161,0x7000c,0x3b,0xb15,0x1,
0x1a,0xb14,0x40,0x600a9,0x3b,0xb16,0xb11,0xb12,
0xb15,0x9004f,0x39,0xb17,0xb0b,0xb16,0x4,0x5,
0x6,0x3,0x200f9,0xb0e,0x200f8,0xb0e,0x700f5,0x39,
0xb18,0xb0b,0xaec,0xb17,0xb0f,0x200f9,0x19d,0x200f8,
0xaeb,0x500c7,0x1b,0xb19,0x1a3,0x37,0x500ab,0x25,
0xb1a,0xb19,0x1d,0x300f7,0xb1b,0x0,0x400fa,0xb1a,
0xb1c,0xb1b,0x200f8,0xb1c,0x50041,0x143,0xb1d,0x9,
0x21,0x4003d,0x1b,0xb1e,0xb1d,0x6000c,0x29,0xb1f,
0x1,0x8,0xa03,0x4006e,0x59,0xb20,0xb1f,0x50041,
0x143,0xb21,0x9,0x35,0x4003d,0x1b,0xb22,0xb21,
0x500c2,0x1b,0xb23,0xb22,0x2f,0x500c7,0x1b,0xb24,
0xb22,0x34,0x500b1,0x150,0xb25,0xb20,0x5a,0x4009a,
0x25,0xb26,0xb25,0x400a8,0x25,0xb27,0xb26,0x300f7,
0xb28,0x0,0x400fa,0xb27,0xb29,0xb28,0x200f8,0xb29,
0x4007c,0x1c,0xb2a,0xb23,0x50050,0x59,0xb2b,0xb2a,
0xb2a,0x500af,0x150,0xb2c,0xb20,0xb2b,0x4009a,0x25,
0xb2d,0xb2c,0x200f9,0xb28,0x200f8,0xb28,0x700f5,0x25,
0xb2e,0x2b,0xb1c,0xb2d,0xb29,0x300f7,0xb2f,0x0,
0x400fa,0xb2e,0xb30,0xb2f,0x200f8,0xb30,0x100fc,0x200f8,
0xb2f,0x500c7,0x1b,0xb31,0xb22,0x81,0x500ab,0x25,
0xb32,0xb31,0x1d,0x300f7,0xb33,0x0,0x400fa,0xb32,
0xb34,0xb33,0x200f8,0xb34,0x4007c,0x1c,0xb35,0xb23,
0x50082,0x1c,0xb36,0xb35,0x30,0x50051,0x1c,0xb37,
0xb20,0x0,0x50082,0x1c,0xb38,0xb36,0xb37,0x60052,
0x59,0xb39,0xb38,0xb20,0x0,0x200f9,0xb33,0x200f8,
0xb33,0x700f5,0x59,0xb3a,0xb20,0xb2f,0xb39,0xb34,
0x500c7,0x1b,0xb3b,0xb22,0x82,0x500ab,0x25,0xb3c,
0xb3b,0x1d,0x300f7,0xb3d,0x0,0x400fa,0xb3c,0xb3e,
0xb3d,0x200f8,0xb3e,0x4007c,0x1c,0xb3f,0xb23,0x50082,
0x1c,0xb40,0xb3f,0x30,0x50051,0x1c,0xb41,0xb3a,
0x1,0x50082,0x1c,0xb42,0xb40,0xb41,0x60052,0x59,
0xb43,0xb42,0xb3a,0x1,0x200f9,0xb3d,0x200f8,0xb3d,
0x700f5,0x59,0xb44,0xb3a,0xb33,0xb43,0xb3e,0x50041,
0x143,0xb45,0x9,0x30,0x4003d,0x1b,0xb46,0xb45,
0x500c7,0x1b,0xb47,0xb46,0x34,0x500c2,0x1b,0xb48,
0xb46,0x2f,0x500c7,0x1b,0xb49,0xb46,0x7c,0x50084,
0x1b,0xb4a,0xb49,0x83,0x500c7,0x1b,0xb4b,0xb48,
0x5d,0x500ab,0x25,0xb4c,0xb4b,0x1d,0x300f7,0xb4d,
0x0,0x400fa,0xb4c,0xb4e,0xb4d,0x200f8,0xb4e,0x500c2,
0x1b,0xb4f,0xb47,0x33,0x500c7,0x1b,0xb50,0xb4f,
0x33,0x50080,0x1b,0xb51,0xb50,0x2c,0x50084,0x1b,
0xb52,0xb51,0x84,0x50080,0x1b,0xb53,0xb4a,0xb52,
0x200f9,0xb4d,0x200f8,0xb4d,0x700f5,0x1b,0xb54,0xb4a,
0xb3d,0xb53,0xb4e,0x500c7,0x1b,0xb55,0xb48,0x34,
0x50051,0x1c,0xb56,0xb44,0x1,0x500c3,0x1c,0xb57,
0xb56,0x1e,0x4007c,0x1b,0xb58,0xb57,0x50084,0x1b,
0xb59,0xb58,0x37,0x50080,0x1b,0xb5a,0xb55,0xb59,
0x50051,0x1c,0xb5b,0xb44,0x0,0x500c3,0x1c,0xb5c,
0xb5b,0x1e,0x4007c,0x1b,0xb5d,0xb5c,0x50080,0x1b,
0xb5e,0xb5a,0xb5d,0x50084,0x1b,0xb5f,0xb54,0x31,
0x50084,0x1b,0xb60,0xb5e,0x4e,0x50080,0x1b,0xb61,
0xb5f,0xb60,0x500c7,0x1c,0xb62,0xb56,0x85,0x4007c,
0x1b,0xb63,0xb62,0x50084,0x1b,0xb64,0xb63,0x31,
0x50080,0x1b,0xb65,0xb61,0xb64,0x500c7,0x1c,0xb66,
0xb5b,0x85,0x4007c,0x1b,0xb67,0xb66,0x500c7,0x1b,
0xb68,0xb67,0x32,0x500c2,0x1b,0xb69,0x82,0xb68,
0x200f9,0xb6a,0x200f8,0xb6a,0x700f5,0x1b,0xb6b,0x1d,
0xb4d,0xb6c,0xb6d,0x700f5,0x1b,0xb6e,0x1d,0xb4d,
0xb6f,0xb6d,0x500b0,0x25,0xb70,0xb6e,0x31,0x400f6,
0xb71,0xb6d,0x0,0x400fa,0xb70,0xb72,0xb71,0x200f8,
0xb72,0x50084,0x1b,0xb73,0xb6e,0x37,0x50080,0x1b,
0xb74,0xb65,0xb73,0x500c7,0x1b,0xb75,0xb74,0x43,
0x50080,0x1b,0xb76,0xb1e,0xdd,0x500c2,0x1b,0xb77,
0xb75,0x31,0x50080,0x1b,0xb78,0xb76,0xb77,0x60041,
0x14f,0xb79,0x18,0x21,0xb78,0x4003d,0x1b,0xb7a,
0xb79,0x500c7,0x1b,0xb7b,0xb74,0x33,0x50084,0x1b,
0xb7c,0xb7b,0x2f,0x500c7,0x1b,0xb7d,0xb7c,0x32,
0x500c2,0x1b,0xb7e,0xb7a,0xb7d,0x500c7,0x1b,0xb7f,
0xb7e,0x34,0x500c7,0x1b,0xb80,0xb7f,0xb69,0x500ab,
0x25,0xb81,0xb80,0x1d,0x300f7,0xb82,0x0,0x400fa,
0xb81,0xb83,0xb82,0x200f8,0xb83,0x50084,0x1b,0xb84,
0xb6e,0x31,0x500c7,0x1b,0xb85,0xb84,0x32,0x500c4,
0x1b,0xb86,0x2c,0xb85,0x500c5,0x1b,0xb87,0xb6b,
0xb86,0x200f9,0xb82,0x200f8,0xb82,0x700f5,0x1b,0xb88,
0xb6b,0xb72,0xb87,0xb83,0x50080,0x1b,0xb89,0xb74,
0x2c,0x500c7,0x1b,0xb8a,0xb89,0x43,0x500c2,0x1b,
0xb8b,0xb8a,0x31,0x50080,0x1b,0xb8c,0xb76,0xb8b,
0x60041,0x14f,0xb8d,0x18,0x21,0xb8c,0x4003d,0x1b,
0xb8e,0xb8d,0x500c7,0x1b,0xb8f,0xb89,0x33,0x50084,
0x1b,0xb90,0xb8f,0x2f,0x500c7,0x1b,0xb91,0xb90,
0x32,0x500c2,0x1b,0xb92,0xb8e,0xb91,0x500c7,0x1b,
0xb93,0xb92,0x34,0x500c7,0x1b,0xb94,0xb93,0xb69,
0x500ab,0x25,0xb95,0xb94,0x1d,0x300f7,0xb96,0x0,
0x400fa,0xb95,0xb97,0xb96,0x200f8,0xb97,0x50084,0x1b,
0xb98,0xb6e,0x31,0x500c7,0x1b,0xb99,0xb98,0x32,
0x500c4,0x1b,0xb9a,0x31,0xb99,0x500c5,0x1b,0xb9b,
0xb88,0xb9a,0x200f9,0xb96,0x200f8,0xb96,0x700f5,0x1b,
0xb6c,0xb88,0xb82,0xb9b,0xb97,0x200f9,0xb6d,0x200f8,
0xb6d,0x50080,0x1b,0xb6f,0xb6e,0x2c,0x200f9,0xb6a,
0x200f8,0xb71,0x500aa,0x25,0xb9c,0xb6b,0x1d,0x300f7,
0xb9d,0x0,0x400fa,0xb9c,0xb9e,0xb9d,0x200f8,0xb9e,
0x100fc,0x200f8,0xb9d,0x500c2,0x1b,0xb9f,0xb24,0x2c,
0x500c7,0x1b,0xba0,0xb9f,0x7c,0x50084,0x1b,0xba1,
0xba0,0x37,0x50080,0x1b,0xba2,0x82,0xba1,0x50080,
0x1b,0xba3,0xba2,0xb6b,0x50080,0x1b,0xba4,0xb1e,
0x37,0x50080,0x1b,0xba5,0xba4,0xba3,0x60041,0x14f,
0xba6,0x18,0x21,0xba5,0x4003d,0x1b,0xba7,0xba6,
0x50080,0x1b,0xba8,0xb1e,0x4d,0x60041,0x14f,0xba9,
0x18,0x21,0xba8,0x4003d,0x1b,0xbaa,0xba9,0x50082,
0x1b,0xbab,0x46,0xbaa,0x500c7,0x1b,0xbac,0xba7,
0x34,0x500c2,0x1b,0xbad,0xba7,0x2f,0x500c7,0x1b,
0xbae,0xbad,0x34,0x500c2,0x1b,0xbaf,0xba7,0x37,
0x500c7,0x1b,0xbb0,0xbaf,0x34,0x60050,0x7f,0xbb1,
0xbac,0xbae,0xbb0,0x60050,0x7f,0xbb2,0xbab,0xbab,
0xbab,0x50084,0x7f,0xbb3,0xbb1,0xbb2,0x50086,0x7f,
0xbb4,0xbb3,0x80,0x500c2,0x1b,0xbb5,0xba7,0x4a,
0x40070,0x27,0xbb6,0xbb5,0x50051,0x1b,0xbb7,0xbb4,
0x0,0x50051,0x1b,0xbb8,0xbb4,0x1,0x50051,0x1b,
0xbb9,0xbb4,0x2,0x40070,0x27,0xbba,0xbb7,0x40070,
0x27,0xbbb,0xbb8,0x40070,0x27,0xbbc,0xbb9,0x70050,
0x39,0xbbd,0xbba,0xbbb,0xbbc,0xbb6,0x50085,0x39,
0xbbe,0xbbd,0x15d,0x500c7,0x1b,0xbbf,0x1a3,0x31,
0x500ab,0x25,0xbc0,0xbbf,0x1d,0x300f7,0xbc1,0x0,
0x400fa,0xbc0,0xbc2,0xbc1,0x200f8,0xbc2,0x8004f,0x3b,
0xbc3,0xbbe,0xbbe,0x0,0x1,0x2,0x500bc,0x151,
0xbc4,0xbc3,0x3c,0x50085,0x3b,0xbc5,0xbc3,0x15f,
0x50081,0x3b,0xbc6,0xbc3,0x3e,0x50085,0x3b,0xbc7,
0xbc6,0x161,0x7000c,0x3b,0xbc8,0x1,0x1a,0xbc7,
0x40,0x600a9,0x3b,0xbc9,0xbc4,0xbc5,0xbc8,0x9004f,
0x39,0xbca,0xbbe,0xbc9,0x4,0x5,0x6,0x3,
0x200f9,0xbc1,0x200f8,0xbc1,0x700f5,0x39,0xbcb,0xbbe,
0xb9d,0xbca,0xbc2,0x200f9,0x19d,0x200f8,0xb1b,0x300f7,
0xbcc,0x0,0x400fa,0xa01,0xbcd,0xbcc,0x200f8,0xbcd,
0x300f7,0xbce,0x0,0x300fb,0x1d,0xbcf,0x200f8,0xbcf,
0x50041,0x143,0xbd0,0x9,0x21,0x4003d,0x1b,0xbd1,
0xbd0,0x50080,0x1b,0xbd2,0xbd1,0x46,0x60041,0x14f,
0xbd3,0x18,0x21,0xbd2,0x4003d,0x1b,0xbd4,0xbd3,
0x500c7,0x1b,0xbd5,0xbd4,0x42,0x500aa,0x25,0xbd6,
0xbd5,0x1d,0x300f7,0xbd7,0x0,0x400fa,0xbd6,0xbd8,
0xbd7,0x200f8,0xbd8,0x300f7,0xbd9,0x0,0x300fb,0x1d,
0xbda,0x200f8,0xbda,0x50080,0x1b,0xbdb,0xbd1,0x31,
0x60041,0x14f,0xbdc,0x18,0x21,0xbdb,0x4003d,0x1b,
0xbdd,0xbdc,0x50080,0x1b,0xbde,0xbd1,0x52,0x60041,
0x14f,0xbdf,0x18,0x21,0xbde,0x4003d,0x1b,0xbe0,
0xbdf,0x50080,0x1b,0xbe1,0xbd1,0x2f,0x60041,0x14f,
0xbe2,0x18,0x21,0xbe1,0x4003d,0x1b,0xbe3,0xbe2,
0x500ab,0x25,0xbe4,0xbe3,0x1d,0x600a9,0x1c,0xbe5,
0xbe4,0x44,0xde,0x4007c,0x1b,0xbe6,0xbe5,0x6000c,
0x29,0xbe7,0x1,0x8,0xa03,0x4006e,0x59,0xbe8,
0xbe7,0x4003d,0x1b,0xbe9,0xbd3,0x500c7,0x1b,0xbea,
0xbe9,0x5e,0x500ab,0x25,0xbeb,0xbea,0x1d,0x300f7,
0xbec,0x0,0x400fa,0xbeb,0xbed,0xbec,0x200f8,0xbed,
0x50041,0x177,0xbee,0xd,0x30,0x4003d,0x27,0xbef,
0xbee,0x500ba,0x25,0xbf0,0xbef,0x28,0x200f9,0xbec,
0x200f8,0xbec,0x700f5,0x25,0xbf1,0x26,0xbda,0xbf0,
0xbed,0x300f7,0xbf2,0x0,0x400fa,0xbf1,0xbf3,0xbf2,
0x200f8,0xbf3,0x50041,0x177,0xbf4,0xd,0x30,0x4003d,
0x27,0xbf5,0xbf4,0x7004f,0x29,0xbf6,0x196,0x196,
0x0,0x2,0x6000c,0x27,0xbf7,0x1,0x42,0xbf6,
0x7000c,0x27,0xbf8,0x1,0x50,0xbf7,0x8d,0x7000c,
0x27,0xbf9,0x1,0x19,0xbf5,0xbf8,0x50085,0x27,
0xbfa,0xbf9,0x8f,0x50083,0x27,0xbfb,0xdf,0xbfa,
0x6000c,0x27,0xbfc,0x1,0x8,0xbfb,0x4006e,0x1c,
0xbfd,0xbfc,0x60052,0x59,0xbfe,0xbfd,0xbe8,0x1,
0x200f9,0xbf2,0x200f8,0xbf2,0x700f5,0x59,0xbff,0xbe8,
0xbec,0xbfe,0xbf3,0x4003d,0x1b,0xc00,0xbd3,0x500c7,
0x1b,0xc01,0xc00,0xe0,0x500ab,0x25,0xc02,0xc01,
0x1d,0x300f7,0xc03,0x0,0x400fa,0xc02,0xc04,0xc03,
0x200f8,0xc04,0x50041,0x177,0xc05,0xd,0x30,0x4003d,
0x27,0xc06,0xc05,0x500bc,0x25,0xc07,0xc06,0x28,
0x200f9,0xc03,0x200f8,0xc03,0x700f5,0x25,0xc08,0x26,
0xbf2,0xc07,0xc04,0x300f7,0xc09,0x0,0x400fa,0xc08,
0xc0a,0xc09,0x200f8,0xc0a,0x7004f,0x29,0xc0b,0x196,
0x196,0x0,0x2,0x6000c,0x27,0xc0c,0x1,0x42,
0xc0b,0x7000c,0x27,0xc0d,0x1,0x50,0xc0c,0x8d,
0x50041,0x177,0xc0e,0xd,0x21,0x4003d,0x27,0xc0f,
0xc0e,0x50041,0x177,0xc10,0xd,0x35,0x4003d,0x27,
0xc11,0xc10,0x4007f,0x27,0xc12,0xc11,0x7000c,0x27,
0xc13,0x1,0x19,0xc0f,0xc12,0x50085,0x27,0xc14,
0xc13,0x8f,0x50081,0x27,0xc15,0x8e,0xc14,0x500c7,
0x1b,0xc16,0xbdd,0x31,0x500ab,0x25,0xc17,0xc16,
0x1d,0x600a9,0x1c,0xc18,0xc17,0xe1,0xe2,0x4007c,
0x1b,0xc19,0xc18,0x50084,0x1b,0xc1a,0xc19,0xbe6,
0x50082,0x1b,0xc1b,0xc1a,0x2c,0x40070,0x27,0xc1c,
0xc1b,0x50080,0x1b,0xc1d,0xbd1,0x24,0x60041,0x14f,
0xc1e,0x18,0x21,0xc1d,0x4003d,0x1b,0xc1f,0xc1e,
0x4007c,0x1c,0xc20,0xc1f,0x4006f,0x27,0xc21,0xc20,
0x50083,0x27,0xc22,0xc1c,0xc21,0x50041,0x177,0xc23,
0xd,0x30,0x4003d,0x27,0xc24,0xc23,0x50085,0x27,
0xc25,0xc24,0x8f,0x50088,0x27,0xc26,0xc25,0xc0d,
0x50083,0x27,0xc27,0xdf,0xc26,0x7000c,0x27,0xc28,
0x1,0x50,0xe3,0xc22,0x8000c,0x27,0xc29,0x1,
0x2b,0xc27,0x28,0xc28,0x50050,0x29,0xc2a,0xc15,
0xc29,0x6000c,0x29,0xc2b,0x1,0x8,0xc2a,0x4006e,
0x59,0xc2c,0xc2b,0x200f9,0xc09,0x200f8,0xc09,0x700f5,
0x59,0xc2d,0xbff,0xc03,0xc2c,0xc0a,0x4003d,0x1b,
0xc2e,0xbd3,0x500c7,0x1b,0xc2f,0xc2e,0x4e,0x500ab,
0x25,0xc30,0xc2f,0x1d,0x300f7,0xc31,0x0,0x400fa,
0xc30,0xc32,0xc31,0x200f8,0xc32,0x50041,0x177,0xc33,
0xd,0x35,0x4003d,0x27,0xc34,0xc33,0x6000c,0x27,
0xc35,0x1,0x4,0xc34,0x7000c,0x27,0xc36,0x1,
0x50,0xc35,0xe4,0x500b8,0x25,0xc37,0xc34,0x28,
0x300f7,0xc38,0x0,0x400fa,0xc37,0xc39,0xc3a,0x200f8,
0xc3a,0x200f9,0xc38,0x200f8,0xc39,0x50041,0x177,0xc3b,
0xd,0x21,0x4003d,0x27,0xc3c,0xc3b,0x50085,0x27,
0xc3d,0xc3c,0xa9,0x50088,0x27,0xc3e,0xc3d,0xc36,
0x50081,0x27,0xc3f,0x8e,0xc3e,0x200f9,0xc38,0x200f8,
0xc38,0x700f5,0x27,0xc40,0xc3f,0xc39,0xe5,0xc3a,
0x50041,0x177,0xc41,0xd,0x30,0x4003d,0x27,0xc42,
0xc41,0x50085,0x27,0xc43,0xc42,0xa9,0x50088,0x27,
0xc44,0xc43,0xc36,0x50083,0x27,0xc45,0xdf,0xc44,
0x8000c,0x27,0xc46,0x1,0x2b,0xc45,0x28,0xe3,
0x50050,0x29,0xc47,0xc40,0xc46,0x6000c,0x29,0xc48,
0x1,0x8,0xc47,0x4006e,0x59,0xc49,0xc48,0x200f9,
0xc31,0x200f8,0xc31,0x700f5,0x59,0xc4a,0xc2d,0xc09,
0xc49,0xc38,0x50051,0x1c,0xc4b,0xc4a,0x1,0x50051,
0x1c,0xc4c,0xc4a,0x0,0x4003d,0x1b,0xc4d,0xbd3,
0x500c7,0x1b,0xc4e,0xc4d,0x37,0x500ab,0x25,0xc4f,
0xc4e,0x1d,0x300f7,0xc50,0x0,0x400fa,0xc4f,0xc51,
0xc50,0x200f8,0xc51,0x500af,0x25,0xc52,0xc4b,0x21,
0x300f7,0xc53,0x0,0x400fa,0xc52,0xc54,0xc53,0x200f8,
0xc54,0x500af,0x25,0xc55,0xc4b,0x5b,0x200f9,0xc53,
0x200f8,0xc53,0x700f5,0x25,0xc56,0x2b,0xc51,0xc55,
0xc54,0x200f9,0xc50,0x200f8,0xc50,0x700f5,0x25,0xc57,
0x26,0xc31,0xc56,0xc53,0x300f7,0xc58,0x0,0x400fa,
0xc57,0xc59,0xc58,0x200f8,0xc59,0x200f9,0xbd9,0x200f8,
0xc58,0x50080,0x1b,0xc5a,0xbd1,0x7b,0x60041,0x14f,
0xc5b,0x18,0x21,0xc5a,0x4003d,0x1b,0xc5c,0xc5b,
0x500ab,0x25,0xc5d,0xc5c,0x1d,0x300f7,0xc5e,0x0,
0x400fa,0xc5d,0xc5f,0xc5e,0x200f8,0xc5f,0x500af,0x25,
0xc60,0xc4c,0x21,0x300f7,0xc61,0x0,0x400fa,0xc60,
0xc62,0xc61,0x200f8,0xc62,0x500af,0x25,0xc63,0xc4c,
0xe7,0x200f9,0xc61,0x200f8,0xc61,0x700f5,0x25,0xc64,
0x2b,0xc5f,0xc63,0xc62,0x200f9,0xc5e,0x200f8,0xc5e,
0x700f5,0x25,0xc65,0x26,0xc58,0xc64,0xc61,0x300f7,
0xc66,0x0,0x400fa,0xc65,0xc67,0xc66,0x200f8,0xc67,
0x4003d,0x1b,0xc68,0xc5b,0x50080,0x1b,0xc69,0xbd1,
0xc68,0x50080,0x1b,0xc6a,0x46,0xc69,0x60041,0x14f,
0xc6b,0x18,0x21,0xc6a,0x4003d,0x1b,0xc6c,0xc6b,
0x50080,0x1b,0xc6d,0xbd1,0x4d,0x60041,0x14f,0xc6e,
0x18,0x21,0xc6d,0x4003d,0x1b,0xc6f,0xc6e,0x50082,
0x1b,0xc70,0x46,0xc6f,0x500c7,0x1b,0xc71,0xc6c,
0x34,0x500c2,0x1b,0xc72,0xc6c,0x2f,0x500c7,0x1b,
0xc73,0xc72,0x34,0x500c2,0x1b,0xc74,0xc6c,0x37,
0x500c7,0x1b,0xc75,0xc74,0x34,0x60050,0x7f,0xc76,
0xc71,0xc73,0xc75,0x60050,0x7f,0xc77,0xc70,0xc70,
0xc70,0x50084,0x7f,0xc78,0xc76,0xc77,0x50086,0x7f,
0xc79,0xc78,0x80,0x500c2,0x1b,0xc7a,0xc6c,0x4a,
0x40070,0x27,0xc7b,0xc7a,0x50051,0x1b,0xc7c,0xc79,
0x0,0x50051,0x1b,0xc7d,0xc79,0x1,0x50051,0x1b,
0xc7e,0xc79,0x2,0x40070,0x27,0xc7f,0xc7c,0x40070,
0x27,0xc80,0xc7d,0x40070,0x27,0xc81,0xc7e,0x70050,
0x39,0xc82,0xc7f,0xc80,0xc81,0xc7b,0x50085,0x39,
0xc83,0xc82,0x15d,0x500c7,0x1b,0xc84,0x1a3,0x31,
0x500ab,0x25,0xc85,0xc84,0x1d,0x300f7,0xc86,0x0,
0x400fa,0xc85,0xc87,0xc86,0x200f8,0xc87,0x8004f,0x3b,
0xc88,0xc83,0xc83,0x0,0x1,0x2,0x500bc,0x151,
0xc89,0xc88,0x3c,0x50085,0x3b,0xc8a,0xc88,0x15f,
0x50081,0x3b,0xc8b,0xc88,0x3e,0x50085,0x3b,0xc8c,
0xc8b,0x161,0x7000c,0x3b,0xc8d,0x1,0x1a,0xc8c,
0x40,0x600a9,0x3b,0xc8e,0xc89,0xc8a,0xc8d,0x9004f,
0x39,0xc8f,0xc83,0xc8e,0x4,0x5,0x6,0x3,
0x200f9,0xc86,0x200f8,0xc86,0x700f5,0x39,0xc90,0xc83,
0xc67,0xc8f,0xc87,0x200f9,0xbd9,0x200f8,0xc66,0x50080,
0x1b,0xc91,0xbd1,0x22,0x60041,0x14f,0xc92,0x18,
0x21,0xc91,0x4003d,0x1b,0xc93,0xc92,0x4007c,0x1c,
0xc94,0xc93,0x500ad,0x25,0xc95,0xc94,0x30,0x300f7,
0xc96,0x0,0x400fa,0xc95,0xc97,0xc96,0x200f8,0xc97,
0x50050,0x59,0xc98,0xc94,0xc94,0x5008a,0x59,0xc99,
0xc4a,0xc98,0x50080,0x59,0xc9a,0xc99,0xc98,0x5008a,
0x59,0xc9b,0xc9a,0xc98,0x50082,0x59,0xc9c,0xc4a,
0xc9b,0x200f9,0xc96,0x200f8,0xc96,0x700f5,0x59,0xc9d,
0xc4a,0xc66,0xc9c,0xc97,0x50080,0x1b,0xc9e,0xbd1,
0x33,0x60041,0x14f,0xc9f,0x18,0x21,0xc9e,0x4003d,
0x1b,0xca0,0xc9f,0x4007c,0x1c,0xca1,0xca0,0x50080,
0x1b,0xca2,0xbd1,0x24,0x60041,0x14f,0xca3,0x18,
0x21,0xca2,0x4003d,0x1b,0xca4,0xca3,0x4007c,0x1c,
0xca5,0xca4,0x50050,0x59,0xca6,0xca1,0xca5,0x50080,
0x1b,0xca7,0xbd1,0x23,0x60041,0x14f,0xca8,0x18,
0x21,0xca7,0x4003d,0x1b,0xca9,0xca8,0x500c7,0x1b,
0xcaa,0xca9,0x2c,0x500ab,0x25,0xcab,0xcaa,0x1d,
0x300f7,0xcac,0x0,0x400fa,0xcab,0xcad,0xcac,0x200f8,
0xcad,0x50051,0x1c,0xcae,0xc9d,0x1,0x500af,0x25,
0xcaf,0xcae,0x21,0x200f9,0xcac,0x200f8,0xcac,0x700f5,
0x25,0xcb0,0x26,0xc96,0xcaf,0xcad,0x300f7,0xcb1,
0x0,0x400fa,0xcb0,0xcb2,0xcb1,0x200f8,0xcb2,0x50051,
0x1c,0xcb3,0xc9d,0x1,0x500b1,0x25,0xcb4,0xcb3,
0x5b,0x200f9,0xcb1,0x200f8,0xcb1,0x700f5,0x25,0xcb5,
0x26,0xcac,0xcb4,0xcb2,0x300f7,0xcb6,0x0,0x400fa,
0xcb5,0xcb7,0xcb6,0x200f8,0xcb7,0x50080,0x1b,0xcb8,
0xbd1,0x163,0x50051,0x1c,0xcb9,0xc9d,0x1,0x4007c,
0x1b,0xcba,0xcb9,0x50080,0x1b,0xcbb,0xcb8,0xcba,
0x60041,0x14f,0xcbc,0x18,0x21,0xcbb,0x4003d,0x1b,
0xcbd,0xcbc,0x4007c,0x1c,0xcbe,0xcbd,0x60052,0x59,
0xcbf,0xcbe,0xca6,0x0,0x200f9,0xcb6,0x200f8,0xcb6,
0x700f5,0x59,0xcc0,0xca6,0xcb1,0xcbf,0xcb7,0x500c7,
0x1b,0xcc1,0xca9,0x31,0x500ab,0x25,0xcc2,0xcc1,
0x1d,0x300f7,0xcc3,0x0,0x400fa,0xcc2,0xcc4,0xcc3,
0x200f8,0xcc4,0x50080,0x1b,0xcc5,0xbd1,0x164,0x50051,
0x1c,0xcc6,0xc9d,0x1,0x8000c,0x1c,0xcc7,0x1,
0x2d,0xcc6,0x21,0xe9,0x4007c,0x1b,0xcc8,0xcc7,
0x50080,0x1b,0xcc9,0xcc5,0xcc8,0x60041,0x14f,0xcca,
0x18,0x21,0xcc9,0x4003d,0x1b,0xccb,0xcca,0x4007c,
0x1c,0xccc,0xccb,0x60052,0x59,0xccd,0xccc,0xcc0,
0x1,0x200f9,0xcc3,0x200f8,0xcc3,0x700f5,0x59,0xcce,
0xcc0,0xcb6,0xccd,0xcc4,0x50080,0x1b,0xccf,0xbd1,
0x4c,0x60041,0x14f,0xcd0,0x18,0x21,0xccf,0x4003d,
0x1b,0xcd1,0xcd0,0x500ab,0x25,0xcd2,0xcd1,0x1d,
0x300f7,0xcd3,0x0,0x400fa,0xcd2,0xcd4,0xcd3,0x200f8,
0xcd4,0x50051,0x1c,0xcd5,0xc9d,0x0,0x4003d,0x1b,
0xcd6,0xc9f,0x4007c,0x1c,0xcd7,0xcd6,0x500c7,0x1c,
0xcd8,0xcd7,0x85,0x50080,0x1c,0xcd9,0xcd5,0xcd8,
0x50051,0x1c,0xcda,0xcce,0x1,0x300f7,0xcdb,0x0,
0x300fb,0x1d,0xcdc,0x200f8,0xcdc,0x50041,0x177,0xcdd,
0xa,0x35,0x4003d,0x27,0xcde,0xcdd,0x500b6,0x25,
0xcdf,0xcde,0x28,0x300f7,0xce0,0x0,0x400fa,0xcdf,
0xce1,0xce0,0x200f8,0xce1,0x50041,0x177,0xce2,0xa,
0x21,0x4003d,0x27,0xce3,0xce2,0x50041,0x177,0xce4,
0xa,0x30,0x4003d,0x27,0xce5,0xce4,0x4006f,0x27,
0xce6,0xcd9,0x50085,0x27,0xce7,0xce6,0x166,0x50085,
0x27,0xce8,0xce5,0xce7,0x50081,0x27,0xce9,0xce3,
0xce8,0x6000c,0x27,0xcea,0x1,0x6,0xce9,0x4006e,
0x1c,0xceb,0xcea,0x4006f,0x27,0xcec,0xceb,0x6000c,
0x27,0xced,0x1,0x4,0xce9,0x50081,0x27,0xcee,
0xced,0x69,0x6000c,0x27,0xcef,0x1,0x8,0xcee,
0x50085,0x27,0xcf0,0xcec,0xcef,0x4006e,0x1c,0xcf1,
0xcf0,0x500c7,0x1c,0xcf2,0xcf1,0x132,0x200f9,0xcdb,
0x200f8,0xce0,0x500af,0x25,0xcf3,0xcd9,0x21,0x300f7,
0xcf4,0x0,0x400fa,0xcf3,0xcf5,0xcf6,0x200f8,0xcf6,
0x50082,0x1c,0xcf7,0x85,0xcd9,0x50087,0x1c,0xcf8,
0xcf7,0x165,0x200f9,0xcf4,0x200f8,0xcf5,0x50087,0x1c,
0xcf9,0xcd9,0xde,0x200f9,0xcf4,0x200f8,0xcf4,0x700f5,
0x1c,0xcfa,0xcf9,0xcf5,0xcf8,0xcf6,0x500af,0x25,
0xcfb,0xcfa,0x30,0x300f7,0xcfc,0x0,0x400fa,0xcfb,
0xcfd,0xcfc,0x200f8,0xcfd,0x500b3,0x25,0xcfe,0xcfa,
0xe2,0x200f9,0xcfc,0x200f8,0xcfc,0x700f5,0x25,0xcff,
0x26,0xcf4,0xcfe,0xcfd,0x300f7,0xd00,0x0,0x400fa,
0xcff,0xd01,0xd00,0x200f8,0xd01,0x50082,0x1c,0xd02,
0xcfa,0x30,0x4007c,0x1b,0xd03,0xd02,0x50080,0x1b,
0xd04,0x133,0xd03,0x50084,0x1b,0xd05,0xd04,0x31,
0x500c7,0x1b,0xd06,0xd05,0x43,0x50080,0x1b,0xd07,
0xbd1,0xdd,0x500c2,0x1b,0xd08,0xd06,0x31,0x50080,
0x1b,0xd09,0xd07,0xd08,0x60041,0x14f,0xd0a,0x18,
0x21,0xd09,0x4003d,0x1b,0xd0b,0xd0a,0x500c7,0x1b,
0xd0c,0xd05,0x33,0x50084,0x1b,0xd0d,0xd0c,0x2f,
0x500c7,0x1b,0xd0e,0xd0d,0x32,0x500c2,0x1b,0xd0f,
0xd0b,0xd0e,0x500c7,0x1b,0xd10,0xd0f,0x34,0x50080,
0x1b,0xd11,0xd05,0x2c,0x500c7,0x1b,0xd12,0xd11,
0x43,0x500c2,0x1b,0xd13,0xd12,0x31,0x50080,0x1b,
0xd14,0xd07,0xd13,0x60041,0x14f,0xd15,0x18,0x21,
0xd14,0x4003d,0x1b,0xd16,0xd15,0x500c7,0x1b,0xd17,
0xd11,0x33,0x50084,0x1b,0xd18,0xd17,0x2f,0x500c7,
0x1b,0xd19,0xd18,0x32,0x500c2,0x1b,0xd1a,0xd16,
0xd19,0x500c7,0x1b,0xd1b,0xd1a,0x34,0x500c4,0x1b,
0xd1c,0xd1b,0x2f,0x500c5,0x1b,0xd1d,0xd10,0xd1c,
0x500c7,0x1b,0xd1e,0xd1d,0xe8,0x500ab,0x25,0xd1f,
0xd1e,0x1d,0x300f7,0xd20,0x0,0x400fa,0xd1f,0xd21,
0xd22,0x200f8,0xd22,0x200f9,0xd20,0x200f8,0xd21,0x500c7,
0x1b,0xd23,0xd1d,0x134,0x4007c,0x1c,0xd24,0xd23,
0x200f9,0xd20,0x200f8,0xd20,0x700f5,0x1c,0xd25,0xd24,
0xd21,0xcda,0xd22,0x200f9,0xcdb,0x200f8,0xd00,0x200f9,
0xd26,0x200f8,0xd26,0x700f5,0x1c,0xd27,0x47,0xd00,
0xd28,0xd29,0x700f5,0x1c,0xd2a,0x47,0xd00,0xd2b,
0xd29,0x700f5,0x1c,0xd2c,0x21,0xd00,0xd2d,0xd29,
0x500b1,0x25,0xd2e,0xd2c,0xe2,0x400f6,0xd2f,0xd29,
0x0,0x400fa,0xd2e,0xd30,0xd2f,0x200f8,0xd30,0x4007c,
0x1b,0xd31,0xd2c,0x50080,0x1b,0xd32,0x133,0xd31,
0x50084,0x1b,0xd33,0xd32,0x31,0x500c7,0x1b,0xd34,
0xd33,0x43,0x50080,0x1b,0xd35,0xbd1,0xdd,0x500c2,
0x1b,0xd36,0xd34,0x31,0x50080,0x1b,0xd37,0xd35,
0xd36,0x60041,0x14f,0xd38,0x18,0x21,0xd37,0x4003d,
0x1b,0xd39,0xd38,0x500c7,0x1b,0xd3a,0xd33,0x33,
0x50084,0x1b,0xd3b,0xd3a,0x2f,0x500c7,0x1b,0xd3c,
0xd3b,0x32,0x500c2,0x1b,0xd3d,0xd39,0xd3c,0x500c7,
0x1b,0xd3e,0xd3d,0x34,0x50080,0x1b,0xd3f,0xd33,
0x2c,0x500c7,0x1b,0xd40,0xd3f,0x43,0x500c2,0x1b,
0xd41,0xd40,0x31,0x50080,0x1b,0xd42,0xd35,0xd41,
0x60041,0x14f,0xd43,0x18,0x21,0xd42,0x4003d,0x1b,
0xd44,0xd43,0x500c7,0x1b,0xd45,0xd3f,0x33,0x50084,
0x1b,0xd46,0xd45,0x2f,0x500c7,0x1b,0xd47,0xd46,
0x32,0x500c2,0x1b,0xd48,0xd44,0xd47,0x500c7,0x1b,
0xd49,0xd48,0x34,0x500c4,0x1b,0xd4a,0xd49,0x2f,
0x500c5,0x1b,0xd4b,0xd3e,0xd4a,0x50041,0x14a,0xd4c,
0x17f,0xd2c,0x3003e,0xd4c,0xd4b,0x4003d,0x1b,0xd4d,
0xd4c,0x500c7,0x1b,0xd4e,0xd4d,0xe8,0x500ab,0x25,
0xd4f,0xd4e,0x1d,0x300f7,0xd50,0x0,0x400fa,0xd4f,
0xd51,0xd50,0x200f8,0xd51,0x500b1,0x25,0xd52,0xd2a,
0x21,0x600a9,0x1c,0xd53,0xd52,0xd2c,0xd2a,0x200f9,
0xd50,0x200f8,0xd50,0x700f5,0x1c,0xd2b,0xd2a,0xd30,
0xd53,0xd51,0x600a9,0x1c,0xd28,0xd4f,0xd2c,0xd27,
0x200f9,0xd29,0x200f8,0xd29,0x50080,0x1c,0xd2d,0xd2c,
0x30,0x200f9,0xd26,0x200f8,0xd2f,0x500b3,0x25,0xd54,
0xcfa,0x21,0x600a9,0x1c,0xd55,0xd54,0x21,0x45,
0x50041,0x14a,0xd56,0x17f,0xd55,0x4003d,0x1b,0xd57,
0xd56,0x500c7,0x1b,0xd58,0xd57,0xe8,0x500aa,0x25,
0xd59,0xd58,0x1d,0x300f7,0xd5a,0x0,0x400fa,0xd59,
0xd5b,0xd5a,0x200f8,0xd5b,0x200f9,0xcdb,0x200f8,0xd5a,
0x500af,0x25,0xd5c,0xd2a,0x21,0x300f7,0xd5d,0x0,
0x400fa,0xd5c,0xd5e,0xd5d,0x200f8,0xd5e,0x500ab,0x25,
0xd5f,0xd27,0xd2a,0x200f9,0xd5d,0x200f8,0xd5d,0x700f5,
0x25,0xd60,0x26,0xd5a,0xd5f,0xd5e,0x300f7,0xd61,
0x0,0x400fa,0xd60,0xd62,0xd61,0x200f8,0xd62,0x50041,
0x14a,0xd63,0x17f,0xd27,0x4003d,0x1b,0xd64,0xd63,
0x500c7,0x1b,0xd65,0xd64,0x134,0x4007c,0x1c,0xd66,
0xd65,0x50041,0x14a,0xd67,0x17f,0xd2a,0x4003d,0x1b,
0xd68,0xd67,0x500c7,0x1b,0xd69,0xd68,0x134,0x4007c,
0x1c,0xd6a,0xd69,0x50082,0x1c,0xd6b,0xd66,0xd6a,
0x500c7,0x1c,0xd6c,0xd6b,0x132,0x500ad,0x25,0xd6d,
0xd6c,0x135,0x300f7,0xd6e,0x0,0x400fa,0xd6d,0xd6f,
0xd6e,0x200f8,0xd6f,0x50082,0x1c,0xd70,0xd6c,0x136,
0x200f9,0xd6e,0x200f8,0xd6e,0x700f5,0x1c,0xd71,0xd6c,
0xd62,0xd70,0xd6f,0x50082,0x1c,0xd72,0xd27,0xd2a,
0x200f9,0xd61,0x200f8,0xd61,0x700f5,0x1c,0xd73,0x30,
0xd5d,0xd72,0xd6e,0x700f5,0x1c,0xd74,0x21,0xd5d,
0xd71,0xd6e,0x300f7,0xd75,0x0,0x400fa,0xd54,0xd76,
0xd77,0x200f8,0xd77,0x50082,0x1c,0xd78,0xcfa,0xe2,
0x200f9,0xd75,0x200f8,0xd76,0x50080,0x1c,0xd79,0xcfa,
0x30,0x7000c,0x1c,0xd7a,0x1,0x27,0xd79,0x21,
0x200f9,0xd75,0x200f8,0xd75,0x700f5,0x1c,0xd7b,0xd7a,
0xd76,0xd78,0xd77,0x4003d,0x1b,0xd7c,0xd56,0x500c7,
0x1b,0xd7d,0xd7c,0x134,0x4007c,0x1c,0xd7e,0xd7d,
0x50084,0x1c,0xd7f,0xd74,0xd7b,0x50087,0x1c,0xd80,
0xd7f,0xd73,0x50080,0x1c,0xd81,0xd7e,0xd80,0x500c7,
0x1c,0xd82,0xd81,0x132,0x200f9,0xcdb,0x200f8,0xcdb,
0xb00f5,0x1c,0xd83,0xcf2,0xce1,0xd25,0xd20,0xcda,
0xd5b,0xd82,0xd75,0x60052,0x59,0xd84,0xd83,0xcce,
0x1,0x200f9,0xcd3,0x200f8,0xcd3,0x700f5,0x59,0xd85,
0xcce,0xcc3,0xd84,0xcdb,0x50080,0x59,0xd86,0xc9d,
0xd85,0x50080,0x1b,0xd87,0xbd1,0x7c,0x60041,0x14f,
0xd88,0x18,0x21,0xd87,0x4003d,0x1b,0xd89,0xd88,
0x500c7,0x1b,0xd8a,0xd89,0x58,0x500ab,0x25,0xd8b,
0xd8a,0x1d,0x300f7,0xd8c,0x0,0x400fa,0xd8b,0xd8d,
0xd8c,0x200f8,0xd8d,0x300f7,0xd8e,0x0,0x300fb,0x1d,
0xd8f,0x200f8,0xd8f,0x70041,0x158,0xd90,0x16,0x21,
0x21,0x1e,0x4003d,0x27,0xd91,0xd90,0x70041,0x158,
0xd92,0x16,0x21,0x30,0x1e,0x4003d,0x27,0xd93,
0xd92,0x70041,0x158,0xd94,0x16,0x21,0x35,0x1e,
0x4003d,0x27,0xd95,0xd94,0x60050,0x3b,0xd96,0xd91,
0xd93,0xd95,0x70041,0x158,0xd97,0x16,0x21,0x21,
0x21,0x4003d,0x27,0xd98,0xd97,0x70041,0x158,0xd99,
0x16,0x21,0x30,0x21,0x4003d,0x27,0xd9a,0xd99,
0x70041,0x158,0xd9b,0x16,0x21,0x35,0x21,0x4003d,
0x27,0xd9c,0xd9b,0x60050,0x3b,0xd9d,0xd98,0xd9a,
0xd9c,0x50094,0x27,0xd9e,0xd9d,0xd96,0x70041,0x158,
0xd9f,0x16,0x21,0x21,0x30,0x4003d,0x27,0xda0,
0xd9f,0x70041,0x158,0xda1,0x16,0x21,0x30,0x30,
0x4003d,0x27,0xda2,0xda1,0x70041,0x158,0xda3,0x16,
0x21,0x35,0x30,0x4003d,0x27,0xda4,0xda3,0x60050,
0x3b,0xda5,0xda0,0xda2,0xda4,0x50094,0x27,0xda6,
0xda5,0xd96,0x70041,0x158,0xda7,0x16,0x21,0x21,
0x35,0x4003d,0x27,0xda8,0xda7,0x70041,0x158,0xda9,
0x16,0x21,0x30,0x35,0x4003d,0x27,0xdaa,0xda9,
0x70041,0x158,0xdab,0x16,0x21,0x35,0x35,0x4003d,
0x27,0xdac,0xdab,0x60050,0x3b,0xdad,0xda8,0xdaa,
0xdac,0x50094,0x27,0xdae,0xdad,0xd96,0x60050,0x3b,
0xdaf,0xd9e,0xda6,0xdae,0x4007f,0x3b,0xdb0,0xdaf,
0x50081,0x3b,0xdb1,0x196,0xdaf,0x50051,0x27,0xdb2,
0xdb1,0x2,0x500be,0x25,0xdb3,0xdb2,0x28,0x300f7,
0xdb4,0x0,0x400fa,0xdb3,0xdb5,0xdb4,0x200f8,0xdb5,
0x200f9,0xd8e,0x200f8,0xdb4,0x50051,0x27,0xdb6,0xdb0,
0x2,0x50083,0x27,0xdb7,0x137,0xdb6,0x50088,0x27,
0xdb8,0xdb7,0xdb2,0x7004f,0x29,0xdb9,0xdb0,0xdb0,
0x0,0x1,0x7004f,0x29,0xdba,0xdb1,0xdb1,0x0,
0x1,0x5008e,0x29,0xdbb,0xdba,0xdb8,0x50081,0x29,
0xdbc,0xdb9,0xdbb,0x500ba,0x25,0xdbd,0xdb8,0x28,
0x300f7,0xdbe,0x0,0x400fa,0xdbd,0xdbf,0xdbe,0x200f8,
0xdbf,0x50051,0x27,0xdc0,0xdbc,0x0,0x6000c,0x27,
0xdc1,0x1,0x4,0xdc0,0x500b8,0x25,0xdc2,0xdc1,
0x67,0x200f9,0xdbe,0x200f8,0xdbe,0x700f5,0x25,0xdc3,
0x26,0xdb4,0xdc2,0xdbf,0x300f7,0xdc4,0x0,0x400fa,
0xdc3,0xdc5,0xdc4,0x200f8,0xdc5,0x50051,0x27,0xdc6,
0xdbc,0x1,0x6000c,0x27,0xdc7,0x1,0x4,0xdc6,
0x500b8,0x25,0xdc8,0xdc7,0x138,0x200f9,0xdc4,0x200f8,
0xdc4,0x700f5,0x25,0xdc9,0x26,0xdbe,0xdc8,0xdc5,
0x200f9,0xd8e,0x200f8,0xd8e,0x700f5,0x25,0xdca,0x26,
0xdb5,0xdc9,0xdc4,0x300f7,0xdcb,0x0,0x400fa,0xdca,
0xdcc,0xdcb,0x200f8,0xdcc,0x200f9,0xbd9,0x200f8,0xdcb,
0x50051,0x1c,0xdcd,0xd86,0x0,0x4007c,0x1b,0xdce,
0xdcd,0x500c2,0x1b,0xdcf,0xdce,0x52,0x50084,0x1b,
0xdd0,0xdcf,0xea,0x50051,0x1c,0xdd1,0xd86,0x1,
0x4007c,0x1b,0xdd2,0xdd1,0x500c2,0x1b,0xdd3,0xdd2,
0x52,0x50084,0x1b,0xdd4,0xdd3,0xeb,0x500c6,0x1b,
0xdd5,0xdd0,0xdd4,0x500c2,0x1b,0xdd6,0xdd5,0x37,
0x500c6,0x1b,0xdd7,0xdd5,0xdd6,0x50084,0x1b,0xdd8,
0xdd7,0xec,0x500c2,0x1b,0xdd9,0xdd8,0x46,0x500c6,
0x1b,0xdda,0xdd8,0xdd9,0x500c2,0x1b,0xddb,0xdda,
0x33,0x50089,0x1b,0xddc,0xddb,0x33,0x500c7,0x1b,
0xddd,0xdda,0x7c,0x50084,0x1b,0xdde,0xddd,0x4e,
0x500c7,0x1c,0xddf,0xdcd,0x45,0x4007c,0x1b,0xde0,
0xddf,0x50080,0x1b,0xde1,0xdde,0xde0,0x4007c,0x1c,
0xde2,0xde1,0x500aa,0x25,0xde3,0xddc,0x1d,0x300f7,
0xde4,0x0,0x400fa,0xde3,0xde5,0xde6,0x200f8,0xde6,
0x50084,0x1b,0xde7,0xddc,0x4e,0x50080,0x1b,0xde8,
0x82,0xde7,0x200f9,0xde4,0x200f8,0xde5,0x200f9,0xde4,
0x200f8,0xde4,0x700f5,0x1b,0xde9,0x1d,0xde5,0xde8,
0xde6,0x500c7,0x1c,0xdea,0xdd1,0x45,0x4007c,0x1b,
0xdeb,0xdea,0x50080,0x1b,0xdec,0xde9,0xdeb,0x4007c,
0x1c,0xded,0xdec,0x50050,0x59,0xdee,0xde2,0xded,
0x200f9,0xd8c,0x200f8,0xd8c,0x700f5,0x59,0xdef,0xd86,
0xcd3,0xdee,0xde4,0x4003d,0x1b,0xdf0,0xbd3,0x500c7,
0x1b,0xdf1,0xdf0,0x5f,0x500ab,0x25,0xdf2,0xdf1,
0x1d,0x300f7,0xdf3,0x0,0x400fa,0xdf2,0xdf4,0xdf3,
0x200f8,0xdf4,0x50051,0x1c,0xdf5,0xdef,0x1,0x500c7,
0x1b,0xdf6,0xbdd,0x31,0x500ab,0x25,0xdf7,0xdf6,
0x1d,0x600a9,0x1c,0xdf8,0xdf7,0xe1,0xe2,0x4007c,
0x1b,0xdf9,0xdf8,0x50084,0x1b,0xdfa,0xdf9,0xbe6,
0x4007c,0x1c,0xdfb,0xdfa,0x50082,0x1c,0xdfc,0xdfb,
0x30,0x8000c,0x1c,0xdfd,0x1,0x2d,0xdf5,0x21,
0xdfc,0x60052,0x59,0xdfe,0xdfd,0xdef,0x1,0x200f9,
0xdf3,0x200f8,0xdf3,0x700f5,0x59,0xdff,0xdef,0xd8c,
0xdfe,0xdf4,0x4003d,0x1b,0xe00,0xbd3,0x500c7,0x1b,
0xe01,0xe00,0x31,0x500ab,0x25,0xe02,0xe01,0x1d,
0x300f7,0xe03,0x0,0x400fa,0xe02,0xe04,0xe03,0x200f8,
0xe04,0x50051,0x1c,0xe05,0xdff,0x0,0x500af,0x25,
0xe06,0xe05,0x21,0x300f7,0xe07,0x0,0x400fa,0xe06,
0xe08,0xe07,0x200f8,0xe08,0x500c7,0x1b,0xe09,0xbdd,
0x2c,0x500ab,0x25,0xe0a,0xe09,0x1d,0x600a9,0x1c,
0xe0b,0xe0a,0xe1,0xe2,0x4007c,0x1b,0xe0c,0xe0b,
0x50084,0x1b,0xe0d,0xe0c,0xbe6,0x4007c,0x1c,0xe0e,
0xe0d,0x500af,0x25,0xe0f,0xe05,0xe0e,0x200f9,0xe07,
0x200f8,0xe07,0x700f5,0x25,0xe10,0x2b,0xe04,0xe0f,
0xe08,0x200f9,0xe03,0x200f8,0xe03,0x700f5,0x25,0xe11,
0x26,0xdf3,0xe10,0xe07,0x300f7,0xe12,0x0,0x400fa,
0xe11,0xe13,0xe12,0x200f8,0xe13,0x200f9,0xbd9,0x200f8,
0xe12,0x4003d,0x1b,0xe14,0xbd3,0x500c2,0x1b,0xe15,
0xe14,0x2f,0x500c7,0x1b,0xe16,0xe15,0x43,0x500aa,
0x25,0xe17,0xe16,0x58,0x300f7,0xe18,0x0,0x400fa,
0xe17,0xe19,0xe18,0x200f8,0xe19,0x50051,0x1c,0xe1a,
0xdff,0x1,0x500af,0x25,0xe1b,0xe1a,0x21,0x300f7,
0xe1c,0x0,0x400fa,0xe1b,0xe1d,0xe1c,0x200f8,0xe1d,
0x500c7,0x1b,0xe1e,0xbdd,0x31,0x500ab,0x25,0xe1f,
0xe1e,0x1d,0x600a9,0x1c,0xe20,0xe1f,0xe1,0xe2,
0x4007c,0x1b,0xe21,0xe20,0x50084,0x1b,0xe22,0xe21,
0xbe6,0x4007c,0x1c,0xe23,0xe22,0x500af,0x25,0xe24,
0xe1a,0xe23,0x200f9,0xe1c,0x200f8,0xe1c,0x700f5,0x25,
0xe25,0x2b,0xe19,0xe24,0xe1d,0x200f9,0xe18,0x200f8,
0xe18,0x700f5,0x25,0xe26,0x26,0xe12,0xe25,0xe1c,
0x300f7,0xe27,0x0,0x400fa,0xe26,0xe28,0xe27,0x200f8,
0xe28,0x200f9,0xbd9,0x200f8,0xe27,0x500ab,0x25,0xe29,
0xe16,0x1d,0x300f7,0xe2a,0x0,0x400fa,0xe29,0xe2b,
0xe2a,0x200f8,0xe2b,0x4007c,0x1c,0xe2c,0xe16,0x500b1,
0x25,0xe2d,0xc4b,0xe2c,0x200f9,0xe2a,0x200f8,0xe2a,
0x700f5,0x25,0xe2e,0x26,0xe27,0xe2d,0xe2b,0x300f7,
0xe2f,0x0,0x400fa,0xe2e,0xe30,0xe2f,0x200f8,0xe30,
0x500af,0x25,0xe31,0xc4c,0x21,0x300f7,0xe32,0x0,
0x400fa,0xe31,0xe33,0xe32,0x200f8,0xe33,0x500af,0x25,
0xe34,0xc4c,0xe7,0x200f9,0xe32,0x200f8,0xe32,0x700f5,
0x25,0xe35,0x2b,0xe30,0xe34,0xe33,0x200f9,0xe2f,
0x200f8,0xe2f,0x700f5,0x25,0xe36,0x26,0xe2a,0xe35,
0xe32,0x300f7,0xe37,0x0,0x400fa,0xe36,0xe38,0xe37,
0x200f8,0xe38,0x50051,0x1c,0xe39,0xdff,0x0,0x500af,
0x25,0xe3a,0xe39,0x21,0x300f7,0xe3b,0x0,0x400fa,
0xe3a,0xe3c,0xe3b,0x200f8,0xe3c,0x500c7,0x1b,0xe3d,
0xbdd,0x2c,0x500ab,0x25,0xe3e,0xe3d,0x1d,0x600a9,
0x1c,0xe3f,0xe3e,0xe1,0xe2,0x4007c,0x1b,0xe40,
0xe3f,0x50084,0x1b,0xe41,0xe40,0xbe6,0x4007c,0x1c,
0xe42,0xe41,0x500af,0x25,0xe43,0xe39,0xe42,0x200f9,
0xe3b,0x200f8,0xe3b,0x700f5,0x25,0xe44,0x2b,0xe38,
0xe43,0xe3c,0x200f9,0xe37,0x200f8,0xe37,0x700f5,0x25,
0xe45,0x26,0xe2f,0xe44,0xe3b,0x300f7,0xe46,0x0,
0x400fa,0xe45,0xe47,0xe46,0x200f8,0xe47,0x4003d,0x1b,
0xe48,0xbd3,0x500c7,0x1b,0xe49,0xe48,0x2c,0x500ab,
0x25,0xe4a,0xe49,0x1d,0x300f7,0xe4b,0x0,0x400fa,
0xe4a,0xe4c,0xe4b,0x200f8,0xe4c,0x200f9,0xbd9,0x200f8,
0xe4b,0x50080,0x1b,0xe4d,0xbd1,0x37,0x50080,0x1b,
0xe4e,0xe4d,0x194,0x60041,0x14f,0xe4f,0x18,0x21,
0xe4e,0x4003d,0x1b,0xe50,0xe4f,0x50080,0x1b,0xe51,
0xbd1,0x4d,0x60041,0x14f,0xe52,0x18,0x21,0xe51,
0x4003d,0x1b,0xe53,0xe52,0x50082,0x1b,0xe54,0x46,
0xe53,0x500c7,0x1b,0xe55,0xe50,0x34,0x500c2,0x1b,
0xe56,0xe50,0x2f,0x500c7,0x1b,0xe57,0xe56,0x34,
0x500c2,0x1b,0xe58,0xe50,0x37,0x500c7,0x1b,0xe59,
0xe58,0x34,0x60050,0x7f,0xe5a,0xe55,0xe57,0xe59,
0x60050,0x7f,0xe5b,0xe54,0xe54,0xe54,0x50084,0x7f,
0xe5c,0xe5a,0xe5b,0x50086,0x7f,0xe5d,0xe5c,0x80,
0x500c2,0x1b,0xe5e,0xe50,0x4a,0x40070,0x27,0xe5f,
0xe5e,0x50051,0x1b,0xe60,0xe5d,0x0,0x50051,0x1b,
0xe61,0xe5d,0x1,0x50051,0x1b,0xe62,0xe5d,0x2,
0x40070,0x27,0xe63,0xe60,0x40070,0x27,0xe64,0xe61,
0x40070,0x27,0xe65,0xe62,0x70050,0x39,0xe66,0xe63,
0xe64,0xe65,0xe5f,0x50085,0x39,0xe67,0xe66,0x15d,
0x500c7,0x1b,0xe68,0x1a3,0x31,0x500ab,0x25,0xe69,
0xe68,0x1d,0x300f7,0xe6a,0x0,0x400fa,0xe69,0xe6b,
0xe6a,0x200f8,0xe6b,0x8004f,0x3b,0xe6c,0xe67,0xe67,
0x0,0x1,0x2,0x500bc,0x151,0xe6d,0xe6c,0x3c,
0x50085,0x3b,0xe6e,0xe6c,0x15f,0x50081,0x3b,0xe6f,
0xe6c,0x3e,0x50085,0x3b,0xe70,0xe6f,0x161,0x7000c,
0x3b,0xe71,0x1,0x1a,0xe70,0x40,0x600a9,0x3b,
0xe72,0xe6d,0xe6e,0xe71,0x9004f,0x39,0xe73,0xe67,
0xe72,0x4,0x5,0x6,0x3,0x200f9,0xe6a,0x200f8,
0xe6a,0x700f5,0x39,0xe74,0xe67,0xe4b,0xe73,0xe6b,
0x200f9,0xbd9,0x200f8,0xe46,0x4007c,0x2d,0xe75,0xdff,
0x500c7,0x1b,0xe76,0xbdd,0x2c,0x500ab,0x25,0xe77,
0xe76,0x1d,0x600a9,0x1c,0xe78,0xe77,0xe1,0xe2,
0x4007c,0x1b,0xe79,0xe78,0x50084,0x1b,0xe7a,0xe79,
0xbe6,0x50082,0x1b,0xe7b,0xe7a,0x2c,0x500c7,0x1b,
0xe7c,0xbdd,0x31,0x500ab,0x25,0xe7d,0xe7c,0x1d,
0x600a9,0x1c,0xe7e,0xe7d,0xe1,0xe2,0x4007c,0x1b,
0xe7f,0xe7e,0x50084,0x1b,0xe80,0xe7f,0xbe6,0x50082,
0x1b,0xe81,0xe80,0x2c,0x50050,0x2d,0xe82,0xe7b,
0xe81,0x500c7,0x2d,0xe83,0xe75,0xe82,0x4003d,0x1b,
0xe84,0xbd3,0x500c7,0x1b,0xe85,0xe84,0x86,0x500ab,
0x25,0xe86,0xe85,0x1d,0x300f7,0xe87,0x0,0x400fa,
0xe86,0xe88,0xe87,0x200f8,0xe88,0x50051,0x1b,0xe89,
0xe83,0x0,0x500ae,0x25,0xe8a,0xe89,0xed,0x200f9,
0xe87,0x200f8,0xe87,0x700f5,0x25,0xe8b,0x26,0xe46,
0xe8a,0xe88,0x300f7,0xe8c,0x0,0x400fa,0xe8b,0xe8d,
0xe8c,0x200f8,0xe8d,0x50051,0x1b,0xe8e,0xe83,0x0,
0x500b0,0x25,0xe8f,0xe8e,0xee,0x200f9,0xe8c,0x200f8,
0xe8c,0x700f5,0x25,0xe90,0x26,0xe87,0xe8f,0xe8d,
0x300f7,0xe91,0x0,0x400fa,0xe90,0xe92,0xe91,0x200f8,
0xe92,0x50051,0x1b,0xe93,0xe83,0x1,0x500ae,0x25,
0xe94,0xe93,0xef,0x200f9,0xe91,0x200f8,0xe91,0x700f5,
0x25,0xe95,0x26,0xe8c,0xe94,0xe92,0x300f7,0xe96,
0x0,0x400fa,0xe95,0xe97,0xe96,0x200f8,0xe97,0x50051,
0x1b,0xe98,0xe83,0x1,0x500b0,0x25,0xe99,0xe98,
0xf0,0x200f9,0xe96,0x200f8,0xe96,0x700f5,0x25,0xe9a,
0x26,0xe91,0xe99,0xe97,0x300f7,0xe9b,0x0,0x400fa,
0xe9a,0xe9c,0xe9b,0x200f8,0xe9c,0x50051,0x1b,0xe9d,
0xe83,0x0,0x500c7,0x1b,0xe9e,0xe9d,0xf1,0x60052,
0x2d,0xe9f,0xe9e,0xe83,0x0,0x200f9,0xe9b,0x200f8,
0xe9b,0x700f5,0x2d,0xea0,0xe83,0xe96,0xe9f,0xe9c,
0x4003d,0x1b,0xea1,0xbd3,0x500c7,0x1b,0xea2,0xea1,
0xf2,0x500ab,0x25,0xea3,0xea2,0x1d,0x300f7,0xea4,
0x0,0x400fa,0xea3,0xea5,0xea4,0x200f8,0xea5,0x500af,
0x25,0xea6,0xc4c,0x21,0x300f7,0xea7,0x0,0x400fa,
0xea6,0xea8,0xea7,0x200f8,0xea8,0x500af,0x25,0xea9,
0xc4c,0xf3,0x200f9,0xea7,0x200f8,0xea7,0x700f5,0x25,
0xeaa,0x2b,0xea5,0xea9,0xea8,0x200f9,0xea4,0x200f8,
0xea4,0x700f5,0x25,0xeab,0x26,0xe9b,0xeaa,0xea7,
0x300f7,0xeac,0x0,0x400fa,0xeab,0xead,0xeac,0x200f8,
0xead,0x50051,0x1b,0xeae,0xea0,0x1,0x500ae,0x25,
0xeaf,0xeae,0xf4,0x200f9,0xeac,0x200f8,0xeac,0x700f5,
0x25,0xeb0,0x26,0xea4,0xeaf,0xead,0x300f7,0xeb1,
0x0,0x400fa,0xeb0,0xeb2,0xeb1,0x200f8,0xeb2,0x50051,
0x1b,0xeb3,0xea0,0x1,0x500b0,0x25,0xeb4,0xeb3,
0xf5,0x200f9,0xeb1,0x200f8,0xeb1,0x700f5,0x25,0xeb5,
0x26,0xeac,0xeb4,0xeb2,0x300f7,0xeb6,0x0,0x400fa,
0xeb5,0xeb7,0xeb6,0x200f8,0xeb7,0x50051,0x1b,0xeb8,
0xea0,0x0,0x500c7,0x1b,0xeb9,0xeb8,0xf1,0x60052,
0x2d,0xeba,0xeb9,0xea0,0x0,0x200f9,0xeb6,0x200f8,
0xeb6,0x700f5,0x2d,0xebb,0xea0,0xeb1,0xeba,0xeb7,
0x4003d,0x1b,0xebc,0xbd3,0x500c7,0x1b,0xebd,0xebc,
0xf6,0x500ab,0x25,0xebe,0xebd,0x1d,0x300f7,0xebf,
0x0,0x400fa,0xebe,0xec0,0xebf,0x200f8,0xec0,0x500af,
0x25,0xec1,0xc4c,0x21,0x300f7,0xec2,0x0,0x400fa,
0xec1,0xec3,0xec2,0x200f8,0xec3,0x500af,0x25,0xec4,
0xc4c,0xf3,0x200f9,0xec2,0x200f8,0xec2,0x700f5,0x25,
0xec5,0x2b,0xec0,0xec4,0xec3,0x200f9,0xebf,0x200f8,
0xebf,0x700f5,0x25,0xec6,0x26,0xeb6,0xec5,0xec2,
0x300f7,0xec7,0x0,0x400fa,0xec6,0xec8,0xec7,0x200f8,
0xec8,0x50051,0x1b,0xec9,0xebb,0x1,0x500ae,0x25,
0xeca,0xec9,0xef,0x200f9,0xec7,0x200f8,0xec7,0x700f5,
0x25,0xecb,0x26,0xebf,0xeca,0xec8,0x300f7,0xecc,
0x0,0x400fa,0xecb,0xecd,0xecc,0x200f8,0xecd,0x50051,
0x1b,0xece,0xebb,0x1,0x500b0,0x25,0xecf,0xece,
0xf7,0x200f9,0xecc,0x200f8,0xecc,0x700f5,0x25,0xed0,
0x26,0xec7,0xecf,0xecd,0x300f7,0xed1,0x0,0x400fa,
0xed0,0xed2,0xed1,0x200f8,0xed2,0x50051,0x1b,0xed3,
0xebb,0x0,0x500c7,0x1b,0xed4,0xed3,0xf1,0x60052,
0x2d,0xed5,0xed4,0xebb,0x0,0x200f9,0xed1,0x200f8,
0xed1,0x700f5,0x2d,0xed6,0xebb,0xecc,0xed5,0xed2,
0x4003d,0x1b,0xed7,0xbd3,0x500c7,0x1b,0xed8,0xed7,
0xf8,0x500aa,0x25,0xed9,0xed8,0xf8,0x600a9,0x1b,
0xeda,0xe77,0x81,0x4e,0x50084,0x1b,0xedb,0xeda,
0xbe6,0x50086,0x1b,0xedc,0xedb,0x31,0x4003d,0x1b,
0xedd,0xbd3,0x500c7,0x1b,0xede,0xedd,0x81,0x500ab,
0x25,0xedf,0xede,0x1d,0x300f7,0xee0,0x0,0x400fa,
0xedf,0xee1,0xee0,0x200f8,0xee1,0x500af,0x25,0xee2,
0xc4c,0x21,0x300f7,0xee3,0x0,0x400fa,0xee2,0xee4,
0xee3,0x200f8,0xee4,0x600a9,0x1b,0xee5,0xed9,0x58,
0xedc,0x4007c,0x1c,0xee6,0xee5,0x500af,0x25,0xee7,
0xc4c,0xee6,0x200f9,0xee3,0x200f8,0xee3,0x700f5,0x25,
0xee8,0x2b,0xee1,0xee7,0xee4,0x200f9,0xee0,0x200f8,
0xee0,0x700f5,0x25,0xee9,0x26,0xed1,0xee8,0xee3,
0x300f7,0xeea,0x0,0x400fa,0xee9,0xeeb,0xeea,0x200f8,
0xeeb,0x300f7,0xeec,0x0,0x400fa,0xed9,0xeed,0xeee,
0x200f8,0xeee,0x50051,0x1b,0xeef,0xed6,0x0,0x50082,
0x1b,0xef0,0xedc,0x2c,0x500c7,0x1b,0xef1,0xeef,
0xef0,0x500c5,0x1b,0xef2,0xef1,0xedc,0x200f9,0xeec,
0x200f8,0xeed,0x50051,0x1b,0xef3,0xed6,0x0,0x500c7,
0x1b,0xef4,0xef3,0x34,0x200f9,0xeec,0x200f8,0xeec,
0x700f5,0x1b,0xef5,0xef4,0xeed,0xef2,0xeee,0x60052,
0x2d,0xef6,0xef5,0xed6,0x0,0x200f9,0xeea,0x200f8,
0xeea,0x700f5,0x2d,0xef7,0xed6,0xee0,0xef6,0xeec,
0x4003d,0x1b,0xef8,0xbd3,0x500c7,0x1b,0xef9,0xef8,
0x2f,0x500ab,0x25,0xefa,0xef9,0x1d,0x300f7,0xefb,
0x0,0x400fa,0xefa,0xefc,0xefb,0x200f8,0xefc,0x50051,
0x1b,0xefd,0xef7,0x1,0x500c7,0x1b,0xefe,0xefd,
0x34,0x60052,0x2d,0xeff,0xefe,0xef7,0x1,0x200f9,
0xefb,0x200f8,0xefb,0x700f5,0x2d,0xf00,0xef7,0xeea,
0xeff,0xefc,0x4003d,0x1b,0xf01,0xbd3,0x500c7,0x1b,
0xf02,0xf01,0xf8,0x500aa,0x25,0xf03,0xf02,0x82,
0x300f7,0xf04,0x0,0x400fa,0xf03,0xf05,0xf04,0x200f8,
0xf05,0x50051,0x1b,0xf06,0xf00,0x0,0x500c7,0x1b,
0xf07,0xf06,0x34,0x60052,0x2d,0xf08,0xf07,0xf00,
0x0,0x200f9,0xf04,0x200f8,0xf04,0x700f5,0x2d,0xf09,
0xf00,0xefb,0xf08,0xf05,0x4003d,0x1b,0xf0a,0xbd3,
0x500c7,0x1b,0xf0b,0xf0a,0xf9,0x500ab,0x25,0xf0c,
0xf0b,0x1d,0x300f7,0xf0d,0x0,0x400fa,0xf0c,0xf0e,
0xf0d,0x200f8,0xf0e,0x50051,0x1b,0xf0f,0xf09,0x0,
0x500ae,0x25,0xf10,0xf0f,0xf0,0x300f7,0xf11,0x0,
0x400fa,0xf10,0xf12,0xf11,0x200f8,0xf12,0x500b0,0x25,
0xf13,0xf0f,0xfa,0x200f9,0xf11,0x200f8,0xf11,0x700f5,
0x25,0xf14,0x26,0xf0e,0xf13,0xf12,0x300f7,0xf15,
0x0,0x400fa,0xf14,0xf16,0xf15,0x200f8,0xf16,0x50051,
0x1b,0xf17,0xf09,0x1,0x500ae,0x25,0xf18,0xf17,
0xf8,0x200f9,0xf15,0x200f8,0xf15,0x700f5,0x25,0xf19,
0x26,0xf11,0xf18,0xf16,0x300f7,0xf1a,0x0,0x400fa,
0xf19,0xf1b,0xf1a,0x200f8,0xf1b,0x50051,0x1b,0xf1c,
0xf09,0x1,0x500b0,0x25,0xf1d,0xf1c,0x5d,0x200f9,
0xf1a,0x200f8,0xf1a,0x700f5,0x25,0xf1e,0x26,0xf15,
0xf1d,0xf1b,0x300f7,0xf1f,0x0,0x400fa,0xf1e,0xf20,
0xf1f,0x200f8,0xf20,0x500c7,0x1b,0xf21,0xf0f,0x34,
0x60052,0x2d,0xf22,0xf21,0xf09,0x0,0x200f9,0xf1f,
0x200f8,0xf1f,0x700f5,0x2d,0xf23,0xf09,0xf1a,0xf22,
0xf20,0x50051,0x1c,0xf24,0xdff,0x1,0x500b1,0x25,
0xf25,0xf24,0xfb,0x300f7,0xf26,0x0,0x400fa,0xf25,
0xf27,0xf28,0x200f8,0xf28,0x500af,0x25,0xf29,0xc4c,
0x21,0x300f7,0xf2a,0x0,0x400fa,0xf29,0xf2b,0xf2a,
0x200f8,0xf2b,0x500af,0x25,0xf2c,0xc4c,0xf3,0x200f9,
0xf2a,0x200f8,0xf2a,0x700f5,0x25,0xf2d,0x2b,0xf28,
0xf2c,0xf2b,0x300f7,0xf2e,0x0,0x400fa,0xf2d,0xf2f,
0xf2e,0x200f8,0xf2f,0x50051,0x1b,0xf30,0xf23,0x1,
0x500ae,0x25,0xf31,0xf30,0xfd,0x200f9,0xf2e,0x200f8,
0xf2e,0x700f5,0x25,0xf32,0x26,0xf2a,0xf31,0xf2f,
0x300f7,0xf33,0x0,0x400fa,0xf32,0xf34,0xf33,0x200f8,
0xf34,0x50051,0x1b,0xf35,0xf23,0x1,0x500b0,0x25,
0xf36,0xf35,0xf5,0x200f9,0xf33,0x200f8,0xf33,0x700f5,
0x25,0xf37,0x26,0xf2e,0xf36,0xf34,0x300f7,0xf38,
0x0,0x400fa,0xf37,0xf39,0xf38,0x200f8,0xf39,0x50051,
0x1b,0xf3a,0xf23,0x0,0x500c7,0x1b,0xf3b,0xf3a,
0xf1,0x50080,0x1b,0xf3c,0xf3b,0x5d,0x60052,0x2d,
0xf3d,0xf3c,0xf23,0x0,0x200f9,0xf38,0x200f8,0xf38,
0x700f5,0x2d,0xf3e,0xf23,0xf33,0xf3d,0xf39,0x200f9,
0xf26,0x200f8,0xf27,0x4007c,0x1b,0xf3f,0xf24,0x500c7,
0x1b,0xf40,0xf3f,0x32,0x50080,0x1b,0xf41,0xfc,
0xf40,0x50051,0x1b,0xf42,0xf23,0x0,0x500c7,0x1b,
0xf43,0xf42,0x34,0x50050,0x2d,0xf44,0xf43,0xf41,
0x200f9,0xf26,0x200f8,0xf26,0x700f5,0x2d,0xf45,0xf3e,
0xf38,0xf44,0xf27,0x200f9,0xf0d,0x200f8,0xf0d,0x700f5,
0x2d,0xf46,0xf09,0xf04,0xf45,0xf26,0x50080,0x1b,
0xf47,0xbd1,0x36,0x60041,0x14f,0xf48,0x18,0x21,
0xf47,0x4003d,0x1b,0xf49,0xf48,0x500ab,0x25,0xf4a,
0xf49,0x1d,0x300f7,0xf4b,0x0,0x400fa,0xf4a,0xf4c,
0xf4b,0x200f8,0xf4c,0x500af,0x25,0xf4d,0xc4c,0x21,
0x300f7,0xf4e,0x0,0x400fa,0xf4d,0xf4f,0xf4e,0x200f8,
0xf4f,0x500af,0x25,0xf50,0xc4c,0xe7,0x200f9,0xf4e,
0x200f8,0xf4e,0x700f5,0x25,0xf51,0x2b,0xf4c,0xf50,
0xf4f,0x200f9,0xf4b,0x200f8,0xf4b,0x700f5,0x25,0xf52,
0x26,0xf0d,0xf51,0xf4e,0x300f7,0xf53,0x0,0x400fa,
0xf52,0xf54,0xf53,0x200f8,0xf54,0x4007c,0x1c,0xf55,
0xe7a,0x50051,0x1c,0xf56,0xd85,0x0,0x50080,0x1c,
0xf57,0xfe,0xf56,0x4007c,0x1b,0xf58,0xf57,0x50082,
0x1c,0xf59,0xf55,0x30,0x4007c,0x1b,0xf5a,0xf59,
0x500c7,0x1b,0xf5b,0xf58,0xf5a,0x4007c,0x1c,0xf5c,
0xf5b,0x50051,0x1c,0xf5d,0xc9d,0x0,0x50080,0x1c,
0xf5e,0xf5c,0xf5d,0x50082,0x1c,0xf5f,0xf5e,0xfe,
0x8000c,0x1c,0xf60,0x1,0x2d,0xf5f,0x21,0xf59,
0x4007c,0x1b,0xf61,0xf60,0x60052,0x2d,0xf62,0xf61,
0xf46,0x0,0x200f9,0xf53,0x200f8,0xf53,0x700f5,0x2d,
0xf63,0xf46,0xf4b,0xf62,0xf54,0x50050,0x2d,0xf64,
0xbe6,0xbe6,0x50086,0x2d,0xf65,0xf63,0xf64,0x50051,
0x1b,0xf66,0xf65,0x0,0x500ae,0x25,0xf67,0xf66,
0x4e,0x600a9,0x1c,0xf68,0xf67,0xff,0x21,0x50051,
0x1b,0xf69,0xf65,0x1,0x500ae,0x25,0xf6a,0xf69,
0x4e,0x300f7,0xf6b,0x0,0x400fa,0xf6a,0xf6c,0xf6d,
0x200f8,0xf6d,0x200f9,0xf6b,0x200f8,0xf6c,0x600a9,0x1c,
0xf6e,0xe77,0x100,0xff,0x200f9,0xf6b,0x200f8,0xf6b,
0x700f5,0x1c,0xf6f,0xf6e,0xf6c,0x21,0xf6d,0x50080,
0x1c,0xf70,0xf68,0xf6f,0x4007c,0x1b,0xf71,0xf70,
0x50080,0x1b,0xf72,0xbd1,0x2c,0x60041,0x14f,0xf73,
0x18,0x21,0xf72,0x4003d,0x1b,0xf74,0xf73,0x50080,
0x1b,0xf75,0xf74,0xf71,0x500c7,0x1b,0xf76,0xf69,
0x32,0x50084,0x1b,0xf77,0xf76,0x4e,0x50080,0x1b,
0xf78,0xf75,0xf77,0x500c7,0x1b,0xf79,0xf66,0x32,
0x50080,0x1b,0xf7a,0xf78,0xf79,0x50084,0x1b,0xf7b,
0xf7a,0x31,0x500c7,0x1b,0xf7c,0xf7b,0x43,0x50080,
0x1b,0xf7d,0xbd1,0xdd,0x500c2,0x1b,0xf7e,0xf7c,
0x31,0x50080,0x1b,0xf7f,0xf7d,0xf7e,0x60041,0x14f,
0xf80,0x18,0x21,0xf7f,0x4003d,0x1b,0xf81,0xf80,
0x500c7,0x1b,0xf82,0xf7b,0x33,0x50084,0x1b,0xf83,
0xf82,0x2f,0x500c7,0x1b,0xf84,0xf83,0x32,0x500c2,
0x1b,0xf85,0xf81,0xf84,0x500c7,0x1b,0xf86,0xf85,
0x34,0x50080,0x1b,0xf87,0xf7b,0x2c,0x500c7,0x1b,
0xf88,0xf87,0x43,0x500c2,0x1b,0xf89,0xf88,0x31,
0x50080,0x1b,0xf8a,0xf7d,0xf89,0x60041,0x14f,0xf8b,
0x18,0x21,0xf8a,0x4003d,0x1b,0xf8c,0xf8b,0x500c7,
0x1b,0xf8d,0xf87,0x33,0x50084,0x1b,0xf8e,0xf8d,
0x2f,0x500c7,0x1b,0xf8f,0xf8e,0x32,0x500c2,0x1b,
0xf90,0xf8c,0xf8f,0x500c7,0x1b,0xf91,0xf90,0x34,
0x500c4,0x1b,0xf92,0xf91,0x2f,0x500c5,0x1b,0xf93,
0xf86,0xf92,0x4003d,0x1b,0xf94,0xd88,0x500c7,0x1b,
0xf95,0xf94,0x33,0x500aa,0x25,0xf96,0xf95,0x2c,
0x300f7,0xf97,0x0,0x400fa,0xf96,0xf98,0xf97,0x200f8,
0xf98,0x500c7,0x1b,0xf99,0xf93,0x83,0x500ab,0x25,
0xf9a,0xf99,0x1d,0x200f9,0xf97,0x200f8,0xf97,0x700f5,
0x25,0xf9b,0x26,0xf6b,0xf9a,0xf98,0x400a8,0x25,
0xf9c,0xf9b,0x300f7,0xf9d,0x0,0x400fa,0xf9c,0xf9e,
0xf9d,0x200f8,0xf9e,0x500aa,0x25,0xf9f,0xf95,0x31,
0x300f7,0xfa0,0x0,0x400fa,0xf9f,0xfa1,0xfa0,0x200f8,
0xfa1,0x500c7,0x1b,0xfa2,0xf93,0x83,0x500aa,0x25,
0xfa3,0xfa2,0x1d,0x200f9,0xfa0,0x200f8,0xfa0,0x700f5,
0x25,0xfa4,0x26,0xf9e,0xfa3,0xfa1,0x200f9,0xf9d,
0x200f8,0xf9d,0x700f5,0x25,0xfa5,0x2b,0xf97,0xfa4,
0xfa0,0x300f7,0xfa6,0x0,0x400fa,0xfa5,0xfa7,0xfa6,
0x200f8,0xfa7,0x200f9,0xbd9,0x200f8,0xfa6,0x50082,0x1b,
0xfa8,0xbe6,0x2c,0x50050,0x2d,0xfa9,0xfa8,0xfa8,
0x500c7,0x2d,0xfaa,0xf63,0xfa9,0x500c7,0x1b,0xfab,
0xf93,0xe8,0x500ab,0x25,0xfac,0xfab,0x1d,0x300f7,
0xfad,0x0,0x400fa,0xfac,0xfae,0xfad,0x200f8,0xfae,
0x50051,0x1b,0xfaf,0xfaa,0x0,0x50082,0x1b,0xfb0,
0xfa8,0xfaf,0x60052,0x2d,0xfb1,0xfb0,0xfaa,0x0,
0x200f9,0xfad,0x200f8,0xfad,0x700f5,0x2d,0xfb2,0xfaa,
0xfa6,0xfb1,0xfae,0x500c7,0x1b,0xfb3,0xf93,0x57,
0x500ab,0x25,0xfb4,0xfb3,0x1d,0x300f7,0xfb5,0x0,
0x400fa,0xfb4,0xfb6,0xfb5,0x200f8,0xfb6,0x50051,0x1b,
0xfb7,0xfb2,0x1,0x50082,0x1b,0xfb8,0xfa8,0xfb7,
0x60052,0x2d,0xfb9,0xfb8,0xfb2,0x1,0x200f9,0xfb5,
0x200f8,0xfb5,0x700f5,0x2d,0xfba,0xfb2,0xfad,0xfb9,
0xfb6,0x500c7,0x1b,0xfbb,0xf93,0x101,0x50051,0x1b,
0xfbc,0xfba,0x0,0x500c2,0x1b,0xfbd,0xfbc,0x33,
0x50080,0x1b,0xfbe,0xfbb,0xfbd,0x50051,0x1b,0xfbf,
0xfba,0x1,0x500c2,0x1b,0xfc0,0xfbf,0x33,0x50084,
0x1b,0xfc1,0xfc0,0x37,0x50080,0x1b,0xfc2,0xfbe,
0xfc1,0x500c7,0x1b,0xfc3,0xfc2,0x101,0x60041,0x14f,
0xfc4,0x18,0x21,0xbd1,0x4003d,0x1b,0xfc5,0xfc4,
0x50084,0x1b,0xfc6,0xfc5,0x31,0x50084,0x1b,0xfc7,
0xbe0,0x2f,0x50084,0x1b,0xfc8,0xfc3,0xfc7,0x50080,
0x1b,0xfc9,0xfc6,0xfc8,0x500c7,0x1b,0xfca,0xfbf,
0x7c,0x50084,0x1b,0xfcb,0xfca,0x31,0x50080,0x1b,
0xfcc,0xfc9,0xfcb,0x500c7,0x1b,0xfcd,0xfbc,0x7c,
0x500c2,0x1b,0xfce,0x82,0xfcd,0x200f9,0xfcf,0x200f8,
0xfcf,0x700f5,0x1b,0xfd0,0x1d,0xfb5,0xfd1,0xfd2,
0x700f5,0x1b,0xfd3,0x1d,0xfb5,0xfd4,0xfd2,0x50086,
0x1b,0xfd5,0xbe0,0x31,0x500b0,0x25,0xfd6,0xfd3,
0xfd5,0x400f6,0xfd7,0xfd2,0x0,0x400fa,0xfd6,0xfd8,
0xfd7,0x200f8,0xfd8,0x50084,0x1b,0xfd9,0xfd3,0x37,
0x50080,0x1b,0xfda,0xfcc,0xfd9,0x500c7,0x1b,0xfdb,
0xfda,0x43,0x500c2,0x1b,0xfdc,0xfdb,0x31,0x50080,
0x1b,0xfdd,0xf7d,0xfdc,0x60041,0x14f,0xfde,0x18,
0x21,0xfdd,0x4003d,0x1b,0xfdf,0xfde,0x500c7,0x1b,
0xfe0,0xfda,0x33,0x50084,0x1b,0xfe1,0xfe0,0x2f,
0x500c7,0x1b,0xfe2,0xfe1,0x32,0x500c2,0x1b,0xfe3,
0xfdf,0xfe2,0x500c7,0x1b,0xfe4,0xfe3,0x34,0x500c7,
0x1b,0xfe5,0xfe4,0xfce,0x500ab,0x25,0xfe6,0xfe5,
0x1d,0x300f7,0xfe7,0x0,0x400fa,0xfe6,0xfe8,0xfe7,
0x200f8,0xfe8,0x50084,0x1b,0xfe9,0xfd3,0x31,0x500c7,
0x1b,0xfea,0xfe9,0x32,0x500c4,0x1b,0xfeb,0x2c,
0xfea,0x500c5,0x1b,0xfec,0xfd0,0xfeb,0x200f9,0xfe7,
0x200f8,0xfe7,0x700f5,0x1b,0xfed,0xfd0,0xfd8,0xfec,
0xfe8,0x50080,0x1b,0xfee,0xfda,0x2c,0x500c7,0x1b,
0xfef,0xfee,0x43,0x500c2,0x1b,0xff0,0xfef,0x31,
0x50080,0x1b,0xff1,0xf7d,0xff0,0x60041,0x14f,0xff2,
0x18,0x21,0xff1,0x4003d,0x1b,0xff3,0xff2,0x500c7,
0x1b,0xff4,0xfee,0x33,0x50084,0x1b,0xff5,0xff4,
0x2f,0x500c7,0x1b,0xff6,0xff5,0x32,0x500c2,0x1b,
0xff7,0xff3,0xff6,0x500c7,0x1b,0xff8,0xff7,0x34,
0x500c7,0x1b,0xff9,0xff8,0xfce,0x500ab,0x25,0xffa,
0xff9,0x1d,0x300f7,0xffb,0x0,0x400fa,0xffa,0xffc,
0xffb,0x200f8,0xffc,0x50084,0x1b,0xffd,0xfd3,0x31,
0x500c7,0x1b,0xffe,0xffd,0x32,0x500c4,0x1b,0xfff,
0x31,0xffe,0x500c5,0x1b,0x1000,0xfed,0xfff,0x200f9,
0xffb,0x200f8,0xffb,0x700f5,0x1b,0xfd1,0xfed,0xfe7,
0x1000,0xffc,0x200f9,0xfd2,0x200f8,0xfd2,0x50080,0x1b,
0xfd4,0xfd3,0x2c,0x200f9,0xfcf,0x200f8,0xfd7,0x500aa,
0x25,0x1001,0xfd0,0x1d,0x300f7,0x1002,0x0,0x400fa,
0x1001,0x1003,0x1002,0x200f8,0x1003,0x200f9,0xbd9,0x200f8,
0x1002,0x500ab,0x25,0x1004,0xbe0,0x2f,0x300f7,0x1005,
0x0,0x400fa,0x1004,0x1006,0x1005,0x200f8,0x1006,0x500c2,
0x1b,0x1007,0xf93,0x23,0x500c7,0x1b,0x1008,0x1007,
0x7c,0x500c7,0x1b,0x1009,0xbe0,0x32,0x500c4,0x1b,
0x100a,0x2c,0x1009,0x50084,0x1b,0x100b,0x1008,0x100a,
0x50080,0x1b,0x100c,0xfd0,0x100b,0x200f9,0x1005,0x200f8,
0x1005,0x700f5,0x1b,0x100d,0xfd0,0x1002,0x100c,0x1006,
0x50080,0x1b,0x100e,0xbd1,0x51,0x60041,0x14f,0x100f,
0x18,0x21,0x100e,0x4003d,0x1b,0x1010,0x100f,0x50080,
0x1b,0x1011,0x100d,0x1010,0x500c7,0x1b,0x1012,0x1011,
0x34,0x4003d,0x1b,0x1013,0xbd3,0x500c7,0x1b,0x1014,
0x1013,0x24,0x500ab,0x25,0x1015,0x1014,0x1d,0x300f7,
0x1016,0x0,0x400fa,0x1015,0x1017,0x1016,0x200f8,0x1017,
0x500af,0x25,0x1018,0xc4c,0x21,0x300f7,0x1019,0x0,
0x400fa,0x1018,0x101a,0x1019,0x200f8,0x101a,0x500af,0x25,
0x101b,0xc4c,0xe7,0x200f9,0x1019,0x200f8,0x1019,0x700f5,
0x25,0x101c,0x2b,0x1017,0x101b,0x101a,0x200f9,0x1016,
0x200f8,0x1016,0x700f5,0x25,0x101d,0x26,0x1005,0x101c,
0x1019,0x300f7,0x101e,0x0,0x400fa,0x101d,0x101f,0x101e,
0x200f8,0x101f,0x4007c,0x1c,0x1020,0xe7a,0x50051,0x1c,
0x1021,0xd85,0x0,0x50087,0x1c,0x1022,0x1020,0x35,
0x50080,0x1c,0x1023,0x1021,0x1022,0x5008a,0x1c,0x1024,
0x1023,0x1020,0x50080,0x1c,0x1025,0x1024,0x1020,0x5008a,
0x1c,0x1026,0x1025,0x1020,0x50082,0x1c,0x1027,0x1026,
0x1022,0x50051,0x1c,0x1028,0xc9d,0x0,0x50080,0x1c,
0x1029,0x1028,0x1027,0x50051,0x1b,0x102a,0xf63,0x0,
0x500ae,0x25,0x102b,0x102a,0x5d,0x300f7,0x102c,0x0,
0x400fa,0x102b,0x102d,0x102c,0x200f8,0x102d,0x500b0,0x25,
0x102e,0x102a,0x102,0x200f9,0x102c,0x200f8,0x102c,0x700f5,
0x25,0x102f,0x26,0x101f,0x102e,0x102d,0x300f7,0x1030,
0x0,0x400fa,0x102f,0x1031,0x1030,0x200f8,0x1031,0x50051,
0x1b,0x1032,0xf63,0x1,0x500ae,0x25,0x1033,0x1032,
0x102,0x200f9,0x1030,0x200f8,0x1030,0x700f5,0x25,0x1034,
0x26,0x102c,0x1033,0x1031,0x300f7,0x1035,0x0,0x400fa,
0x1034,0x1036,0x1035,0x200f8,0x1036,0x50051,0x1b,0x1037,
0xf63,0x1,0x500b0,0x25,0x1038,0x1037,0xef,0x200f9,
0x1035,0x200f8,0x1035,0x700f5,0x25,0x1039,0x26,0x1030,
0x1038,0x1036,0x300f7,0x103a,0x0,0x400fa,0x1039,0x103b,
0x103a,0x200f8,0x103b,0x500ae,0x25,0x103c,0x1012,0x103,
0x200f9,0x103a,0x200f8,0x103a,0x700f5,0x25,0x103d,0x26,
0x1035,0x103c,0x103b,0x300f7,0x103e,0x0,0x400fa,0x103d,
0x103f,0x103e,0x200f8,0x103f,0x500b2,0x25,0x1040,0x1012,
0x104,0x200f9,0x103e,0x200f8,0x103e,0x700f5,0x25,0x1041,
0x26,0x103a,0x1040,0x103f,0x500ae,0x25,0x1042,0x102a,
0x102,0x300f7,0x1043,0x0,0x400fa,0x1042,0x1044,0x1043,
0x200f8,0x1044,0x500b0,0x25,0x1045,0x102a,0x105,0x200f9,
0x1043,0x200f8,0x1043,0x700f5,0x25,0x1046,0x26,0x103e,
0x1045,0x1044,0x300f7,0x1047,0x0,0x400fa,0x1046,0x1048,
0x1047,0x200f8,0x1048,0x50051,0x1b,0x1049,0xf63,0x1,
0x500ae,0x25,0x104a,0x1049,0x105,0x200f9,0x1047,0x200f8,
0x1047,0x700f5,0x25,0x104b,0x26,0x1043,0x104a,0x1048,
0x300f7,0x104c,0x0,0x400fa,0x104b,0x104d,0x104c,0x200f8,
0x104d,0x50051,0x1b,0x104e,0xf63,0x1,0x500b0,0x25,
0x104f,0x104e,0xef,0x200f9,0x104c,0x200f8,0x104c,0x700f5,
0x25,0x1050,0x26,0x1047,0x104f,0x104d,0x300f7,0x1051,
0x0,0x400fa,0x1050,0x1052,0x1051,0x200f8,0x1052,0x500ae,
0x25,0x1053,0x1012,0x103,0x200f9,0x1051,0x200f8,0x1051,
0x700f5,0x25,0x1054,0x26,0x104c,0x1053,0x1052,0x300f7,
0x1055,0x0,0x400fa,0x1054,0x1056,0x1055,0x200f8,0x1056,
0x500b2,0x25,0x1057,0x1012,0x106,0x200f9,0x1055,0x200f8,
0x1055,0x700f5,0x25,0x1058,0x26,0x1051,0x1057,0x1056,
0x500af,0x25,0x1059,0x1029,0x21,0x300f7,0x105a,0x0,
0x400fa,0x1059,0x105b,0x105a,0x200f8,0x105b,0x500af,0x25,
0x105c,0x1029,0x1020,0x200f9,0x105a,0x200f8,0x105a,0x700f5,
0x25,0x105d,0x2b,0x1055,0x105c,0x105b,0x300f7,0x105e,
0x0,0x400fa,0x105d,0x105f,0x105e,0x200f8,0x105f,0x400a8,
0x25,0x1060,0x1041,0x600a9,0x25,0x1061,0x1060,0x1058,
0x2b,0x200f9,0x105e,0x200f8,0x105e,0x700f5,0x25,0x1062,
0x26,0x105a,0x1061,0x105f,0x600a9,0x1b,0x1063,0x1062,
0x107,0x1012,0x200f9,0x101e,0x200f8,0x101e,0x700f5,0x1b,
0x1064,0x1012,0x1016,0x1063,0x105e,0x4003d,0x1b,0x1065,
0xd88,0x500c7,0x1b,0x1066,0x1065,0x5d,0x500ab,0x25,
0x1067,0x1066,0x1d,0x300f7,0x1068,0x0,0x400fa,0x1067,
0x1069,0x1068,0x200f8,0x1069,0x500af,0x25,0x106a,0xc4c,
0x21,0x300f7,0x106b,0x0,0x400fa,0x106a,0x106c,0x106b,
0x200f8,0x106c,0x500af,0x25,0x106d,0xc4c,0xe7,0x200f9,
0x106b,0x200f8,0x106b,0x700f5,0x25,0x106e,0x2b,0x1069,
0x106d,0x106c,0x400a8,0x25,0x106f,0x106e,0x300f7,0x1070,
0x0,0x400fa,0x106f,0x1071,0x1070,0x200f8,0x1071,0x500b1,
0x25,0x1072,0xc4b,0x21,0x200f9,0x1070,0x200f8,0x1070,
0x700f5,0x25,0x1073,0x2b,0x106b,0x1072,0x1071,0x400a8,
0x25,0x1074,0x1073,0x300f7,0x1075,0x0,0x400fa,0x1074,
0x1076,0x1075,0x200f8,0x1076,0x500af,0x25,0x1077,0xc4b,
0x5b,0x200f9,0x1075,0x200f8,0x1075,0x700f5,0x25,0x1078,
0x2b,0x1070,0x1077,0x1076,0x200f9,0x1068,0x200f8,0x1068,
0x700f5,0x25,0x1079,0x26,0x101e,0x1078,0x1075,0x300f7,
0x107a,0x0,0x400fa,0x1079,0x107b,0x107a,0x200f8,0x107b,
0x4007c,0x1c,0x107c,0xe7a,0x50051,0x1c,0x107d,0xd85,
0x0,0x50087,0x1c,0x107e,0x107c,0x35,0x50080,0x1c,
0x107f,0x107d,0x107e,0x5008a,0x1c,0x1080,0x107f,0x107c,
0x50080,0x1c,0x1081,0x1080,0x107c,0x5008a,0x1c,0x1082,
0x1081,0x107c,0x50082,0x1c,0x1083,0x1082,0x107e,0x50051,
0x1c,0x1084,0xc9d,0x0,0x50080,0x1c,0x1085,0x1084,
0x1083,0x50051,0x1b,0x1086,0xf63,0x0,0x500ae,0x25,
0x1087,0x1086,0x108,0x300f7,0x1088,0x0,0x400fa,0x1087,
0x1089,0x1088,0x200f8,0x1089,0x500b0,0x25,0x108a,0x1086,
0x109,0x200f9,0x1088,0x200f8,0x1088,0x700f5,0x25,0x108b,
0x26,0x107b,0x108a,0x1089,0x300f7,0x108c,0x0,0x400fa,
0x108b,0x108d,0x108c,0x200f8,0x108d,0x50051,0x1b,0x108e,
0xf63,0x1,0x500ae,0x25,0x108f,0x108e,0x37,0x200f9,
0x108c,0x200f8,0x108c,0x700f5,0x25,0x1090,0x26,0x1088,
0x108f,0x108d,0x300f7,0x1091,0x0,0x400fa,0x1090,0x1092,
0x1091,0x200f8,0x1092,0x50051,0x1b,0x1093,0xf63,0x1,
0x500b0,0x25,0x1094,0x1093,0x10a,0x200f9,0x1091,0x200f8,
0x1091,0x700f5,0x25,0x1095,0x26,0x108c,0x1094,0x1092,
0x400a8,0x25,0x1096,0x1095,0x300f7,0x1097,0x0,0x400fa,
0x1096,0x1098,0x1097,0x200f8,0x1098,0x500ae,0x25,0x1099,
0x1086,0x10a,0x300f7,0x109a,0x0,0x400fa,0x1099,0x109b,
0x109a,0x200f8,0x109b,0x500b0,0x25,0x109c,0x1086,0x10b,
0x200f9,0x109a,0x200f8,0x109a,0x700f5,0x25,0x109d,0x26,
0x1098,0x109c,0x109b,0x300f7,0x109e,0x0,0x400fa,0x109d,
0x109f,0x109e,0x200f8,0x109f,0x50051,0x1b,0x10a0,0xf63,
0x1,0x500ae,0x25,0x10a1,0x10a0,0x81,0x200f9,0x109e,
0x200f8,0x109e,0x700f5,0x25,0x10a2,0x26,0x109a,0x10a1,
0x109f,0x300f7,0x10a3,0x0,0x400fa,0x10a2,0x10a4,0x10a3,
0x200f8,0x10a4,0x50051,0x1b,0x10a5,0xf63,0x1,0x500b0,
0x25,0x10a6,0x10a5,0x10c,0x200f9,0x10a3,0x200f8,0x10a3,
0x700f5,0x25,0x10a7,0x26,0x109e,0x10a6,0x10a4,0x200f9,
0x1097,0x200f8,0x1097,0x700f5,0x25,0x10a8,0x2b,0x1091,
0x10a7,0x10a3,0x400a8,0x25,0x10a9,0x10a8,0x300f7,0x10aa,
0x0,0x400fa,0x10a9,0x10ab,0x10aa,0x200f8,0x10ab,0x500ae,
0x25,0x10ac,0x1086,0x10d,0x300f7,0x10ad,0x0,0x400fa,
0x10ac,0x10ae,0x10ad,0x200f8,0x10ae,0x500b0,0x25,0x10af,
0x1086,0x10e,0x200f9,0x10ad,0x200f8,0x10ad,0x700f5,0x25,
0x10b0,0x26,0x10ab,0x10af,0x10ae,0x300f7,0x10b1,0x0,
0x400fa,0x10b0,0x10b2,0x10b1,0x200f8,0x10b2,0x50051,0x1b,
0x10b3,0xf63,0x1,0x500ae,0x25,0x10b4,0x10b3,0x107,
0x200f9,0x10b1,0x200f8,0x10b1,0x700f5,0x25,0x10b5,0x26,
0x10ad,0x10b4,0x10b2,0x300f7,0x10b6,0x0,0x400fa,0x10b5,
0x10b7,0x10b6,0x200f8,0x10b7,0x50051,0x1b,0x10b8,0xf63,
0x1,0x500b0,0x25,0x10b9,0x10b8,0x10d,0x200f9,0x10b6,
0x200f8,0x10b6,0x700f5,0x25,0x10ba,0x26,0x10b1,0x10b9,
0x10b7,0x200f9,0x10aa,0x200f8,0x10aa,0x700f5,0x25,0x10bb,
0x2b,0x1097,0x10ba,0x10b6,0x400a8,0x25,0x10bc,0x10bb,
0x300f7,0x10bd,0x0,0x400fa,0x10bc,0x10be,0x10bd,0x200f8,
0x10be,0x500ae,0x25,0x10bf,0x1086,0x105,0x300f7,0x10c0,
0x0,0x400fa,0x10bf,0x10c1,0x10c0,0x200f8,0x10c1,0x500b0,
0x25,0x10c2,0x1086,0xf0,0x200f9,0x10c0,0x200f8,0x10c0,
0x700f5,0x25,0x10c3,0x26,0x10be,0x10c2,0x10c1,0x300f7,
0x10c4,0x0,0x400fa,0x10c3,0x10c5,0x10c4,0x200f8,0x10c5,
0x50051,0x1b,0x10c6,0xf63,0x1,0x500ae,0x25,0x10c7,
0x10c6,0x10f,0x200f9,0x10c4,0x200f8,0x10c4,0x700f5,0x25,
0x10c8,0x26,0x10c0,0x10c7,0x10c5,0x300f7,0x10c9,0x0,
0x400fa,0x10c8,0x10ca,0x10c9,0x200f8,0x10ca,0x50051,0x1b,
0x10cb,0xf63,0x1,0x500b0,0x25,0x10cc,0x10cb,0x10d,
0x200f9,0x10c9,0x200f8,0x10c9,0x700f5,0x25,0x10cd,0x26,
0x10c4,0x10cc,0x10ca,0x200f9,0x10bd,0x200f8,0x10bd,0x700f5,
0x25,0x10ce,0x2b,0x10aa,0x10cd,0x10c9,0x400a8,0x25,
0x10cf,0x10ce,0x300f7,0x10d0,0x0,0x400fa,0x10cf,0x10d1,
0x10d0,0x200f8,0x10d1,0x500ae,0x25,0x10d2,0x1086,0x110,
0x300f7,0x10d3,0x0,0x400fa,0x10d2,0x10d4,0x10d3,0x200f8,
0x10d4,0x500b0,0x25,0x10d5,0x1086,0x5d,0x200f9,0x10d3,
0x200f8,0x10d3,0x700f5,0x25,0x10d6,0x26,0x10d1,0x10d5,
0x10d4,0x300f7,0x10d7,0x0,0x400fa,0x10d6,0x10d8,0x10d7,
0x200f8,0x10d8,0x50051,0x1b,0x10d9,0xf63,0x1,0x500ae,
0x25,0x10da,0x10d9,0x10d,0x200f9,0x10d7,0x200f8,0x10d7,
0x700f5,0x25,0x10db,0x26,0x10d3,0x10da,0x10d8,0x300f7,
0x10dc,0x0,0x400fa,0x10db,0x10dd,0x10dc,0x200f8,0x10dd,
0x50051,0x1b,0x10de,0xf63,0x1,0x500b0,0x25,0x10df,
0x10de,0x111,0x200f9,0x10dc,0x200f8,0x10dc,0x700f5,0x25,
0x10e0,0x26,0x10d7,0x10df,0x10dd,0x200f9,0x10d0,0x200f8,
0x10d0,0x700f5,0x25,0x10e1,0x2b,0x10bd,0x10e0,0x10dc,
0x400a8,0x25,0x10e2,0x10e1,0x300f7,0x10e3,0x0,0x400fa,
0x10e2,0x10e4,0x10e3,0x200f8,0x10e4,0x500ae,0x25,0x10e5,
0x1086,0x112,0x300f7,0x10e6,0x0,0x400fa,0x10e5,0x10e7,
0x10e6,0x200f8,0x10e7,0x500b0,0x25,0x10e8,0x1086,0x113,
0x200f9,0x10e6,0x200f8,0x10e6,0x700f5,0x25,0x10e9,0x26,
0x10e4,0x10e8,0x10e7,0x300f7,0x10ea,0x0,0x400fa,0x10e9,
0x10eb,0x10ea,0x200f8,0x10eb,0x50051,0x1b,0x10ec,0xf63,
0x1,0x500ae,0x25,0x10ed,0x10ec,0x82,0x200f9,0x10ea,
0x200f8,0x10ea,0x700f5,0x25,0x10ee,0x26,0x10e6,0x10ed,
0x10eb,0x300f7,0x10ef,0x0,0x400fa,0x10ee,0x10f0,0x10ef,
0x200f8,0x10f0,0x50051,0x1b,0x10f1,0xf63,0x1,0x500b0,
0x25,0x10f2,0x10f1,0x114,0x200f9,0x10ef,0x200f8,0x10ef,
0x700f5,0x25,0x10f3,0x26,0x10ea,0x10f2,0x10f0,0x200f9,
0x10e3,0x200f8,0x10e3,0x700f5,0x25,0x10f4,0x2b,0x10d0,
0x10f3,0x10ef,0x400a8,0x25,0x10f5,0x10f4,0x300f7,0x10f6,
0x0,0x400fa,0x10f5,0x10f7,0x10f6,0x200f8,0x10f7,0x500ae,
0x25,0x10f8,0x1086,0x115,0x300f7,0x10f9,0x0,0x400fa,
0x10f8,0x10fa,0x10f9,0x200f8,0x10fa,0x500b0,0x25,0x10fb,
0x1086,0x116,0x200f9,0x10f9,0x200f8,0x10f9,0x700f5,0x25,
0x10fc,0x26,0x10f7,0x10fb,0x10fa,0x300f7,0x10fd,0x0,
0x400fa,0x10fc,0x10fe,0x10fd,0x200f8,0x10fe,0x50051,0x1b,
0x10ff,0xf63,0x1,0x500ae,0x25,0x1100,0x10ff,0x117,
0x200f9,0x10fd,0x200f8,0x10fd,0x700f5,0x25,0x1101,0x26,
0x10f9,0x1100,0x10fe,0x300f7,0x1102,0x0,0x400fa,0x1101,
0x1103,0x1102,0x200f8,0x1103,0x50051,0x1b,0x1104,0xf63,
0x1,0x500b0,0x25,0x1105,0x1104,0x111,0x200f9,0x1102,
0x200f8,0x1102,0x700f5,0x25,0x1106,0x26,0x10fd,0x1105,
0x1103,0x200f9,0x10f6,0x200f8,0x10f6,0x700f5,0x25,0x1107,
0x2b,0x10e3,0x1106,0x1102,0x400a8,0x25,0x1108,0x1107,
0x300f7,0x1109,0x0,0x400fa,0x1108,0x110a,0x1109,0x200f8,
0x110a,0x500ae,0x25,0x110b,0x1086,0x116,0x300f7,0x110c,
0x0,0x400fa,0x110b,0x110d,0x110c,0x200f8,0x110d,0x500b0,
0x25,0x110e,0x1086,0x118,0x200f9,0x110c,0x200f8,0x110c,
0x700f5,0x25,0x110f,0x26,0x110a,0x110e,0x110d,0x300f7,
0x1110,0x0,0x400fa,0x110f,0x1111,0x1110,0x200f8,0x1111,
0x50051,0x1b,0x1112,0xf63,0x1,0x500ae,0x25,0x1113,
0x1112,0x119,0x200f9,0x1110,0x200f8,0x1110,0x700f5,0x25,
0x1114,0x26,0x110c,0x1113,0x1111,0x300f7,0x1115,0x0,
0x400fa,0x1114,0x1116,0x1115,0x200f8,0x1116,0x50051,0x1b,
0x1117,0xf63,0x1,0x500b0,0x25,0x1118,0x1117,0x11a,
0x200f9,0x1115,0x200f8,0x1115,0x700f5,0x25,0x1119,0x26,
0x1110,0x1118,0x1116,0x200f9,0x1109,0x200f8,0x1109,0x700f5,
0x25,0x111a,0x2b,0x10f6,0x1119,0x1115,0x400a8,0x25,
0x111b,0x111a,0x300f7,0x111c,0x0,0x400fa,0x111b,0x111d,
0x111c,0x200f8,0x111d,0x500ae,0x25,0x111e,0x1086,0x11b,
0x300f7,0x111f,0x0,0x400fa,0x111e,0x1120,0x111f,0x200f8,
0x1120,0x500b0,0x25,0x1121,0x1086,0x11c,0x200f9,0x111f,
0x200f8,0x111f,0x700f5,0x25,0x1122,0x26,0x111d,0x1121,
0x1120,0x300f7,0x1123,0x0,0x400fa,0x1122,0x1124,0x1123,
0x200f8,0x1124,0x50051,0x1b,0x1125,0xf63,0x1,0x500ae,
0x25,0x1126,0x1125,0x11d,0x200f9,0x1123,0x200f8,0x1123,
0x700f5,0x25,0x1127,0x26,0x111f,0x1126,0x1124,0x300f7,
0x1128,0x0,0x400fa,0x1127,0x1129,0x1128,0x200f8,0x1129,
0x50051,0x1b,0x112a,0xf63,0x1,0x500b0,0x25,0x112b,
0x112a,0x112,0x200f9,0x1128,0x200f8,0x1128,0x700f5,0x25,
0x112c,0x26,0x1123,0x112b,0x1129,0x200f9,0x111c,0x200f8,
0x111c,0x700f5,0x25,0x112d,0x2b,0x1109,0x112c,0x1128,
0x400a8,0x25,0x112e,0x112d,0x300f7,0x112f,0x0,0x400fa,
0x112e,0x1130,0x112f,0x200f8,0x1130,0x500ae,0x25,0x1131,
0x1086,0x11e,0x300f7,0x1132,0x0,0x400fa,0x1131,0x1133,
0x1132,0x200f8,0x1133,0x500b0,0x25,0x1134,0x1086,0xf5,
0x200f9,0x1132,0x200f8,0x1132,0x700f5,0x25,0x1135,0x26,
0x1130,0x1134,0x1133,0x300f7,0x1136,0x0,0x400fa,0x1135,
0x1137,0x1136,0x200f8,0x1137,0x50051,0x1b,0x1138,0xf63,
0x1,0x500ae,0x25,0x1139,0x1138,0x11b,0x200f9,0x1136,
0x200f8,0x1136,0x700f5,0x25,0x113a,0x26,0x1132,0x1139,
0x1137,0x300f7,0x113b,0x0,0x400fa,0x113a,0x113c,0x113b,
0x200f8,0x113c,0x50051,0x1b,0x113d,0xf63,0x1,0x500b0,
0x25,0x113e,0x113d,0x11f,0x200f9,0x113b,0x200f8,0x113b,
0x700f5,0x25,0x113f,0x26,0x1136,0x113e,0x113c,0x200f9,
0x112f,0x200f8,0x112f,0x700f5,0x25,0x1140,0x2b,0x111c,
0x113f,0x113b,0x400a8,0x25,0x1141,0x1140,0x300f7,0x1142,
0x0,0x400fa,0x1141,0x1143,0x1142,0x200f8,0x1143,0x500ae,
0x25,0x1144,0x1086,0x120,0x300f7,0x1145,0x0,0x400fa,
0x1144,0x1146,0x1145,0x200f8,0x1146,0x500b0,0x25,0x1147,
0x1086,0x119,0x200f9,0x1145,0x200f8,0x1145,0x700f5,0x25,
0x1148,0x26,0x1143,0x1147,0x1146,0x300f7,0x1149,0x0,
0x400fa,0x1148,0x114a,0x1149,0x200f8,0x114a,0x50051,0x1b,
0x114b,0xf63,0x1,0x500ae,0x25,0x114c,0x114b,0x112,
0x200f9,0x1149,0x200f8,0x1149,0x700f5,0x25,0x114d,0x26,
0x1145,0x114c,0x114a,0x300f7,0x114e,0x0,0x400fa,0x114d,
0x114f,0x114e,0x200f8,0x114f,0x50051,0x1b,0x1150,0xf63,
0x1,0x500b0,0x25,0x1151,0x1150,0x113,0x200f9,0x114e,
0x200f8,0x114e,0x700f5,0x25,0x1152,0x26,0x1149,0x1151,
0x114f,0x200f9,0x1142,0x200f8,0x1142,0x700f5,0x25,0x1153,
0x2b,0x112f,0x1152,0x114e,0x400a8,0x25,0x1154,0x1153,
0x300f7,0x1155,0x0,0x400fa,0x1154,0x1156,0x1155,0x200f8,
0x1156,0x500ae,0x25,0x1157,0x1086,0xfa,0x300f7,0x1158,
0x0,0x400fa,0x1157,0x1159,0x1158,0x200f8,0x1159,0x500b0,
0x25,0x115a,0x1086,0x121,0x200f9,0x1158,0x200f8,0x1158,
0x700f5,0x25,0x115b,0x26,0x1156,0x115a,0x1159,0x300f7,
0x115c,0x0,0x400fa,0x115b,0x115d,0x115c,0x200f8,0x115d,
0x50051,0x1b,0x115e,0xf63,0x1,0x500ae,0x25,0x115f,
0x115e,0x113,0x200f9,0x115c,0x200f8,0x115c,0x700f5,0x25,
0x1160,0x26,0x1158,0x115f,0x115d,0x300f7,0x1161,0x0,
0x400fa,0x1160,0x1162,0x1161,0x200f8,0x1162,0x50051,0x1b,
0x1163,0xf63,0x1,0x500b0,0x25,0x1164,0x1163,0xfa,
0x200f9,0x1161,0x200f8,0x1161,0x700f5,0x25,0x1165,0x26,
0x115c,0x1164,0x1162,0x200f9,0x1155,0x200f8,0x1155,0x700f5,
0x25,0x1166,0x2b,0x1142,0x1165,0x1161,0x400a8,0x25,
0x1167,0x1166,0x300f7,0x1168,0x0,0x400fa,0x1167,0x1169,
0x1168,0x200f8,0x1169,0x500ae,0x25,0x116a,0x1086,0x10a,
0x300f7,0x116b,0x0,0x400fa,0x116a,0x116c,0x116b,0x200f8,
0x116c,0x500b0,0x25,0x116d,0x1086,0x82,0x200f9,0x116b,
0x200f8,0x116b,0x700f5,0x25,0x116e,0x26,0x1169,0x116d,
0x116c,0x300f7,0x116f,0x0,0x400fa,0x116e,0x1170,0x116f,
0x200f8,0x1170,0x50051,0x1b,0x1171,0xf63,0x1,0x500ae,
0x25,0x1172,0x1171,0x105,0x200f9,0x116f,0x200f8,0x116f,
0x700f5,0x25,0x1173,0x26,0x116b,0x1172,0x1170,0x300f7,
0x1174,0x0,0x400fa,0x1173,0x1175,0x1174,0x200f8,0x1175,
0x50051,0x1b,0x1176,0xf63,0x1,0x500b0,0x25,0x1177,
0x1176,0xf0,0x200f9,0x1174,0x200f8,0x1174,0x700f5,0x25,
0x1178,0x26,0x116f,0x1177,0x1175,0x200f9,0x1168,0x200f8,
0x1168,0x700f5,0x25,0x1179,0x2b,0x1155,0x1178,0x1174,
0x400a8,0x25,0x117a,0x1179,0x300f7,0x117b,0x0,0x400fa,
0x117a,0x117c,0x117b,0x200f8,0x117c,0x500ae,0x25,0x117d,
0x1086,0x4e,0x300f7,0x117e,0x0,0x400fa,0x117d,0x117f,
0x117e,0x200f8,0x117f,0x500b0,0x25,0x1180,0x1086,0x10c,
0x200f9,0x117e,0x200f8,0x117e,0x700f5,0x25,0x1181,0x26,
0x117c,0x1180,0x117f,0x300f7,0x1182,0x0,0x400fa,0x1181,
0x1183,0x1182,0x200f8,0x1183,0x50051,0x1b,0x1184,0xf63,
0x1,0x500ae,0x25,0x1185,0x1184,0x114,0x200f9,0x1182,
0x200f8,0x1182,0x700f5,0x25,0x1186,0x26,0x117e,0x1185,
0x1183,0x300f7,0x1187,0x0,0x400fa,0x1186,0x1188,0x1187,
0x200f8,0x1188,0x50051,0x1b,0x1189,0xf63,0x1,0x500b0,
0x25,0x118a,0x1189,0x120,0x200f9,0x1187,0x200f8,0x1187,
0x700f5,0x25,0x118b,0x26,0x1182,0x118a,0x1188,0x200f9,
0x117b,0x200f8,0x117b,0x700f5,0x25,0x118c,0x2b,0x1168,
0x118b,0x1187,0x400a8,0x25,0x118d,0x118c,0x300f7,0x118e,
0x0,0x400fa,0x118d,0x118f,0x118e,0x200f8,0x118f,0x500ae,
0x25,0x1190,0x1086,0xf7,0x300f7,0x1191,0x0,0x400fa,
0x1190,0x1192,0x1191,0x200f8,0x1192,0x500b0,0x25,0x1193,
0x1086,0x122,0x200f9,0x1191,0x200f8,0x1191,0x700f5,0x25,
0x1194,0x26,0x118f,0x1193,0x1192,0x300f7,0x1195,0x0,
0x400fa,0x1194,0x1196,0x1195,0x200f8,0x1196,0x50051,0x1b,
0x1197,0xf63,0x1,0x500ae,0x25,0x1198,0x1197,0x123,
0x200f9,0x1195,0x200f8,0x1195,0x700f5,0x25,0x1199,0x26,
0x1191,0x1198,0x1196,0x300f7,0x119a,0x0,0x400fa,0x1199,
0x119b,0x119a,0x200f8,0x119b,0x50051,0x1b,0x119c,0xf63,
0x1,0x500b0,0x25,0x119d,0x119c,0x5d,0x200f9,0x119a,
0x200f8,0x119a,0x700f5,0x25,0x119e,0x26,0x1195,0x119d,
0x119b,0x200f9,0x118e,0x200f8,0x118e,0x700f5,0x25,0x119f,
0x2b,0x117b,0x119e,0x119a,0x400a8,0x25,0x11a0,0x119f,
0x300f7,0x11a1,0x0,0x400fa,0x11a0,0x11a2,0x11a1,0x200f8,
0x11a2,0x500ae,0x25,0x11a3,0x1086,0x124,0x300f7,0x11a4,
0x0,0x400fa,0x11a3,0x11a5,0x11a4,0x200f8,0x11a5,0x500b0,
0x25,0x11a6,0x1086,0x111,0x200f9,0x11a4,0x200f8,0x11a4,
0x700f5,0x25,0x11a7,0x26,0x11a2,0x11a6,0x11a5,0x300f7,
0x11a8,0x0,0x400fa,0x11a7,0x11a9,0x11a8,0x200f8,0x11a9,
0x50051,0x1b,0x11aa,0xf63,0x1,0x500ae,0x25,0x11ab,
0x11aa,0x102,0x200f9,0x11a8,0x200f8,0x11a8,0x700f5,0x25,
0x11ac,0x26,0x11a4,0x11ab,0x11a9,0x300f7,0x11ad,0x0,
0x400fa,0x11ac,0x11ae,0x11ad,0x200f8,0x11ae,0x50051,0x1b,
0x11af,0xf63,0x1,0x500b0,0x25,0x11b0,0x11af,0x125,
0x200f9,0x11ad,0x200f8,0x11ad,0x700f5,0x25,0x11b1,0x26,
0x11a8,0x11b0,0x11ae,0x200f9,0x11a1,0x200f8,0x11a1,0x700f5,
0x25,0x11b2,0x2b,0x118e,0x11b1,0x11ad,0x4007c,0x1c,
0x11b3,0xe80,0x500af,0x25,0x11b4,0x1085,0x21,0x300f7,
0x11b5,0x0,0x400fa,0x11b4,0x11b6,0x11b5,0x200f8,0x11b6,
0x500af,0x25,0x11b7,0x1085,0x107c,0x200f9,0x11b5,0x200f8,
0x11b5,0x700f5,0x25,0x11b8,0x2b,0x11a1,0x11b7,0x11b6,
0x400a8,0x25,0x11b9,0x11b8,0x300f7,0x11ba,0x0,0x400fa,
0x11b9,0x11bb,0x11ba,0x200f8,0x11bb,0x50051,0x1c,0x11bc,
0xdff,0x1,0x500b1,0x25,0x11bd,0x11bc,0x21,0x200f9,
0x11ba,0x200f8,0x11ba,0x700f5,0x25,0x11be,0x2b,0x11b5,
0x11bd,0x11bb,0x400a8,0x25,0x11bf,0x11be,0x300f7,0x11c0,
0x0,0x400fa,0x11bf,0x11c1,0x11c0,0x200f8,0x11c1,0x50051,
0x1c,0x11c2,0xdff,0x1,0x500af,0x25,0x11c3,0x11c2,
0x11b3,0x200f9,0x11c0,0x200f8,0x11c0,0x700f5,0x25,0x11c4,
0x2b,0x11ba,0x11c3,0x11c1,0x600a9,0x25,0x11c5,0x11c4,
0x11b2,0x26,0x600a9,0x1b,0x11c6,0x11c5,0x7b,0x1064,
0x200f9,0x107a,0x200f8,0x107a,0x700f5,0x1b,0x11c7,0x1064,
0x1068,0x11c6,0x11c0,0x4003d,0x1b,0x11c8,0xbd3,0x500c7,
0x1b,0x11c9,0x11c8,0x2c,0x500ab,0x25,0x11ca,0x11c9,
0x1d,0x300f7,0x11cb,0x0,0x400fa,0x11ca,0x11cc,0x11cb,
0x200f8,0x11cc,0x50080,0x1b,0x11cd,0xbd1,0x37,0x50080,
0x1b,0x11ce,0x11cd,0x11c7,0x60041,0x14f,0x11cf,0x18,
0x21,0x11ce,0x4003d,0x1b,0x11d0,0x11cf,0x500c7,0x1b,
0x11d1,0x11d0,0x126,0x500aa,0x25,0x11d2,0x11d1,0x1d,
0x200f9,0x11cb,0x200f8,0x11cb,0x700f5,0x25,0x11d3,0x26,
0x107a,0x11d2,0x11cc,0x300f7,0x11d4,0x0,0x400fa,0x11d3,
0x11d5,0x11d4,0x200f8,0x11d5,0x200f9,0xbd9,0x200f8,0x11d4,
0x50080,0x1b,0x11d6,0xbd1,0x37,0x50080,0x1b,0x11d7,
0x11d6,0x11c7,0x60041,0x14f,0x11d8,0x18,0x21,0x11d7,
0x4003d,0x1b,0x11d9,0x11d8,0x50080,0x1b,0x11da,0xbd1,
0x4d,0x60041,0x14f,0x11db,0x18,0x21,0x11da,0x4003d,
0x1b,0x11dc,0x11db,0x50082,0x1b,0x11dd,0x46,0x11dc,
0x500c7,0x1b,0x11de,0x11d9,0x34,0x500c2,0x1b,0x11df,
0x11d9,0x2f,0x500c7,0x1b,0x11e0,0x11df,0x34,0x500c2,
0x1b,0x11e1,0x11d9,0x37,0x500c7,0x1b,0x11e2,0x11e1,
0x34,0x60050,0x7f,0x11e3,0x11de,0x11e0,0x11e2,0x60050,
0x7f,0x11e4,0x11dd,0x11dd,0x11dd,0x50084,0x7f,0x11e5,
0x11e3,0x11e4,0x50086,0x7f,0x11e6,0x11e5,0x80,0x500c2,
0x1b,0x11e7,0x11d9,0x4a,0x40070,0x27,0x11e8,0x11e7,
0x50051,0x1b,0x11e9,0x11e6,0x0,0x50051,0x1b,0x11ea,
0x11e6,0x1,0x50051,0x1b,0x11eb,0x11e6,0x2,0x40070,
0x27,0x11ec,0x11e9,0x40070,0x27,0x11ed,0x11ea,0x40070,
0x27,0x11ee,0x11eb,0x70050,0x39,0x11ef,0x11ec,0x11ed,
0x11ee,0x11e8,0x50085,0x39,0x11f0,0x11ef,0x15d,0x500c7,
0x1b,0x11f1,0x1a3,0x31,0x500ab,0x25,0x11f2,0x11f1,
0x1d,0x300f7,0x11f3,0x0,0x400fa,0x11f2,0x11f4,0x11f3,
0x200f8,0x11f4,0x8004f,0x3b,0x11f5,0x11f0,0x11f0,0x0,
0x1,0x2,0x500bc,0x151,0x11f6,0x11f5,0x3c,0x50085,
0x3b,0x11f7,0x11f5,0x15f,0x50081,0x3b,0x11f8,0x11f5,
0x3e,0x50085,0x3b,0x11f9,0x11f8,0x161,0x7000c,0x3b,
0x11fa,0x1,0x1a,0x11f9,0x40,0x600a9,0x3b,0x11fb,
0x11f6,0x11f7,0x11fa,0x9004f,0x39,0x11fc,0x11f0,0x11fb,
0x4,0x5,0x6,0x3,0x200f9,0x11f3,0x200f8,0x11f3,
0x700f5,0x39,0x11fd,0x11f0,0x11d4,0x11fc,0x11f4,0x200f9,
0xbd9,0x200f8,0xbd9,0x1900f5,0x39,0x11fe,0xe6,0xc59,
0xc90,0xc86,0xe6,0xdcc,0xe6,0xe13,0xe6,0xe28,
0xe6,0xe4c,0xe74,0xe6a,0xe6,0xfa7,0xe6,0x1003,
0xe6,0x11d5,0x11fd,0x11f3,0x50051,0x27,0x11ff,0x11fe,
0x3,0x500b4,0x25,0x1200,0x11ff,0x28,0x300f7,0x1201,
0x0,0x400fa,0x1200,0x1202,0x1201,0x200f8,0x1202,0x100fc,
0x200f8,0x1201,0x200f9,0xbce,0x200f8,0xbd7,0x500c7,0x1b,
0x1203,0xbd4,0x86,0x500ab,0x25,0x1204,0x1203,0x1d,
0x500c7,0x1b,0x1205,0xbd4,0x5e,0x500ab,0x25,0x1206,
0x1205,0x1d,0x300f7,0x1207,0x0,0x400fa,0x1204,0x1208,
0x1209,0x200f8,0x1209,0x600a9,0x27,0x120a,0x1206,0x88,
0x89,0x200f9,0x1207,0x200f8,0x1208,0x200f9,0x1207,0x200f8,
0x1207,0x700f5,0x27,0x120b,0x87,0x1208,0x120a,0x1209,
0x300f7,0x120c,0x0,0x400fa,0x1204,0x120d,0x120e,0x200f8,
0x120e,0x600a9,0x27,0x120f,0x1206,0x8b,0x8c,0x200f9,
0x120c,0x200f8,0x120d,0x200f9,0x120c,0x200f8,0x120c,0x700f5,
0x27,0x1210,0x8a,0x120d,0x120f,0x120e,0x6000c,0x3b,
0x1211,0x1,0x45,0x196,0x50051,0x27,0x1212,0x1211,
0x1,0x7004f,0x29,0x1213,0x1211,0x1211,0x0,0x2,
0x6000c,0x27,0x1214,0x1,0x42,0x1213,0x7000c,0x27,
0x1215,0x1,0x50,0x1214,0x8d,0x7000c,0x27,0x1216,
0x1,0x19,0x1212,0x1215,0x50051,0x27,0x1217,0x1211,
0x0,0x50051,0x27,0x1218,0x1211,0x2,0x4007f,0x27,
0x1219,0x1218,0x7000c,0x27,0x121a,0x1,0x19,0x1217,
0x1219,0x50085,0x27,0x121b,0x121a,0x8f,0x50081,0x27,
0x121c,0x8e,0x121b,0x50085,0x27,0x121d,0x1216,0x8f,
0x50083,0x27,0x121e,0x120b,0x121d,0x7000c,0x27,0x121f,
0x1,0x50,0x28,0x121e,0x50050,0x29,0x1220,0x121c,
0x121f,0x50085,0x27,0x1221,0x1210,0x162,0x7000c,0x27,
0x1222,0x1,0x4f,0x90,0x1221,0x4007f,0x27,0x1223,
0x1216,0x8000c,0x27,0x1224,0x1,0x31,0x28,0x1222,
0x1223,0x500b8,0x25,0x1225,0x1224,0x67,0x300f7,0x1226,
0x0,0x400fa,0x1225,0x1227,0x1228,0x200f8,0x1228,0x200f9,
0x1226,0x200f8,0x1227,0x300f7,0x1229,0x0,0x300fb,0x1d,
0x122a,0x200f8,0x122a,0x50080,0x1b,0x122b,0xbd1,0x31,
0x60041,0x14f,0x122c,0x18,0x21,0x122b,0x4003d,0x1b,
0x122d,0x122c,0x50080,0x1b,0x122e,0xbd1,0x52,0x60041,
0x14f,0x122f,0x18,0x21,0x122e,0x4003d,0x1b,0x1230,
0x122f,0x50080,0x1b,0x1231,0xbd1,0x2f,0x60041,0x14f,
0x1232,0x18,0x21,0x1231,0x4003d,0x1b,0x1233,0x1232,
0x500ab,0x25,0x1234,0x1233,0x1d,0x600a9,0x1c,0x1235,
0x1234,0x44,0xde,0x4007c,0x1b,0x1236,0x1235,0x6000c,
0x29,0x1237,0x1,0x8,0x1220,0x4006e,0x59,0x1238,
0x1237,0x4003d,0x1b,0x1239,0xbd3,0x500c7,0x1b,0x123a,
0x1239,0xe0,0x500ab,0x25,0x123b,0x123a,0x1d,0x300f7,
0x123c,0x0,0x400fa,0x123b,0x123d,0x123c,0x200f8,0x123d,
0x500c7,0x1b,0x123e,0x122d,0x31,0x500ab,0x25,0x123f,
0x123e,0x1d,0x600a9,0x1c,0x1240,0x123f,0xe1,0xe2,
0x4007c,0x1b,0x1241,0x1240,0x50084,0x1b,0x1242,0x1241,
0x1236,0x50082,0x1b,0x1243,0x1242,0x2c,0x40070,0x27,
0x1244,0x1243,0x50080,0x1b,0x1245,0xbd1,0x24,0x60041,
0x14f,0x1246,0x18,0x21,0x1245,0x4003d,0x1b,0x1247,
0x1246,0x4007c,0x1c,0x1248,0x1247,0x4006f,0x27,0x1249,
0x1248,0x50083,0x27,0x124a,0x1244,0x1249,0x7000c,0x27,
0x124b,0x1,0x50,0xe3,0x124a,0x8000c,0x27,0x124c,
0x1,0x2b,0xdf,0x28,0x124b,0x50050,0x29,0x124d,
0x178,0x124c,0x6000c,0x29,0x124e,0x1,0x8,0x124d,
0x4006e,0x59,0x124f,0x124e,0x200f9,0x123c,0x200f8,0x123c,
0x700f5,0x59,0x1250,0x1238,0x122a,0x124f,0x123d,0x4003d,
0x1b,0x1251,0xbd3,0x500c7,0x1b,0x1252,0x1251,0x4e,
0x500ab,0x25,0x1253,0x1252,0x1d,0x300f7,0x1254,0x0,
0x400fa,0x1253,0x1255,0x1254,0x200f8,0x1255,0x6000c,0x29,
0x1256,0x1,0x8,0x179,0x4006e,0x59,0x1257,0x1256,
0x200f9,0x1254,0x200f8,0x1254,0x700f5,0x59,0x1258,0x1250,
0x123c,0x1257,0x1255,0x50051,0x1c,0x1259,0x1258,0x1,
0x50051,0x1c,0x125a,0x1258,0x0,0x4003d,0x1b,0x125b,
0xbd3,0x500c7,0x1b,0x125c,0x125b,0x37,0x500ab,0x25,
0x125d,0x125c,0x1d,0x300f7,0x125e,0x0,0x400fa,0x125d,
0x125f,0x125e,0x200f8,0x125f,0x500af,0x25,0x1260,0x1259,
0x21,0x300f7,0x1261,0x0,0x400fa,0x1260,0x1262,0x1261,
0x200f8,0x1262,0x500af,0x25,0x1263,0x1259,0x5b,0x200f9,
0x1261,0x200f8,0x1261,0x700f5,0x25,0x1264,0x2b,0x125f,
0x1263,0x1262,0x200f9,0x125e,0x200f8,0x125e,0x700f5,0x25,
0x1265,0x26,0x1254,0x1264,0x1261,0x300f7,0x1266,0x0,
0x400fa,0x1265,0x1267,0x1266,0x200f8,0x1267,0x200f9,0x1229,
0x200f8,0x1266,0x50080,0x1b,0x1268,0xbd1,0x7b,0x60041,
0x14f,0x1269,0x18,0x21,0x1268,0x4003d,0x1b,0x126a,
0x1269,0x500ab,0x25,0x126b,0x126a,0x1d,0x300f7,0x126c,
0x0,0x400fa,0x126b,0x126d,0x126c,0x200f8,0x126d,0x500af,
0x25,0x126e,0x125a,0x21,0x300f7,0x126f,0x0,0x400fa,
0x126e,0x1270,0x126f,0x200f8,0x1270,0x500af,0x25,0x1271,
0x125a,0xe7,0x200f9,0x126f,0x200f8,0x126f,0x700f5,0x25,
0x1272,0x2b,0x126d,0x1271,0x1270,0x200f9,0x126c,0x200f8,
0x126c,0x700f5,0x25,0x1273,0x26,0x1266,0x1272,0x126f,
0x300f7,0x1274,0x0,0x400fa,0x1273,0x1275,0x1274,0x200f8,
0x1275,0x4003d,0x1b,0x1276,0x1269,0x50080,0x1b,0x1277,
0xbd1,0x1276,0x50080,0x1b,0x1278,0x46,0x1277,0x60041,
0x14f,0x1279,0x18,0x21,0x1278,0x4003d,0x1b,0x127a,
0x1279,0x50080,0x1b,0x127b,0xbd1,0x4d,0x60041,0x14f,
0x127c,0x18,0x21,0x127b,0x4003d,0x1b,0x127d,0x127c,
0x50082,0x1b,0x127e,0x46,0x127d,0x500c7,0x1b,0x127f,
0x127a,0x34,0x500c2,0x1b,0x1280,0x127a,0x2f,0x500c7,
0x1b,0x1281,0x1280,0x34,0x500c2,0x1b,0x1282,0x127a,
0x37,0x500c7,0x1b,0x1283,0x1282,0x34,0x60050,0x7f,
0x1284,0x127f,0x1281,0x1283,0x60050,0x7f,0x1285,0x127e,
0x127e,0x127e,0x50084,0x7f,0x1286,0x1284,0x1285,0x50086,
0x7f,0x1287,0x1286,0x80,0x500c2,0x1b,0x1288,0x127a,
0x4a,0x40070,0x27,0x1289,0x1288,0x50051,0x1b,0x128a,
0x1287,0x0,0x50051,0x1b,0x128b,0x1287,0x1,0x50051,
0x1b,0x128c,0x1287,0x2,0x40070,0x27,0x128d,0x128a,
0x40070,0x27,0x128e,0x128b,0x40070,0x27,0x128f,0x128c,
0x70050,0x39,0x1290,0x128d,0x128e,0x128f,0x1289,0x50085,
0x39,0x1291,0x1290,0x15d,0x500c7,0x1b,0x1292,0x1a3,
0x31,0x500ab,0x25,0x1293,0x1292,0x1d,0x300f7,0x1294,
0x0,0x400fa,0x1293,0x1295,0x1294,0x200f8,0x1295,0x8004f,
0x3b,0x1296,0x1291,0x1291,0x0,0x1,0x2,0x500bc,
0x151,0x1297,0x1296,0x3c,0x50085,0x3b,0x1298,0x1296,
0x15f,0x50081,0x3b,0x1299,0x1296,0x3e,0x50085,0x3b,
0x129a,0x1299,0x161,0x7000c,0x3b,0x129b,0x1,0x1a,
0x129a,0x40,0x600a9,0x3b,0x129c,0x1297,0x1298,0x129b,
0x9004f,0x39,0x129d,0x1291,0x129c,0x4,0x5,0x6,
0x3,0x200f9,0x1294,0x200f8,0x1294,0x700f5,0x39,0x129e,
0x1291,0x1275,0x129d,0x1295,0x200f9,0x1229,0x200f8,0x1274,
0x50080,0x1b,0x129f,0xbd1,0x22,0x60041,0x14f,0x12a0,
0x18,0x21,0x129f,0x4003d,0x1b,0x12a1,0x12a0,0x4007c,
0x1c,0x12a2,0x12a1,0x500ad,0x25,0x12a3,0x12a2,0x30,
0x300f7,0x12a4,0x0,0x400fa,0x12a3,0x12a5,0x12a4,0x200f8,
0x12a5,0x50050,0x59,0x12a6,0x12a2,0x12a2,0x5008a,0x59,
0x12a7,0x1258,0x12a6,0x50080,0x59,0x12a8,0x12a7,0x12a6,
0x5008a,0x59,0x12a9,0x12a8,0x12a6,0x50082,0x59,0x12aa,
0x1258,0x12a9,0x200f9,0x12a4,0x200f8,0x12a4,0x700f5,0x59,
0x12ab,0x1258,0x1274,0x12aa,0x12a5,0x50080,0x1b,0x12ac,
0xbd1,0x33,0x60041,0x14f,0x12ad,0x18,0x21,0x12ac,
0x4003d,0x1b,0x12ae,0x12ad,0x4007c,0x1c,0x12af,0x12ae,
0x50080,0x1b,0x12b0,0xbd1,0x24,0x60041,0x14f,0x12b1,
0x18,0x21,0x12b0,0x4003d,0x1b,0x12b2,0x12b1,0x4007c,
0x1c,0x12b3,0x12b2,0x50050,0x59,0x12b4,0x12af,0x12b3,
0x50080,0x1b,0x12b5,0xbd1,0x23,0x60041,0x14f,0x12b6,
0x18,0x21,0x12b5,0x4003d,0x1b,0x12b7,0x12b6,0x500c7,
0x1b,0x12b8,0x12b7,0x2c,0x500ab,0x25,0x12b9,0x12b8,
0x1d,0x300f7,0x12ba,0x0,0x400fa,0x12b9,0x12bb,0x12ba,
0x200f8,0x12bb,0x50051,0x1c,0x12bc,0x12ab,0x1,0x500af,
0x25,0x12bd,0x12bc,0x21,0x200f9,0x12ba,0x200f8,0x12ba,
0x700f5,0x25,0x12be,0x26,0x12a4,0x12bd,0x12bb,0x300f7,
0x12bf,0x0,0x400fa,0x12be,0x12c0,0x12bf,0x200f8,0x12c0,
0x50051,0x1c,0x12c1,0x12ab,0x1,0x500b1,0x25,0x12c2,
0x12c1,0x5b,0x200f9,0x12bf,0x200f8,0x12bf,0x700f5,0x25,
0x12c3,0x26,0x12ba,0x12c2,0x12c0,0x300f7,0x12c4,0x0,
0x400fa,0x12c3,0x12c5,0x12c4,0x200f8,0x12c5,0x50080,0x1b,
0x12c6,0xbd1,0x163,0x50051,0x1c,0x12c7,0x12ab,0x1,
0x4007c,0x1b,0x12c8,0x12c7,0x50080,0x1b,0x12c9,0x12c6,
0x12c8,0x60041,0x14f,0x12ca,0x18,0x21,0x12c9,0x4003d,
0x1b,0x12cb,0x12ca,0x4007c,0x1c,0x12cc,0x12cb,0x60052,
0x59,0x12cd,0x12cc,0x12b4,0x0,0x200f9,0x12c4,0x200f8,
0x12c4,0x700f5,0x59,0x12ce,0x12b4,0x12bf,0x12cd,0x12c5,
0x500c7,0x1b,0x12cf,0x12b7,0x31,0x500ab,0x25,0x12d0,
0x12cf,0x1d,0x300f7,0x12d1,0x0,0x400fa,0x12d0,0x12d2,
0x12d1,0x200f8,0x12d2,0x50080,0x1b,0x12d3,0xbd1,0x164,
0x50051,0x1c,0x12d4,0x12ab,0x1,0x8000c,0x1c,0x12d5,
0x1,0x2d,0x12d4,0x21,0xe9,0x4007c,0x1b,0x12d6,
0x12d5,0x50080,0x1b,0x12d7,0x12d3,0x12d6,0x60041,0x14f,
0x12d8,0x18,0x21,0x12d7,0x4003d,0x1b,0x12d9,0x12d8,
0x4007c,0x1c,0x12da,0x12d9,0x60052,0x59,0x12db,0x12da,
0x12ce,0x1,0x200f9,0x12d1,0x200f8,0x12d1,0x700f5,0x59,
0x12dc,0x12ce,0x12c4,0x12db,0x12d2,0x50080,0x1b,0x12dd,
0xbd1,0x4c,0x60041,0x14f,0x12de,0x18,0x21,0x12dd,
0x4003d,0x1b,0x12df,0x12de,0x500ab,0x25,0x12e0,0x12df,
0x1d,0x300f7,0x12e1,0x0,0x400fa,0x12e0,0x12e2,0x12e1,
0x200f8,0x12e2,0x50051,0x1c,0x12e3,0x12ab,0x0,0x4003d,
0x1b,0x12e4,0x12ad,0x4007c,0x1c,0x12e5,0x12e4,0x500c7,
0x1c,0x12e6,0x12e5,0x85,0x50080,0x1c,0x12e7,0x12e3,
0x12e6,0x50051,0x1c,0x12e8,0x12dc,0x1,0x300f7,0x12e9,
0x0,0x300fb,0x1d,0x12ea,0x200f8,0x12ea,0x50041,0x177,
0x12eb,0xa,0x35,0x4003d,0x27,0x12ec,0x12eb,0x500b6,
0x25,0x12ed,0x12ec,0x28,0x300f7,0x12ee,0x0,0x400fa,
0x12ed,0x12ef,0x12ee,0x200f8,0x12ef,0x50041,0x177,0x12f0,
0xa,0x21,0x4003d,0x27,0x12f1,0x12f0,0x50041,0x177,
0x12f2,0xa,0x30,0x4003d,0x27,0x12f3,0x12f2,0x4006f,
0x27,0x12f4,0x12e7,0x50085,0x27,0x12f5,0x12f4,0x166,
0x50085,0x27,0x12f6,0x12f3,0x12f5,0x50081,0x27,0x12f7,
0x12f1,0x12f6,0x6000c,0x27,0x12f8,0x1,0x6,0x12f7,
0x4006e,0x1c,0x12f9,0x12f8,0x4006f,0x27,0x12fa,0x12f9,
0x6000c,0x27,0x12fb,0x1,0x4,0x12f7,0x50081,0x27,
0x12fc,0x12fb,0x69,0x6000c,0x27,0x12fd,0x1,0x8,
0x12fc,0x50085,0x27,0x12fe,0x12fa,0x12fd,0x4006e,0x1c,
0x12ff,0x12fe,0x500c7,0x1c,0x1300,0x12ff,0x132,0x200f9,
0x12e9,0x200f8,0x12ee,0x500af,0x25,0x1301,0x12e7,0x21,
0x300f7,0x1302,0x0,0x400fa,0x1301,0x1303,0x1304,0x200f8,
0x1304,0x50082,0x1c,0x1305,0x85,0x12e7,0x50087,0x1c,
0x1306,0x1305,0x165,0x200f9,0x1302,0x200f8,0x1303,0x50087,
0x1c,0x1307,0x12e7,0xde,0x200f9,0x1302,0x200f8,0x1302,
0x700f5,0x1c,0x1308,0x1307,0x1303,0x1306,0x1304,0x500af,
0x25,0x1309,0x1308,0x30,0x300f7,0x130a,0x0,0x400fa,
0x1309,0x130b,0x130a,0x200f8,0x130b,0x500b3,0x25,0x130c,
0x1308,0xe2,0x200f9,0x130a,0x200f8,0x130a,0x700f5,0x25,
0x130d,0x26,0x1302,0x130c,0x130b,0x300f7,0x130e,0x0,
0x400fa,0x130d,0x130f,0x130e,0x200f8,0x130f,0x50082,0x1c,
0x1310,0x1308,0x30,0x4007c,0x1b,0x1311,0x1310,0x50080,
0x1b,0x1312,0x133,0x1311,0x50084,0x1b,0x1313,0x1312,
0x31,0x500c7,0x1b,0x1314,0x1313,0x43,0x50080,0x1b,
0x1315,0xbd1,0xdd,0x500c2,0x1b,0x1316,0x1314,0x31,
0x50080,0x1b,0x1317,0x1315,0x1316,0x60041,0x14f,0x1318,
0x18,0x21,0x1317,0x4003d,0x1b,0x1319,0x1318,0x500c7,
0x1b,0x131a,0x1313,0x33,0x50084,0x1b,0x131b,0x131a,
0x2f,0x500c7,0x1b,0x131c,0x131b,0x32,0x500c2,0x1b,
0x131d,0x1319,0x131c,0x500c7,0x1b,0x131e,0x131d,0x34,
0x50080,0x1b,0x131f,0x1313,0x2c,0x500c7,0x1b,0x1320,
0x131f,0x43,0x500c2,0x1b,0x1321,0x1320,0x31,0x50080,
0x1b,0x1322,0x1315,0x1321,0x60041,0x14f,0x1323,0x18,
0x21,0x1322,0x4003d,0x1b,0x1324,0x1323,0x500c7,0x1b,
0x1325,0x131f,0x33,0x50084,0x1b,0x1326,0x1325,0x2f,
0x500c7,0x1b,0x1327,0x1326,0x32,0x500c2,0x1b,0x1328,
0x1324,0x1327,0x500c7,0x1b,0x1329,0x1328,0x34,0x500c4,
0x1b,0x132a,0x1329,0x2f,0x500c5,0x1b,0x132b,0x131e,
0x132a,0x500c7,0x1b,0x132c,0x132b,0xe8,0x500ab,0x25,
0x132d,0x132c,0x1d,0x300f7,0x132e,0x0,0x400fa,0x132d,
0x132f,0x1330,0x200f8,0x1330,0x200f9,0x132e,0x200f8,0x132f,
0x500c7,0x1b,0x1331,0x132b,0x134,0x4007c,0x1c,0x1332,
0x1331,0x200f9,0x132e,0x200f8,0x132e,0x700f5,0x1c,0x1333,
0x1332,0x132f,0x12e8,0x1330,0x200f9,0x12e9,0x200f8,0x130e,
0x200f9,0x1334,0x200f8,0x1334,0x700f5,0x1c,0x1335,0x47,
0x130e,0x1336,0x1337,0x700f5,0x1c,0x1338,0x47,0x130e,
0x1339,0x1337,0x700f5,0x1c,0x133a,0x21,0x130e,0x133b,
0x1337,0x500b1,0x25,0x133c,0x133a,0xe2,0x400f6,0x133d,
0x1337,0x0,0x400fa,0x133c,0x133e,0x133d,0x200f8,0x133e,
0x4007c,0x1b,0x133f,0x133a,0x50080,0x1b,0x1340,0x133,
0x133f,0x50084,0x1b,0x1341,0x1340,0x31,0x500c7,0x1b,
0x1342,0x1341,0x43,0x50080,0x1b,0x1343,0xbd1,0xdd,
0x500c2,0x1b,0x1344,0x1342,0x31,0x50080,0x1b,0x1345,
0x1343,0x1344,0x60041,0x14f,0x1346,0x18,0x21,0x1345,
0x4003d,0x1b,0x1347,0x1346,0x500c7,0x1b,0x1348,0x1341,
0x33,0x50084,0x1b,0x1349,0x1348,0x2f,0x500c7,0x1b,
0x134a,0x1349,0x32,0x500c2,0x1b,0x134b,0x1347,0x134a,
0x500c7,0x1b,0x134c,0x134b,0x34,0x50080,0x1b,0x134d,
0x1341,0x2c,0x500c7,0x1b,0x134e,0x134d,0x43,0x500c2,
0x1b,0x134f,0x134e,0x31,0x50080,0x1b,0x1350,0x1343,
0x134f,0x60041,0x14f,0x1351,0x18,0x21,0x1350,0x4003d,
0x1b,0x1352,0x1351,0x500c7,0x1b,0x1353,0x134d,0x33,
0x50084,0x1b,0x1354,0x1353,0x2f,0x500c7,0x1b,0x1355,
0x1354,0x32,0x500c2,0x1b,0x1356,0x1352,0x1355,0x500c7,
0x1b,0x1357,0x1356,0x34,0x500c4,0x1b,0x1358,0x1357,
0x2f,0x500c5,0x1b,0x1359,0x134c,0x1358,0x50041,0x14a,
0x135a,0x17e,0x133a,0x3003e,0x135a,0x1359,0x4003d,0x1b,
0x135b,0x135a,0x500c7,0x1b,0x135c,0x135b,0xe8,0x500ab,
0x25,0x135d,0x135c,0x1d,0x300f7,0x135e,0x0,0x400fa,
0x135d,0x135f,0x135e,0x200f8,0x135f,0x500b1,0x25,0x1360,
0x1338,0x21,0x600a9,0x1c,0x1361,0x1360,0x133a,0x1338,
0x200f9,0x135e,0x200f8,0x135e,0x700f5,0x1c,0x1339,0x1338,
0x133e,0x1361,0x135f,0x600a9,0x1c,0x1336,0x135d,0x133a,
0x1335,0x200f9,0x1337,0x200f8,0x1337,0x50080,0x1c,0x133b,
0x133a,0x30,0x200f9,0x1334,0x200f8,0x133d,0x500b3,0x25,
0x1362,0x1308,0x21,0x600a9,0x1c,0x1363,0x1362,0x21,
0x45,0x50041,0x14a,0x1364,0x17e,0x1363,0x4003d,0x1b,
0x1365,0x1364,0x500c7,0x1b,0x1366,0x1365,0xe8,0x500aa,
0x25,0x1367,0x1366,0x1d,0x300f7,0x1368,0x0,0x400fa,
0x1367,0x1369,0x1368,0x200f8,0x1369,0x200f9,0x12e9,0x200f8,
0x1368,0x500af,0x25,0x136a,0x1338,0x21,0x300f7,0x136b,
0x0,0x400fa,0x136a,0x136c,0x136b,0x200f8,0x136c,0x500ab,
0x25,0x136d,0x1335,0x1338,0x200f9,0x136b,0x200f8,0x136b,
0x700f5,0x25,0x136e,0x26,0x1368,0x136d,0x136c,0x300f7,
0x136f,0x0,0x400fa,0x136e,0x1370,0x136f,0x200f8,0x1370,
0x50041,0x14a,0x1371,0x17e,0x1335,0x4003d,0x1b,0x1372,
0x1371,0x500c7,0x1b,0x1373,0x1372,0x134,0x4007c,0x1c,
0x1374,0x1373,0x50041,0x14a,0x1375,0x17e,0x1338,0x4003d,
0x1b,0x1376,0x1375,0x500c7,0x1b,0x1377,0x1376,0x134,
0x4007c,0x1c,0x1378,0x1377,0x50082,0x1c,0x1379,0x1374,
0x1378,0x500c7,0x1c,0x137a,0x1379,0x132,0x500ad,0x25,
0x137b,0x137a,0x135,0x300f7,0x137c,0x0,0x400fa,0x137b,
0x137d,0x137c,0x200f8,0x137d,0x50082,0x1c,0x137e,0x137a,
0x136,0x200f9,0x137c,0x200f8,0x137c,0x700f5,0x1c,0x137f,
0x137a,0x1370,0x137e,0x137d,0x50082,0x1c,0x1380,0x1335,
0x1338,0x200f9,0x136f,0x200f8,0x136f,0x700f5,0x1c,0x1381,
0x30,0x136b,0x1380,0x137c,0x700f5,0x1c,0x1382,0x21,
0x136b,0x137f,0x137c,0x300f7,0x1383,0x0,0x400fa,0x1362,
0x1384,0x1385,0x200f8,0x1385,0x50082,0x1c,0x1386,0x1308,
0xe2,0x200f9,0x1383,0x200f8,0x1384,0x50080,0x1c,0x1387,
0x1308,0x30,0x7000c,0x1c,0x1388,0x1,0x27,0x1387,
0x21,0x200f9,0x1383,0x200f8,0x1383,0x700f5,0x1c,0x1389,
0x1388,0x1384,0x1386,0x1385,0x4003d,0x1b,0x138a,0x1364,
0x500c7,0x1b,0x138b,0x138a,0x134,0x4007c,0x1c,0x138c,
0x138b,0x50084,0x1c,0x138d,0x1382,0x1389,0x50087,0x1c,
0x138e,0x138d,0x1381,0x50080,0x1c,0x138f,0x138c,0x138e,
0x500c7,0x1c,0x1390,0x138f,0x132,0x200f9,0x12e9,0x200f8,
0x12e9,0xb00f5,0x1c,0x1391,0x1300,0x12ef,0x1333,0x132e,
0x12e8,0x1369,0x1390,0x1383,0x60052,0x59,0x1392,0x1391,
0x12dc,0x1,0x200f9,0x12e1,0x200f8,0x12e1,0x700f5,0x59,
0x1393,0x12dc,0x12d1,0x1392,0x12e9,0x50080,0x59,0x1394,
0x12ab,0x1393,0x50080,0x1b,0x1395,0xbd1,0x7c,0x60041,
0x14f,0x1396,0x18,0x21,0x1395,0x4003d,0x1b,0x1397,
0x1396,0x500c7,0x1b,0x1398,0x1397,0x58,0x500ab,0x25,
0x1399,0x1398,0x1d,0x300f7,0x139a,0x0,0x400fa,0x1399,
0x139b,0x139a,0x200f8,0x139b,0x300f7,0x139c,0x0,0x300fb,
0x1d,0x139d,0x200f8,0x139d,0x70041,0x158,0x139e,0x16,
0x21,0x21,0x1e,0x4003d,0x27,0x139f,0x139e,0x70041,
0x158,0x13a0,0x16,0x21,0x30,0x1e,0x4003d,0x27,
0x13a1,0x13a0,0x70041,0x158,0x13a2,0x16,0x21,0x35,
0x1e,0x4003d,0x27,0x13a3,0x13a2,0x60050,0x3b,0x13a4,
0x139f,0x13a1,0x13a3,0x70041,0x158,0x13a5,0x16,0x21,
0x21,0x21,0x4003d,0x27,0x13a6,0x13a5,0x70041,0x158,
0x13a7,0x16,0x21,0x30,0x21,0x4003d,0x27,0x13a8,
0x13a7,0x70041,0x158,0x13a9,0x16,0x21,0x35,0x21,
0x4003d,0x27,0x13aa,0x13a9,0x60050,0x3b,0x13ab,0x13a6,
0x13a8,0x13aa,0x50094,0x27,0x13ac,0x13ab,0x13a4,0x70041,
0x158,0x13ad,0x16,0x21,0x21,0x30,0x4003d,0x27,
0x13ae,0x13ad,0x70041,0x158,0x13af,0x16,0x21,0x30,
0x30,0x4003d,0x27,0x13b0,0x13af,0x70041,0x158,0x13b1,
0x16,0x21,0x35,0x30,0x4003d,0x27,0x13b2,0x13b1,
0x60050,0x3b,0x13b3,0x13ae,0x13b0,0x13b2,0x50094,0x27,
0x13b4,0x13b3,0x13a4,0x70041,0x158,0x13b5,0x16,0x21,
0x21,0x35,0x4003d,0x27,0x13b6,0x13b5,0x70041,0x158,
0x13b7,0x16,0x21,0x30,0x35,0x4003d,0x27,0x13b8,
0x13b7,0x70041,0x158,0x13b9,0x16,0x21,0x35,0x35,
0x4003d,0x27,0x13ba,0x13b9,0x60050,0x3b,0x13bb,0x13b6,
0x13b8,0x13ba,0x50094,0x27,0x13bc,0x13bb,0x13a4,0x60050,
0x3b,0x13bd,0x13ac,0x13b4,0x13bc,0x4007f,0x3b,0x13be,
0x13bd,0x500be,0x25,0x13bf,0x13bc,0x28,0x300f7,0x13c0,
0x0,0x400fa,0x13bf,0x13c1,0x13c0,0x200f8,0x13c1,0x200f9,
0x139c,0x200f8,0x13c0,0x50051,0x27,0x13c2,0x13be,0x2,
0x50083,0x27,0x13c3,0x137,0x13c2,0x50088,0x27,0x13c4,
0x13c3,0x13bc,0x7004f,0x29,0x13c5,0x13be,0x13be,0x0,
0x1,0x7004f,0x29,0x13c6,0x13bd,0x13bd,0x0,0x1,
0x5008e,0x29,0x13c7,0x13c6,0x13c4,0x50081,0x29,0x13c8,
0x13c5,0x13c7,0x500ba,0x25,0x13c9,0x13c4,0x28,0x300f7,
0x13ca,0x0,0x400fa,0x13c9,0x13cb,0x13ca,0x200f8,0x13cb,
0x50051,0x27,0x13cc,0x13c8,0x0,0x6000c,0x27,0x13cd,
0x1,0x4,0x13cc,0x500b8,0x25,0x13ce,0x13cd,0x67,
0x200f9,0x13ca,0x200f8,0x13ca,0x700f5,0x25,0x13cf,0x26,
0x13c0,0x13ce,0x13cb,0x300f7,0x13d0,0x0,0x400fa,0x13cf,
0x13d1,0x13d0,0x200f8,0x13d1,0x50051,0x27,0x13d2,0x13c8,
0x1,0x6000c,0x27,0x13d3,0x1,0x4,0x13d2,0x500b8,
0x25,0x13d4,0x13d3,0x138,0x200f9,0x13d0,0x200f8,0x13d0,
0x700f5,0x25,0x13d5,0x26,0x13ca,0x13d4,0x13d1,0x200f9,
0x139c,0x200f8,0x139c,0x700f5,0x25,0x13d6,0x26,0x13c1,
0x13d5,0x13d0,0x300f7,0x13d7,0x0,0x400fa,0x13d6,0x13d8,
0x13d7,0x200f8,0x13d8,0x200f9,0x1229,0x200f8,0x13d7,0x50051,
0x1c,0x13d9,0x1394,0x0,0x4007c,0x1b,0x13da,0x13d9,
0x500c2,0x1b,0x13db,0x13da,0x52,0x50084,0x1b,0x13dc,
0x13db,0xea,0x50051,0x1c,0x13dd,0x1394,0x1,0x4007c,
0x1b,0x13de,0x13dd,0x500c2,0x1b,0x13df,0x13de,0x52,
0x50084,0x1b,0x13e0,0x13df,0xeb,0x500c6,0x1b,0x13e1,
0x13dc,0x13e0,0x500c2,0x1b,0x13e2,0x13e1,0x37,0x500c6,
0x1b,0x13e3,0x13e1,0x13e2,0x50084,0x1b,0x13e4,0x13e3,
0xec,0x500c2,0x1b,0x13e5,0x13e4,0x46,0x500c6,0x1b,
0x13e6,0x13e4,0x13e5,0x500c2,0x1b,0x13e7,0x13e6,0x33,
0x50089,0x1b,0x13e8,0x13e7,0x33,0x500c7,0x1b,0x13e9,
0x13e6,0x7c,0x50084,0x1b,0x13ea,0x13e9,0x4e,0x500c7,
0x1c,0x13eb,0x13d9,0x45,0x4007c,0x1b,0x13ec,0x13eb,
0x50080,0x1b,0x13ed,0x13ea,0x13ec,0x4007c,0x1c,0x13ee,
0x13ed,0x500aa,0x25,0x13ef,0x13e8,0x1d,0x300f7,0x13f0,
0x0,0x400fa,0x13ef,0x13f1,0x13f2,0x200f8,0x13f2,0x50084,
0x1b,0x13f3,0x13e8,0x4e,0x50080,0x1b,0x13f4,0x82,
0x13f3,0x200f9,0x13f0,0x200f8,0x13f1,0x200f9,0x13f0,0x200f8,
0x13f0,0x700f5,0x1b,0x13f5,0x1d,0x13f1,0x13f4,0x13f2,
0x500c7,0x1c,0x13f6,0x13dd,0x45,0x4007c,0x1b,0x13f7,
0x13f6,0x50080,0x1b,0x13f8,0x13f5,0x13f7,0x4007c,0x1c,
0x13f9,0x13f8,0x50050,0x59,0x13fa,0x13ee,0x13f9,0x200f9,
0x139a,0x200f8,0x139a,0x700f5,0x59,0x13fb,0x1394,0x12e1,
0x13fa,0x13f0,0x4003d,0x1b,0x13fc,0xbd3,0x500c7,0x1b,
0x13fd,0x13fc,0x5f,0x500ab,0x25,0x13fe,0x13fd,0x1d,
0x300f7,0x13ff,0x0,0x400fa,0x13fe,0x1400,0x13ff,0x200f8,
0x1400,0x50051,0x1c,0x1401,0x13fb,0x1,0x500c7,0x1b,
0x1402,0x122d,0x31,0x500ab,0x25,0x1403,0x1402,0x1d,
0x600a9,0x1c,0x1404,0x1403,0xe1,0xe2,0x4007c,0x1b,
0x1405,0x1404,0x50084,0x1b,0x1406,0x1405,0x1236,0x4007c,
0x1c,0x1407,0x1406,0x50082,0x1c,0x1408,0x1407,0x30,
0x8000c,0x1c,0x1409,0x1,0x2d,0x1401,0x21,0x1408,
0x60052,0x59,0x140a,0x1409,0x13fb,0x1,0x200f9,0x13ff,
0x200f8,0x13ff,0x700f5,0x59,0x140b,0x13fb,0x139a,0x140a,
0x1400,0x4003d,0x1b,0x140c,0xbd3,0x500c7,0x1b,0x140d,
0x140c,0x31,0x500ab,0x25,0x140e,0x140d,0x1d,0x300f7,
0x140f,0x0,0x400fa,0x140e,0x1410,0x140f,0x200f8,0x1410,
0x50051,0x1c,0x1411,0x140b,0x0,0x500af,0x25,0x1412,
0x1411,0x21,0x300f7,0x1413,0x0,0x400fa,0x1412,0x1414,
0x1413,0x200f8,0x1414,0x500c7,0x1b,0x1415,0x122d,0x2c,
0x500ab,0x25,0x1416,0x1415,0x1d,0x600a9,0x1c,0x1417,
0x1416,0xe1,0xe2,0x4007c,0x1b,0x1418,0x1417,0x50084,
0x1b,0x1419,0x1418,0x1236,0x4007c,0x1c,0x141a,0x1419,
0x500af,0x25,0x141b,0x1411,0x141a,0x200f9,0x1413,0x200f8,
0x1413,0x700f5,0x25,0x141c,0x2b,0x1410,0x141b,0x1414,
0x200f9,0x140f,0x200f8,0x140f,0x700f5,0x25,0x141d,0x26,
0x13ff,0x141c,0x1413,0x300f7,0x141e,0x0,0x400fa,0x141d,
0x141f,0x141e,0x200f8,0x141f,0x200f9,0x1229,0x200f8,0x141e,
0x4003d,0x1b,0x1420,0xbd3,0x500c2,0x1b,0x1421,0x1420,
0x2f,0x500c7,0x1b,0x1422,0x1421,0x43,0x500aa,0x25,
0x1423,0x1422,0x58,0x300f7,0x1424,0x0,0x400fa,0x1423,
0x1425,0x1424,0x200f8,0x1425,0x50051,0x1c,0x1426,0x140b,
0x1,0x500af,0x25,0x1427,0x1426,0x21,0x300f7,0x1428,
0x0,0x400fa,0x1427,0x1429,0x1428,0x200f8,0x1429,0x500c7,
0x1b,0x142a,0x122d,0x31,0x500ab,0x25,0x142b,0x142a,
0x1d,0x600a9,0x1c,0x142c,0x142b,0xe1,0xe2,0x4007c,
0x1b,0x142d,0x142c,0x50084,0x1b,0x142e,0x142d,0x1236,
0x4007c,0x1c,0x142f,0x142e,0x500af,0x25,0x1430,0x1426,
0x142f,0x200f9,0x1428,0x200f8,0x1428,0x700f5,0x25,0x1431,
0x2b,0x1425,0x1430,0x1429,0x200f9,0x1424,0x200f8,0x1424,
0x700f5,0x25,0x1432,0x26,0x141e,0x1431,0x1428,0x300f7,
0x1433,0x0,0x400fa,0x1432,0x1434,0x1433,0x200f8,0x1434,
0x200f9,0x1229,0x200f8,0x1433,0x500ab,0x25,0x1435,0x1422,
0x1d,0x300f7,0x1436,0x0,0x400fa,0x1435,0x1437,0x1436,
0x200f8,0x1437,0x4007c,0x1c,0x1438,0x1422,0x500b1,0x25,
0x1439,0x1259,0x1438,0x200f9,0x1436,0x200f8,0x1436,0x700f5,
0x25,0x143a,0x26,0x1433,0x1439,0x1437,0x300f7,0x143b,
0x0,0x400fa,0x143a,0x143c,0x143b,0x200f8,0x143c,0x500af,
0x25,0x143d,0x125a,0x21,0x300f7,0x143e,0x0,0x400fa,
0x143d,0x143f,0x143e,0x200f8,0x143f,0x500af,0x25,0x1440,
0x125a,0xe7,0x200f9,0x143e,0x200f8,0x143e,0x700f5,0x25,
0x1441,0x2b,0x143c,0x1440,0x143f,0x200f9,0x143b,0x200f8,
0x143b,0x700f5,0x25,0x1442,0x26,0x1436,0x1441,0x143e,
0x300f7,0x1443,0x0,0x400fa,0x1442,0x1444,0x1443,0x200f8,
0x1444,0x50051,0x1c,0x1445,0x140b,0x0,0x500af,0x25,
0x1446,0x1445,0x21,0x300f7,0x1447,0x0,0x400fa,0x1446,
0x1448,0x1447,0x200f8,0x1448,0x500c7,0x1b,0x1449,0x122d,
0x2c,0x500ab,0x25,0x144a,0x1449,0x1d,0x600a9,0x1c,
0x144b,0x144a,0xe1,0xe2,0x4007c,0x1b,0x144c,0x144b,
0x50084,0x1b,0x144d,0x144c,0x1236,0x4007c,0x1c,0x144e,
0x144d,0x500af,0x25,0x144f,0x1445,0x144e,0x200f9,0x1447,
0x200f8,0x1447,0x700f5,0x25,0x1450,0x2b,0x1444,0x144f,
0x1448,0x200f9,0x1443,0x200f8,0x1443,0x700f5,0x25,0x1451,
0x26,0x143b,0x1450,0x1447,0x300f7,0x1452,0x0,0x400fa,
0x1451,0x1453,0x1452,0x200f8,0x1453,0x4003d,0x1b,0x1454,
0xbd3,0x500c7,0x1b,0x1455,0x1454,0x2c,0x500ab,0x25,
0x1456,0x1455,0x1d,0x300f7,0x1457,0x0,0x400fa,0x1456,
0x1458,0x1457,0x200f8,0x1458,0x200f9,0x1229,0x200f8,0x1457,
0x50080,0x1b,0x1459,0xbd1,0x37,0x50080,0x1b,0x145a,
0x1459,0x194,0x60041,0x14f,0x145b,0x18,0x21,0x145a,
0x4003d,0x1b,0x145c,0x145b,0x50080,0x1b,0x145d,0xbd1,
0x4d,0x60041,0x14f,0x145e,0x18,0x21,0x145d,0x4003d,
0x1b,0x145f,0x145e,0x50082,0x1b,0x1460,0x46,0x145f,
0x500c7,0x1b,0x1461,0x145c,0x34,0x500c2,0x1b,0x1462,
0x145c,0x2f,0x500c7,0x1b,0x1463,0x1462,0x34,0x500c2,
0x1b,0x1464,0x145c,0x37,0x500c7,0x1b,0x1465,0x1464,
0x34,0x60050,0x7f,0x1466,0x1461,0x1463,0x1465,0x60050,
0x7f,0x1467,0x1460,0x1460,0x1460,0x50084,0x7f,0x1468,
0x1466,0x1467,0x50086,0x7f,0x1469,0x1468,0x80,0x500c2,
0x1b,0x146a,0x145c,0x4a,0x40070,0x27,0x146b,0x146a,
0x50051,0x1b,0x146c,0x1469,0x0,0x50051,0x1b,0x146d,
0x1469,0x1,0x50051,0x1b,0x146e,0x1469,0x2,0x40070,
0x27,0x146f,0x146c,0x40070,0x27,0x1470,0x146d,0x40070,
0x27,0x1471,0x146e,0x70050,0x39,0x1472,0x146f,0x1470,
0x1471,0x146b,0x50085,0x39,0x1473,0x1472,0x15d,0x500c7,
0x1b,0x1474,0x1a3,0x31,0x500ab,0x25,0x1475,0x1474,
0x1d,0x300f7,0x1476,0x0,0x400fa,0x1475,0x1477,0x1476,
0x200f8,0x1477,0x8004f,0x3b,0x1478,0x1473,0x1473,0x0,
0x1,0x2,0x500bc,0x151,0x1479,0x1478,0x3c,0x50085,
0x3b,0x147a,0x1478,0x15f,0x50081,0x3b,0x147b,0x1478,
0x3e,0x50085,0x3b,0x147c,0x147b,0x161,0x7000c,0x3b,
0x147d,0x1,0x1a,0x147c,0x40,0x600a9,0x3b,0x147e,
0x1479,0x147a,0x147d,0x9004f,0x39,0x147f,0x1473,0x147e,
0x4,0x5,0x6,0x3,0x200f9,0x1476,0x200f8,0x1476,
0x700f5,0x39,0x1480,0x1473,0x1457,0x147f,0x1477,0x200f9,
0x1229,0x200f8,0x1452,0x4007c,0x2d,0x1481,0x140b,0x500c7,
0x1b,0x1482,0x122d,0x2c,0x500ab,0x25,0x1483,0x1482,
0x1d,0x600a9,0x1c,0x1484,0x1483,0xe1,0xe2,0x4007c,
0x1b,0x1485,0x1484,0x50084,0x1b,0x1486,0x1485,0x1236,
0x50082,0x1b,0x1487,0x1486,0x2c,0x500c7,0x1b,0x1488,
0x122d,0x31,0x500ab,0x25,0x1489,0x1488,0x1d,0x600a9,
0x1c,0x148a,0x1489,0xe1,0xe2,0x4007c,0x1b,0x148b,
0x148a,0x50084,0x1b,0x148c,0x148b,0x1236,0x50082,0x1b,
0x148d,0x148c,0x2c,0x50050,0x2d,0x148e,0x1487,0x148d,
0x500c7,0x2d,0x148f,0x1481,0x148e,0x4003d,0x1b,0x1490,
0xbd3,0x500c7,0x1b,0x1491,0x1490,0x86,0x500ab,0x25,
0x1492,0x1491,0x1d,0x300f7,0x1493,0x0,0x400fa,0x1492,
0x1494,0x1493,0x200f8,0x1494,0x50051,0x1b,0x1495,0x148f,
0x0,0x500ae,0x25,0x1496,0x1495,0xed,0x200f9,0x1493,
0x200f8,0x1493,0x700f5,0x25,0x1497,0x26,0x1452,0x1496,
0x1494,0x300f7,0x1498,0x0,0x400fa,0x1497,0x1499,0x1498,
0x200f8,0x1499,0x50051,0x1b,0x149a,0x148f,0x0,0x500b0,
0x25,0x149b,0x149a,0xee,0x200f9,0x1498,0x200f8,0x1498,
0x700f5,0x25,0x149c,0x26,0x1493,0x149b,0x1499,0x300f7,
0x149d,0x0,0x400fa,0x149c,0x149e,0x149d,0x200f8,0x149e,
0x50051,0x1b,0x149f,0x148f,0x1,0x500ae,0x25,0x14a0,
0x149f,0xef,0x200f9,0x149d,0x200f8,0x149d,0x700f5,0x25,
0x14a1,0x26,0x1498,0x14a0,0x149e,0x300f7,0x14a2,0x0,
0x400fa,0x14a1,0x14a3,0x14a2,0x200f8,0x14a3,0x50051,0x1b,
0x14a4,0x148f,0x1,0x500b0,0x25,0x14a5,0x14a4,0xf0,
0x200f9,0x14a2,0x200f8,0x14a2,0x700f5,0x25,0x14a6,0x26,
0x149d,0x14a5,0x14a3,0x300f7,0x14a7,0x0,0x400fa,0x14a6,
0x14a8,0x14a7,0x200f8,0x14a8,0x50051,0x1b,0x14a9,0x148f,
0x0,0x500c7,0x1b,0x14aa,0x14a9,0xf1,0x60052,0x2d,
0x14ab,0x14aa,0x148f,0x0,0x200f9,0x14a7,0x200f8,0x14a7,
0x700f5,0x2d,0x14ac,0x148f,0x14a2,0x14ab,0x14a8,0x4003d,
0x1b,0x14ad,0xbd3,0x500c7,0x1b,0x14ae,0x14ad,0xf2,
0x500ab,0x25,0x14af,0x14ae,0x1d,0x300f7,0x14b0,0x0,
0x400fa,0x14af,0x14b1,0x14b0,0x200f8,0x14b1,0x500af,0x25,
0x14b2,0x125a,0x21,0x300f7,0x14b3,0x0,0x400fa,0x14b2,
0x14b4,0x14b3,0x200f8,0x14b4,0x500af,0x25,0x14b5,0x125a,
0xf3,0x200f9,0x14b3,0x200f8,0x14b3,0x700f5,0x25,0x14b6,
0x2b,0x14b1,0x14b5,0x14b4,0x200f9,0x14b0,0x200f8,0x14b0,
0x700f5,0x25,0x14b7,0x26,0x14a7,0x14b6,0x14b3,0x300f7,
0x14b8,0x0,0x400fa,0x14b7,0x14b9,0x14b8,0x200f8,0x14b9,
0x50051,0x1b,0x14ba,0x14ac,0x1,0x500ae,0x25,0x14bb,
0x14ba,0xf4,0x200f9,0x14b8,0x200f8,0x14b8,0x700f5,0x25,
0x14bc,0x26,0x14b0,0x14bb,0x14b9,0x300f7,0x14bd,0x0,
0x400fa,0x14bc,0x14be,0x14bd,0x200f8,0x14be,0x50051,0x1b,
0x14bf,0x14ac,0x1,0x500b0,0x25,0x14c0,0x14bf,0xf5,
0x200f9,0x14bd,0x200f8,0x14bd,0x700f5,0x25,0x14c1,0x26,
0x14b8,0x14c0,0x14be,0x300f7,0x14c2,0x0,0x400fa,0x14c1,
0x14c3,0x14c2,0x200f8,0x14c3,0x50051,0x1b,0x14c4,0x14ac,
0x0,0x500c7,0x1b,0x14c5,0x14c4,0xf1,0x60052,0x2d,
0x14c6,0x14c5,0x14ac,0x0,0x200f9,0x14c2,0x200f8,0x14c2,
0x700f5,0x2d,0x14c7,0x14ac,0x14bd,0x14c6,0x14c3,0x4003d,
0x1b,0x14c8,0xbd3,0x500c7,0x1b,0x14c9,0x14c8,0xf6,
0x500ab,0x25,0x14ca,0x14c9,0x1d,0x300f7,0x14cb,0x0,
0x400fa,0x14ca,0x14cc,0x14cb,0x200f8,0x14cc,0x500af,0x25,
0x14cd,0x125a,0x21,0x300f7,0x14ce,0x0,0x400fa,0x14cd,
0x14cf,0x14ce,0x200f8,0x14cf,0x500af,0x25,0x14d0,0x125a,
0xf3,0x200f9,0x14ce,0x200f8,0x14ce,0x700f5,0x25,0x14d1,
0x2b,0x14cc,0x14d0,0x14cf,0x200f9,0x14cb,0x200f8,0x14cb,
0x700f5,0x25,0x14d2,0x26,0x14c2,0x14d1,0x14ce,0x300f7,
0x14d3,0x0,0x400fa,0x14d2,0x14d4,0x14d3,0x200f8,0x14d4,
0x50051,0x1b,0x14d5,0x14c7,0x1,0x500ae,0x25,0x14d6,
0x14d5,0xef,0x200f9,0x14d3,0x200f8,0x14d3,0x700f5,0x25,
0x14d7,0x26,0x14cb,0x14d6,0x14d4,0x300f7,0x14d8,0x0,
0x400fa,0x14d7,0x14d9,0x14d8,0x200f8,0x14d9,0x50051,0x1b,
0x14da,0x14c7,0x1,0x500b0,0x25,0x14db,0x14da,0xf7,
0x200f9,0x14d8,0x200f8,0x14d8,0x700f5,0x25,0x14dc,0x26,
0x14d3,0x14db,0x14d9,0x300f7,0x14dd,0x0,0x400fa,0x14dc,
0x14de,0x14dd,0x200f8,0x14de,0x50051,0x1b,0x14df,0x14c7,
0x0,0x500c7,0x1b,0x14e0,0x14df,0xf1,0x60052,0x2d,
0x14e1,0x14e0,0x14c7,0x0,0x200f9,0x14dd,0x200f8,0x14dd,
0x700f5,0x2d,0x14e2,0x14c7,0x14d8,0x14e1,0x14de,0x4003d,
0x1b,0x14e3,0xbd3,0x500c7,0x1b,0x14e4,0x14e3,0xf8,
0x500aa,0x25,0x14e5,0x14e4,0xf8,0x600a9,0x1b,0x14e6,
0x1483,0x81,0x4e,0x50084,0x1b,0x14e7,0x14e6,0x1236,
0x50086,0x1b,0x14e8,0x14e7,0x31,0x4003d,0x1b,0x14e9,
0xbd3,0x500c7,0x1b,0x14ea,0x14e9,0x81,0x500ab,0x25,
0x14eb,0x14ea,0x1d,0x300f7,0x14ec,0x0,0x400fa,0x14eb,
0x14ed,0x14ec,0x200f8,0x14ed,0x500af,0x25,0x14ee,0x125a,
0x21,0x300f7,0x14ef,0x0,0x400fa,0x14ee,0x14f0,0x14ef,
0x200f8,0x14f0,0x600a9,0x1b,0x14f1,0x14e5,0x58,0x14e8,
0x4007c,0x1c,0x14f2,0x14f1,0x500af,0x25,0x14f3,0x125a,
0x14f2,0x200f9,0x14ef,0x200f8,0x14ef,0x700f5,0x25,0x14f4,
0x2b,0x14ed,0x14f3,0x14f0,0x200f9,0x14ec,0x200f8,0x14ec,
0x700f5,0x25,0x14f5,0x26,0x14dd,0x14f4,0x14ef,0x300f7,
0x14f6,0x0,0x400fa,0x14f5,0x14f7,0x14f6,0x200f8,0x14f7,
0x300f7,0x14f8,0x0,0x400fa,0x14e5,0x14f9,0x14fa,0x200f8,
0x14fa,0x50051,0x1b,0x14fb,0x14e2,0x0,0x50082,0x1b,
0x14fc,0x14e8,0x2c,0x500c7,0x1b,0x14fd,0x14fb,0x14fc,
0x500c5,0x1b,0x14fe,0x14fd,0x14e8,0x200f9,0x14f8,0x200f8,
0x14f9,0x50051,0x1b,0x14ff,0x14e2,0x0,0x500c7,0x1b,
0x1500,0x14ff,0x34,0x200f9,0x14f8,0x200f8,0x14f8,0x700f5,
0x1b,0x1501,0x1500,0x14f9,0x14fe,0x14fa,0x60052,0x2d,
0x1502,0x1501,0x14e2,0x0,0x200f9,0x14f6,0x200f8,0x14f6,
0x700f5,0x2d,0x1503,0x14e2,0x14ec,0x1502,0x14f8,0x4003d,
0x1b,0x1504,0xbd3,0x500c7,0x1b,0x1505,0x1504,0x2f,
0x500ab,0x25,0x1506,0x1505,0x1d,0x300f7,0x1507,0x0,
0x400fa,0x1506,0x1508,0x1507,0x200f8,0x1508,0x50051,0x1b,
0x1509,0x1503,0x1,0x500c7,0x1b,0x150a,0x1509,0x34,
0x60052,0x2d,0x150b,0x150a,0x1503,0x1,0x200f9,0x1507,
0x200f8,0x1507,0x700f5,0x2d,0x150c,0x1503,0x14f6,0x150b,
0x1508,0x4003d,0x1b,0x150d,0xbd3,0x500c7,0x1b,0x150e,
0x150d,0xf8,0x500aa,0x25,0x150f,0x150e,0x82,0x300f7,
0x1510,0x0,0x400fa,0x150f,0x1511,0x1510,0x200f8,0x1511,
0x50051,0x1b,0x1512,0x150c,0x0,0x500c7,0x1b,0x1513,
0x1512,0x34,0x60052,0x2d,0x1514,0x1513,0x150c,0x0,
0x200f9,0x1510,0x200f8,0x1510,0x700f5,0x2d,0x1515,0x150c,
0x1507,0x1514,0x1511,0x4003d,0x1b,0x1516,0xbd3,0x500c7,
0x1b,0x1517,0x1516,0xf9,0x500ab,0x25,0x1518,0x1517,
0x1d,0x300f7,0x1519,0x0,0x400fa,0x1518,0x151a,0x1519,
0x200f8,0x151a,0x50051,0x1b,0x151b,0x1515,0x0,0x500ae,
0x25,0x151c,0x151b,0xf0,0x300f7,0x151d,0x0,0x400fa,
0x151c,0x151e,0x151d,0x200f8,0x151e,0x500b0,0x25,0x151f,
0x151b,0xfa,0x200f9,0x151d,0x200f8,0x151d,0x700f5,0x25,
0x1520,0x26,0x151a,0x151f,0x151e,0x300f7,0x1521,0x0,
0x400fa,0x1520,0x1522,0x1521,0x200f8,0x1522,0x50051,0x1b,
0x1523,0x1515,0x1,0x500ae,0x25,0x1524,0x1523,0xf8,
0x200f9,0x1521,0x200f8,0x1521,0x700f5,0x25,0x1525,0x26,
0x151d,0x1524,0x1522,0x300f7,0x1526,0x0,0x400fa,0x1525,
0x1527,0x1526,0x200f8,0x1527,0x50051,0x1b,0x1528,0x1515,
0x1,0x500b0,0x25,0x1529,0x1528,0x5d,0x200f9,0x1526,
0x200f8,0x1526,0x700f5,0x25,0x152a,0x26,0x1521,0x1529,
0x1527,0x300f7,0x152b,0x0,0x400fa,0x152a,0x152c,0x152b,
0x200f8,0x152c,0x500c7,0x1b,0x152d,0x151b,0x34,0x60052,
0x2d,0x152e,0x152d,0x1515,0x0,0x200f9,0x152b,0x200f8,
0x152b,0x700f5,0x2d,0x152f,0x1515,0x1526,0x152e,0x152c,
0x50051,0x1c,0x1530,0x140b,0x1,0x500b1,0x25,0x1531,
0x1530,0xfb,0x300f7,0x1532,0x0,0x400fa,0x1531,0x1533,
0x1534,0x200f8,0x1534,0x500af,0x25,0x1535,0x125a,0x21,
0x300f7,0x1536,0x0,0x400fa,0x1535,0x1537,0x1536,0x200f8,
0x1537,0x500af,0x25,0x1538,0x125a,0xf3,0x200f9,0x1536,
0x200f8,0x1536,0x700f5,0x25,0x1539,0x2b,0x1534,0x1538,
0x1537,0x300f7,0x153a,0x0,0x400fa,0x1539,0x153b,0x153a,
0x200f8,0x153b,0x50051,0x1b,0x153c,0x152f,0x1,0x500ae,
0x25,0x153d,0x153c,0xfd,0x200f9,0x153a,0x200f8,0x153a,
0x700f5,0x25,0x153e,0x26,0x1536,0x153d,0x153b,0x300f7,
0x153f,0x0,0x400fa,0x153e,0x1540,0x153f,0x200f8,0x1540,
0x50051,0x1b,0x1541,0x152f,0x1,0x500b0,0x25,0x1542,
0x1541,0xf5,0x200f9,0x153f,0x200f8,0x153f,0x700f5,0x25,
0x1543,0x26,0x153a,0x1542,0x1540,0x300f7,0x1544,0x0,
0x400fa,0x1543,0x1545,0x1544,0x200f8,0x1545,0x50051,0x1b,
0x1546,0x152f,0x0,0x500c7,0x1b,0x1547,0x1546,0xf1,
0x50080,0x1b,0x1548,0x1547,0x5d,0x60052,0x2d,0x1549,
0x1548,0x152f,0x0,0x200f9,0x1544,0x200f8,0x1544,0x700f5,
0x2d,0x154a,0x152f,0x153f,0x1549,0x1545,0x200f9,0x1532,
0x200f8,0x1533,0x4007c,0x1b,0x154b,0x1530,0x500c7,0x1b,
0x154c,0x154b,0x32,0x50080,0x1b,0x154d,0xfc,0x154c,
0x50051,0x1b,0x154e,0x152f,0x0,0x500c7,0x1b,0x154f,
0x154e,0x34,0x50050,0x2d,0x1550,0x154f,0x154d,0x200f9,
0x1532,0x200f8,0x1532,0x700f5,0x2d,0x1551,0x154a,0x1544,
0x1550,0x1533,0x200f9,0x1519,0x200f8,0x1519,0x700f5,0x2d,
0x1552,0x1515,0x1510,0x1551,0x1532,0x50080,0x1b,0x1553,
0xbd1,0x36,0x60041,0x14f,0x1554,0x18,0x21,0x1553,
0x4003d,0x1b,0x1555,0x1554,0x500ab,0x25,0x1556,0x1555,
0x1d,0x300f7,0x1557,0x0,0x400fa,0x1556,0x1558,0x1557,
0x200f8,0x1558,0x500af,0x25,0x1559,0x125a,0x21,0x300f7,
0x155a,0x0,0x400fa,0x1559,0x155b,0x155a,0x200f8,0x155b,
0x500af,0x25,0x155c,0x125a,0xe7,0x200f9,0x155a,0x200f8,
0x155a,0x700f5,0x25,0x155d,0x2b,0x1558,0x155c,0x155b,
0x200f9,0x1557,0x200f8,0x1557,0x700f5,0x25,0x155e,0x26,
0x1519,0x155d,0x155a,0x300f7,0x155f,0x0,0x400fa,0x155e,
0x1560,0x155f,0x200f8,0x1560,0x4007c,0x1c,0x1561,0x1486,
0x50051,0x1c,0x1562,0x1393,0x0,0x50080,0x1c,0x1563,
0xfe,0x1562,0x4007c,0x1b,0x1564,0x1563,0x50082,0x1c,
0x1565,0x1561,0x30,0x4007c,0x1b,0x1566,0x1565,0x500c7,
0x1b,0x1567,0x1564,0x1566,0x4007c,0x1c,0x1568,0x1567,
0x50051,0x1c,0x1569,0x12ab,0x0,0x50080,0x1c,0x156a,
0x1568,0x1569,0x50082,0x1c,0x156b,0x156a,0xfe,0x8000c,
0x1c,0x156c,0x1,0x2d,0x156b,0x21,0x1565,0x4007c,
0x1b,0x156d,0x156c,0x60052,0x2d,0x156e,0x156d,0x1552,
0x0,0x200f9,0x155f,0x200f8,0x155f,0x700f5,0x2d,0x156f,
0x1552,0x1557,0x156e,0x1560,0x50050,0x2d,0x1570,0x1236,
0x1236,0x50086,0x2d,0x1571,0x156f,0x1570,0x50051,0x1b,
0x1572,0x1571,0x0,0x500ae,0x25,0x1573,0x1572,0x4e,
0x600a9,0x1c,0x1574,0x1573,0xff,0x21,0x50051,0x1b,
0x1575,0x1571,0x1,0x500ae,0x25,0x1576,0x1575,0x4e,
0x300f7,0x1577,0x0,0x400fa,0x1576,0x1578,0x1579,0x200f8,
0x1579,0x200f9,0x1577,0x200f8,0x1578,0x600a9,0x1c,0x157a,
0x1483,0x100,0xff,0x200f9,0x1577,0x200f8,0x1577,0x700f5,
0x1c,0x157b,0x157a,0x1578,0x21,0x1579,0x50080,0x1c,
0x157c,0x1574,0x157b,0x4007c,0x1b,0x157d,0x157c,0x50080,
0x1b,0x157e,0xbd1,0x2c,0x60041,0x14f,0x157f,0x18,
0x21,0x157e,0x4003d,0x1b,0x1580,0x157f,0x50080,0x1b,
0x1581,0x1580,0x157d,0x500c7,0x1b,0x1582,0x1575,0x32,
0x50084,0x1b,0x1583,0x1582,0x4e,0x50080,0x1b,0x1584,
0x1581,0x1583,0x500c7,0x1b,0x1585,0x1572,0x32,0x50080,
0x1b,0x1586,0x1584,0x1585,0x50084,0x1b,0x1587,0x1586,
0x31,0x500c7,0x1b,0x1588,0x1587,0x43,0x50080,0x1b,
0x1589,0xbd1,0xdd,0x500c2,0x1b,0x158a,0x1588,0x31,
0x50080,0x1b,0x158b,0x1589,0x158a,0x60041,0x14f,0x158c,
0x18,0x21,0x158b,0x4003d,0x1b,0x158d,0x158c,0x500c7,
0x1b,0x158e,0x1587,0x33,0x50084,0x1b,0x158f,0x158e,
0x2f,0x500c7,0x1b,0x1590,0x158f,0x32,0x500c2,0x1b,
0x1591,0x158d,0x1590,0x500c7,0x1b,0x1592,0x1591,0x34,
0x50080,0x1b,0x1593,0x1587,0x2c,0x500c7,0x1b,0x1594,
0x1593,0x43,0x500c2,0x1b,0x1595,0x1594,0x31,0x50080,
0x1b,0x1596,0x1589,0x1595,0x60041,0x14f,0x1597,0x18,
0x21,0x1596,0x4003d,0x1b,0x1598,0x1597,0x500c7,0x1b,
0x1599,0x1593,0x33,0x50084,0x1b,0x159a,0x1599,0x2f,
0x500c7,0x1b,0x159b,0x159a,0x32,0x500c2,0x1b,0x159c,
0x1598,0x159b,0x500c7,0x1b,0x159d,0x159c,0x34,0x500c4,
0x1b,0x159e,0x159d,0x2f,0x500c5,0x1b,0x159f,0x1592,
0x159e,0x4003d,0x1b,0x15a0,0x1396,0x500c7,0x1b,0x15a1,
0x15a0,0x33,0x500aa,0x25,0x15a2,0x15a1,0x2c,0x300f7,
0x15a3,0x0,0x400fa,0x15a2,0x15a4,0x15a3,0x200f8,0x15a4,
0x500c7,0x1b,0x15a5,0x159f,0x83,0x500ab,0x25,0x15a6,
0x15a5,0x1d,0x200f9,0x15a3,0x200f8,0x15a3,0x700f5,0x25,
0x15a7,0x26,0x1577,0x15a6,0x15a4,0x400a8,0x25,0x15a8,
0x15a7,0x300f7,0x15a9,0x0,0x400fa,0x15a8,0x15aa,0x15a9,
0x200f8,0x15aa,0x500aa,0x25,0x15ab,0x15a1,0x31,0x300f7,
0x15ac,0x0,0x400fa,0x15ab,0x15ad,0x15ac,0x200f8,0x15ad,
0x500c7,0x1b,0x15ae,0x159f,0x83,0x500aa,0x25,0x15af,
0x15ae,0x1d,0x200f9,0x15ac,0x200f8,0x15ac,0x700f5,0x25,
0x15b0,0x26,0x15aa,0x15af,0x15ad,0x200f9,0x15a9,0x200f8,
0x15a9,0x700f5,0x25,0x15b1,0x2b,0x15a3,0x15b0,0x15ac,
0x300f7,0x15b2,0x0,0x400fa,0x15b1,0x15b3,0x15b2,0x200f8,
0x15b3,0x200f9,0x1229,0x200f8,0x15b2,0x50082,0x1b,0x15b4,
0x1236,0x2c,0x50050,0x2d,0x15b5,0x15b4,0x15b4,0x500c7,
0x2d,0x15b6,0x156f,0x15b5,0x500c7,0x1b,0x15b7,0x159f,
0xe8,0x500ab,0x25,0x15b8,0x15b7,0x1d,0x300f7,0x15b9,
0x0,0x400fa,0x15b8,0x15ba,0x15b9,0x200f8,0x15ba,0x50051,
0x1b,0x15bb,0x15b6,0x0,0x50082,0x1b,0x15bc,0x15b4,
0x15bb,0x60052,0x2d,0x15bd,0x15bc,0x15b6,0x0,0x200f9,
0x15b9,0x200f8,0x15b9,0x700f5,0x2d,0x15be,0x15b6,0x15b2,
0x15bd,0x15ba,0x500c7,0x1b,0x15bf,0x159f,0x57,0x500ab,
0x25,0x15c0,0x15bf,0x1d,0x300f7,0x15c1,0x0,0x400fa,
0x15c0,0x15c2,0x15c1,0x200f8,0x15c2,0x50051,0x1b,0x15c3,
0x15be,0x1,0x50082,0x1b,0x15c4,0x15b4,0x15c3,0x60052,
0x2d,0x15c5,0x15c4,0x15be,0x1,0x200f9,0x15c1,0x200f8,
0x15c1,0x700f5,0x2d,0x15c6,0x15be,0x15b9,0x15c5,0x15c2,
0x500c7,0x1b,0x15c7,0x159f,0x101,0x50051,0x1b,0x15c8,
0x15c6,0x0,0x500c2,0x1b,0x15c9,0x15c8,0x33,0x50080,
0x1b,0x15ca,0x15c7,0x15c9,0x50051,0x1b,0x15cb,0x15c6,
0x1,0x500c2,0x1b,0x15cc,0x15cb,0x33,0x50084,0x1b,
0x15cd,0x15cc,0x37,0x50080,0x1b,0x15ce,0x15ca,0x15cd,
0x500c7,0x1b,0x15cf,0x15ce,0x101,0x60041,0x14f,0x15d0,
0x18,0x21,0xbd1,0x4003d,0x1b,0x15d1,0x15d0,0x50084,
0x1b,0x15d2,0x15d1,0x31,0x50084,0x1b,0x15d3,0x1230,
0x2f,0x50084,0x1b,0x15d4,0x15cf,0x15d3,0x50080,0x1b,
0x15d5,0x15d2,0x15d4,0x500c7,0x1b,0x15d6,0x15cb,0x7c,
0x50084,0x1b,0x15d7,0x15d6,0x31,0x50080,0x1b,0x15d8,
0x15d5,0x15d7,0x500c7,0x1b,0x15d9,0x15c8,0x7c,0x500c2,
0x1b,0x15da,0x82,0x15d9,0x200f9,0x15db,0x200f8,0x15db,
0x700f5,0x1b,0x15dc,0x1d,0x15c1,0x15dd,0x15de,0x700f5,
0x1b,0x15df,0x1d,0x15c1,0x15e0,0x15de,0x50086,0x1b,
0x15e1,0x1230,0x31,0x500b0,0x25,0x15e2,0x15df,0x15e1,
0x400f6,0x15e3,0x15de,0x0,0x400fa,0x15e2,0x15e4,0x15e3,
0x200f8,0x15e4,0x50084,0x1b,0x15e5,0x15df,0x37,0x50080,
0x1b,0x15e6,0x15d8,0x15e5,0x500c7,0x1b,0x15e7,0x15e6,
0x43,0x500c2,0x1b,0x15e8,0x15e7,0x31,0x50080,0x1b,
0x15e9,0x1589,0x15e8,0x60041,0x14f,0x15ea,0x18,0x21,
0x15e9,0x4003d,0x1b,0x15eb,0x15ea,0x500c7,0x1b,0x15ec,
0x15e6,0x33,0x50084,0x1b,0x15ed,0x15ec,0x2f,0x500c7,
0x1b,0x15ee,0x15ed,0x32,0x500c2,0x1b,0x15ef,0x15eb,
0x15ee,0x500c7,0x1b,0x15f0,0x15ef,0x34,0x500c7,0x1b,
0x15f1,0x15f0,0x15da,0x500ab,0x25,0x15f2,0x15f1,0x1d,
0x300f7,0x15f3,0x0,0x400fa,0x15f2,0x15f4,0x15f3,0x200f8,
0x15f4,0x50084,0x1b,0x15f5,0x15df,0x31,0x500c7,0x1b,
0x15f6,0x15f5,0x32,0x500c4,0x1b,0x15f7,0x2c,0x15f6,
0x500c5,0x1b,0x15f8,0x15dc,0x15f7,0x200f9,0x15f3,0x200f8,
0x15f3,0x700f5,0x1b,0x15f9,0x15dc,0x15e4,0x15f8,0x15f4,
0x50080,0x1b,0x15fa,0x15e6,0x2c,0x500c7,0x1b,0x15fb,
0x15fa,0x43,0x500c2,0x1b,0x15fc,0x15fb,0x31,0x50080,
0x1b,0x15fd,0x1589,0x15fc,0x60041,0x14f,0x15fe,0x18,
0x21,0x15fd,0x4003d,0x1b,0x15ff,0x15fe,0x500c7,0x1b,
0x1600,0x15fa,0x33,0x50084,0x1b,0x1601,0x1600,0x2f,
0x500c7,0x1b,0x1602,0x1601,0x32,0x500c2,0x1b,0x1603,
0x15ff,0x1602,0x500c7,0x1b,0x1604,0x1603,0x34,0x500c7,
0x1b,0x1605,0x1604,0x15da,0x500ab,0x25,0x1606,0x1605,
0x1d,0x300f7,0x1607,0x0,0x400fa,0x1606,0x1608,0x1607,
0x200f8,0x1608,0x50084,0x1b,0x1609,0x15df,0x31,0x500c7,
0x1b,0x160a,0x1609,0x32,0x500c4,0x1b,0x160b,0x31,
0x160a,0x500c5,0x1b,0x160c,0x15f9,0x160b,0x200f9,0x1607,
0x200f8,0x1607,0x700f5,0x1b,0x15dd,0x15f9,0x15f3,0x160c,
0x1608,0x200f9,0x15de,0x200f8,0x15de,0x50080,0x1b,0x15e0,
0x15df,0x2c,0x200f9,0x15db,0x200f8,0x15e3,0x500aa,0x25,
0x160d,0x15dc,0x1d,0x300f7,0x160e,0x0,0x400fa,0x160d,
0x160f,0x160e,0x200f8,0x160f,0x200f9,0x1229,0x200f8,0x160e,
0x500ab,0x25,0x1610,0x1230,0x2f,0x300f7,0x1611,0x0,
0x400fa,0x1610,0x1612,0x1611,0x200f8,0x1612,0x500c2,0x1b,
0x1613,0x159f,0x23,0x500c7,0x1b,0x1614,0x1613,0x7c,
0x500c7,0x1b,0x1615,0x1230,0x32,0x500c4,0x1b,0x1616,
0x2c,0x1615,0x50084,0x1b,0x1617,0x1614,0x1616,0x50080,
0x1b,0x1618,0x15dc,0x1617,0x200f9,0x1611,0x200f8,0x1611,
0x700f5,0x1b,0x1619,0x15dc,0x160e,0x1618,0x1612,0x50080,
0x1b,0x161a,0xbd1,0x51,0x60041,0x14f,0x161b,0x18,
0x21,0x161a,0x4003d,0x1b,0x161c,0x161b,0x50080,0x1b,
0x161d,0x1619,0x161c,0x500c7,0x1b,0x161e,0x161d,0x34,
0x4003d,0x1b,0x161f,0xbd3,0x500c7,0x1b,0x1620,0x161f,
0x24,0x500ab,0x25,0x1621,0x1620,0x1d,0x300f7,0x1622,
0x0,0x400fa,0x1621,0x1623,0x1622,0x200f8,0x1623,0x500af,
0x25,0x1624,0x125a,0x21,0x300f7,0x1625,0x0,0x400fa,
0x1624,0x1626,0x1625,0x200f8,0x1626,0x500af,0x25,0x1627,
0x125a,0xe7,0x200f9,0x1625,0x200f8,0x1625,0x700f5,0x25,
0x1628,0x2b,0x1623,0x1627,0x1626,0x200f9,0x1622,0x200f8,
0x1622,0x700f5,0x25,0x1629,0x26,0x1611,0x1628,0x1625,
0x300f7,0x162a,0x0,0x400fa,0x1629,0x162b,0x162a,0x200f8,
0x162b,0x4007c,0x1c,0x162c,0x1486,0x50051,0x1c,0x162d,
0x1393,0x0,0x50087,0x1c,0x162e,0x162c,0x35,0x50080,
0x1c,0x162f,0x162d,0x162e,0x5008a,0x1c,0x1630,0x162f,
0x162c,0x50080,0x1c,0x1631,0x1630,0x162c,0x5008a,0x1c,
0x1632,0x1631,0x162c,0x50082,0x1c,0x1633,0x1632,0x162e,
0x50051,0x1c,0x1634,0x12ab,0x0,0x50080,0x1c,0x1635,
0x1634,0x1633,0x50051,0x1b,0x1636,0x156f,0x0,0x500ae,
0x25,0x1637,0x1636,0x5d,0x300f7,0x1638,0x0,0x400fa,
0x1637,0x1639,0x1638,0x200f8,0x1639,0x500b0,0x25,0x163a,
0x1636,0x102,0x200f9,0x1638,0x200f8,0x1638,0x700f5,0x25,
0x163b,0x26,0x162b,0x163a,0x1639,0x300f7,0x163c,0x0,
0x400fa,0x163b,0x163d,0x163c,0x200f8,0x163d,0x50051,0x1b,
0x163e,0x156f,0x1,0x500ae,0x25,0x163f,0x163e,0x102,
0x200f9,0x163c,0x200f8,0x163c,0x700f5,0x25,0x1640,0x26,
0x1638,0x163f,0x163d,0x300f7,0x1641,0x0,0x400fa,0x1640,
0x1642,0x1641,0x200f8,0x1642,0x50051,0x1b,0x1643,0x156f,
0x1,0x500b0,0x25,0x1644,0x1643,0xef,0x200f9,0x1641,
0x200f8,0x1641,0x700f5,0x25,0x1645,0x26,0x163c,0x1644,
0x1642,0x300f7,0x1646,0x0,0x400fa,0x1645,0x1647,0x1646,
0x200f8,0x1647,0x500ae,0x25,0x1648,0x161e,0x103,0x200f9,
0x1646,0x200f8,0x1646,0x700f5,0x25,0x1649,0x26,0x1641,
0x1648,0x1647,0x300f7,0x164a,0x0,0x400fa,0x1649,0x164b,
0x164a,0x200f8,0x164b,0x500b2,0x25,0x164c,0x161e,0x104,
0x200f9,0x164a,0x200f8,0x164a,0x700f5,0x25,0x164d,0x26,
0x1646,0x164c,0x164b,0x500ae,0x25,0x164e,0x1636,0x102,
0x300f7,0x164f,0x0,0x400fa,0x164e,0x1650,0x164f,0x200f8,
0x1650,0x500b0,0x25,0x1651,0x1636,0x105,0x200f9,0x164f,
0x200f8,0x164f,0x700f5,0x25,0x1652,0x26,0x164a,0x1651,
0x1650,0x300f7,0x1653,0x0,0x400fa,0x1652,0x1654,0x1653,
0x200f8,0x1654,0x50051,0x1b,0x1655,0x156f,0x1,0x500ae,
0x25,0x1656,0x1655,0x105,0x200f9,0x1653,0x200f8,0x1653,
0x700f5,0x25,0x1657,0x26,0x164f,0x1656,0x1654,0x300f7,
0x1658,0x0,0x400fa,0x1657,0x1659,0x1658,0x200f8,0x1659,
0x50051,0x1b,0x165a,0x156f,0x1,0x500b0,0x25,0x165b,
0x165a,0xef,0x200f9,0x1658,0x200f8,0x1658,0x700f5,0x25,
0x165c,0x26,0x1653,0x165b,0x1659,0x300f7,0x165d,0x0,
0x400fa,0x165c,0x165e,0x165d,0x200f8,0x165e,0x500ae,0x25,
0x165f,0x161e,0x103,0x200f9,0x165d,0x200f8,0x165d,0x700f5,
0x25,0x1660,0x26,0x1658,0x165f,0x165e,0x300f7,0x1661,
0x0,0x400fa,0x1660,0x1662,0x1661,0x200f8,0x1662,0x500b2,
0x25,0x1663,0x161e,0x106,0x200f9,0x1661,0x200f8,0x1661,
0x700f5,0x25,0x1664,0x26,0x165d,0x1663,0x1662,0x500af,
0x25,0x1665,0x1635,0x21,0x300f7,0x1666,0x0,0x400fa,
0x1665,0x1667,0x1666,0x200f8,0x1667,0x500af,0x25,0x1668,
0x1635,0x162c,0x200f9,0x1666,0x200f8,0x1666,0x700f5,0x25,
0x1669,0x2b,0x1661,0x1668,0x1667,0x300f7,0x166a,0x0,
0x400fa,0x1669,0x166b,0x166a,0x200f8,0x166b,0x400a8,0x25,
0x166c,0x164d,0x600a9,0x25,0x166d,0x166c,0x1664,0x2b,
0x200f9,0x166a,0x200f8,0x166a,0x700f5,0x25,0x166e,0x26,
0x1666,0x166d,0x166b,0x600a9,0x1b,0x166f,0x166e,0x107,
0x161e,0x200f9,0x162a,0x200f8,0x162a,0x700f5,0x1b,0x1670,
0x161e,0x1622,0x166f,0x166a,0x4003d,0x1b,0x1671,0x1396,
0x500c7,0x1b,0x1672,0x1671,0x5d,0x500ab,0x25,0x1673,
0x1672,0x1d,0x300f7,0x1674,0x0,0x400fa,0x1673,0x1675,
0x1674,0x200f8,0x1675,0x500af,0x25,0x1676,0x125a,0x21,
0x300f7,0x1677,0x0,0x400fa,0x1676,0x1678,0x1677,0x200f8,
0x1678,0x500af,0x25,0x1679,0x125a,0xe7,0x200f9,0x1677,
0x200f8,0x1677,0x700f5,0x25,0x167a,0x2b,0x1675,0x1679,
0x1678,0x400a8,0x25,0x167b,0x167a,0x300f7,0x167c,0x0,
0x400fa,0x167b,0x167d,0x167c,0x200f8,0x167d,0x500b1,0x25,
0x167e,0x1259,0x21,0x200f9,0x167c,0x200f8,0x167c,0x700f5,
0x25,0x167f,0x2b,0x1677,0x167e,0x167d,0x400a8,0x25,
0x1680,0x167f,0x300f7,0x1681,0x0,0x400fa,0x1680,0x1682,
0x1681,0x200f8,0x1682,0x500af,0x25,0x1683,0x1259,0x5b,
0x200f9,0x1681,0x200f8,0x1681,0x700f5,0x25,0x1684,0x2b,
0x167c,0x1683,0x1682,0x200f9,0x1674,0x200f8,0x1674,0x700f5,
0x25,0x1685,0x26,0x162a,0x1684,0x1681,0x300f7,0x1686,
0x0,0x400fa,0x1685,0x1687,0x1686,0x200f8,0x1687,0x4007c,
0x1c,0x1688,0x1486,0x50051,0x1c,0x1689,0x1393,0x0,
0x50087,0x1c,0x168a,0x1688,0x35,0x50080,0x1c,0x168b,
0x1689,0x168a,0x5008a,0x1c,0x168c,0x168b,0x1688,0x50080,
0x1c,0x168d,0x168c,0x1688,0x5008a,0x1c,0x168e,0x168d,
0x1688,0x50082,0x1c,0x168f,0x168e,0x168a,0x50051,0x1c,
0x1690,0x12ab,0x0,0x50080,0x1c,0x1691,0x1690,0x168f,
0x50051,0x1b,0x1692,0x156f,0x0,0x500ae,0x25,0x1693,
0x1692,0x108,0x300f7,0x1694,0x0,0x400fa,0x1693,0x1695,
0x1694,0x200f8,0x1695,0x500b0,0x25,0x1696,0x1692,0x109,
0x200f9,0x1694,0x200f8,0x1694,0x700f5,0x25,0x1697,0x26,
0x1687,0x1696,0x1695,0x300f7,0x1698,0x0,0x400fa,0x1697,
0x1699,0x1698,0x200f8,0x1699,0x50051,0x1b,0x169a,0x156f,
0x1,0x500ae,0x25,0x169b,0x169a,0x37,0x200f9,0x1698,
0x200f8,0x1698,0x700f5,0x25,0x169c,0x26,0x1694,0x169b,
0x1699,0x300f7,0x169d,0x0,0x400fa,0x169c,0x169e,0x169d,
0x200f8,0x169e,0x50051,0x1b,0x169f,0x156f,0x1,0x500b0,
0x25,0x16a0,0x169f,0x10a,0x200f9,0x169d,0x200f8,0x169d,
0x700f5,0x25,0x16a1,0x26,0x1698,0x16a0,0x169e,0x400a8,
0x25,0x16a2,0x16a1,0x300f7,0x16a3,0x0,0x400fa,0x16a2,
0x16a4,0x16a3,0x200f8,0x16a4,0x500ae,0x25,0x16a5,0x1692,
0x10a,0x300f7,0x16a6,0x0,0x400fa,0x16a5,0x16a7,0x16a6,
0x200f8,0x16a7,0x500b0,0x25,0x16a8,0x1692,0x10b,0x200f9,
0x16a6,0x200f8,0x16a6,0x700f5,0x25,0x16a9,0x26,0x16a4,
0x16a8,0x16a7,0x300f7,0x16aa,0x0,0x400fa,0x16a9,0x16ab,
0x16aa,0x200f8,0x16ab,0x50051,0x1b,0x16ac,0x156f,0x1,
0x500ae,0x25,0x16ad,0x16ac,0x81,0x200f9,0x16aa,0x200f8,
0x16aa,0x700f5,0x25,0x16ae,0x26,0x16a6,0x16ad,0x16ab,
0x300f7,0x16af,0x0,0x400fa,0x16ae,0x16b0,0x16af,0x200f8,
0x16b0,0x50051,0x1b,0x16b1,0x156f,0x1,0x500b0,0x25,
0x16b2,0x16b1,0x10c,0x200f9,0x16af,0x200f8,0x16af,0x700f5,
0x25,0x16b3,0x26,0x16aa,0x16b2,0x16b0,0x200f9,0x16a3,
0x200f8,0x16a3,0x700f5,0x25,0x16b4,0x2b,0x169d,0x16b3,
0x16af,0x400a8,0x25,0x16b5,0x16b4,0x300f7,0x16b6,0x0,
0x400fa,0x16b5,0x16b7,0x16b6,0x200f8,0x16b7,0x500ae,0x25,
0x16b8,0x1692,0x10d,0x300f7,0x16b9,0x0,0x400fa,0x16b8,
0x16ba,0x16b9,0x200f8,0x16ba,0x500b0,0x25,0x16bb,0x1692,
0x10e,0x200f9,0x16b9,0x200f8,0x16b9,0x700f5,0x25,0x16bc,
0x26,0x16b7,0x16bb,0x16ba,0x300f7,0x16bd,0x0,0x400fa,
0x16bc,0x16be,0x16bd,0x200f8,0x16be,0x50051,0x1b,0x16bf,
0x156f,0x1,0x500ae,0x25,0x16c0,0x16bf,0x107,0x200f9,
0x16bd,0x200f8,0x16bd,0x700f5,0x25,0x16c1,0x26,0x16b9,
0x16c0,0x16be,0x300f7,0x16c2,0x0,0x400fa,0x16c1,0x16c3,
0x16c2,0x200f8,0x16c3,0x50051,0x1b,0x16c4,0x156f,0x1,
0x500b0,0x25,0x16c5,0x16c4,0x10d,0x200f9,0x16c2,0x200f8,
0x16c2,0x700f5,0x25,0x16c6,0x26,0x16bd,0x16c5,0x16c3,
0x200f9,0x16b6,0x200f8,0x16b6,0x700f5,0x25,0x16c7,0x2b,
0x16a3,0x16c6,0x16c2,0x400a8,0x25,0x16c8,0x16c7,0x300f7,
0x16c9,0x0,0x400fa,0x16c8,0x16ca,0x16c9,0x200f8,0x16ca,
0x500ae,0x25,0x16cb,0x1692,0x105,0x300f7,0x16cc,0x0,
0x400fa,0x16cb,0x16cd,0x16cc,0x200f8,0x16cd,0x500b0,0x25,
0x16ce,0x1692,0xf0,0x200f9,0x16cc,0x200f8,0x16cc,0x700f5,
0x25,0x16cf,0x26,0x16ca,0x16ce,0x16cd,0x300f7,0x16d0,
0x0,0x400fa,0x16cf,0x16d1,0x16d0,0x200f8,0x16d1,0x50051,
0x1b,0x16d2,0x156f,0x1,0x500ae,0x25,0x16d3,0x16d2,
0x10f,0x200f9,0x16d0,0x200f8,0x16d0,0x700f5,0x25,0x16d4,
0x26,0x16cc,0x16d3,0x16d1,0x300f7,0x16d5,0x0,0x400fa,
0x16d4,0x16d6,0x16d5,0x200f8,0x16d6,0x50051,0x1b,0x16d7,
0x156f,0x1,0x500b0,0x25,0x16d8,0x16d7,0x10d,0x200f9,
0x16d5,0x200f8,0x16d5,0x700f5,0x25,0x16d9,0x26,0x16d0,
0x16d8,0x16d6,0x200f9,0x16c9,0x200f8,0x16c9,0x700f5,0x25,
0x16da,0x2b,0x16b6,0x16d9,0x16d5,0x400a8,0x25,0x16db,
0x16da,0x300f7,0x16dc,0x0,0x400fa,0x16db,0x16dd,0x16dc,
0x200f8,0x16dd,0x500ae,0x25,0x16de,0x1692,0x110,0x300f7,
0x16df,0x0,0x400fa,0x16de,0x16e0,0x16df,0x200f8,0x16e0,
0x500b0,0x25,0x16e1,0x1692,0x5d,0x200f9,0x16df,0x200f8,
0x16df,0x700f5,0x25,0x16e2,0x26,0x16dd,0x16e1,0x16e0,
0x300f7,0x16e3,0x0,0x400fa,0x16e2,0x16e4,0x16e3,0x200f8,
0x16e4,0x50051,0x1b,0x16e5,0x156f,0x1,0x500ae,0x25,
0x16e6,0x16e5,0x10d,0x200f9,0x16e3,0x200f8,0x16e3,0x700f5,
0x25,0x16e7,0x26,0x16df,0x16e6,0x16e4,0x300f7,0x16e8,
0x0,0x400fa,0x16e7,0x16e9,0x16e8,0x200f8,0x16e9,0x50051,
0x1b,0x16ea,0x156f,0x1,0x500b0,0x25,0x16eb,0x16ea,
0x111,0x200f9,0x16e8,0x200f8,0x16e8,0x700f5,0x25,0x16ec,
0x26,0x16e3,0x16eb,0x16e9,0x200f9,0x16dc,0x200f8,0x16dc,
0x700f5,0x25,0x16ed,0x2b,0x16c9,0x16ec,0x16e8,0x400a8,
0x25,0x16ee,0x16ed,0x300f7,0x16ef,0x0,0x400fa,0x16ee,
0x16f0,0x16ef,0x200f8,0x16f0,0x500ae,0x25,0x16f1,0x1692,
0x112,0x300f7,0x16f2,0x0,0x400fa,0x16f1,0x16f3,0x16f2,
0x200f8,0x16f3,0x500b0,0x25,0x16f4,0x1692,0x113,0x200f9,
0x16f2,0x200f8,0x16f2,0x700f5,0x25,0x16f5,0x26,0x16f0,
0x16f4,0x16f3,0x300f7,0x16f6,0x0,0x400fa,0x16f5,0x16f7,
0x16f6,0x200f8,0x16f7,0x50051,0x1b,0x16f8,0x156f,0x1,
0x500ae,0x25,0x16f9,0x16f8,0x82,0x200f9,0x16f6,0x200f8,
0x16f6,0x700f5,0x25,0x16fa,0x26,0x16f2,0x16f9,0x16f7,
0x300f7,0x16fb,0x0,0x400fa,0x16fa,0x16fc,0x16fb,0x200f8,
0x16fc,0x50051,0x1b,0x16fd,0x156f,0x1,0x500b0,0x25,
0x16fe,0x16fd,0x114,0x200f9,0x16fb,0x200f8,0x16fb,0x700f5,
0x25,0x16ff,0x26,0x16f6,0x16fe,0x16fc,0x200f9,0x16ef,
0x200f8,0x16ef,0x700f5,0x25,0x1700,0x2b,0x16dc,0x16ff,
0x16fb,0x400a8,0x25,0x1701,0x1700,0x300f7,0x1702,0x0,
0x400fa,0x1701,0x1703,0x1702,0x200f8,0x1703,0x500ae,0x25,
0x1704,0x1692,0x115,0x300f7,0x1705,0x0,0x400fa,0x1704,
0x1706,0x1705,0x200f8,0x1706,0x500b0,0x25,0x1707,0x1692,
0x116,0x200f9,0x1705,0x200f8,0x1705,0x700f5,0x25,0x1708,
0x26,0x1703,0x1707,0x1706,0x300f7,0x1709,0x0,0x400fa,
0x1708,0x170a,0x1709,0x200f8,0x170a,0x50051,0x1b,0x170b,
0x156f,0x1,0x500ae,0x25,0x170c,0x170b,0x117,0x200f9,
0x1709,0x200f8,0x1709,0x700f5,0x25,0x170d,0x26,0x1705,
0x170c,0x170a,0x300f7,0x170e,0x0,0x400fa,0x170d,0x170f,
0x170e,0x200f8,0x170f,0x50051,0x1b,0x1710,0x156f,0x1,
0x500b0,0x25,0x1711,0x1710,0x111,0x200f9,0x170e,0x200f8,
0x170e,0x700f5,0x25,0x1712,0x26,0x1709,0x1711,0x170f,
0x200f9,0x1702,0x200f8,0x1702,0x700f5,0x25,0x1713,0x2b,
0x16ef,0x1712,0x170e,0x400a8,0x25,0x1714,0x1713,0x300f7,
0x1715,0x0,0x400fa,0x1714,0x1716,0x1715,0x200f8,0x1716,
0x500ae,0x25,0x1717,0x1692,0x116,0x300f7,0x1718,0x0,
0x400fa,0x1717,0x1719,0x1718,0x200f8,0x1719,0x500b0,0x25,
0x171a,0x1692,0x118,0x200f9,0x1718,0x200f8,0x1718,0x700f5,
0x25,0x171b,0x26,0x1716,0x171a,0x1719,0x300f7,0x171c,
0x0,0x400fa,0x171b,0x171d,0x171c,0x200f8,0x171d,0x50051,
0x1b,0x171e,0x156f,0x1,0x500ae,0x25,0x171f,0x171e,
0x119,0x200f9,0x171c,0x200f8,0x171c,0x700f5,0x25,0x1720,
0x26,0x1718,0x171f,0x171d,0x300f7,0x1721,0x0,0x400fa,
0x1720,0x1722,0x1721,0x200f8,0x1722,0x50051,0x1b,0x1723,
0x156f,0x1,0x500b0,0x25,0x1724,0x1723,0x11a,0x200f9,
0x1721,0x200f8,0x1721,0x700f5,0x25,0x1725,0x26,0x171c,
0x1724,0x1722,0x200f9,0x1715,0x200f8,0x1715,0x700f5,0x25,
0x1726,0x2b,0x1702,0x1725,0x1721,0x400a8,0x25,0x1727,
0x1726,0x300f7,0x1728,0x0,0x400fa,0x1727,0x1729,0x1728,
0x200f8,0x1729,0x500ae,0x25,0x172a,0x1692,0x11b,0x300f7,
0x172b,0x0,0x400fa,0x172a,0x172c,0x172b,0x200f8,0x172c,
0x500b0,0x25,0x172d,0x1692,0x11c,0x200f9,0x172b,0x200f8,
0x172b,0x700f5,0x25,0x172e,0x26,0x1729,0x172d,0x172c,
0x300f7,0x172f,0x0,0x400fa,0x172e,0x1730,0x172f,0x200f8,
0x1730,0x50051,0x1b,0x1731,0x156f,0x1,0x500ae,0x25,
0x1732,0x1731,0x11d,0x200f9,0x172f,0x200f8,0x172f,0x700f5,
0x25,0x1733,0x26,0x172b,0x1732,0x1730,0x300f7,0x1734,
0x0,0x400fa,0x1733,0x1735,0x1734,0x200f8,0x1735,0x50051,
0x1b,0x1736,0x156f,0x1,0x500b0,0x25,0x1737,0x1736,
0x112,0x200f9,0x1734,0x200f8,0x1734,0x700f5,0x25,0x1738,
0x26,0x172f,0x1737,0x1735,0x200f9,0x1728,0x200f8,0x1728,
0x700f5,0x25,0x1739,0x2b,0x1715,0x1738,0x1734,0x400a8,
0x25,0x173a,0x1739,0x300f7,0x173b,0x0,0x400fa,0x173a,
0x173c,0x173b,0x200f8,0x173c,0x500ae,0x25,0x173d,0x1692,
0x11e,0x300f7,0x173e,0x0,0x400fa,0x173d,0x173f,0x173e,
0x200f8,0x173f,0x500b0,0x25,0x1740,0x1692,0xf5,0x200f9,
0x173e,0x200f8,0x173e,0x700f5,0x25,0x1741,0x26,0x173c,
0x1740,0x173f,0x300f7,0x1742,0x0,0x400fa,0x1741,0x1743,
0x1742,0x200f8,0x1743,0x50051,0x1b,0x1744,0x156f,0x1,
0x500ae,0x25,0x1745,0x1744,0x11b,0x200f9,0x1742,0x200f8,
0x1742,0x700f5,0x25,0x1746,0x26,0x173e,0x1745,0x1743,
0x300f7,0x1747,0x0,0x400fa,0x1746,0x1748,0x1747,0x200f8,
0x1748,0x50051,0x1b,0x1749,0x156f,0x1,0x500b0,0x25,
0x174a,0x1749,0x11f,0x200f9,0x1747,0x200f8,0x1747,0x700f5,
0x25,0x174b,0x26,0x1742,0x174a,0x1748,0x200f9,0x173b,
0x200f8,0x173b,0x700f5,0x25,0x174c,0x2b,0x1728,0x174b,
0x1747,0x400a8,0x25,0x174d,0x174c,0x300f7,0x174e,0x0,
0x400fa,0x174d,0x174f,0x174e,0x200f8,0x174f,0x500ae,0x25,
0x1750,0x1692,0x120,0x300f7,0x1751,0x0,0x400fa,0x1750,
0x1752,0x1751,0x200f8,0x1752,0x500b0,0x25,0x1753,0x1692,
0x119,0x200f9,0x1751,0x200f8,0x1751,0x700f5,0x25,0x1754,
0x26,0x174f,0x1753,0x1752,0x300f7,0x1755,0x0,0x400fa,
0x1754,0x1756,0x1755,0x200f8,0x1756,0x50051,0x1b,0x1757,
0x156f,0x1,0x500ae,0x25,0x1758,0x1757,0x112,0x200f9,
0x1755,0x200f8,0x1755,0x700f5,0x25,0x1759,0x26,0x1751,
0x1758,0x1756,0x300f7,0x175a,0x0,0x400fa,0x1759,0x175b,
0x175a,0x200f8,0x175b,0x50051,0x1b,0x175c,0x156f,0x1,
0x500b0,0x25,0x175d,0x175c,0x113,0x200f9,0x175a,0x200f8,
0x175a,0x700f5,0x25,0x175e,0x26,0x1755,0x175d,0x175b,
0x200f9,0x174e,0x200f8,0x174e,0x700f5,0x25,0x175f,0x2b,
0x173b,0x175e,0x175a,0x400a8,0x25,0x1760,0x175f,0x300f7,
0x1761,0x0,0x400fa,0x1760,0x1762,0x1761,0x200f8,0x1762,
0x500ae,0x25,0x1763,0x1692,0xfa,0x300f7,0x1764,0x0,
0x400fa,0x1763,0x1765,0x1764,0x200f8,0x1765,0x500b0,0x25,
0x1766,0x1692,0x121,0x200f9,0x1764,0x200f8,0x1764,0x700f5,
0x25,0x1767,0x26,0x1762,0x1766,0x1765,0x300f7,0x1768,
0x0,0x400fa,0x1767,0x1769,0x1768,0x200f8,0x1769,0x50051,
0x1b,0x176a,0x156f,0x1,0x500ae,0x25,0x176b,0x176a,
0x113,0x200f9,0x1768,0x200f8,0x1768,0x700f5,0x25,0x176c,
0x26,0x1764,0x176b,0x1769,0x300f7,0x176d,0x0,0x400fa,
0x176c,0x176e,0x176d,0x200f8,0x176e,0x50051,0x1b,0x176f,
0x156f,0x1,0x500b0,0x25,0x1770,0x176f,0xfa,0x200f9,
0x176d,0x200f8,0x176d,0x700f5,0x25,0x1771,0x26,0x1768,
0x1770,0x176e,0x200f9,0x1761,0x200f8,0x1761,0x700f5,0x25,
0x1772,0x2b,0x174e,0x1771,0x176d,0x400a8,0x25,0x1773,
0x1772,0x300f7,0x1774,0x0,0x400fa,0x1773,0x1775,0x1774,
0x200f8,0x1775,0x500ae,0x25,0x1776,0x1692,0x10a,0x300f7,
0x1777,0x0,0x400fa,0x1776,0x1778,0x1777,0x200f8,0x1778,
0x500b0,0x25,0x1779,0x1692,0x82,0x200f9,0x1777,0x200f8,
0x1777,0x700f5,0x25,0x177a,0x26,0x1775,0x1779,0x1778,
0x300f7,0x177b,0x0,0x400fa,0x177a,0x177c,0x177b,0x200f8,
0x177c,0x50051,0x1b,0x177d,0x156f,0x1,0x500ae,0x25,
0x177e,0x177d,0x105,0x200f9,0x177b,0x200f8,0x177b,0x700f5,
0x25,0x177f,0x26,0x1777,0x177e,0x177c,0x300f7,0x1780,
0x0,0x400fa,0x177f,0x1781,0x1780,0x200f8,0x1781,0x50051,
0x1b,0x1782,0x156f,0x1,0x500b0,0x25,0x1783,0x1782,
0xf0,0x200f9,0x1780,0x200f8,0x1780,0x700f5,0x25,0x1784,
0x26,0x177b,0x1783,0x1781,0x200f9,0x1774,0x200f8,0x1774,
0x700f5,0x25,0x1785,0x2b,0x1761,0x1784,0x1780,0x400a8,
0x25,0x1786,0x1785,0x300f7,0x1787,0x0,0x400fa,0x1786,
0x1788,0x1787,0x200f8,0x1788,0x500ae,0x25,0x1789,0x1692,
0x4e,0x300f7,0x178a,0x0,0x400fa,0x1789,0x178b,0x178a,
0x200f8,0x178b,0x500b0,0x25,0x178c,0x1692,0x10c,0x200f9,
0x178a,0x200f8,0x178a,0x700f5,0x25,0x178d,0x26,0x1788,
0x178c,0x178b,0x300f7,0x178e,0x0,0x400fa,0x178d,0x178f,
0x178e,0x200f8,0x178f,0x50051,0x1b,0x1790,0x156f,0x1,
0x500ae,0x25,0x1791,0x1790,0x114,0x200f9,0x178e,0x200f8,
0x178e,0x700f5,0x25,0x1792,0x26,0x178a,0x1791,0x178f,
0x300f7,0x1793,0x0,0x400fa,0x1792,0x1794,0x1793,0x200f8,
0x1794,0x50051,0x1b,0x1795,0x156f,0x1,0x500b0,0x25,
0x1796,0x1795,0x120,0x200f9,0x1793,0x200f8,0x1793,0x700f5,
0x25,0x1797,0x26,0x178e,0x1796,0x1794,0x200f9,0x1787,
0x200f8,0x1787,0x700f5,0x25,0x1798,0x2b,0x1774,0x1797,
0x1793,0x400a8,0x25,0x1799,0x1798,0x300f7,0x179a,0x0,
0x400fa,0x1799,0x179b,0x179a,0x200f8,0x179b,0x500ae,0x25,
0x179c,0x1692,0xf7,0x300f7,0x179d,0x0,0x400fa,0x179c,
0x179e,0x179d,0x200f8,0x179e,0x500b0,0x25,0x179f,0x1692,
0x122,0x200f9,0x179d,0x200f8,0x179d,0x700f5,0x25,0x17a0,
0x26,0x179b,0x179f,0x179e,0x300f7,0x17a1,0x0,0x400fa,
0x17a0,0x17a2,0x17a1,0x200f8,0x17a2,0x50051,0x1b,0x17a3,
0x156f,0x1,0x500ae,0x25,0x17a4,0x17a3,0x123,0x200f9,
0x17a1,0x200f8,0x17a1,0x700f5,0x25,0x17a5,0x26,0x179d,
0x17a4,0x17a2,0x300f7,0x17a6,0x0,0x400fa,0x17a5,0x17a7,
0x17a6,0x200f8,0x17a7,0x50051,0x1b,0x17a8,0x156f,0x1,
0x500b0,0x25,0x17a9,0x17a8,0x5d,0x200f9,0x17a6,0x200f8,
0x17a6,0x700f5,0x25,0x17aa,0x26,0x17a1,0x17a9,0x17a7,
0x200f9,0x179a,0x200f8,0x179a,0x700f5,0x25,0x17ab,0x2b,
0x1787,0x17aa,0x17a6,0x400a8,0x25,0x17ac,0x17ab,0x300f7,
0x17ad,0x0,0x400fa,0x17ac,0x17ae,0x17ad,0x200f8,0x17ae,
0x500ae,0x25,0x17af,0x1692,0x124,0x300f7,0x17b0,0x0,
0x400fa,0x17af,0x17b1,0x17b0,0x200f8,0x17b1,0x500b0,0x25,
0x17b2,0x1692,0x111,0x200f9,0x17b0,0x200f8,0x17b0,0x700f5,
0x25,0x17b3,0x26,0x17ae,0x17b2,0x17b1,0x300f7,0x17b4,
0x0,0x400fa,0x17b3,0x17b5,0x17b4,0x200f8,0x17b5,0x50051,
0x1b,0x17b6,0x156f,0x1,0x500ae,0x25,0x17b7,0x17b6,
0x102,0x200f9,0x17b4,0x200f8,0x17b4,0x700f5,0x25,0x17b8,
0x26,0x17b0,0x17b7,0x17b5,0x300f7,0x17b9,0x0,0x400fa,
0x17b8,0x17ba,0x17b9,0x200f8,0x17ba,0x50051,0x1b,0x17bb,
0x156f,0x1,0x500b0,0x25,0x17bc,0x17bb,0x125,0x200f9,
0x17b9,0x200f8,0x17b9,0x700f5,0x25,0x17bd,0x26,0x17b4,
0x17bc,0x17ba,0x200f9,0x17ad,0x200f8,0x17ad,0x700f5,0x25,
0x17be,0x2b,0x179a,0x17bd,0x17b9,0x4007c,0x1c,0x17bf,
0x148c,0x500af,0x25,0x17c0,0x1691,0x21,0x300f7,0x17c1,
0x0,0x400fa,0x17c0,0x17c2,0x17c1,0x200f8,0x17c2,0x500af,
0x25,0x17c3,0x1691,0x1688,0x200f9,0x17c1,0x200f8,0x17c1,
0x700f5,0x25,0x17c4,0x2b,0x17ad,0x17c3,0x17c2,0x400a8,
0x25,0x17c5,0x17c4,0x300f7,0x17c6,0x0,0x400fa,0x17c5,
0x17c7,0x17c6,0x200f8,0x17c7,0x50051,0x1c,0x17c8,0x140b,
0x1,0x500b1,0x25,0x17c9,0x17c8,0x21,0x200f9,0x17c6,
0x200f8,0x17c6,0x700f5,0x25,0x17ca,0x2b,0x17c1,0x17c9,
0x17c7,0x400a8,0x25,0x17cb,0x17ca,0x300f7,0x17cc,0x0,
0x400fa,0x17cb,0x17cd,0x17cc,0x200f8,0x17cd,0x50051,0x1c,
0x17ce,0x140b,0x1,0x500af,0x25,0x17cf,0x17ce,0x17bf,
0x200f9,0x17cc,0x200f8,0x17cc,0x700f5,0x25,0x17d0,0x2b,
0x17c6,0x17cf,0x17cd,0x600a9,0x25,0x17d1,0x17d0,0x17be,
0x26,0x600a9,0x1b,0x17d2,0x17d1,0x7b,0x1670,0x200f9,
0x1686,0x200f8,0x1686,0x700f5,0x1b,0x17d3,0x1670,0x1674,
0x17d2,0x17cc,0x4003d,0x1b,0x17d4,0xbd3,0x500c7,0x1b,
0x17d5,0x17d4,0x2c,0x500ab,0x25,0x17d6,0x17d5,0x1d,
0x300f7,0x17d7,0x0,0x400fa,0x17d6,0x17d8,0x17d7,0x200f8,
0x17d8,0x50080,0x1b,0x17d9,0xbd1,0x37,0x50080,0x1b,
0x17da,0x17d9,0x17d3,0x60041,0x14f,0x17db,0x18,0x21,
0x17da,0x4003d,0x1b,0x17dc,0x17db,0x500c7,0x1b,0x17dd,
0x17dc,0x126,0x500aa,0x25,0x17de,0x17dd,0x1d,0x200f9,
0x17d7,0x200f8,0x17d7,0x700f5,0x25,0x17df,0x26,0x1686,
0x17de,0x17d8,0x300f7,0x17e0,0x0,0x400fa,0x17df,0x17e1,
0x17e0,0x200f8,0x17e1,0x200f9,0x1229,0x200f8,0x17e0,0x50080,
0x1b,0x17e2,0xbd1,0x37,0x50080,0x1b,0x17e3,0x17e2,
0x17d3,0x60041,0x14f,0x17e4,0x18,0x21,0x17e3,0x4003d,
0x1b,0x17e5,0x17e4,0x50080,0x1b,0x17e6,0xbd1,0x4d,
0x60041,0x14f,0x17e7,0x18,0x21,0x17e6,0x4003d,0x1b,
0x17e8,0x17e7,0x50082,0x1b,0x17e9,0x46,0x17e8,0x500c7,
0x1b,0x17ea,0x17e5,0x34,0x500c2,0x1b,0x17eb,0x17e5,
0x2f,0x500c7,0x1b,0x17ec,0x17eb,0x34,0x500c2,0x1b,
0x17ed,0x17e5,0x37,0x500c7,0x1b,0x17ee,0x17ed,0x34,
0x60050,0x7f,0x17ef,0x17ea,0x17ec,0x17ee,0x60050,0x7f,
0x17f0,0x17e9,0x17e9,0x17e9,0x50084,0x7f,0x17f1,0x17ef,
0x17f0,0x50086,0x7f,0x17f2,0x17f1,0x80,0x500c2,0x1b,
0x17f3,0x17e5,0x4a,0x40070,0x27,0x17f4,0x17f3,0x50051,
0x1b,0x17f5,0x17f2,0x0,0x50051,0x1b,0x17f6,0x17f2,
0x1,0x50051,0x1b,0x17f7,0x17f2,0x2,0x40070,0x27,
0x17f8,0x17f5,0x40070,0x27,0x17f9,0x17f6,0x40070,0x27,
0x17fa,0x17f7,0x70050,0x39,0x17fb,0x17f8,0x17f9,0x17fa,
0x17f4,0x50085,0x39,0x17fc,0x17fb,0x15d,0x500c7,0x1b,
0x17fd,0x1a3,0x31,0x500ab,0x25,0x17fe,0x17fd,0x1d,
0x300f7,0x17ff,0x0,0x400fa,0x17fe,0x1800,0x17ff,0x200f8,
0x1800,0x8004f,0x3b,0x1801,0x17fc,0x17fc,0x0,0x1,
0x2,0x500bc,0x151,0x1802,0x1801,0x3c,0x50085,0x3b,
0x1803,0x1801,0x15f,0x50081,0x3b,0x1804,0x1801,0x3e,
0x50085,0x3b,0x1805,0x1804,0x161,0x7000c,0x3b,0x1806,
0x1,0x1a,0x1805,0x40,0x600a9,0x3b,0x1807,0x1802,
0x1803,0x1806,0x9004f,0x39,0x1808,0x17fc,0x1807,0x4,
0x5,0x6,0x3,0x200f9,0x17ff,0x200f8,0x17ff,0x700f5,
0x39,0x1809,0x17fc,0x17e0,0x1808,0x1800,0x200f9,0x1229,
0x200f8,0x1229,0x1900f5,0x39,0x180a,0xe6,0x1267,0x129e,
0x1294,0xe6,0x13d8,0xe6,0x141f,0xe6,0x1434,0xe6,
0x1458,0x1480,0x1476,0xe6,0x15b3,0xe6,0x160f,0xe6,
0x17e1,0x1809,0x17ff,0x200f9,0x1226,0x200f8,0x1226,0x700f5,
0x39,0x180b,0x180a,0x1229,0x91,0x1228,0x500b4,0x25,
0x180c,0x1224,0x28,0x300f7,0x180d,0x0,0x400fa,0x180c,
0x180e,0x180d,0x200f8,0x180e,0x50051,0x27,0x180f,0x180b,
0x3,0x500b4,0x25,0x1810,0x180f,0x28,0x300f7,0x1811,
0x0,0x400fa,0x1810,0x1812,0x1811,0x200f8,0x1812,0x100fc,
0x200f8,0x1811,0x200f9,0xbce,0x200f8,0x180d,0x5008e,0x3b,
0x1813,0x1211,0x92,0x5008e,0x3b,0x1814,0x1211,0x66,
0x50081,0x3b,0x1815,0x1814,0x94,0x6000c,0x3b,0x1816,
0x1,0x8,0x1815,0x4006e,0x127,0x1817,0x1816,0x6000c,
0x3b,0x1818,0x1,0xa,0x1815,0x50085,0x3b,0x1819,
0x1818,0x1818,0x5008e,0x3b,0x181a,0x1818,0x6c,0x50083,
0x3b,0x181b,0xd1,0x181a,0x50085,0x3b,0x181c,0x1819,
0x181b,0x50051,0x1c,0x181d,0x1817,0x0,0x4007c,0x1b,
0x181e,0x181d,0x50084,0x1b,0x181f,0x181e,0x139,0x50051,
0x1c,0x1820,0x1817,0x1,0x4007c,0x1b,0x1821,0x1820,
0x50084,0x1b,0x1822,0x1821,0x13a,0x50080,0x1b,0x1823,
0x181f,0x1822,0x50051,0x1c,0x1824,0x1817,0x2,0x4007c,
0x1b,0x1825,0x1824,0x50084,0x1b,0x1826,0x1825,0x13b,
0x50080,0x1b,0x1827,0x1823,0x1826,0x500c2,0x1b,0x1828,
0x1827,0x37,0x500c6,0x1b,0x1829,0x1827,0x1828,0x50084,
0x1b,0x182a,0x1829,0x13c,0x500c2,0x1b,0x182b,0x182a,
0x4d,0x500c6,0x1b,0x182c,0x182a,0x182b,0x50084,0x1b,
0x182d,0x182c,0x13d,0x500c2,0x1b,0x182e,0x182d,0x37,
0x500c6,0x1b,0x182f,0x182d,0x182e,0x500c7,0x1b,0x1830,
0x182f,0x126,0x40070,0x27,0x1831,0x1830,0x50085,0x27,
0x1832,0x1831,0x167,0x50080,0x127,0x1833,0x1817,0x128,
0x50051,0x1c,0x1834,0x1833,0x0,0x4007c,0x1b,0x1835,
0x1834,0x50084,0x1b,0x1836,0x1835,0x139,0x50051,0x1c,
0x1837,0x1833,0x1,0x4007c,0x1b,0x1838,0x1837,0x50084,
0x1b,0x1839,0x1838,0x13a,0x50080,0x1b,0x183a,0x1836,
0x1839,0x50051,0x1c,0x183b,0x1833,0x2,0x4007c,0x1b,
0x183c,0x183b,0x50084,0x1b,0x183d,0x183c,0x13b,0x50080,
0x1b,0x183e,0x183a,0x183d,0x500c2,0x1b,0x183f,0x183e,
0x37,0x500c6,0x1b,0x1840,0x183e,0x183f,0x50084,0x1b,
0x1841,0x1840,0x13c,0x500c2,0x1b,0x1842,0x1841,0x4d,
0x500c6,0x1b,0x1843,0x1841,0x1842,0x50084,0x1b,0x1844,
0x1843,0x13d,0x500c2,0x1b,0x1845,0x1844,0x37,0x500c6,
0x1b,0x1846,0x1844,0x1845,0x500c7,0x1b,0x1847,0x1846,
0x126,0x40070,0x27,0x1848,0x1847,0x50085,0x27,0x1849,
0x1848,0x167,0x50080,0x127,0x184a,0x1817,0x129,0x50051,
0x1c,0x184b,0x184a,0x0,0x4007c,0x1b,0x184c,0x184b,
0x50084,0x1b,0x184d,0x184c,0x139,0x50051,0x1c,0x184e,
0x184a,0x1,0x4007c,0x1b,0x184f,0x184e,0x50084,0x1b,
0x1850,0x184f,0x13a,0x50080,0x1b,0x1851,0x184d,0x1850,
0x50051,0x1c,0x1852,0x184a,0x2,0x4007c,0x1b,0x1853,
0x1852,0x50084,0x1b,0x1854,0x1853,0x13b,0x50080,0x1b,
0x1855,0x1851,0x1854,0x500c2,0x1b,0x1856,0x1855,0x37,
0x500c6,0x1b,0x1857,0x1855,0x1856,0x50084,0x1b,0x1858,
0x1857,0x13c,0x500c2,0x1b,0x1859,0x1858,0x4d,0x500c6,
0x1b,0x185a,0x1858,0x1859,0x50084,0x1b,0x185b,0x185a,
0x13d,0x500c2,0x1b,0x185c,0x185b,0x37,0x500c6,0x1b,
0x185d,0x185b,0x185c,0x500c7,0x1b,0x185e,0x185d,0x126,
0x40070,0x27,0x185f,0x185e,0x50085,0x27,0x1860,0x185f,
0x167,0x50080,0x127,0x1861,0x1817,0x12a,0x50051,0x1c,
0x1862,0x1861,0x0,0x4007c,0x1b,0x1863,0x1862,0x50084,
0x1b,0x1864,0x1863,0x139,0x50051,0x1c,0x1865,0x1861,
0x1,0x4007c,0x1b,0x1866,0x1865,0x50084,0x1b,0x1867,
0x1866,0x13a,0x50080,0x1b,0x1868,0x1864,0x1867,0x50051,
0x1c,0x1869,0x1861,0x2,0x4007c,0x1b,0x186a,0x1869,
0x50084,0x1b,0x186b,0x186a,0x13b,0x50080,0x1b,0x186c,
0x1868,0x186b,0x500c2,0x1b,0x186d,0x186c,0x37,0x500c6,
0x1b,0x186e,0x186c,0x186d,0x50084,0x1b,0x186f,0x186e,
0x13c,0x500c2,0x1b,0x1870,0x186f,0x4d,0x500c6,0x1b,
0x1871,0x186f,0x1870,0x50084,0x1b,0x1872,0x1871,0x13d,
0x500c2,0x1b,0x1873,0x1872,0x37,0x500c6,0x1b,0x1874,
0x1872,0x1873,0x500c7,0x1b,0x1875,0x1874,0x126,0x40070,
0x27,0x1876,0x1875,0x50085,0x27,0x1877,0x1876,0x167,
0x50080,0x127,0x1878,0x1817,0x12b,0x50051,0x1c,0x1879,
0x1878,0x0,0x4007c,0x1b,0x187a,0x1879,0x50084,0x1b,
0x187b,0x187a,0x139,0x50051,0x1c,0x187c,0x1878,0x1,
0x4007c,0x1b,0x187d,0x187c,0x50084,0x1b,0x187e,0x187d,
0x13a,0x50080,0x1b,0x187f,0x187b,0x187e,0x50051,0x1c,
0x1880,0x1878,0x2,0x4007c,0x1b,0x1881,0x1880,0x50084,
0x1b,0x1882,0x1881,0x13b,0x50080,0x1b,0x1883,0x187f,
0x1882,0x500c2,0x1b,0x1884,0x1883,0x37,0x500c6,0x1b,
0x1885,0x1883,0x1884,0x50084,0x1b,0x1886,0x1885,0x13c,
0x500c2,0x1b,0x1887,0x1886,0x4d,0x500c6,0x1b,0x1888,
0x1886,0x1887,0x50084,0x1b,0x1889,0x1888,0x13d,0x500c2,
0x1b,0x188a,0x1889,0x37,0x500c6,0x1b,0x188b,0x1889,
0x188a,0x500c7,0x1b,0x188c,0x188b,0x126,0x40070,0x27,
0x188d,0x188c,0x50085,0x27,0x188e,0x188d,0x167,0x50080,
0x127,0x188f,0x1817,0x12c,0x50051,0x1c,0x1890,0x188f,
0x0,0x4007c,0x1b,0x1891,0x1890,0x50084,0x1b,0x1892,
0x1891,0x139,0x50051,0x1c,0x1893,0x188f,0x1,0x4007c,
0x1b,0x1894,0x1893,0x50084,0x1b,0x1895,0x1894,0x13a,
0x50080,0x1b,0x1896,0x1892,0x1895,0x50051,0x1c,0x1897,
0x188f,0x2,0x4007c,0x1b,0x1898,0x1897,0x50084,0x1b,
0x1899,0x1898,0x13b,0x50080,0x1b,0x189a,0x1896,0x1899,
0x500c2,0x1b,0x189b,0x189a,0x37,0x500c6,0x1b,0x189c,
0x189a,0x189b,0x50084,0x1b,0x189d,0x189c,0x13c,0x500c2,
0x1b,0x189e,0x189d,0x4d,0x500c6,0x1b,0x189f,0x189d,
0x189e,0x50084,0x1b,0x18a0,0x189f,0x13d,0x500c2,0x1b,
0x18a1,0x18a0,0x37,0x500c6,0x1b,0x18a2,0x18a0,0x18a1,
0x500c7,0x1b,0x18a3,0x18a2,0x126,0x40070,0x27,0x18a4,
0x18a3,0x50085,0x27,0x18a5,0x18a4,0x167,0x50080,0x127,
0x18a6,0x1817,0x12d,0x50051,0x1c,0x18a7,0x18a6,0x0,
0x4007c,0x1b,0x18a8,0x18a7,0x50084,0x1b,0x18a9,0x18a8,
0x139,0x50051,0x1c,0x18aa,0x18a6,0x1,0x4007c,0x1b,
0x18ab,0x18aa,0x50084,0x1b,0x18ac,0x18ab,0x13a,0x50080,
0x1b,0x18ad,0x18a9,0x18ac,0x50051,0x1c,0x18ae,0x18a6,
0x2,0x4007c,0x1b,0x18af,0x18ae,0x50084,0x1b,0x18b0,
0x18af,0x13b,0x50080,0x1b,0x18b1,0x18ad,0x18b0,0x500c2,
0x1b,0x18b2,0x18b1,0x37,0x500c6,0x1b,0x18b3,0x18b1,
0x18b2,0x50084,0x1b,0x18b4,0x18b3,0x13c,0x500c2,0x1b,
0x18b5,0x18b4,0x4d,0x500c6,0x1b,0x18b6,0x18b4,0x18b5,
0x50084,0x1b,0x18b7,0x18b6,0x13d,0x500c2,0x1b,0x18b8,
0x18b7,0x37,0x500c6,0x1b,0x18b9,0x18b7,0x18b8,0x500c7,
0x1b,0x18ba,0x18b9,0x126,0x40070,0x27,0x18bb,0x18ba,
0x50085,0x27,0x18bc,0x18bb,0x167,0x50080,0x127,0x18bd,
0x1817,0x12e,0x50051,0x1c,0x18be,0x18bd,0x0,0x4007c,
0x1b,0x18bf,0x18be,0x50084,0x1b,0x18c0,0x18bf,0x139,
0x50051,0x1c,0x18c1,0x18bd,0x1,0x4007c,0x1b,0x18c2,
0x18c1,0x50084,0x1b,0x18c3,0x18c2,0x13a,0x50080,0x1b,
0x18c4,0x18c0,0x18c3,0x50051,0x1c,0x18c5,0x18bd,0x2,
0x4007c,0x1b,0x18c6,0x18c5,0x50084,0x1b,0x18c7,0x18c6,
0x13b,0x50080,0x1b,0x18c8,0x18c4,0x18c7,0x500c2,0x1b,
0x18c9,0x18c8,0x37,0x500c6,0x1b,0x18ca,0x18c8,0x18c9,
0x50084,0x1b,0x18cb,0x18ca,0x13c,0x500c2,0x1b,0x18cc,
0x18cb,0x4d,0x500c6,0x1b,0x18cd,0x18cb,0x18cc,0x50084,
0x1b,0x18ce,0x18cd,0x13d,0x500c2,0x1b,0x18cf,0x18ce,
0x37,0x500c6,0x1b,0x18d0,0x18ce,0x18cf,0x500c7,0x1b,
0x18d1,0x18d0,0x126,0x40070,0x27,0x18d2,0x18d1,0x50085,
0x27,0x18d3,0x18d2,0x167,0x50051,0x27,0x18d4,0x181c,
0x0,0x8000c,0x27,0x18d5,0x1,0x2e,0x1832,0x1849,
0x18d4,0x8000c,0x27,0x18d6,0x1,0x2e,0x1860,0x1877,
0x18d4,0x50051,0x27,0x18d7,0x181c,0x1,0x8000c,0x27,
0x18d8,0x1,0x2e,0x18d5,0x18d6,0x18d7,0x8000c,0x27,
0x18d9,0x1,0x2e,0x188e,0x18a5,0x18d4,0x8000c,0x27,
0x18da,0x1,0x2e,0x18bc,0x18d3,0x18d4,0x8000c,0x27,
0x18db,0x1,0x2e,0x18d9,0x18da,0x18d7,0x50051,0x27,
0x18dc,0x181c,0x2,0x8000c,0x27,0x18dd,0x1,0x2e,
0x18d8,0x18db,0x18dc,0x50081,0x3b,0x18de,0x1814,0x96,
0x6000c,0x3b,0x18df,0x1,0x8,0x18de,0x4006e,0x127,
0x18e0,0x18df,0x6000c,0x3b,0x18e1,0x1,0xa,0x18de,
0x50085,0x3b,0x18e2,0x18e1,0x18e1,0x5008e,0x3b,0x18e3,
0x18e1,0x6c,0x50083,0x3b,0x18e4,0xd1,0x18e3,0x50085,
0x3b,0x18e5,0x18e2,0x18e4,0x50051,0x1c,0x18e6,0x18e0,
0x0,0x4007c,0x1b,0x18e7,0x18e6,0x50084,0x1b,0x18e8,
0x18e7,0x139,0x50051,0x1c,0x18e9,0x18e0,0x1,0x4007c,
0x1b,0x18ea,0x18e9,0x50084,0x1b,0x18eb,0x18ea,0x13a,
0x50080,0x1b,0x18ec,0x18e8,0x18eb,0x50051,0x1c,0x18ed,
0x18e0,0x2,0x4007c,0x1b,0x18ee,0x18ed,0x50084,0x1b,
0x18ef,0x18ee,0x13b,0x50080,0x1b,0x18f0,0x18ec,0x18ef,
0x500c2,0x1b,0x18f1,0x18f0,0x37,0x500c6,0x1b,0x18f2,
0x18f0,0x18f1,0x50084,0x1b,0x18f3,0x18f2,0x13c,0x500c2,
0x1b,0x18f4,0x18f3,0x4d,0x500c6,0x1b,0x18f5,0x18f3,
0x18f4,0x50084,0x1b,0x18f6,0x18f5,0x13d,0x500c2,0x1b,
0x18f7,0x18f6,0x37,0x500c6,0x1b,0x18f8,0x18f6,0x18f7,
0x500c7,0x1b,0x18f9,0x18f8,0x126,0x40070,0x27,0x18fa,
0x18f9,0x50085,0x27,0x18fb,0x18fa,0x167,0x50080,0x127,
0x18fc,0x18e0,0x128,0x50051,0x1c,0x18fd,0x18fc,0x0,
0x4007c,0x1b,0x18fe,0x18fd,0x50084,0x1b,0x18ff,0x18fe,
0x139,0x50051,0x1c,0x1900,0x18fc,0x1,0x4007c,0x1b,
0x1901,0x1900,0x50084,0x1b,0x1902,0x1901,0x13a,0x50080,
0x1b,0x1903,0x18ff,0x1902,0x50051,0x1c,0x1904,0x18fc,
0x2,0x4007c,0x1b,0x1905,0x1904,0x50084,0x1b,0x1906,
0x1905,0x13b,0x50080,0x1b,0x1907,0x1903,0x1906,0x500c2,
0x1b,0x1908,0x1907,0x37,0x500c6,0x1b,0x1909,0x1907,
0x1908,0x50084,0x1b,0x190a,0x1909,0x13c,0x500c2,0x1b,
0x190b,0x190a,0x4d,0x500c6,0x1b,0x190c,0x190a,0x190b,
0x50084,0x1b,0x190d,0x190c,0x13d,0x500c2,0x1b,0x190e,
0x190d,0x37,0x500c6,0x1b,0x190f,0x190d,0x190e,0x500c7,
0x1b,0x1910,0x190f,0x126,0x40070,0x27,0x1911,0x1910,
0x50085,0x27,0x1912,0x1911,0x167,0x50080,0x127,0x1913,
0x18e0,0x129,0x50051,0x1c,0x1914,0x1913,0x0,0x4007c,
0x1b,0x1915,0x1914,0x50084,0x1b,0x1916,0x1915,0x139,
0x50051,0x1c,0x1917,0x1913,0x1,0x4007c,0x1b,0x1918,
0x1917,0x50084,0x1b,0x1919,0x1918,0x13a,0x50080,0x1b,
0x191a,0x1916,0x1919,0x50051,0x1c,0x191b,0x1913,0x2,
0x4007c,0x1b,0x191c,0x191b,0x50084,0x1b,0x191d,0x191c,
0x13b,0x50080,0x1b,0x191e,0x191a,0x191d,0x500c2,0x1b,
0x191f,0x191e,0x37,0x500c6,0x1b,0x1920,0x191e,0x191f,
0x50084,0x1b,0x1921,0x1920,0x13c,0x500c2,0x1b,0x1922,
0x1921,0x4d,0x500c6,0x1b,0x1923,0x1921,0x1922,0x50084,
0x1b,0x1924,0x1923,0x13d,0x500c2,0x1b,0x1925,0x1924,
0x37,0x500c6,0x1b,0x1926,0x1924,0x1925,0x500c7,0x1b,
0x1927,0x1926,0x126,0x40070,0x27,0x1928,0x1927,0x50085,
0x27,0x1929,0x1928,0x167,0x50080,0x127,0x192a,0x18e0,
0x12a,0x50051,0x1c,0x192b,0x192a,0x0,0x4007c,0x1b,
0x192c,0x192b,0x50084,0x1b,0x192d,0x192c,0x139,0x50051,
0x1c,0x192e,0x192a,0x1,0x4007c,0x1b,0x192f,0x192e,
0x50084,0x1b,0x1930,0x192f,0x13a,0x50080,0x1b,0x1931,
0x192d,0x1930,0x50051,0x1c,0x1932,0x192a,0x2,0x4007c,
0x1b,0x1933,0x1932,0x50084,0x1b,0x1934,0x1933,0x13b,
0x50080,0x1b,0x1935,0x1931,0x1934,0x500c2,0x1b,0x1936,
0x1935,0x37,0x500c6,0x1b,0x1937,0x1935,0x1936,0x50084,
0x1b,0x1938,0x1937,0x13c,0x500c2,0x1b,0x1939,0x1938,
0x4d,0x500c6,0x1b,0x193a,0x1938,0x1939,0x50084,0x1b,
0x193b,0x193a,0x13d,0x500c2,0x1b,0x193c,0x193b,0x37,
0x500c6,0x1b,0x193d,0x193b,0x193c,0x500c7,0x1b,0x193e,
0x193d,0x126,0x40070,0x27,0x193f,0x193e,0x50085,0x27,
0x1940,0x193f,0x167,0x50080,0x127,0x1941,0x18e0,0x12b,
0x50051,0x1c,0x1942,0x1941,0x0,0x4007c,0x1b,0x1943,
0x1942,0x50084,0x1b,0x1944,0x1943,0x139,0x50051,0x1c,
0x1945,0x1941,0x1,0x4007c,0x1b,0x1946,0x1945,0x50084,
0x1b,0x1947,0x1946,0x13a,0x50080,0x1b,0x1948,0x1944,
0x1947,0x50051,0x1c,0x1949,0x1941,0x2,0x4007c,0x1b,
0x194a,0x1949,0x50084,0x1b,0x194b,0x194a,0x13b,0x50080,
0x1b,0x194c,0x1948,0x194b,0x500c2,0x1b,0x194d,0x194c,
0x37,0x500c6,0x1b,0x194e,0x194c,0x194d,0x50084,0x1b,
0x194f,0x194e,0x13c,0x500c2,0x1b,0x1950,0x194f,0x4d,
0x500c6,0x1b,0x1951,0x194f,0x1950,0x50084,0x1b,0x1952,
0x1951,0x13d,0x500c2,0x1b,0x1953,0x1952,0x37,0x500c6,
0x1b,0x1954,0x1952,0x1953,0x500c7,0x1b,0x1955,0x1954,
0x126,0x40070,0x27,0x1956,0x1955,0x50085,0x27,0x1957,
0x1956,0x167,0x50080,0x127,0x1958,0x18e0,0x12c,0x50051,
0x1c,0x1959,0x1958,0x0,0x4007c,0x1b,0x195a,0x1959,
0x50084,0x1b,0x195b,0x195a,0x139,0x50051,0x1c,0x195c,
0x1958,0x1,0x4007c,0x1b,0x195d,0x195c,0x50084,0x1b,
0x195e,0x195d,0x13a,0x50080,0x1b,0x195f,0x195b,0x195e,
0x50051,0x1c,0x1960,0x1958,0x2,0x4007c,0x1b,0x1961,
0x1960,0x50084,0x1b,0x1962,0x1961,0x13b,0x50080,0x1b,
0x1963,0x195f,0x1962,0x500c2,0x1b,0x1964,0x1963,0x37,
0x500c6,0x1b,0x1965,0x1963,0x1964,0x50084,0x1b,0x1966,
0x1965,0x13c,0x500c2,0x1b,0x1967,0x1966,0x4d,0x500c6,
0x1b,0x1968,0x1966,0x1967,0x50084,0x1b,0x1969,0x1968,
0x13d,0x500c2,0x1b,0x196a,0x1969,0x37,0x500c6,0x1b,
0x196b,0x1969,0x196a,0x500c7,0x1b,0x196c,0x196b,0x126,
0x40070,0x27,0x196d,0x196c,0x50085,0x27,0x196e,0x196d,
0x167,0x50080,0x127,0x196f,0x18e0,0x12d,0x50051,0x1c,
0x1970,0x196f,0x0,0x4007c,0x1b,0x1971,0x1970,0x50084,
0x1b,0x1972,0x1971,0x139,0x50051,0x1c,0x1973,0x196f,
0x1,0x4007c,0x1b,0x1974,0x1973,0x50084,0x1b,0x1975,
0x1974,0x13a,0x50080,0x1b,0x1976,0x1972,0x1975,0x50051,
0x1c,0x1977,0x196f,0x2,0x4007c,0x1b,0x1978,0x1977,
0x50084,0x1b,0x1979,0x1978,0x13b,0x50080,0x1b,0x197a,
0x1976,0x1979,0x500c2,0x1b,0x197b,0x197a,0x37,0x500c6,
0x1b,0x197c,0x197a,0x197b,0x50084,0x1b,0x197d,0x197c,
0x13c,0x500c2,0x1b,0x197e,0x197d,0x4d,0x500c6,0x1b,
0x197f,0x197d,0x197e,0x50084,0x1b,0x1980,0x197f,0x13d,
0x500c2,0x1b,0x1981,0x1980,0x37,0x500c6,0x1b,0x1982,
0x1980,0x1981,0x500c7,0x1b,0x1983,0x1982,0x126,0x40070,
0x27,0x1984,0x1983,0x50085,0x27,0x1985,0x1984,0x167,
0x50080,0x127,0x1986,0x18e0,0x12e,0x50051,0x1c,0x1987,
0x1986,0x0,0x4007c,0x1b,0x1988,0x1987,0x50084,0x1b,
0x1989,0x1988,0x139,0x50051,0x1c,0x198a,0x1986,0x1,
0x4007c,0x1b,0x198b,0x198a,0x50084,0x1b,0x198c,0x198b,
0x13a,0x50080,0x1b,0x198d,0x1989,0x198c,0x50051,0x1c,
0x198e,0x1986,0x2,0x4007c,0x1b,0x198f,0x198e,0x50084,
0x1b,0x1990,0x198f,0x13b,0x50080,0x1b,0x1991,0x198d,
0x1990,0x500c2,0x1b,0x1992,0x1991,0x37,0x500c6,0x1b,
0x1993,0x1991,0x1992,0x50084,0x1b,0x1994,0x1993,0x13c,
0x500c2,0x1b,0x1995,0x1994,0x4d,0x500c6,0x1b,0x1996,
0x1994,0x1995,0x50084,0x1b,0x1997,0x1996,0x13d,0x500c2,
0x1b,0x1998,0x1997,0x37,0x500c6,0x1b,0x1999,0x1997,
0x1998,0x500c7,0x1b,0x199a,0x1999,0x126,0x40070,0x27,
0x199b,0x199a,0x50085,0x27,0x199c,0x199b,0x167,0x50051,
0x27,0x199d,0x18e5,0x0,0x8000c,0x27,0x199e,0x1,
0x2e,0x18fb,0x1912,0x199d,0x8000c,0x27,0x199f,0x1,
0x2e,0x1929,0x1940,0x199d,0x50051,0x27,0x19a0,0x18e5,
0x1,0x8000c,0x27,0x19a1,0x1,0x2e,0x199e,0x199f,
0x19a0,0x8000c,0x27,0x19a2,0x1,0x2e,0x1957,0x196e,
0x199d,0x8000c,0x27,0x19a3,0x1,0x2e,0x1985,0x199c,
0x199d,0x8000c,0x27,0x19a4,0x1,0x2e,0x19a2,0x19a3,
0x19a0,0x50051,0x27,0x19a5,0x18e5,0x2,0x8000c,0x27,
0x19a6,0x1,0x2e,0x19a1,0x19a4,0x19a5,0x50081,0x3b,
0x19a7,0x1814,0x98,0x6000c,0x3b,0x19a8,0x1,0x8,
0x19a7,0x4006e,0x127,0x19a9,0x19a8,0x6000c,0x3b,0x19aa,
0x1,0xa,0x19a7,0x50085,0x3b,0x19ab,0x19aa,0x19aa,
0x5008e,0x3b,0x19ac,0x19aa,0x6c,0x50083,0x3b,0x19ad,
0xd1,0x19ac,0x50085,0x3b,0x19ae,0x19ab,0x19ad,0x50051,
0x1c,0x19af,0x19a9,0x0,0x4007c,0x1b,0x19b0,0x19af,
0x50084,0x1b,0x19b1,0x19b0,0x139,0x50051,0x1c,0x19b2,
0x19a9,0x1,0x4007c,0x1b,0x19b3,0x19b2,0x50084,0x1b,
0x19b4,0x19b3,0x13a,0x50080,0x1b,0x19b5,0x19b1,0x19b4,
0x50051,0x1c,0x19b6,0x19a9,0x2,0x4007c,0x1b,0x19b7,
0x19b6,0x50084,0x1b,0x19b8,0x19b7,0x13b,0x50080,0x1b,
0x19b9,0x19b5,0x19b8,0x500c2,0x1b,0x19ba,0x19b9,0x37,
0x500c6,0x1b,0x19bb,0x19b9,0x19ba,0x50084,0x1b,0x19bc,
0x19bb,0x13c,0x500c2,0x1b,0x19bd,0x19bc,0x4d,0x500c6,
0x1b,0x19be,0x19bc,0x19bd,0x50084,0x1b,0x19bf,0x19be,
0x13d,0x500c2,0x1b,0x19c0,0x19bf,0x37,0x500c6,0x1b,
0x19c1,0x19bf,0x19c0,0x500c7,0x1b,0x19c2,0x19c1,0x126,
0x40070,0x27,0x19c3,0x19c2,0x50085,0x27,0x19c4,0x19c3,
0x167,0x50080,0x127,0x19c5,0x19a9,0x128,0x50051,0x1c,
0x19c6,0x19c5,0x0,0x4007c,0x1b,0x19c7,0x19c6,0x50084,
0x1b,0x19c8,0x19c7,0x139,0x50051,0x1c,0x19c9,0x19c5,
0x1,0x4007c,0x1b,0x19ca,0x19c9,0x50084,0x1b,0x19cb,
0x19ca,0x13a,0x50080,0x1b,0x19cc,0x19c8,0x19cb,0x50051,
0x1c,0x19cd,0x19c5,0x2,0x4007c,0x1b,0x19ce,0x19cd,
0x50084,0x1b,0x19cf,0x19ce,0x13b,0x50080,0x1b,0x19d0,
0x19cc,0x19cf,0x500c2,0x1b,0x19d1,0x19d0,0x37,0x500c6,
0x1b,0x19d2,0x19d0,0x19d1,0x50084,0x1b,0x19d3,0x19d2,
0x13c,0x500c2,0x1b,0x19d4,0x19d3,0x4d,0x500c6,0x1b,
0x19d5,0x19d3,0x19d4,0x50084,0x1b,0x19d6,0x19d5,0x13d,
0x500c2,0x1b,0x19d7,0x19d6,0x37,0x500c6,0x1b,0x19d8,
0x19d6,0x19d7,0x500c7,0x1b,0x19d9,0x19d8,0x126,0x40070,
0x27,0x19da,0x19d9,0x50085,0x27,0x19db,0x19da,0x167,
0x50080,0x127,0x19dc,0x19a9,0x129,0x50051,0x1c,0x19dd,
0x19dc,0x0,0x4007c,0x1b,0x19de,0x19dd,0x50084,0x1b,
0x19df,0x19de,0x139,0x50051,0x1c,0x19e0,0x19dc,0x1,
0x4007c,0x1b,0x19e1,0x19e0,0x50084,0x1b,0x19e2,0x19e1,
0x13a,0x50080,0x1b,0x19e3,0x19df,0x19e2,0x50051,0x1c,
0x19e4,0x19dc,0x2,0x4007c,0x1b,0x19e5,0x19e4,0x50084,
0x1b,0x19e6,0x19e5,0x13b,0x50080,0x1b,0x19e7,0x19e3,
0x19e6,0x500c2,0x1b,0x19e8,0x19e7,0x37,0x500c6,0x1b,
0x19e9,0x19e7,0x19e8,0x50084,0x1b,0x19ea,0x19e9,0x13c,
0x500c2,0x1b,0x19eb,0x19ea,0x4d,0x500c6,0x1b,0x19ec,
0x19ea,0x19eb,0x50084,0x1b,0x19ed,0x19ec,0x13d,0x500c2,
0x1b,0x19ee,0x19ed,0x37,0x500c6,0x1b,0x19ef,0x19ed,
0x19ee,0x500c7,0x1b,0x19f0,0x19ef,0x126,0x40070,0x27,
0x19f1,0x19f0,0x50085,0x27,0x19f2,0x19f1,0x167,0x50080,
0x127,0x19f3,0x19a9,0x12a,0x50051,0x1c,0x19f4,0x19f3,
0x0,0x4007c,0x1b,0x19f5,0x19f4,0x50084,0x1b,0x19f6,
0x19f5,0x139,0x50051,0x1c,0x19f7,0x19f3,0x1,0x4007c,
0x1b,0x19f8,0x19f7,0x50084,0x1b,0x19f9,0x19f8,0x13a,
0x50080,0x1b,0x19fa,0x19f6,0x19f9,0x50051,0x1c,0x19fb,
0x19f3,0x2,0x4007c,0x1b,0x19fc,0x19fb,0x50084,0x1b,
0x19fd,0x19fc,0x13b,0x50080,0x1b,0x19fe,0x19fa,0x19fd,
0x500c2,0x1b,0x19ff,0x19fe,0x37,0x500c6,0x1b,0x1a00,
0x19fe,0x19ff,0x50084,0x1b,0x1a01,0x1a00,0x13c,0x500c2,
0x1b,0x1a02,0x1a01,0x4d,0x500c6,0x1b,0x1a03,0x1a01,
0x1a02,0x50084,0x1b,0x1a04,0x1a03,0x13d,0x500c2,0x1b,
0x1a05,0x1a04,0x37,0x500c6,0x1b,0x1a06,0x1a04,0x1a05,
0x500c7,0x1b,0x1a07,0x1a06,0x126,0x40070,0x27,0x1a08,
0x1a07,0x50085,0x27,0x1a09,0x1a08,0x167,0x50080,0x127,
0x1a0a,0x19a9,0x12b,0x50051,0x1c,0x1a0b,0x1a0a,0x0,
0x4007c,0x1b,0x1a0c,0x1a0b,0x50084,0x1b,0x1a0d,0x1a0c,
0x139,0x50051,0x1c,0x1a0e,0x1a0a,0x1,0x4007c,0x1b,
0x1a0f,0x1a0e,0x50084,0x1b,0x1a10,0x1a0f,0x13a,0x50080,
0x1b,0x1a11,0x1a0d,0x1a10,0x50051,0x1c,0x1a12,0x1a0a,
0x2,0x4007c,0x1b,0x1a13,0x1a12,0x50084,0x1b,0x1a14,
0x1a13,0x13b,0x50080,0x1b,0x1a15,0x1a11,0x1a14,0x500c2,
0x1b,0x1a16,0x1a15,0x37,0x500c6,0x1b,0x1a17,0x1a15,
0x1a16,0x50084,0x1b,0x1a18,0x1a17,0x13c,0x500c2,0x1b,
0x1a19,0x1a18,0x4d,0x500c6,0x1b,0x1a1a,0x1a18,0x1a19,
0x50084,0x1b,0x1a1b,0x1a1a,0x13d,0x500c2,0x1b,0x1a1c,
0x1a1b,0x37,0x500c6,0x1b,0x1a1d,0x1a1b,0x1a1c,0x500c7,
0x1b,0x1a1e,0x1a1d,0x126,0x40070,0x27,0x1a1f,0x1a1e,
0x50085,0x27,0x1a20,0x1a1f,0x167,0x50080,0x127,0x1a21,
0x19a9,0x12c,0x50051,0x1c,0x1a22,0x1a21,0x0,0x4007c,
0x1b,0x1a23,0x1a22,0x50084,0x1b,0x1a24,0x1a23,0x139,
0x50051,0x1c,0x1a25,0x1a21,0x1,0x4007c,0x1b,0x1a26,
0x1a25,0x50084,0x1b,0x1a27,0x1a26,0x13a,0x50080,0x1b,
0x1a28,0x1a24,0x1a27,0x50051,0x1c,0x1a29,0x1a21,0x2,
0x4007c,0x1b,0x1a2a,0x1a29,0x50084,0x1b,0x1a2b,0x1a2a,
0x13b,0x50080,0x1b,0x1a2c,0x1a28,0x1a2b,0x500c2,0x1b,
0x1a2d,0x1a2c,0x37,0x500c6,0x1b,0x1a2e,0x1a2c,0x1a2d,
0x50084,0x1b,0x1a2f,0x1a2e,0x13c,0x500c2,0x1b,0x1a30,
0x1a2f,0x4d,0x500c6,0x1b,0x1a31,0x1a2f,0x1a30,0x50084,
0x1b,0x1a32,0x1a31,0x13d,0x500c2,0x1b,0x1a33,0x1a32,
0x37,0x500c6,0x1b,0x1a34,0x1a32,0x1a33,0x500c7,0x1b,
0x1a35,0x1a34,0x126,0x40070,0x27,0x1a36,0x1a35,0x50085,
0x27,0x1a37,0x1a36,0x167,0x50080,0x127,0x1a38,0x19a9,
0x12d,0x50051,0x1c,0x1a39,0x1a38,0x0,0x4007c,0x1b,
0x1a3a,0x1a39,0x50084,0x1b,0x1a3b,0x1a3a,0x139,0x50051,
0x1c,0x1a3c,0x1a38,0x1,0x4007c,0x1b,0x1a3d,0x1a3c,
0x50084,0x1b,0x1a3e,0x1a3d,0x13a,0x50080,0x1b,0x1a3f,
0x1a3b,0x1a3e,0x50051,0x1c,0x1a40,0x1a38,0x2,0x4007c,
0x1b,0x1a41,0x1a40,0x50084,0x1b,0x1a42,0x1a41,0x13b,
0x50080,0x1b,0x1a43,0x1a3f,0x1a42,0x500c2,0x1b,0x1a44,
0x1a43,0x37,0x500c6,0x1b,0x1a45,0x1a43,0x1a44,0x50084,
0x1b,0x1a46,0x1a45,0x13c,0x500c2,0x1b,0x1a47,0x1a46,
0x4d,0x500c6,0x1b,0x1a48,0x1a46,0x1a47,0x50084,0x1b,
0x1a49,0x1a48,0x13d,0x500c2,0x1b,0x1a4a,0x1a49,0x37,
0x500c6,0x1b,0x1a4b,0x1a49,0x1a4a,0x500c7,0x1b,0x1a4c,
0x1a4b,0x126,0x40070,0x27,0x1a4d,0x1a4c,0x50085,0x27,
0x1a4e,0x1a4d,0x167,0x50080,0x127,0x1a4f,0x19a9,0x12e,
0x50051,0x1c,0x1a50,0x1a4f,0x0,0x4007c,0x1b,0x1a51,
0x1a50,0x50084,0x1b,0x1a52,0x1a51,0x139,0x50051,0x1c,
0x1a53,0x1a4f,0x1,0x4007c,0x1b,0x1a54,0x1a53,0x50084,
0x1b,0x1a55,0x1a54,0x13a,0x50080,0x1b,0x1a56,0x1a52,
0x1a55,0x50051,0x1c,0x1a57,0x1a4f,0x2,0x4007c,0x1b,
0x1a58,0x1a57,0x50084,0x1b,0x1a59,0x1a58,0x13b,0x50080,
0x1b,0x1a5a,0x1a56,0x1a59,0x500c2,0x1b,0x1a5b,0x1a5a,
0x37,0x500c6,0x1b,0x1a5c,0x1a5a,0x1a5b,0x50084,0x1b,
0x1a5d,0x1a5c,0x13c,0x500c2,0x1b,0x1a5e,0x1a5d,0x4d,
0x500c6,0x1b,0x1a5f,0x1a5d,0x1a5e,0x50084,0x1b,0x1a60,
0x1a5f,0x13d,0x500c2,0x1b,0x1a61,0x1a60,0x37,0x500c6,
0x1b,0x1a62,0x1a60,0x1a61,0x500c7,0x1b,0x1a63,0x1a62,
0x126,0x40070,0x27,0x1a64,0x1a63,0x50085,0x27,0x1a65,
0x1a64,0x167,0x50051,0x27,0x1a66,0x19ae,0x0,0x8000c,
0x27,0x1a67,0x1,0x2e,0x19c4,0x19db,0x1a66,0x8000c,
0x27,0x1a68,0x1,0x2e,0x19f2,0x1a09,0x1a66,0x50051,
0x27,0x1a69,0x19ae,0x1,0x8000c,0x27,0x1a6a,0x1,
0x2e,0x1a67,0x1a68,0x1a69,0x8000c,0x27,0x1a6b,0x1,
0x2e,0x1a20,0x1a37,0x1a66,0x8000c,0x27,0x1a6c,0x1,
0x2e,0x1a4e,0x1a65,0x1a66,0x8000c,0x27,0x1a6d,0x1,
0x2e,0x1a6b,0x1a6c,0x1a69,0x50051,0x27,0x1a6e,0x19ae,
0x2,0x8000c,0x27,0x1a6f,0x1,0x2e,0x1a6a,0x1a6d,
0x1a6e,0x60050,0x3b,0x1a70,0x18dd,0x19a6,0x1a6f,0x5008e,
0x3b,0x1a71,0x1a70,0x78,0x50081,0x3b,0x1a72,0x1813,
0x1a71,0x6000c,0x3b,0x1a73,0x1,0x8,0x1a72,0x4006e,
0x127,0x1a74,0x1a73,0x6000c,0x3b,0x1a75,0x1,0xa,
0x1a72,0x50085,0x3b,0x1a76,0x1a75,0x1a75,0x5008e,0x3b,
0x1a77,0x1a75,0x6c,0x50083,0x3b,0x1a78,0xd1,0x1a77,
0x50085,0x3b,0x1a79,0x1a76,0x1a78,0x50051,0x1c,0x1a7a,
0x1a74,0x0,0x4007c,0x1b,0x1a7b,0x1a7a,0x50084,0x1b,
0x1a7c,0x1a7b,0x139,0x50051,0x1c,0x1a7d,0x1a74,0x1,
0x4007c,0x1b,0x1a7e,0x1a7d,0x50084,0x1b,0x1a7f,0x1a7e,
0x13a,0x50080,0x1b,0x1a80,0x1a7c,0x1a7f,0x50051,0x1c,
0x1a81,0x1a74,0x2,0x4007c,0x1b,0x1a82,0x1a81,0x50084,
0x1b,0x1a83,0x1a82,0x13b,0x50080,0x1b,0x1a84,0x1a80,
0x1a83,0x500c2,0x1b,0x1a85,0x1a84,0x37,0x500c6,0x1b,
0x1a86,0x1a84,0x1a85,0x50084,0x1b,0x1a87,0x1a86,0x13c,
0x500c2,0x1b,0x1a88,0x1a87,0x4d,0x500c6,0x1b,0x1a89,
0x1a87,0x1a88,0x50084,0x1b,0x1a8a,0x1a89,0x13d,0x500c2,
0x1b,0x1a8b,0x1a8a,0x37,0x500c6,0x1b,0x1a8c,0x1a8a,
0x1a8b,0x500c7,0x1b,0x1a8d,0x1a8c,0x126,0x40070,0x27,
0x1a8e,0x1a8d,0x50085,0x27,0x1a8f,0x1a8e,0x167,0x50080,
0x127,0x1a90,0x1a74,0x128,0x50051,0x1c,0x1a91,0x1a90,
0x0,0x4007c,0x1b,0x1a92,0x1a91,0x50084,0x1b,0x1a93,
0x1a92,0x139,0x50051,0x1c,0x1a94,0x1a90,0x1,0x4007c,
0x1b,0x1a95,0x1a94,0x50084,0x1b,0x1a96,0x1a95,0x13a,
0x50080,0x1b,0x1a97,0x1a93,0x1a96,0x50051,0x1c,0x1a98,
0x1a90,0x2,0x4007c,0x1b,0x1a99,0x1a98,0x50084,0x1b,
0x1a9a,0x1a99,0x13b,0x50080,0x1b,0x1a9b,0x1a97,0x1a9a,
0x500c2,0x1b,0x1a9c,0x1a9b,0x37,0x500c6,0x1b,0x1a9d,
0x1a9b,0x1a9c,0x50084,0x1b,0x1a9e,0x1a9d,0x13c,0x500c2,
0x1b,0x1a9f,0x1a9e,0x4d,0x500c6,0x1b,0x1aa0,0x1a9e,
0x1a9f,0x50084,0x1b,0x1aa1,0x1aa0,0x13d,0x500c2,0x1b,
0x1aa2,0x1aa1,0x37,0x500c6,0x1b,0x1aa3,0x1aa1,0x1aa2,
0x500c7,0x1b,0x1aa4,0x1aa3,0x126,0x40070,0x27,0x1aa5,
0x1aa4,0x50085,0x27,0x1aa6,0x1aa5,0x167,0x50080,0x127,
0x1aa7,0x1a74,0x129,0x50051,0x1c,0x1aa8,0x1aa7,0x0,
0x4007c,0x1b,0x1aa9,0x1aa8,0x50084,0x1b,0x1aaa,0x1aa9,
0x139,0x50051,0x1c,0x1aab,0x1aa7,0x1,0x4007c,0x1b,
0x1aac,0x1aab,0x50084,0x1b,0x1aad,0x1aac,0x13a,0x50080,
0x1b,0x1aae,0x1aaa,0x1aad,0x50051,0x1c,0x1aaf,0x1aa7,
0x2,0x4007c,0x1b,0x1ab0,0x1aaf,0x50084,0x1b,0x1ab1,
0x1ab0,0x13b,0x50080,0x1b,0x1ab2,0x1aae,0x1ab1,0x500c2,
0x1b,0x1ab3,0x1ab2,0x37,0x500c6,0x1b,0x1ab4,0x1ab2,
0x1ab3,0x50084,0x1b,0x1ab5,0x1ab4,0x13c,0x500c2,0x1b,
0x1ab6,0x1ab5,0x4d,0x500c6,0x1b,0x1ab7,0x1ab5,0x1ab6,
0x50084,0x1b,0x1ab8,0x1ab7,0x13d,0x500c2,0x1b,0x1ab9,
0x1ab8,0x37,0x500c6,0x1b,0x1aba,0x1ab8,0x1ab9,0x500c7,
0x1b,0x1abb,0x1aba,0x126,0x40070,0x27,0x1abc,0x1abb,
0x50085,0x27,0x1abd,0x1abc,0x167,0x50080,0x127,0x1abe,
0x1a74,0x12a,0x50051,0x1c,0x1abf,0x1abe,0x0,0x4007c,
0x1b,0x1ac0,0x1abf,0x50084,0x1b,0x1ac1,0x1ac0,0x139,
0x50051,0x1c,0x1ac2,0x1abe,0x1,0x4007c,0x1b,0x1ac3,
0x1ac2,0x50084,0x1b,0x1ac4,0x1ac3,0x13a,0x50080,0x1b,
0x1ac5,0x1ac1,0x1ac4,0x50051,0x1c,0x1ac6,0x1abe,0x2,
0x4007c,0x1b,0x1ac7,0x1ac6,0x50084,0x1b,0x1ac8,0x1ac7,
0x13b,0x50080,0x1b,0x1ac9,0x1ac5,0x1ac8,0x500c2,0x1b,
0x1aca,0x1ac9,0x37,0x500c6,0x1b,0x1acb,0x1ac9,0x1aca,
0x50084,0x1b,0x1acc,0x1acb,0x13c,0x500c2,0x1b,0x1acd,
0x1acc,0x4d,0x500c6,0x1b,0x1ace,0x1acc,0x1acd,0x50084,
0x1b,0x1acf,0x1ace,0x13d,0x500c2,0x1b,0x1ad0,0x1acf,
0x37,0x500c6,0x1b,0x1ad1,0x1acf,0x1ad0,0x500c7,0x1b,
0x1ad2,0x1ad1,0x126,0x40070,0x27,0x1ad3,0x1ad2,0x50085,
0x27,0x1ad4,0x1ad3,0x167,0x50080,0x127,0x1ad5,0x1a74,
0x12b,0x50051,0x1c,0x1ad6,0x1ad5,0x0,0x4007c,0x1b,
0x1ad7,0x1ad6,0x50084,0x1b,0x1ad8,0x1ad7,0x139,0x50051,
0x1c,0x1ad9,0x1ad5,0x1,0x4007c,0x1b,0x1ada,0x1ad9,
0x50084,0x1b,0x1adb,0x1ada,0x13a,0x50080,0x1b,0x1adc,
0x1ad8,0x1adb,0x50051,0x1c,0x1add,0x1ad5,0x2,0x4007c,
0x1b,0x1ade,0x1add,0x50084,0x1b,0x1adf,0x1ade,0x13b,
0x50080,0x1b,0x1ae0,0x1adc,0x1adf,0x500c2,0x1b,0x1ae1,
0x1ae0,0x37,0x500c6,0x1b,0x1ae2,0x1ae0,0x1ae1,0x50084,
0x1b,0x1ae3,0x1ae2,0x13c,0x500c2,0x1b,0x1ae4,0x1ae3,
0x4d,0x500c6,0x1b,0x1ae5,0x1ae3,0x1ae4,0x50084,0x1b,
0x1ae6,0x1ae5,0x13d,0x500c2,0x1b,0x1ae7,0x1ae6,0x37,
0x500c6,0x1b,0x1ae8,0x1ae6,0x1ae7,0x500c7,0x1b,0x1ae9,
0x1ae8,0x126,0x40070,0x27,0x1aea,0x1ae9,0x50085,0x27,
0x1aeb,0x1aea,0x167,0x50080,0x127,0x1aec,0x1a74,0x12c,
0x50051,0x1c,0x1aed,0x1aec,0x0,0x4007c,0x1b,0x1aee,
0x1aed,0x50084,0x1b,0x1aef,0x1aee,0x139,0x50051,0x1c,
0x1af0,0x1aec,0x1,0x4007c,0x1b,0x1af1,0x1af0,0x50084,
0x1b,0x1af2,0x1af1,0x13a,0x50080,0x1b,0x1af3,0x1aef,
0x1af2,0x50051,0x1c,0x1af4,0x1aec,0x2,0x4007c,0x1b,
0x1af5,0x1af4,0x50084,0x1b,0x1af6,0x1af5,0x13b,0x50080,
0x1b,0x1af7,0x1af3,0x1af6,0x500c2,0x1b,0x1af8,0x1af7,
0x37,0x500c6,0x1b,0x1af9,0x1af7,0x1af8,0x50084,0x1b,
0x1afa,0x1af9,0x13c,0x500c2,0x1b,0x1afb,0x1afa,0x4d,
0x500c6,0x1b,0x1afc,0x1afa,0x1afb,0x50084,0x1b,0x1afd,
0x1afc,0x13d,0x500c2,0x1b,0x1afe,0x1afd,0x37,0x500c6,
0x1b,0x1aff,0x1afd,0x1afe,0x500c7,0x1b,0x1b00,0x1aff,
0x126,0x40070,0x27,0x1b01,0x1b00,0x50085,0x27,0x1b02,
0x1b01,0x167,0x50080,0x127,0x1b03,0x1a74,0x12d,0x50051,
0x1c,0x1b04,0x1b03,0x0,0x4007c,0x1b,0x1b05,0x1b04,
0x50084,0x1b,0x1b06,0x1b05,0x139,0x50051,0x1c,0x1b07,
0x1b03,0x1,0x4007c,0x1b,0x1b08,0x1b07,0x50084,0x1b,
0x1b09,0x1b08,0x13a,0x50080,0x1b,0x1b0a,0x1b06,0x1b09,
0x50051,0x1c,0x1b0b,0x1b03,0x2,0x4007c,0x1b,0x1b0c,
0x1b0b,0x50084,0x1b,0x1b0d,0x1b0c,0x13b,0x50080,0x1b,
0x1b0e,0x1b0a,0x1b0d,0x500c2,0x1b,0x1b0f,0x1b0e,0x37,
0x500c6,0x1b,0x1b10,0x1b0e,0x1b0f,0x50084,0x1b,0x1b11,
0x1b10,0x13c,0x500c2,0x1b,0x1b12,0x1b11,0x4d,0x500c6,
0x1b,0x1b13,0x1b11,0x1b12,0x50084,0x1b,0x1b14,0x1b13,
0x13d,0x500c2,0x1b,0x1b15,0x1b14,0x37,0x500c6,0x1b,
0x1b16,0x1b14,0x1b15,0x500c7,0x1b,0x1b17,0x1b16,0x126,
0x40070,0x27,0x1b18,0x1b17,0x50085,0x27,0x1b19,0x1b18,
0x167,0x50080,0x127,0x1b1a,0x1a74,0x12e,0x50051,0x1c,
0x1b1b,0x1b1a,0x0,0x4007c,0x1b,0x1b1c,0x1b1b,0x50084,
0x1b,0x1b1d,0x1b1c,0x139,0x50051,0x1c,0x1b1e,0x1b1a,
0x1,0x4007c,0x1b,0x1b1f,0x1b1e,0x50084,0x1b,0x1b20,
0x1b1f,0x13a,0x50080,0x1b,0x1b21,0x1b1d,0x1b20,0x50051,
0x1c,0x1b22,0x1b1a,0x2,0x4007c,0x1b,0x1b23,0x1b22,
0x50084,0x1b,0x1b24,0x1b23,0x13b,0x50080,0x1b,0x1b25,
0x1b21,0x1b24,0x500c2,0x1b,0x1b26,0x1b25,0x37,0x500c6,
0x1b,0x1b27,0x1b25,0x1b26,0x50084,0x1b,0x1b28,0x1b27,
0x13c,0x500c2,0x1b,0x1b29,0x1b28,0x4d,0x500c6,0x1b,
0x1b2a,0x1b28,0x1b29,0x50084,0x1b,0x1b2b,0x1b2a,0x13d,
0x500c2,0x1b,0x1b2c,0x1b2b,0x37,0x500c6,0x1b,0x1b2d,
0x1b2b,0x1b2c,0x500c7,0x1b,0x1b2e,0x1b2d,0x126,0x40070,
0x27,0x1b2f,0x1b2e,0x50085,0x27,0x1b30,0x1b2f,0x167,
0x50051,0x27,0x1b31,0x1a79,0x0,0x8000c,0x27,0x1b32,
0x1,0x2e,0x1a8f,0x1aa6,0x1b31,0x8000c,0x27,0x1b33,
0x1,0x2e,0x1abd,0x1ad4,0x1b31,0x50051,0x27,0x1b34,
0x1a79,0x1,0x8000c,0x27,0x1b35,0x1,0x2e,0x1b32,
0x1b33,0x1b34,0x8000c,0x27,0x1b36,0x1,0x2e,0x1aeb,
0x1b02,0x1b31,0x8000c,0x27,0x1b37,0x1,0x2e,0x1b19,
0x1b30,0x1b31,0x8000c,0x27,0x1b38,0x1,0x2e,0x1b36,
0x1b37,0x1b34,0x50051,0x27,0x1b39,0x1a79,0x2,0x8000c,
0x27,0x1b3a,0x1,0x2e,0x1b35,0x1b38,0x1b39,0x50085,
0x27,0x1b3b,0x1b3a,0x69,0x5008e,0x3b,0x1b3c,0x1a72,
0x99,0x50081,0x3b,0x1b3d,0x1b3c,0x9b,0x6000c,0x3b,
0x1b3e,0x1,0x8,0x1b3d,0x4006e,0x127,0x1b3f,0x1b3e,
0x6000c,0x3b,0x1b40,0x1,0xa,0x1b3d,0x50085,0x3b,
0x1b41,0x1b40,0x1b40,0x5008e,0x3b,0x1b42,0x1b40,0x6c,
0x50083,0x3b,0x1b43,0xd1,0x1b42,0x50085,0x3b,0x1b44,
0x1b41,0x1b43,0x50051,0x1c,0x1b45,0x1b3f,0x0,0x4007c,
0x1b,0x1b46,0x1b45,0x50084,0x1b,0x1b47,0x1b46,0x139,
0x50051,0x1c,0x1b48,0x1b3f,0x1,0x4007c,0x1b,0x1b49,
0x1b48,0x50084,0x1b,0x1b4a,0x1b49,0x13a,0x50080,0x1b,
0x1b4b,0x1b47,0x1b4a,0x50051,0x1c,0x1b4c,0x1b3f,0x2,
0x4007c,0x1b,0x1b4d,0x1b4c,0x50084,0x1b,0x1b4e,0x1b4d,
0x13b,0x50080,0x1b,0x1b4f,0x1b4b,0x1b4e,0x500c2,0x1b,
0x1b50,0x1b4f,0x37,0x500c6,0x1b,0x1b51,0x1b4f,0x1b50,
0x50084,0x1b,0x1b52,0x1b51,0x13c,0x500c2,0x1b,0x1b53,
0x1b52,0x4d,0x500c6,0x1b,0x1b54,0x1b52,0x1b53,0x50084,
0x1b,0x1b55,0x1b54,0x13d,0x500c2,0x1b,0x1b56,0x1b55,
0x37,0x500c6,0x1b,0x1b57,0x1b55,0x1b56,0x500c7,0x1b,
0x1b58,0x1b57,0x126,0x40070,0x27,0x1b59,0x1b58,0x50085,
0x27,0x1b5a,0x1b59,0x167,0x50080,0x127,0x1b5b,0x1b3f,
0x128,0x50051,0x1c,0x1b5c,0x1b5b,0x0,0x4007c,0x1b,
0x1b5d,0x1b5c,0x50084,0x1b,0x1b5e,0x1b5d,0x139,0x50051,
0x1c,0x1b5f,0x1b5b,0x1,0x4007c,0x1b,0x1b60,0x1b5f,
0x50084,0x1b,0x1b61,0x1b60,0x13a,0x50080,0x1b,0x1b62,
0x1b5e,0x1b61,0x50051,0x1c,0x1b63,0x1b5b,0x2,0x4007c,
0x1b,0x1b64,0x1b63,0x50084,0x1b,0x1b65,0x1b64,0x13b,
0x50080,0x1b,0x1b66,0x1b62,0x1b65,0x500c2,0x1b,0x1b67,
0x1b66,0x37,0x500c6,0x1b,0x1b68,0x1b66,0x1b67,0x50084,
0x1b,0x1b69,0x1b68,0x13c,0x500c2,0x1b,0x1b6a,0x1b69,
0x4d,0x500c6,0x1b,0x1b6b,0x1b69,0x1b6a,0x50084,0x1b,
0x1b6c,0x1b6b,0x13d,0x500c2,0x1b,0x1b6d,0x1b6c,0x37,
0x500c6,0x1b,0x1b6e,0x1b6c,0x1b6d,0x500c7,0x1b,0x1b6f,
0x1b6e,0x126,0x40070,0x27,0x1b70,0x1b6f,0x50085,0x27,
0x1b71,0x1b70,0x167,0x50080,0x127,0x1b72,0x1b3f,0x129,
0x50051,0x1c,0x1b73,0x1b72,0x0,0x4007c,0x1b,0x1b74,
0x1b73,0x50084,0x1b,0x1b75,0x1b74,0x139,0x50051,0x1c,
0x1b76,0x1b72,0x1,0x4007c,0x1b,0x1b77,0x1b76,0x50084,
0x1b,0x1b78,0x1b77,0x13a,0x50080,0x1b,0x1b79,0x1b75,
0x1b78,0x50051,0x1c,0x1b7a,0x1b72,0x2,0x4007c,0x1b,
0x1b7b,0x1b7a,0x50084,0x1b,0x1b7c,0x1b7b,0x13b,0x50080,
0x1b,0x1b7d,0x1b79,0x1b7c,0x500c2,0x1b,0x1b7e,0x1b7d,
0x37,0x500c6,0x1b,0x1b7f,0x1b7d,0x1b7e,0x50084,0x1b,
0x1b80,0x1b7f,0x13c,0x500c2,0x1b,0x1b81,0x1b80,0x4d,
0x500c6,0x1b,0x1b82,0x1b80,0x1b81,0x50084,0x1b,0x1b83,
0x1b82,0x13d,0x500c2,0x1b,0x1b84,0x1b83,0x37,0x500c6,
0x1b,0x1b85,0x1b83,0x1b84,0x500c7,0x1b,0x1b86,0x1b85,
0x126,0x40070,0x27,0x1b87,0x1b86,0x50085,0x27,0x1b88,
0x1b87,0x167,0x50080,0x127,0x1b89,0x1b3f,0x12a,0x50051,
0x1c,0x1b8a,0x1b89,0x0,0x4007c,0x1b,0x1b8b,0x1b8a,
0x50084,0x1b,0x1b8c,0x1b8b,0x139,0x50051,0x1c,0x1b8d,
0x1b89,0x1,0x4007c,0x1b,0x1b8e,0x1b8d,0x50084,0x1b,
0x1b8f,0x1b8e,0x13a,0x50080,0x1b,0x1b90,0x1b8c,0x1b8f,
0x50051,0x1c,0x1b91,0x1b89,0x2,0x4007c,0x1b,0x1b92,
0x1b91,0x50084,0x1b,0x1b93,0x1b92,0x13b,0x50080,0x1b,
0x1b94,0x1b90,0x1b93,0x500c2,0x1b,0x1b95,0x1b94,0x37,
0x500c6,0x1b,0x1b96,0x1b94,0x1b95,0x50084,0x1b,0x1b97,
0x1b96,0x13c,0x500c2,0x1b,0x1b98,0x1b97,0x4d,0x500c6,
0x1b,0x1b99,0x1b97,0x1b98,0x50084,0x1b,0x1b9a,0x1b99,
0x13d,0x500c2,0x1b,0x1b9b,0x1b9a,0x37,0x500c6,0x1b,
0x1b9c,0x1b9a,0x1b9b,0x500c7,0x1b,0x1b9d,0x1b9c,0x126,
0x40070,0x27,0x1b9e,0x1b9d,0x50085,0x27,0x1b9f,0x1b9e,
0x167,0x50080,0x127,0x1ba0,0x1b3f,0x12b,0x50051,0x1c,
0x1ba1,0x1ba0,0x0,0x4007c,0x1b,0x1ba2,0x1ba1,0x50084,
0x1b,0x1ba3,0x1ba2,0x139,0x50051,0x1c,0x1ba4,0x1ba0,
0x1,0x4007c,0x1b,0x1ba5,0x1ba4,0x50084,0x1b,0x1ba6,
0x1ba5,0x13a,0x50080,0x1b,0x1ba7,0x1ba3,0x1ba6,0x50051,
0x1c,0x1ba8,0x1ba0,0x2,0x4007c,0x1b,0x1ba9,0x1ba8,
0x50084,0x1b,0x1baa,0x1ba9,0x13b,0x50080,0x1b,0x1bab,
0x1ba7,0x1baa,0x500c2,0x1b,0x1bac,0x1bab,0x37,0x500c6,
0x1b,0x1bad,0x1bab,0x1bac,0x50084,0x1b,0x1bae,0x1bad,
0x13c,0x500c2,0x1b,0x1baf,0x1bae,0x4d,0x500c6,0x1b,
0x1bb0,0x1bae,0x1baf,0x50084,0x1b,0x1bb1,0x1bb0,0x13d,
0x500c2,0x1b,0x1bb2,0x1bb1,0x37,0x500c6,0x1b,0x1bb3,
0x1bb1,0x1bb2,0x500c7,0x1b,0x1bb4,0x1bb3,0x126,0x40070,
0x27,0x1bb5,0x1bb4,0x50085,0x27,0x1bb6,0x1bb5,0x167,
0x50080,0x127,0x1bb7,0x1b3f,0x12c,0x50051,0x1c,0x1bb8,
0x1bb7,0x0,0x4007c,0x1b,0x1bb9,0x1bb8,0x50084,0x1b,
0x1bba,0x1bb9,0x139,0x50051,0x1c,0x1bbb,0x1bb7,0x1,
0x4007c,0x1b,0x1bbc,0x1bbb,0x50084,0x1b,0x1bbd,0x1bbc,
0x13a,0x50080,0x1b,0x1bbe,0x1bba,0x1bbd,0x50051,0x1c,
0x1bbf,0x1bb7,0x2,0x4007c,0x1b,0x1bc0,0x1bbf,0x50084,
0x1b,0x1bc1,0x1bc0,0x13b,0x50080,0x1b,0x1bc2,0x1bbe,
0x1bc1,0x500c2,0x1b,0x1bc3,0x1bc2,0x37,0x500c6,0x1b,
0x1bc4,0x1bc2,0x1bc3,0x50084,0x1b,0x1bc5,0x1bc4,0x13c,
0x500c2,0x1b,0x1bc6,0x1bc5,0x4d,0x500c6,0x1b,0x1bc7,
0x1bc5,0x1bc6,0x50084,0x1b,0x1bc8,0x1bc7,0x13d,0x500c2,
0x1b,0x1bc9,0x1bc8,0x37,0x500c6,0x1b,0x1bca,0x1bc8,
0x1bc9,0x500c7,0x1b,0x1bcb,0x1bca,0x126,0x40070,0x27,
0x1bcc,0x1bcb,0x50085,0x27,0x1bcd,0x1bcc,0x167,0x50080,
0x127,0x1bce,0x1b3f,0x12d,0x50051,0x1c,0x1bcf,0x1bce,
0x0,0x4007c,0x1b,0x1bd0,0x1bcf,0x50084,0x1b,0x1bd1,
0x1bd0,0x139,0x50051,0x1c,0x1bd2,0x1bce,0x1,0x4007c,
0x1b,0x1bd3,0x1bd2,0x50084,0x1b,0x1bd4,0x1bd3,0x13a,
0x50080,0x1b,0x1bd5,0x1bd1,0x1bd4,0x50051,0x1c,0x1bd6,
0x1bce,0x2,0x4007c,0x1b,0x1bd7,0x1bd6,0x50084,0x1b,
0x1bd8,0x1bd7,0x13b,0x50080,0x1b,0x1bd9,0x1bd5,0x1bd8,
0x500c2,0x1b,0x1bda,0x1bd9,0x37,0x500c6,0x1b,0x1bdb,
0x1bd9,0x1bda,0x50084,0x1b,0x1bdc,0x1bdb,0x13c,0x500c2,
0x1b,0x1bdd,0x1bdc,0x4d,0x500c6,0x1b,0x1bde,0x1bdc,
0x1bdd,0x50084,0x1b,0x1bdf,0x1bde,0x13d,0x500c2,0x1b,
0x1be0,0x1bdf,0x37,0x500c6,0x1b,0x1be1,0x1bdf,0x1be0,
0x500c7,0x1b,0x1be2,0x1be1,0x126,0x40070,0x27,0x1be3,
0x1be2,0x50085,0x27,0x1be4,0x1be3,0x167,0x50080,0x127,
0x1be5,0x1b3f,0x12e,0x50051,0x1c,0x1be6,0x1be5,0x0,
0x4007c,0x1b,0x1be7,0x1be6,0x50084,0x1b,0x1be8,0x1be7,
0x139,0x50051,0x1c,0x1be9,0x1be5,0x1,0x4007c,0x1b,
0x1bea,0x1be9,0x50084,0x1b,0x1beb,0x1bea,0x13a,0x50080,
0x1b,0x1bec,0x1be8,0x1beb,0x50051,0x1c,0x1bed,0x1be5,
0x2,0x4007c,0x1b,0x1bee,0x1bed,0x50084,0x1b,0x1bef,
0x1bee,0x13b,0x50080,0x1b,0x1bf0,0x1bec,0x1bef,0x500c2,
0x1b,0x1bf1,0x1bf0,0x37,0x500c6,0x1b,0x1bf2,0x1bf0,
0x1bf1,0x50084,0x1b,0x1bf3,0x1bf2,0x13c,0x500c2,0x1b,
0x1bf4,0x1bf3,0x4d,0x500c6,0x1b,0x1bf5,0x1bf3,0x1bf4,
0x50084,0x1b,0x1bf6,0x1bf5,0x13d,0x500c2,0x1b,0x1bf7,
0x1bf6,0x37,0x500c6,0x1b,0x1bf8,0x1bf6,0x1bf7,0x500c7,
0x1b,0x1bf9,0x1bf8,0x126,0x40070,0x27,0x1bfa,0x1bf9,
0x50085,0x27,0x1bfb,0x1bfa,0x167,0x50051,0x27,0x1bfc,
0x1b44,0x0,0x8000c,0x27,0x1bfd,0x1,0x2e,0x1b5a,
0x1b71,0x1bfc,0x8000c,0x27,0x1bfe,0x1,0x2e,0x1b88,
0x1b9f,0x1bfc,0x50051,0x27,0x1bff,0x1b44,0x1,0x8000c,
0x27,0x1c00,0x1,0x2e,0x1bfd,0x1bfe,0x1bff,0x8000c,
0x27,0x1c01,0x1,0x2e,0x1bb6,0x1bcd,0x1bfc,0x8000c,
0x27,0x1c02,0x1,0x2e,0x1be4,0x1bfb,0x1bfc,0x8000c,
0x27,0x1c03,0x1,0x2e,0x1c01,0x1c02,0x1bff,0x50051,
0x27,0x1c04,0x1b44,0x2,0x8000c,0x27,0x1c05,0x1,
0x2e,0x1c00,0x1c03,0x1c04,0x50085,0x27,0x1c06,0x1c05,
0x9c,0x50081,0x27,0x1c07,0x1b3b,0x1c06,0x5008e,0x3b,
0x1c08,0x1a72,0x9d,0x50083,0x3b,0x1c09,0x1c08,0x9f,
0x6000c,0x3b,0x1c0a,0x1,0x8,0x1c09,0x4006e,0x127,
0x1c0b,0x1c0a,0x6000c,0x3b,0x1c0c,0x1,0xa,0x1c09,
0x50085,0x3b,0x1c0d,0x1c0c,0x1c0c,0x5008e,0x3b,0x1c0e,
0x1c0c,0x6c,0x50083,0x3b,0x1c0f,0xd1,0x1c0e,0x50085,
0x3b,0x1c10,0x1c0d,0x1c0f,0x50051,0x1c,0x1c11,0x1c0b,
0x0,0x4007c,0x1b,0x1c12,0x1c11,0x50084,0x1b,0x1c13,
0x1c12,0x139,0x50051,0x1c,0x1c14,0x1c0b,0x1,0x4007c,
0x1b,0x1c15,0x1c14,0x50084,0x1b,0x1c16,0x1c15,0x13a,
0x50080,0x1b,0x1c17,0x1c13,0x1c16,0x50051,0x1c,0x1c18,
0x1c0b,0x2,0x4007c,0x1b,0x1c19,0x1c18,0x50084,0x1b,
0x1c1a,0x1c19,0x13b,0x50080,0x1b,0x1c1b,0x1c17,0x1c1a,
0x500c2,0x1b,0x1c1c,0x1c1b,0x37,0x500c6,0x1b,0x1c1d,
0x1c1b,0x1c1c,0x50084,0x1b,0x1c1e,0x1c1d,0x13c,0x500c2,
0x1b,0x1c1f,0x1c1e,0x4d,0x500c6,0x1b,0x1c20,0x1c1e,
0x1c1f,0x50084,0x1b,0x1c21,0x1c20,0x13d,0x500c2,0x1b,
0x1c22,0x1c21,0x37,0x500c6,0x1b,0x1c23,0x1c21,0x1c22,
0x500c7,0x1b,0x1c24,0x1c23,0x126,0x40070,0x27,0x1c25,
0x1c24,0x50085,0x27,0x1c26,0x1c25,0x167,0x50080,0x127,
0x1c27,0x1c0b,0x128,0x50051,0x1c,0x1c28,0x1c27,0x0,
0x4007c,0x1b,0x1c29,0x1c28,0x50084,0x1b,0x1c2a,0x1c29,
0x139,0x50051,0x1c,0x1c2b,0x1c27,0x1,0x4007c,0x1b,
0x1c2c,0x1c2b,0x50084,0x1b,0x1c2d,0x1c2c,0x13a,0x50080,
0x1b,0x1c2e,0x1c2a,0x1c2d,0x50051,0x1c,0x1c2f,0x1c27,
0x2,0x4007c,0x1b,0x1c30,0x1c2f,0x50084,0x1b,0x1c31,
0x1c30,0x13b,0x50080,0x1b,0x1c32,0x1c2e,0x1c31,0x500c2,
0x1b,0x1c33,0x1c32,0x37,0x500c6,0x1b,0x1c34,0x1c32,
0x1c33,0x50084,0x1b,0x1c35,0x1c34,0x13c,0x500c2,0x1b,
0x1c36,0x1c35,0x4d,0x500c6,0x1b,0x1c37,0x1c35,0x1c36,
0x50084,0x1b,0x1c38,0x1c37,0x13d,0x500c2,0x1b,0x1c39,
0x1c38,0x37,0x500c6,0x1b,0x1c3a,0x1c38,0x1c39,0x500c7,
0x1b,0x1c3b,0x1c3a,0x126,0x40070,0x27,0x1c3c,0x1c3b,
0x50085,0x27,0x1c3d,0x1c3c,0x167,0x50080,0x127,0x1c3e,
0x1c0b,0x129,0x50051,0x1c,0x1c3f,0x1c3e,0x0,0x4007c,
0x1b,0x1c40,0x1c3f,0x50084,0x1b,0x1c41,0x1c40,0x139,
0x50051,0x1c,0x1c42,0x1c3e,0x1,0x4007c,0x1b,0x1c43,
0x1c42,0x50084,0x1b,0x1c44,0x1c43,0x13a,0x50080,0x1b,
0x1c45,0x1c41,0x1c44,0x50051,0x1c,0x1c46,0x1c3e,0x2,
0x4007c,0x1b,0x1c47,0x1c46,0x50084,0x1b,0x1c48,0x1c47,
0x13b,0x50080,0x1b,0x1c49,0x1c45,0x1c48,0x500c2,0x1b,
0x1c4a,0x1c49,0x37,0x500c6,0x1b,0x1c4b,0x1c49,0x1c4a,
0x50084,0x1b,0x1c4c,0x1c4b,0x13c,0x500c2,0x1b,0x1c4d,
0x1c4c,0x4d,0x500c6,0x1b,0x1c4e,0x1c4c,0x1c4d,0x50084,
0x1b,0x1c4f,0x1c4e,0x13d,0x500c2,0x1b,0x1c50,0x1c4f,
0x37,0x500c6,0x1b,0x1c51,0x1c4f,0x1c50,0x500c7,0x1b,
0x1c52,0x1c51,0x126,0x40070,0x27,0x1c53,0x1c52,0x50085,
0x27,0x1c54,0x1c53,0x167,0x50080,0x127,0x1c55,0x1c0b,
0x12a,0x50051,0x1c,0x1c56,0x1c55,0x0,0x4007c,0x1b,
0x1c57,0x1c56,0x50084,0x1b,0x1c58,0x1c57,0x139,0x50051,
0x1c,0x1c59,0x1c55,0x1,0x4007c,0x1b,0x1c5a,0x1c59,
0x50084,0x1b,0x1c5b,0x1c5a,0x13a,0x50080,0x1b,0x1c5c,
0x1c58,0x1c5b,0x50051,0x1c,0x1c5d,0x1c55,0x2,0x4007c,
0x1b,0x1c5e,0x1c5d,0x50084,0x1b,0x1c5f,0x1c5e,0x13b,
0x50080,0x1b,0x1c60,0x1c5c,0x1c5f,0x500c2,0x1b,0x1c61,
0x1c60,0x37,0x500c6,0x1b,0x1c62,0x1c60,0x1c61,0x50084,
0x1b,0x1c63,0x1c62,0x13c,0x500c2,0x1b,0x1c64,0x1c63,
0x4d,0x500c6,0x1b,0x1c65,0x1c63,0x1c64,0x50084,0x1b,
0x1c66,0x1c65,0x13d,0x500c2,0x1b,0x1c67,0x1c66,0x37,
0x500c6,0x1b,0x1c68,0x1c66,0x1c67,0x500c7,0x1b,0x1c69,
0x1c68,0x126,0x40070,0x27,0x1c6a,0x1c69,0x50085,0x27,
0x1c6b,0x1c6a,0x167,0x50080,0x127,0x1c6c,0x1c0b,0x12b,
0x50051,0x1c,0x1c6d,0x1c6c,0x0,0x4007c,0x1b,0x1c6e,
0x1c6d,0x50084,0x1b,0x1c6f,0x1c6e,0x139,0x50051,0x1c,
0x1c70,0x1c6c,0x1,0x4007c,0x1b,0x1c71,0x1c70,0x50084,
0x1b,0x1c72,0x1c71,0x13a,0x50080,0x1b,0x1c73,0x1c6f,
0x1c72,0x50051,0x1c,0x1c74,0x1c6c,0x2,0x4007c,0x1b,
0x1c75,0x1c74,0x50084,0x1b,0x1c76,0x1c75,0x13b,0x50080,
0x1b,0x1c77,0x1c73,0x1c76,0x500c2,0x1b,0x1c78,0x1c77,
0x37,0x500c6,0x1b,0x1c79,0x1c77,0x1c78,0x50084,0x1b,
0x1c7a,0x1c79,0x13c,0x500c2,0x1b,0x1c7b,0x1c7a,0x4d,
0x500c6,0x1b,0x1c7c,0x1c7a,0x1c7b,0x50084,0x1b,0x1c7d,
0x1c7c,0x13d,0x500c2,0x1b,0x1c7e,0x1c7d,0x37,0x500c6,
0x1b,0x1c7f,0x1c7d,0x1c7e,0x500c7,0x1b,0x1c80,0x1c7f,
0x126,0x40070,0x27,0x1c81,0x1c80,0x50085,0x27,0x1c82,
0x1c81,0x167,0x50080,0x127,0x1c83,0x1c0b,0x12c,0x50051,
0x1c,0x1c84,0x1c83,0x0,0x4007c,0x1b,0x1c85,0x1c84,
0x50084,0x1b,0x1c86,0x1c85,0x139,0x50051,0x1c,0x1c87,
0x1c83,0x1,0x4007c,0x1b,0x1c88,0x1c87,0x50084,0x1b,
0x1c89,0x1c88,0x13a,0x50080,0x1b,0x1c8a,0x1c86,0x1c89,
0x50051,0x1c,0x1c8b,0x1c83,0x2,0x4007c,0x1b,0x1c8c,
0x1c8b,0x50084,0x1b,0x1c8d,0x1c8c,0x13b,0x50080,0x1b,
0x1c8e,0x1c8a,0x1c8d,0x500c2,0x1b,0x1c8f,0x1c8e,0x37,
0x500c6,0x1b,0x1c90,0x1c8e,0x1c8f,0x50084,0x1b,0x1c91,
0x1c90,0x13c,0x500c2,0x1b,0x1c92,0x1c91,0x4d,0x500c6,
0x1b,0x1c93,0x1c91,0x1c92,0x50084,0x1b,0x1c94,0x1c93,
0x13d,0x500c2,0x1b,0x1c95,0x1c94,0x37,0x500c6,0x1b,
0x1c96,0x1c94,0x1c95,0x500c7,0x1b,0x1c97,0x1c96,0x126,
0x40070,0x27,0x1c98,0x1c97,0x50085,0x27,0x1c99,0x1c98,
0x167,0x50080,0x127,0x1c9a,0x1c0b,0x12d,0x50051,0x1c,
0x1c9b,0x1c9a,0x0,0x4007c,0x1b,0x1c9c,0x1c9b,0x50084,
0x1b,0x1c9d,0x1c9c,0x139,0x50051,0x1c,0x1c9e,0x1c9a,
0x1,0x4007c,0x1b,0x1c9f,0x1c9e,0x50084,0x1b,0x1ca0,
0x1c9f,0x13a,0x50080,0x1b,0x1ca1,0x1c9d,0x1ca0,0x50051,
0x1c,0x1ca2,0x1c9a,0x2,0x4007c,0x1b,0x1ca3,0x1ca2,
0x50084,0x1b,0x1ca4,0x1ca3,0x13b,0x50080,0x1b,0x1ca5,
0x1ca1,0x1ca4,0x500c2,0x1b,0x1ca6,0x1ca5,0x37,0x500c6,
0x1b,0x1ca7,0x1ca5,0x1ca6,0x50084,0x1b,0x1ca8,0x1ca7,
0x13c,0x500c2,0x1b,0x1ca9,0x1ca8,0x4d,0x500c6,0x1b,
0x1caa,0x1ca8,0x1ca9,0x50084,0x1b,0x1cab,0x1caa,0x13d,
0x500c2,0x1b,0x1cac,0x1cab,0x37,0x500c6,0x1b,0x1cad,
0x1cab,0x1cac,0x500c7,0x1b,0x1cae,0x1cad,0x126,0x40070,
0x27,0x1caf,0x1cae,0x50085,0x27,0x1cb0,0x1caf,0x167,
0x50080,0x127,0x1cb1,0x1c0b,0x12e,0x50051,0x1c,0x1cb2,
0x1cb1,0x0,0x4007c,0x1b,0x1cb3,0x1cb2,0x50084,0x1b,
0x1cb4,0x1cb3,0x139,0x50051,0x1c,0x1cb5,0x1cb1,0x1,
0x4007c,0x1b,0x1cb6,0x1cb5,0x50084,0x1b,0x1cb7,0x1cb6,
0x13a,0x50080,0x1b,0x1cb8,0x1cb4,0x1cb7,0x50051,0x1c,
0x1cb9,0x1cb1,0x2,0x4007c,0x1b,0x1cba,0x1cb9,0x50084,
0x1b,0x1cbb,0x1cba,0x13b,0x50080,0x1b,0x1cbc,0x1cb8,
0x1cbb,0x500c2,0x1b,0x1cbd,0x1cbc,0x37,0x500c6,0x1b,
0x1cbe,0x1cbc,0x1cbd,0x50084,0x1b,0x1cbf,0x1cbe,0x13c,
0x500c2,0x1b,0x1cc0,0x1cbf,0x4d,0x500c6,0x1b,0x1cc1,
0x1cbf,0x1cc0,0x50084,0x1b,0x1cc2,0x1cc1,0x13d,0x500c2,
0x1b,0x1cc3,0x1cc2,0x37,0x500c6,0x1b,0x1cc4,0x1cc2,
0x1cc3,0x500c7,0x1b,0x1cc5,0x1cc4,0x126,0x40070,0x27,
0x1cc6,0x1cc5,0x50085,0x27,0x1cc7,0x1cc6,0x167,0x50051,
0x27,0x1cc8,0x1c10,0x0,0x8000c,0x27,0x1cc9,0x1,
0x2e,0x1c26,0x1c3d,0x1cc8,0x8000c,0x27,0x1cca,0x1,
0x2e,0x1c54,0x1c6b,0x1cc8,0x50051,0x27,0x1ccb,0x1c10,
0x1,0x8000c,0x27,0x1ccc,0x1,0x2e,0x1cc9,0x1cca,
0x1ccb,0x8000c,0x27,0x1ccd,0x1,0x2e,0x1c82,0x1c99,
0x1cc8,0x8000c,0x27,0x1cce,0x1,0x2e,0x1cb0,0x1cc7,
0x1cc8,0x8000c,0x27,0x1ccf,0x1,0x2e,0x1ccd,0x1cce,
0x1ccb,0x50051,0x27,0x1cd0,0x1c10,0x2,0x8000c,0x27,
0x1cd1,0x1,0x2e,0x1ccc,0x1ccf,0x1cd0,0x50085,0x27,
0x1cd2,0x1cd1,0xa0,0x50081,0x27,0x1cd3,0x1c07,0x1cd2,
0x5008e,0x3b,0x1cd4,0x1a72,0xa1,0x50081,0x3b,0x1cd5,
0x1cd4,0xa3,0x6000c,0x3b,0x1cd6,0x1,0x8,0x1cd5,
0x4006e,0x127,0x1cd7,0x1cd6,0x6000c,0x3b,0x1cd8,0x1,
0xa,0x1cd5,0x50085,0x3b,0x1cd9,0x1cd8,0x1cd8,0x5008e,
0x3b,0x1cda,0x1cd8,0x6c,0x50083,0x3b,0x1cdb,0xd1,
0x1cda,0x50085,0x3b,0x1cdc,0x1cd9,0x1cdb,0x50051,0x1c,
0x1cdd,0x1cd7,0x0,0x4007c,0x1b,0x1cde,0x1cdd,0x50084,
0x1b,0x1cdf,0x1cde,0x139,0x50051,0x1c,0x1ce0,0x1cd7,
0x1,0x4007c,0x1b,0x1ce1,0x1ce0,0x50084,0x1b,0x1ce2,
0x1ce1,0x13a,0x50080,0x1b,0x1ce3,0x1cdf,0x1ce2,0x50051,
0x1c,0x1ce4,0x1cd7,0x2,0x4007c,0x1b,0x1ce5,0x1ce4,
0x50084,0x1b,0x1ce6,0x1ce5,0x13b,0x50080,0x1b,0x1ce7,
0x1ce3,0x1ce6,0x500c2,0x1b,0x1ce8,0x1ce7,0x37,0x500c6,
0x1b,0x1ce9,0x1ce7,0x1ce8,0x50084,0x1b,0x1cea,0x1ce9,
0x13c,0x500c2,0x1b,0x1ceb,0x1cea,0x4d,0x500c6,0x1b,
0x1cec,0x1cea,0x1ceb,0x50084,0x1b,0x1ced,0x1cec,0x13d,
0x500c2,0x1b,0x1cee,0x1ced,0x37,0x500c6,0x1b,0x1cef,
0x1ced,0x1cee,0x500c7,0x1b,0x1cf0,0x1cef,0x126,0x40070,
0x27,0x1cf1,0x1cf0,0x50085,0x27,0x1cf2,0x1cf1,0x167,
0x50080,0x127,0x1cf3,0x1cd7,0x128,0x50051,0x1c,0x1cf4,
0x1cf3,0x0,0x4007c,0x1b,0x1cf5,0x1cf4,0x50084,0x1b,
0x1cf6,0x1cf5,0x139,0x50051,0x1c,0x1cf7,0x1cf3,0x1,
0x4007c,0x1b,0x1cf8,0x1cf7,0x50084,0x1b,0x1cf9,0x1cf8,
0x13a,0x50080,0x1b,0x1cfa,0x1cf6,0x1cf9,0x50051,0x1c,
0x1cfb,0x1cf3,0x2,0x4007c,0x1b,0x1cfc,0x1cfb,0x50084,
0x1b,0x1cfd,0x1cfc,0x13b,0x50080,0x1b,0x1cfe,0x1cfa,
0x1cfd,0x500c2,0x1b,0x1cff,0x1cfe,0x37,0x500c6,0x1b,
0x1d00,0x1cfe,0x1cff,0x50084,0x1b,0x1d01,0x1d00,0x13c,
0x500c2,0x1b,0x1d02,0x1d01,0x4d,0x500c6,0x1b,0x1d03,
0x1d01,0x1d02,0x50084,0x1b,0x1d04,0x1d03,0x13d,0x500c2,
0x1b,0x1d05,0x1d04,0x37,0x500c6,0x1b,0x1d06,0x1d04,
0x1d05,0x500c7,0x1b,0x1d07,0x1d06,0x126,0x40070,0x27,
0x1d08,0x1d07,0x50085,0x27,0x1d09,0x1d08,0x167,0x50080,
0x127,0x1d0a,0x1cd7,0x129,0x50051,0x1c,0x1d0b,0x1d0a,
0x0,0x4007c,0x1b,0x1d0c,0x1d0b,0x50084,0x1b,0x1d0d,
0x1d0c,0x139,0x50051,0x1c,0x1d0e,0x1d0a,0x1,0x4007c,
0x1b,0x1d0f,0x1d0e,0x50084,0x1b,0x1d10,0x1d0f,0x13a,
0x50080,0x1b,0x1d11,0x1d0d,0x1d10,0x50051,0x1c,0x1d12,
0x1d0a,0x2,0x4007c,0x1b,0x1d13,0x1d12,0x50084,0x1b,
0x1d14,0x1d13,0x13b,0x50080,0x1b,0x1d15,0x1d11,0x1d14,
0x500c2,0x1b,0x1d16,0x1d15,0x37,0x500c6,0x1b,0x1d17,
0x1d15,0x1d16,0x50084,0x1b,0x1d18,0x1d17,0x13c,0x500c2,
0x1b,0x1d19,0x1d18,0x4d,0x500c6,0x1b,0x1d1a,0x1d18,
0x1d19,0x50084,0x1b,0x1d1b,0x1d1a,0x13d,0x500c2,0x1b,
0x1d1c,0x1d1b,0x37,0x500c6,0x1b,0x1d1d,0x1d1b,0x1d1c,
0x500c7,0x1b,0x1d1e,0x1d1d,0x126,0x40070,0x27,0x1d1f,
0x1d1e,0x50085,0x27,0x1d20,0x1d1f,0x167,0x50080,0x127,
0x1d21,0x1cd7,0x12a,0x50051,0x1c,0x1d22,0x1d21,0x0,
0x4007c,0x1b,0x1d23,0x1d22,0x50084,0x1b,0x1d24,0x1d23,
0x139,0x50051,0x1c,0x1d25,0x1d21,0x1,0x4007c,0x1b,
0x1d26,0x1d25,0x50084,0x1b,0x1d27,0x1d26,0x13a,0x50080,
0x1b,0x1d28,0x1d24,0x1d27,0x50051,0x1c,0x1d29,0x1d21,
0x2,0x4007c,0x1b,0x1d2a,0x1d29,0x50084,0x1b,0x1d2b,
0x1d2a,0x13b,0x50080,0x1b,0x1d2c,0x1d28,0x1d2b,0x500c2,
0x1b,0x1d2d,0x1d2c,0x37,0x500c6,0x1b,0x1d2e,0x1d2c,
0x1d2d,0x50084,0x1b,0x1d2f,0x1d2e,0x13c,0x500c2,0x1b,
0x1d30,0x1d2f,0x4d,0x500c6,0x1b,0x1d31,0x1d2f,0x1d30,
0x50084,0x1b,0x1d32,0x1d31,0x13d,0x500c2,0x1b,0x1d33,
0x1d32,0x37,0x500c6,0x1b,0x1d34,0x1d32,0x1d33,0x500c7,
0x1b,0x1d35,0x1d34,0x126,0x40070,0x27,0x1d36,0x1d35,
0x50085,0x27,0x1d37,0x1d36,0x167,0x50080,0x127,0x1d38,
0x1cd7,0x12b,0x50051,0x1c,0x1d39,0x1d38,0x0,0x4007c,
0x1b,0x1d3a,0x1d39,0x50084,0x1b,0x1d3b,0x1d3a,0x139,
0x50051,0x1c,0x1d3c,0x1d38,0x1,0x4007c,0x1b,0x1d3d,
0x1d3c,0x50084,0x1b,0x1d3e,0x1d3d,0x13a,0x50080,0x1b,
0x1d3f,0x1d3b,0x1d3e,0x50051,0x1c,0x1d40,0x1d38,0x2,
0x4007c,0x1b,0x1d41,0x1d40,0x50084,0x1b,0x1d42,0x1d41,
0x13b,0x50080,0x1b,0x1d43,0x1d3f,0x1d42,0x500c2,0x1b,
0x1d44,0x1d43,0x37,0x500c6,0x1b,0x1d45,0x1d43,0x1d44,
0x50084,0x1b,0x1d46,0x1d45,0x13c,0x500c2,0x1b,0x1d47,
0x1d46,0x4d,0x500c6,0x1b,0x1d48,0x1d46,0x1d47,0x50084,
0x1b,0x1d49,0x1d48,0x13d,0x500c2,0x1b,0x1d4a,0x1d49,
0x37,0x500c6,0x1b,0x1d4b,0x1d49,0x1d4a,0x500c7,0x1b,
0x1d4c,0x1d4b,0x126,0x40070,0x27,0x1d4d,0x1d4c,0x50085,
0x27,0x1d4e,0x1d4d,0x167,0x50080,0x127,0x1d4f,0x1cd7,
0x12c,0x50051,0x1c,0x1d50,0x1d4f,0x0,0x4007c,0x1b,
0x1d51,0x1d50,0x50084,0x1b,0x1d52,0x1d51,0x139,0x50051,
0x1c,0x1d53,0x1d4f,0x1,0x4007c,0x1b,0x1d54,0x1d53,
0x50084,0x1b,0x1d55,0x1d54,0x13a,0x50080,0x1b,0x1d56,
0x1d52,0x1d55,0x50051,0x1c,0x1d57,0x1d4f,0x2,0x4007c,
0x1b,0x1d58,0x1d57,0x50084,0x1b,0x1d59,0x1d58,0x13b,
0x50080,0x1b,0x1d5a,0x1d56,0x1d59,0x500c2,0x1b,0x1d5b,
0x1d5a,0x37,0x500c6,0x1b,0x1d5c,0x1d5a,0x1d5b,0x50084,
0x1b,0x1d5d,0x1d5c,0x13c,0x500c2,0x1b,0x1d5e,0x1d5d,
0x4d,0x500c6,0x1b,0x1d5f,0x1d5d,0x1d5e,0x50084,0x1b,
0x1d60,0x1d5f,0x13d,0x500c2,0x1b,0x1d61,0x1d60,0x37,
0x500c6,0x1b,0x1d62,0x1d60,0x1d61,0x500c7,0x1b,0x1d63,
0x1d62,0x126,0x40070,0x27,0x1d64,0x1d63,0x50085,0x27,
0x1d65,0x1d64,0x167,0x50080,0x127,0x1d66,0x1cd7,0x12d,
0x50051,0x1c,0x1d67,0x1d66,0x0,0x4007c,0x1b,0x1d68,
0x1d67,0x50084,0x1b,0x1d69,0x1d68,0x139,0x50051,0x1c,
0x1d6a,0x1d66,0x1,0x4007c,0x1b,0x1d6b,0x1d6a,0x50084,
0x1b,0x1d6c,0x1d6b,0x13a,0x50080,0x1b,0x1d6d,0x1d69,
0x1d6c,0x50051,0x1c,0x1d6e,0x1d66,0x2,0x4007c,0x1b,
0x1d6f,0x1d6e,0x50084,0x1b,0x1d70,0x1d6f,0x13b,0x50080,
0x1b,0x1d71,0x1d6d,0x1d70,0x500c2,0x1b,0x1d72,0x1d71,
0x37,0x500c6,0x1b,0x1d73,0x1d71,0x1d72,0x50084,0x1b,
0x1d74,0x1d73,0x13c,0x500c2,0x1b,0x1d75,0x1d74,0x4d,
0x500c6,0x1b,0x1d76,0x1d74,0x1d75,0x50084,0x1b,0x1d77,
0x1d76,0x13d,0x500c2,0x1b,0x1d78,0x1d77,0x37,0x500c6,
0x1b,0x1d79,0x1d77,0x1d78,0x500c7,0x1b,0x1d7a,0x1d79,
0x126,0x40070,0x27,0x1d7b,0x1d7a,0x50085,0x27,0x1d7c,
0x1d7b,0x167,0x50080,0x127,0x1d7d,0x1cd7,0x12e,0x50051,
0x1c,0x1d7e,0x1d7d,0x0,0x4007c,0x1b,0x1d7f,0x1d7e,
0x50084,0x1b,0x1d80,0x1d7f,0x139,0x50051,0x1c,0x1d81,
0x1d7d,0x1,0x4007c,0x1b,0x1d82,0x1d81,0x50084,0x1b,
0x1d83,0x1d82,0x13a,0x50080,0x1b,0x1d84,0x1d80,0x1d83,
0x50051,0x1c,0x1d85,0x1d7d,0x2,0x4007c,0x1b,0x1d86,
0x1d85,0x50084,0x1b,0x1d87,0x1d86,0x13b,0x50080,0x1b,
0x1d88,0x1d84,0x1d87,0x500c2,0x1b,0x1d89,0x1d88,0x37,
0x500c6,0x1b,0x1d8a,0x1d88,0x1d89,0x50084,0x1b,0x1d8b,
0x1d8a,0x13c,0x500c2,0x1b,0x1d8c,0x1d8b,0x4d,0x500c6,
0x1b,0x1d8d,0x1d8b,0x1d8c,0x50084,0x1b,0x1d8e,0x1d8d,
0x13d,0x500c2,0x1b,0x1d8f,0x1d8e,0x37,0x500c6,0x1b,
0x1d90,0x1d8e,0x1d8f,0x500c7,0x1b,0x1d91,0x1d90,0x126,
0x40070,0x27,0x1d92,0x1d91,0x50085,0x27,0x1d93,0x1d92,
0x167,0x50051,0x27,0x1d94,0x1cdc,0x0,0x8000c,0x27,
0x1d95,0x1,0x2e,0x1cf2,0x1d09,0x1d94,0x8000c,0x27,
0x1d96,0x1,0x2e,0x1d20,0x1d37,0x1d94,0x50051,0x27,
0x1d97,0x1cdc,0x1,0x8000c,0x27,0x1d98,0x1,0x2e,
0x1d95,0x1d96,0x1d97,0x8000c,0x27,0x1d99,0x1,0x2e,
0x1d4e,0x1d65,0x1d94,0x8000c,0x27,0x1d9a,0x1,0x2e,
0x1d7c,0x1d93,0x1d94,0x8000c,0x27,0x1d9b,0x1,0x2e,
0x1d99,0x1d9a,0x1d97,0x50051,0x27,0x1d9c,0x1cdc,0x2,
0x8000c,0x27,0x1d9d,0x1,0x2e,0x1d98,0x1d9b,0x1d9c,
0x50085,0x27,0x1d9e,0x1d9d,0xa4,0x50081,0x27,0x1d9f,
0x1cd3,0x1d9e,0x50083,0x27,0x1da0,0x1d9f,0x9c,0x50085,
0x27,0x1da1,0x1da0,0x6c,0x8000c,0x27,0x1da2,0x1,
0x2b,0x1da1,0x28,0x67,0x50085,0x27,0x1da3,0x1da2,
0x76,0x400d1,0x27,0x1da4,0x1da3,0x8000c,0x27,0x1da5,
0x1,0x2b,0x1da4,0x8d,0x67,0x6000c,0x27,0x1da6,
0x1,0x8,0x1da3,0x50085,0x27,0x1da7,0x1da5,0x69,
0x50083,0x27,0x1da8,0x69,0x1da7,0x50081,0x27,0x1da9,
0x69,0x1da7,0x6000c,0x27,0x1daa,0x1,0xa,0x1da3,
0x8000c,0x27,0x1dab,0x1,0x31,0x1da8,0x1da9,0x1daa,
0x50081,0x27,0x1dac,0x1da6,0x1dab,0x50085,0x27,0x1dad,
0x1dac,0x168,0x60050,0x3b,0x1dae,0x1dad,0x1dad,0x1dad,
0x8000c,0x3b,0x1daf,0x1,0x2e,0x197,0x198,0x1dae,
0x8004f,0x3b,0x1db0,0x180b,0x180b,0x0,0x1,0x2,
0x50051,0x27,0x1db1,0x180b,0x3,0x50083,0x27,0x1db2,
0x67,0x1db1,0x7000c,0x27,0x1db3,0x1,0x50,0x1224,
0x1db2,0x60050,0x3b,0x1db4,0x1db3,0x1db3,0x1db3,0x8000c,
0x3b,0x1db5,0x1,0x2e,0x1db0,0x1daf,0x1db4,0x50051,
0x27,0x1db6,0x1db5,0x0,0x50051,0x27,0x1db7,0x1db5,
0x1,0x50051,0x27,0x1db8,0x1db5,0x2,0x70050,0x39,
0x1db9,0x1db6,0x1db7,0x1db8,0x67,0x200f9,0xbce,0x200f8,
0xbce,0x900f5,0x39,0x1dba,0x11fe,0x1201,0x180b,0x1811,
0x1db9,0x180d,0x200f9,0x19d,0x200f8,0xbcc,0x500c7,0x1b,
0x1dbb,0x1a3,0x5e,0x500ab,0x25,0x1dbc,0x1dbb,0x1d,
0x300f7,0x1dbd,0x0,0x400fa,0x1dbc,0x1dbe,0x1dbd,0x200f8,
0x1dbe,0x7004f,0x2d,0x1dbf,0x193,0x193,0x1,0x2,
0x50080,0x2d,0x1dc0,0x1dbf,0x2e,0x500b8,0x150,0x1dc1,
0xa03,0x2a,0x4009a,0x25,0x1dc2,0x1dc1,0x400a8,0x25,
0x1dc3,0x1dc2,0x300f7,0x1dc4,0x0,0x400fa,0x1dc3,0x1dc5,
0x1dc4,0x200f8,0x1dc5,0x40070,0x29,0x1dc6,0x1dc0,0x500be,
0x150,0x1dc7,0xa03,0x1dc6,0x4009a,0x25,0x1dc8,0x1dc7,
0x200f9,0x1dc4,0x200f8,0x1dc4,0x700f5,0x25,0x1dc9,0x2b,
0x1dbe,0x1dc8,0x1dc5,0x300f7,0x1dca,0x0,0x400fa,0x1dc9,
0x1dcb,0x1dca,0x200f8,0x1dcb,0x100fc,0x200f8,0x1dca,0x6000c,
0x29,0x1dcc,0x1,0x8,0xa03,0x4006d,0x2d,0x1dcd,
0x1dcc,0x50051,0x1b,0x1dce,0x1dcd,0x1,0x50051,0x1b,
0x1dcf,0x1dc0,0x0,0x50080,0x1b,0x1dd0,0x1dcf,0x33,
0x500c7,0x1b,0x1dd1,0x1dd0,0x15b,0x50084,0x1b,0x1dd2,
0x1dce,0x1dd1,0x50051,0x1b,0x1dd3,0x1dcd,0x0,0x50080,
0x1b,0x1dd4,0x1dd2,0x1dd3,0x50041,0x143,0x1dd5,0x9,
0x21,0x4003d,0x1b,0x1dd6,0x1dd5,0x50086,0x1b,0x1dd7,
0x1dd4,0x24,0x50080,0x1b,0x1dd8,0x1dd6,0x1dd7,0x60041,
0x14f,0x1dd9,0x18,0x21,0x1dd8,0x4003d,0x1b,0x1dda,
0x1dd9,0x500c7,0x1b,0x1ddb,0x1dd4,0x33,0x50084,0x1b,
0x1ddc,0x1ddb,0x2f,0x500c7,0x1b,0x1ddd,0x1ddc,0x32,
0x500c2,0x1b,0x1dde,0x1dda,0x1ddd,0x500c7,0x1b,0x1ddf,
0x1dde,0x34,0x500aa,0x25,0x1de0,0x1ddf,0x1d,0x300f7,
0x1de1,0x0,0x400fa,0x1de0,0x1de2,0x1de1,0x200f8,0x1de2,
0x100fc,0x200f8,0x1de1,0x50041,0x177,0x1de3,0x4,0x1e,
0x4003d,0x27,0x1de4,0x1de3,0x40070,0x27,0x1de5,0x1ddf,
0x50085,0x27,0x1de6,0x1de5,0x75,0x50085,0x27,0x1de7,
0x1de4,0x1de6,0x50051,0x27,0x1de8,0x18e,0x0,0x50051,
0x27,0x1de9,0x18e,0x1,0x50051,0x27,0x1dea,0x18e,
0x2,0x70050,0x39,0x1deb,0x1de8,0x1de9,0x1dea,0x1de7,
0x200f9,0x19d,0x200f8,0x1dbd,0x500c7,0x1b,0x1dec,0x1a3,
0x2c,0x500aa,0x25,0x1ded,0x1dec,0x1d,0x300f7,0x1dee,
0x0,0x400fa,0x1ded,0x1def,0x1dee,0x200f8,0x1def,0x300f7,
0x1df0,0x0,0x300fb,0x1d,0x1df1,0x200f8,0x1df1,0x300f7,
0x1df2,0x0,0x400fa,0x19f,0x1df3,0x1df2,0x200f8,0x1df3,
0x100fc,0x200f8,0x1df2,0x500c7,0x1b,0x1df4,0x1a3,0x84,
0x500ab,0x25,0x1df5,0x1df4,0x1d,0x300f7,0x1df6,0x0,
0x400fa,0x1df5,0x1df7,0x1df6,0x200f8,0x1df7,0x50094,0x27,
0x1df8,0x195,0x195,0x500ba,0x25,0x1df9,0x1df8,0x67,
0x200f9,0x1df6,0x200f8,0x1df6,0x700f5,0x25,0x1dfa,0x26,
0x1df2,0x1df9,0x1df7,0x300f7,0x1dfb,0x0,0x400fa,0x1dfa,
0x1dfc,0x1dfb,0x200f8,0x1dfc,0x100fc,0x200f8,0x1dfb,0x500ab,
0x25,0x1dfd,0x190,0x1d,0x300f7,0x1dfe,0x0,0x400fa,
0x1dfd,0x1dff,0x1dfe,0x200f8,0x1dff,0x7004f,0x29,0x1e00,
0x18d,0x18d,0x0,0x1,0x4006d,0x2d,0x1e01,0x1e00,
0x50050,0x2d,0x1e02,0x190,0x190,0x50086,0x2d,0x1e03,
0x1e01,0x1e02,0x50051,0x1b,0x1e04,0x1e03,0x0,0x50051,
0x1b,0x1e05,0x1e03,0x1,0x500c6,0x1b,0x1e06,0x1e04,
0x1e05,0x500c7,0x1b,0x1e07,0x1e06,0x2c,0x500ab,0x25,
0x1e08,0x1e07,0x1d,0x300f7,0x1e09,0x0,0x400fa,0x1e08,
0x1e0a,0x1e09,0x200f8,0x1e0a,0x200f9,0x1df0,0x200f8,0x1e09,
0x200f9,0x1dfe,0x200f8,0x1dfe,0x200f9,0x1df0,0x200f8,0x1df0,
0x700f5,0x39,0x1e0b,0x18f,0x1e0a,0x18e,0x1dfe,0x200f9,
0x19d,0x200f8,0x1dee,0x500c7,0x1b,0x1e0c,0x1a3,0x24,
0x500ab,0x25,0x1e0d,0x1e0c,0x1d,0x300f7,0x1e0e,0x0,
0x400fa,0x1e0d,0x1e0f,0x1e0e,0x200f8,0x1e0f,0x500b8,0x150,
0x1e10,0xa03,0x2a,0x4009a,0x25,0x1e11,0x1e10,0x400a8,
0x25,0x1e12,0x1e11,0x300f7,0x1e13,0x0,0x400fa,0x1e12,
0x1e14,0x1e13,0x200f8,0x1e14,0x7004f,0x2d,0x1e15,0x193,
0x193,0x1,0x2,0x50080,0x2d,0x1e16,0x1e15,0x2e,
0x40070,0x29,0x1e17,0x1e16,0x500be,0x150,0x1e18,0xa03,
0x1e17,0x4009a,0x25,0x1e19,0x1e18,0x200f9,0x1e13,0x200f8,
0x1e13,0x700f5,0x25,0x1e1a,0x2b,0x1e0f,0x1e19,0x1e14,
0x200f9,0x1e0e,0x200f8,0x1e0e,0x700f5,0x25,0x1e1b,0x26,
0x1dee,0x1e1a,0x1e13,0x300f7,0x1e1c,0x0,0x400fa,0x1e1b,
0x1e1d,0x1e1c,0x200f8,0x1e1d,0x100fc,0x200f8,0x1e1c,0x6000c,
0x29,0x1e1e,0x1,0x8,0xa03,0x4006e,0x59,0x1e1f,
0x1e1e,0x4007c,0x2d,0x1e20,0x1e1f,0x7004f,0x2d,0x1e21,
0x193,0x193,0x1,0x2,0x500c7,0x2d,0x1e22,0x1e20,
0x1e21,0x50051,0x1b,0x1e23,0x1e22,0x1,0x50041,0x143,
0x1e24,0x9,0x30,0x4003d,0x1b,0x1e25,0x1e24,0x50080,
0x1b,0x1e26,0x1e25,0x2c,0x50084,0x1b,0x1e27,0x1e23,
0x1e26,0x50051,0x1b,0x1e28,0x1e22,0x0,0x50080,0x1b,
0x1e29,0x1e27,0x1e28,0x500c7,0x1b,0x1e2a,0x1a3,0x5f,
0x500ab,0x25,0x1e2b,0x1e2a,0x1d,0x300f7,0x1e2c,0x0,
0x400fa,0x1e2b,0x1e2d,0x1e2e,0x200f8,0x1e2e,0x50041,0x143,
0x1e2f,0x9,0x21,0x4003d,0x1b,0x1e30,0x1e2f,0x50080,
0x1b,0x1e31,0x1e30,0x1e29,0x60041,0x14f,0x1e32,0x18,
0x21,0x1e31,0x4003d,0x1b,0x1e33,0x1e32,0x200f9,0x1e2c,
0x200f8,0x1e2d,0x50041,0x143,0x1e34,0x9,0x21,0x4003d,
0x1b,0x1e35,0x1e34,0x50080,0x1b,0x1e36,0x1e35,0x5d,
0x50086,0x1b,0x1e37,0x1e29,0x24,0x50080,0x1b,0x1e38,
0x1e36,0x1e37,0x60041,0x14f,0x1e39,0x18,0x21,0x1e38,
0x4003d,0x1b,0x1e3a,0x1e39,0x500c7,0x1b,0x1e3b,0x1e29,
0x33,0x50084,0x1b,0x1e3c,0x1e3b,0x2f,0x500c7,0x1b,
0x1e3d,0x1e3c,0x32,0x500c2,0x1b,0x1e3e,0x1e3a,0x1e3d,
0x500c7,0x1b,0x1e3f,0x1e3e,0x34,0x50080,0x1b,0x1e40,
0x1e35,0x1e3f,0x60041,0x14f,0x1e41,0x18,0x21,0x1e40,
0x4003d,0x1b,0x1e42,0x1e41,0x200f9,0x1e2c,0x200f8,0x1e2c,
0x700f5,0x1b,0x1e43,0x1e42,0x1e2d,0x1e33,0x1e2e,0x500c2,
0x1b,0x1e44,0x1e43,0x4a,0x500aa,0x25,0x1e45,0x1e44,
0x1d,0x300f7,0x1e46,0x0,0x400fa,0x1e45,0x1e47,0x1e46,
0x200f8,0x1e47,0x100fc,0x200f8,0x1e46,0x500c7,0x1b,0x1e48,
0x1e43,0x34,0x40070,0x27,0x1e49,0x1e48,0x500c2,0x1b,
0x1e4a,0x1e43,0x2f,0x500c7,0x1b,0x1e4b,0x1e4a,0x34,
0x40070,0x27,0x1e4c,0x1e4b,0x500c2,0x1b,0x1e4d,0x1e43,
0x37,0x500c7,0x1b,0x1e4e,0x1e4d,0x34,0x40070,0x27,
0x1e4f,0x1e4e,0x40070,0x27,0x1e50,0x1e44,0x70050,0x39,
0x1e51,0x1e49,0x1e4c,0x1e4f,0x1e50,0x50085,0x39,0x1e52,
0x1e51,0x15d,0x500c7,0x1b,0x1e53,0x1a3,0x31,0x500ab,
0x25,0x1e54,0x1e53,0x1d,0x300f7,0x1e55,0x0,0x400fa,
0x1e54,0x1e56,0x1e55,0x200f8,0x1e56,0x8004f,0x3b,0x1e57,
0x1e52,0x1e52,0x0,0x1,0x2,0x500bc,0x151,0x1e58,
0x1e57,0x3c,0x50085,0x3b,0x1e59,0x1e57,0x15f,0x50081,
0x3b,0x1e5a,0x1e57,0x3e,0x50085,0x3b,0x1e5b,0x1e5a,
0x161,0x7000c,0x3b,0x1e5c,0x1,0x1a,0x1e5b,0x40,
0x600a9,0x3b,0x1e5d,0x1e58,0x1e59,0x1e5c,0x9004f,0x39,
0x1e5e,0x1e52,0x1e5d,0x4,0x5,0x6,0x3,0x200f9,
0x1e55,0x200f8,0x1e55,0x700f5,0x39,0x1e5f,0x1e52,0x1e46,
0x1e5e,0x1e56,0x200f9,0x19d,0x200f8,0x19d,0x1b00f5,0x39,
0x1e60,0x8b9,0x8af,0x913,0x909,0x9fd,0x94e,0xa44,
0xa3a,0xaac,0xa6b,0x18e,0xae7,0xb18,0xb0e,0xbcb,
0xbc1,0x1dba,0xbce,0x1deb,0x1de1,0x1e0b,0x1df0,0x1e5f,
0x1e55,0x50041,0x153,0x1e61,0x16,0x35,0x4003d,0x13f,
0x1e62,0x1e61,0x300f7,0x1e63,0x0,0x300fb,0x1d,0x1e64,
0x200f8,0x1e64,0x50051,0x1b,0x1e65,0x1e62,0x0,0x500ab,
0x25,0x1e66,0x1e65,0x1d,0x300f7,0x1e67,0x0,0x400fa,
0x1e66,0x1e68,0x1e67,0x200f8,0x1e68,0x50051,0x1b,0x1e69,
0x1e62,0x1,0x500aa,0x25,0x1e6a,0x1e69,0x1d,0x200f9,
0x1e67,0x200f8,0x1e67,0x700f5,0x25,0x1e6b,0x2b,0x1e64,
0x1e6a,0x1e68,0x300f7,0x1e6c,0x0,0x400fa,0x1e6b,0x1e6d,
0x1e6c,0x200f8,0x1e6d,0x200f9,0x1e63,0x200f8,0x1e6c,0x8004f,
0x3b,0x1e6e,0x1e60,0x1e60,0x0,0x1,0x2,0x50094,
0x27,0x1e6f,0x1e6e,0xa8,0x50085,0x27,0x1e70,0x1e6f,
0x170,0x500aa,0x25,0x1e71,0x1e65,0x2c,0x300f7,0x1e72,
0x0,0x400fa,0x1e71,0x1e73,0x1e74,0x200f8,0x1e74,0x500aa,
0x25,0x1e75,0x1e65,0x24,0x300f7,0x1e76,0x0,0x400fa,
0x1e75,0x1e77,0x1e78,0x200f8,0x1e78,0x500aa,0x25,0x1e79,
0x1e65,0x2f,0x300f7,0x1e7a,0x0,0x400fa,0x1e79,0x1e7b,
0x1e7c,0x200f8,0x1e7c,0x500aa,0x25,0x1e7d,0x1e65,0x22,
0x300f7,0x1e7e,0x0,0x400fa,0x1e7d,0x1e7f,0x1e80,0x200f8,
0x1e80,0x500aa,0x25,0x1e81,0x1e65,0x23,0x300f7,0x1e82,
0x0,0x400fa,0x1e81,0x1e83,0x1e84,0x200f8,0x1e84,0x500aa,
0x25,0x1e85,0x1e65,0x36,0x300f7,0x1e86,0x0,0x400fa,
0x1e85,0x1e87,0x1e88,0x200f8,0x1e88,0x500aa,0x25,0x1e89,
0x1e65,0x4d,0x300f7,0x1e8a,0x0,0x400fa,0x1e89,0x1e8b,
0x1e8c,0x200f8,0x1e8c,0x500aa,0x25,0x1e8d,0x1e65,0x7b,
0x300f7,0x1e8e,0x0,0x400fa,0x1e8d,0x1e8f,0x1e90,0x200f8,
0x1e90,0x500aa,0x25,0x1e91,0x1e65,0x46,0x300f7,0x1e92,
0x0,0x400fa,0x1e91,0x1e93,0x1e94,0x200f8,0x1e94,0x500aa,
0x25,0x1e95,0x1e65,0x37,0x300f7,0x1e96,0x0,0x400fa,
0x1e95,0x1e97,0x1e96,0x200f8,0x1e97,0x50085,0x3b,0x1e98,
0x1e6e,0x1e6e,0x5008e,0x3b,0x1e99,0x1e6e,0x6c,0x50083,
0x3b,0x1e9a,0xd1,0x1e99,0x50085,0x3b,0x1e9b,0x1e98,
0x1e9a,0x50085,0x3b,0x1e9c,0x1e9b,0xd4,0x50081,0x3b,
0x1e9d,0x1e9c,0xd7,0x8000c,0x3b,0x1e9e,0x1,0x2b,
0x1e9d,0x7d,0x7e,0x200f9,0x1e96,0x200f8,0x1e96,0x700f5,
0x3b,0x1e9f,0x1e6e,0x1e94,0x1e9e,0x1e97,0x200f9,0x1e92,
0x200f8,0x1e93,0x60050,0x3b,0x1ea0,0x1e70,0x1e70,0x1e70,
0x8000c,0x3b,0x1ea1,0x1,0x2e,0xcd,0xd0,0x1ea0,
0x50085,0x3b,0x1ea2,0x1ea1,0x16a,0x200f9,0x1e92,0x200f8,
0x1e92,0x700f5,0x3b,0x1ea3,0x1ea2,0x1e93,0x1e9f,0x1e96,
0x200f9,0x1e8e,0x200f8,0x1e8f,0x8000c,0x3b,0x1ea4,0x1,
0x2b,0x1e6e,0x7d,0x7e,0x5008e,0x3b,0x1ea5,0x1ea4,
0xaa,0x50081,0x3b,0x1ea6,0x1ea5,0xcb,0x6000c,0x3b,
0x1ea7,0x1,0x8,0x1ea6,0x50085,0x3b,0x1ea8,0x1ea7,
0x171,0x200f9,0x1e8e,0x200f8,0x1e8e,0x700f5,0x3b,0x1ea9,
0x1ea8,0x1e8f,0x1ea3,0x1e92,0x200f9,0x1e8a,0x200f8,0x1e8b,
0x60050,0x3b,0x1eaa,0x1e70,0x1e70,0x1e70,0x8000c,0x3b,
0x1eab,0x1,0x2e,0xc7,0xca,0x1eaa,0x50085,0x3b,
0x1eac,0x1eab,0x16a,0x200f9,0x1e8a,0x200f8,0x1e8a,0x700f5,
0x3b,0x1ead,0x1eac,0x1e8b,0x1ea9,0x1e8e,0x200f9,0x1e86,
0x200f8,0x1e87,0x5008e,0x3b,0x1eae,0x1e6e,0xaa,0x50085,
0x3b,0x1eaf,0x1eae,0x172,0x50081,0x3b,0x1eb0,0xc4,
0x1eaf,0x200f9,0x1e86,0x200f8,0x1e86,0x700f5,0x3b,0x1eb1,
0x1eb0,0x1e87,0x1ead,0x1e8a,0x200f9,0x1e82,0x200f8,0x1e83,
0x50085,0x27,0x1eb2,0x1e6f,0x173,0x50085,0x27,0x1eb3,
0x1e6f,0x174,0x50081,0x27,0x1eb4,0xc2,0x1eb3,0x50085,
0x27,0x1eb5,0x1e6f,0x162,0x60050,0x3b,0x1eb6,0x1eb2,
0x1eb4,0x1eb5,0x8000c,0x3b,0x1eb7,0x1,0x2b,0x1eb6,
0x7d,0x7e,0x200f9,0x1e82,0x200f8,0x1e82,0x700f5,0x3b,
0x1eb8,0x1eb7,0x1e83,0x1eb1,0x1e86,0x200f9,0x1e7e,0x200f8,
0x1e7f,0x3003e,0x17d,0x15c,0x50085,0x27,0x1eb9,0x1e6f,
0x175,0x4006d,0x1b,0x1eba,0x1eb9,0x7000c,0x1b,0x1ebb,
0x1,0x26,0x1eba,0x33,0x50041,0x152,0x1ebc,0x17d,
0x1ebb,0x4003d,0x3b,0x1ebd,0x1ebc,0x50080,0x1b,0x1ebe,
0x1ebb,0x2c,0x50041,0x152,0x1ebf,0x17d,0x1ebe,0x4003d,
0x3b,0x1ec0,0x1ebf,0x40070,0x27,0x1ec1,0x1ebb,0x50083,
0x27,0x1ec2,0x1eb9,0x1ec1,0x60050,0x3b,0x1ec3,0x1ec2,
0x1ec2,0x1ec2,0x8000c,0x3b,0x1ec4,0x1,0x2e,0x1ebd,
0x1ec0,0x1ec3,0x50085,0x3b,0x1ec5,0x1ec4,0x16a,0x200f9,
0x1e7e,0x200f8,0x1e7e,0x700f5,0x3b,0x1ec6,0x1ec5,0x1e7f,
0x1eb8,0x1e82,0x200f9,0x1e7a,0x200f8,0x1e7b,0x50094,0x27,
0x1ec7,0x1e6e,0xae,0x50094,0x27,0x1ec8,0x1e6e,0xb2,
0x50094,0x27,0x1ec9,0x1e6e,0xb6,0x60050,0x3b,0x1eca,
0x1ec7,0x1ec8,0x1ec9,0x50085,0x3b,0x1ecb,0x1eca,0x176,
0x8000c,0x3b,0x1ecc,0x1,0x2b,0x1ecb,0x7d,0x7e,
0x200f9,0x1e7a,0x200f8,0x1e7a,0x700f5,0x3b,0x1ecd,0x1ecc,
0x1e7b,0x1ec6,0x1e7e,0x200f9,0x1e76,0x200f8,0x1e77,0x60050,
0x3b,0x1ece,0x1e70,0x1e70,0x1e70,0x200f9,0x1e76,0x200f8,
0x1e76,0x700f5,0x3b,0x1ecf,0x1ece,0x1e77,0x1ecd,0x1e7a,
0x200f9,0x1e72,0x200f8,0x1e73,0x50051,0x27,0x1ed0,0x1e60,
0x0,0x50051,0x27,0x1ed1,0x1e60,0x1,0x7000c,0x27,
0x1ed2,0x1,0x50,0x1ed0,0x1ed1,0x50051,0x27,0x1ed3,
0x1e60,0x2,0x7000c,0x27,0x1ed4,0x1,0x50,0x1ed3,
0x75,0x7000c,0x27,0x1ed5,0x1,0x50,0x1ed2,0x1ed4,
0x50085,0x27,0x1ed6,0x1ed5,0xaa,0x50081,0x27,0x1ed7,
0x1ed6,0x69,0x6000c,0x27,0x1ed8,0x1,0x8,0x1ed7,
0x50085,0x27,0x1ed9,0x1ed8,0x79,0x7000c,0x27,0x1eda,
0x1,0x4f,0x67,0x1ed9,0x50088,0x27,0x1edb,0x1eda,
0x1ed5,0x5008e,0x3b,0x1edc,0x1e6e,0x1edb,0x200f9,0x1e72,
0x200f8,0x1e72,0x700f5,0x3b,0x1edd,0x1edc,0x1e73,0x1ecf,
0x1e76,0x50051,0x1b,0x1ede,0x1e62,0x1,0x7000c,0x1b,
0x1edf,0x1,0x26,0x1ede,0xd8,0x40070,0x27,0x1ee0,
0x1edf,0x50085,0x27,0x1ee1,0x1ee0,0xe4,0x60050,0x3b,
0x1ee2,0x1ee1,0x1ee1,0x1ee1,0x8000c,0x3b,0x1ee3,0x1,
0x2e,0x1e6e,0x1edd,0x1ee2,0x50051,0x27,0x1ee4,0x1e60,
0x3,0x50051,0x27,0x1ee5,0x1ee3,0x0,0x50051,0x27,
0x1ee6,0x1ee3,0x1,0x50051,0x27,0x1ee7,0x1ee3,0x2,
0x70050,0x39,0x1ee8,0x1ee5,0x1ee6,0x1ee7,0x1ee4,0x200f9,
0x1e63,0x200f8,0x1e63,0x700f5,0x39,0x1ee9,0x1e60,0x1e6d,
0x1ee8,0x1e72,0x3003e,0x14,0x1ee9,0x100fd,0x10038
};
inline constexpr std::uint32_t connected_project[]={
0x7230203,0x10000,0xe0000,0xb0,0x0,0x20011,0x1,0x6000b,
0x1,0x4c534c47,0x6474732e,0x3035342e,0x0,0x3000e,0x0,0x1,
0xa000f,0x5,0x2,0x6e6e6f63,0x65746365,0x72705f64,0x63656a6f,0x616d5f74,
0x6e69,0x3,0x60010,0x2,0x11,0x40,0x1,0x1,
0x30003,0x5,0x258,0x90005,0x4,0x65707974,0x7274532e,0x75746375,
0x42646572,0x65666675,0x69752e72,0x746e,0x40005,0x5,0x65786574,0x736c,
0xa0005,0x6,0x65707974,0x5357522e,0x63757274,0x65727574,0x66754264,0x2e726566,
0x746e6975,0x0,0x50005,0x7,0x64697267,0x74756f5f,0x747570,0x80005,
0x2,0x6e6e6f63,0x65746365,0x72705f64,0x63656a6f,0x616d5f74,0x6e69,0x40047,
0x3,0xb,0x1c,0x40047,0x5,0x22,0x0,0x40047,
0x5,0x21,0x0,0x40047,0x7,0x22,0x0,0x40047,
0x7,0x21,0x1,0x40047,0x8,0x6,0x4,0x50048,
0x4,0x0,0x23,0x0,0x40048,0x4,0x0,0x18,
0x30047,0x4,0x3,0x50048,0x6,0x0,0x23,0x0,
0x30047,0x6,0x3,0x40015,0x9,0x20,0x0,0x4002b,
0x9,0xa,0x208ef,0x40015,0xb,0x20,0x1,0x4002b,
0xb,0xc,0x0,0x4002b,0x9,0xd,0xe1,0x4002b,
0x9,0xe,0x0,0x4002b,0xb,0xf,0xff,0x4002b,
0xb,0x10,0x780,0x4002b,0x9,0x11,0x1,0x4002b,
0x9,0x12,0x2,0x4002b,0x9,0x13,0x3,0x4002b,
0x9,0x14,0x6,0x4002b,0x9,0x15,0x9,0x4002b,
0xb,0x16,0xf,0x4002b,0xb,0x17,0x1,0x4002b,
0xb,0x18,0x2,0x4002b,0x9,0x19,0xf,0x4002b,
0xb,0x1a,0x7,0x40017,0x1b,0xb,0x2,0x5002c,
0x1b,0x1c,0xc,0xc,0x20014,0x1d,0x3002a,0x1d,
0x1e,0x4002b,0xb,0x1f,0x100,0x4002b,0xb,0x20,
0x7fff00,0x4002b,0xb,0x21,0x2fff,0x4002b,0xb,0x22,
0xfffffffe,0x4002b,0xb,0x23,0x70,0x4002b,0xb,0x24,
0x60,0x4002b,0xb,0x25,0xe0,0x4002b,0xb,0x26,
0xc0,0x4002b,0x9,0x27,0x4,0x4002b,0xb,0x28,
0x10,0x3001d,0x8,0x9,0x3001e,0x4,0x8,0x40020,
0x29,0x2,0x4,0x3001e,0x6,0x8,0x40020,0x2a,
0x2,0x6,0x40017,0x2b,0x9,0x3,0x40020,0x2c,
0x1,0x2b,0x20013,0x2d,0x30021,0x2e,0x2d,0x40017,
0x2f,0xb,0x3,0x40020,0x30,0x7,0x2f,0x40020,
0x31,0x7,0xb,0x40020,0x32,0x2,0x9,0x40017,
0x33,0x1d,0x2,0x4003b,0x29,0x5,0x2,0x4003b,
0x2a,0x7,0x2,0x4003b,0x2c,0x3,0x1,0x4002b,
0x9,0x34,0x208f0,0x4002b,0x9,0x35,0x208f1,0x4002b,
0x9,0x36,0x208f2,0x50036,0x2d,0x2,0x0,0x2e,
0x200f8,0x37,0x4003b,0x30,0x38,0x7,0x4003d,0x2b,
0x39,0x3,0x300f7,0x3a,0x0,0x300fb,0xe,0x3b,
0x200f8,0x3b,0x50051,0x9,0x3c,0x39,0x0,0x500ae,
0x1d,0x3d,0x3c,0xd,0x300f7,0x3e,0x0,0x400fa,
0x3d,0x3f,0x3e,0x200f8,0x3f,0x200f9,0x3a,0x200f8,
0x3e,0x60041,0x32,0x40,0x5,0xc,0xe,0x4003d,
0x9,0x41,0x40,0x4007c,0xb,0x42,0x41,0x500c7,
0xb,0x43,0x42,0xf,0x500c6,0xb,0x44,0x43,
0xf,0x50082,0xb,0x45,0x44,0x10,0x60041,0x32,
0x46,0x5,0xc,0x11,0x4003d,0x9,0x47,0x46,
0x4007c,0xb,0x48,0x47,0x4007e,0xb,0x49,0x48,
0x500c4,0xb,0x4a,0x49,0x28,0x500c3,0xb,0x4b,
0x4a,0x28,0x60041,0x32,0x4c,0x5,0xc,0x12,
0x4003d,0x9,0x4d,0x4c,0x4007c,0xb,0x4e,0x4d,
0x500c7,0xb,0x4f,0x4e,0xf,0x500c6,0xb,0x50,
0x4f,0xf,0x50082,0xb,0x51,0x50,0x10,0x200f9,
0x52,0x200f8,0x52,0x700f5,0x9,0x53,0xe,0x3e,
0x54,0x55,0x500b0,0x1d,0x56,0x53,0x13,0x400f6,
0x57,0x55,0x0,0x400fa,0x56,0x55,0x57,0x200f8,
0x55,0x50080,0x9,0x58,0x13,0x53,0x60041,0x32,
0x59,0x5,0xc,0x58,0x4003d,0x9,0x5a,0x59,
0x4007c,0xb,0x5b,0x5a,0x50080,0x9,0x5c,0x14,
0x53,0x60041,0x32,0x5d,0x5,0xc,0x5c,0x4003d,
0x9,0x5e,0x5d,0x4007c,0xb,0x5f,0x5e,0x50080,
0x9,0x60,0x15,0x53,0x60041,0x32,0x61,0x5,
0xc,0x60,0x4003d,0x9,0x62,0x61,0x4007c,0xb,
0x63,0x62,0x50084,0xb,0x64,0x45,0x5b,0x500c3,
0xb,0x65,0x64,0x16,0x50084,0xb,0x66,0x4b,
0x5f,0x500c3,0xb,0x67,0x66,0x16,0x50080,0xb,
0x68,0x65,0x67,0x50084,0xb,0x69,0x51,0x63,
0x500c3,0xb,0x6a,0x69,0x16,0x50080,0xb,0x6b,
0x68,0x6a,0x500c4,0xb,0x6c,0x6b,0x28,0x500c3,
0xb,0x6d,0x6c,0x28,0x50089,0x9,0x6e,0x3c,
0x19,0x4007c,0xb,0x6f,0x6e,0x500c3,0xb,0x70,
0x5b,0x1a,0x50084,0xb,0x71,0x6f,0x70,0x50080,
0xb,0x72,0x6d,0x71,0x50086,0x9,0x73,0x3c,
0x19,0x4007c,0xb,0x74,0x73,0x500c3,0xb,0x75,
0x63,0x1a,0x50084,0xb,0x76,0x74,0x75,0x50080,
0xb,0x77,0x72,0x76,0x500c4,0xb,0x78,0x77,
0x28,0x500c3,0xb,0x79,0x78,0x28,0x50041,0x31,
0x7a,0x38,0x53,0x3003e,0x7a,0x79,0x50080,0x9,
0x54,0x53,0x11,0x200f9,0x52,0x200f8,0x57,0x50041,
0x31,0x7b,0x38,0x18,0x4003d,0xb,0x7c,0x7b,
0x500ad,0x1d,0x7d,0x7c,0x1f,0x300f7,0x7e,0x0,
0x400fa,0x7d,0x7f,0x7e,0x200f8,0x7f,0x4003d,0xb,
0x80,0x7b,0x7000c,0xb,0x81,0x1,0x27,0x80,
0x21,0x500c7,0xb,0x82,0x81,0x22,0x50087,0xb,
0x83,0x20,0x82,0x50041,0x31,0x84,0x38,0xc,
0x4003d,0xb,0x85,0x84,0x50084,0xb,0x86,0x85,
0x83,0x500c3,0xb,0x87,0x86,0x16,0x50080,0xb,
0x88,0x87,0x23,0x500c4,0xb,0x89,0x88,0x28,
0x500c3,0xb,0x8a,0x89,0x28,0x50041,0x31,0x8b,
0x38,0x17,0x4003d,0xb,0x8c,0x8b,0x50084,0xb,
0x8d,0x8c,0x83,0x500c3,0xb,0x8e,0x8d,0x16,
0x50080,0xb,0x8f,0x8e,0x24,0x500c4,0xb,0x90,
0x8f,0x28,0x500c3,0xb,0x91,0x90,0x28,0x50050,
0x1b,0x92,0x8a,0x91,0x500af,0x33,0x93,0x92,
0x1c,0x4009b,0x1d,0x94,0x93,0x300f7,0x95,0x0,
0x400fa,0x94,0x96,0x95,0x200f8,0x96,0x500b1,0x1d,
0x97,0x8a,0x25,0x200f9,0x95,0x200f8,0x95,0x700f5,
0x1d,0x98,0x1e,0x7f,0x97,0x96,0x300f7,0x99,
0x0,0x400fa,0x98,0x9a,0x99,0x200f8,0x9a,0x500b1,
0x1d,0x9b,0x91,0x26,0x200f9,0x99,0x200f8,0x99,
0x700f5,0x1d,0x9c,0x1e,0x95,0x9b,0x9a,0x200f9,
0x7e,0x200f8,0x7e,0x700f5,0x1d,0x9d,0x1e,0x57,
0x9c,0x99,0x700f5,0x1b,0x9e,0x1c,0x57,0x92,
0x99,0x50084,0x9,0x9f,0x3c,0x27,0x50080,0x9,
0xa0,0xa,0x9f,0x50051,0xb,0xa1,0x9e,0x0,
0x4007c,0x9,0xa2,0xa1,0x60041,0x32,0xa3,0x7,
0xc,0xa0,0x3003e,0xa3,0xa2,0x50051,0xb,0xa4,
0x9e,0x1,0x4007c,0x9,0xa5,0xa4,0x50080,0x9,
0xa6,0x9f,0x34,0x60041,0x32,0xa7,0x7,0xc,
0xa6,0x3003e,0xa7,0xa5,0x4003d,0xb,0xa8,0x7b,
0x4007c,0x9,0xa9,0xa8,0x50080,0x9,0xaa,0x9f,
0x35,0x60041,0x32,0xab,0x7,0xc,0xaa,0x3003e,
0xab,0xa9,0x600a9,0xb,0xac,0x9d,0x17,0xc,
0x4007c,0x9,0xad,0xac,0x50080,0x9,0xae,0x9f,
0x36,0x60041,0x32,0xaf,0x7,0xc,0xae,0x3003e,
0xaf,0xad,0x200f9,0x3a,0x200f8,0x3a,0x100fd,0x10038
};
inline constexpr std::uint32_t connected_rows[]={
0x7230203,0x10000,0xe0000,0x108,0x0,0x20011,0x1,0x6000b,
0x1,0x4c534c47,0x6474732e,0x3035342e,0x0,0x3000e,0x0,0x1,
0x9000f,0x5,0x2,0x6e6e6f63,0x65746365,0x6f725f64,0x6d5f7377,0x6e6961,
0x3,0x60010,0x2,0x11,0x40,0x1,0x1,0x30003,
0x5,0x258,0x90005,0x4,0x65707974,0x7274532e,0x75746375,0x42646572,
0x65666675,0x69752e72,0x746e,0x40005,0x5,0x65786574,0x736c,0xa0005,
0x6,0x65707974,0x5357522e,0x63757274,0x65727574,0x66754264,0x2e726566,0x746e6975,
0x0,0x50005,0x7,0x64697267,0x74756f5f,0x747570,0x70005,0x2,
0x6e6e6f63,0x65746365,0x6f725f64,0x6d5f7377,0x6e6961,0x40047,0x3,0xb,
0x1c,0x40047,0x5,0x22,0x0,0x40047,0x5,0x21,
0x0,0x40047,0x7,0x22,0x0,0x40047,0x7,0x21,
0x1,0x40047,0x8,0x6,0x4,0x50048,0x4,0x0,
0x23,0x0,0x40048,0x4,0x0,0x18,0x30047,0x4,
0x3,0x50048,0x6,0x0,0x23,0x0,0x30047,0x6,
0x3,0x40015,0x9,0x20,0x0,0x4002b,0x9,0xa,
0xeaf,0x4002b,0x9,0xb,0x208ef,0x40015,0xc,0x20,
0x1,0x4002b,0xc,0xd,0x0,0x4002b,0x9,0xe,
0xc0,0x4002b,0x9,0xf,0x2a3,0x4002b,0x9,0x10,
0x0,0x4002b,0x9,0x11,0xc,0x4002b,0x9,0x12,
0xd,0x4002b,0x9,0x13,0xe1,0x4002b,0x9,0x14,
0x4,0x4002b,0x9,0x15,0x1,0x4002b,0xc,0x16,
0x1,0x40017,0x17,0xc,0x2,0x5002c,0x17,0x18,
0x16,0xd,0x4002b,0x9,0x19,0x180,0x4002b,0x9,
0x1a,0xf,0x4002b,0xc,0x1b,0x2,0x4002b,0x9,
0x1c,0x2,0x20014,0x1d,0x3002a,0x1d,0x1e,0x4002b,
0xc,0x1f,0xe0,0x4002b,0xc,0x20,0x200,0x3001d,
0x8,0x9,0x3001e,0x4,0x8,0x40020,0x21,0x2,
0x4,0x3001e,0x6,0x8,0x40020,0x22,0x2,0x6,
0x40017,0x23,0x9,0x3,0x40020,0x24,0x1,0x23,
0x20013,0x25,0x30021,0x26,0x25,0x40020,0x27,0x2,
0x9,0x4003b,0x21,0x5,0x2,0x4003b,0x22,0x7,
0x2,0x4003b,0x24,0x3,0x1,0x4002b,0xc,0x28,
0xffffffff,0x4002b,0x9,0x29,0x208f2,0x4002b,0x9,0x2a,
0x208f0,0x4002b,0x9,0x2b,0x181,0x4002b,0x9,0x2c,
0x182,0x4002b,0x9,0x2d,0x184,0x4002b,0x9,0x2e,
0x183,0x4002b,0x9,0x2f,0x185,0x4002b,0x9,0x30,
0x186,0x4002b,0x9,0x31,0x187,0x4002b,0x9,0x32,
0x188,0x4002b,0x9,0x33,0x189,0x4002b,0x9,0x34,
0x18a,0x4002b,0x9,0x35,0x18b,0x4002b,0x9,0x36,
0x18c,0x4002b,0x9,0x37,0x18e,0x4002b,0x9,0x38,
0x18d,0x4002b,0xc,0x39,0xe1,0x4002b,0x9,0x3a,
0x208f1,0x50036,0x25,0x2,0x0,0x26,0x200f8,0x3b,
0x4003d,0x23,0x3c,0x3,0x300f7,0x3d,0x0,0x300fb,
0x10,0x3e,0x200f8,0x3e,0x50051,0x9,0x3f,0x3c,
0x0,0x500ae,0x1d,0x40,0x3f,0xe,0x300f7,0x41,
0x0,0x400fa,0x40,0x42,0x41,0x200f8,0x42,0x200f9,
0x3d,0x200f8,0x41,0x50084,0x9,0x43,0x3f,0xf,
0x50080,0x9,0x44,0xa,0x43,0x60041,0x27,0x45,
0x5,0xd,0x11,0x4003d,0x9,0x46,0x45,0x4007c,
0xc,0x47,0x46,0x60041,0x27,0x48,0x5,0xd,
0x12,0x4003d,0x9,0x49,0x48,0x4007c,0xc,0x4a,
0x49,0x50050,0x17,0x4b,0x47,0x4a,0x200f9,0x4c,
0x200f8,0x4c,0x700f5,0x17,0x4d,0x4b,0x41,0x4e,
0x4f,0x700f5,0x9,0x50,0x10,0x41,0x51,0x4f,
0x700f5,0x9,0x52,0x10,0x41,0x53,0x4f,0x500b0,
0x1d,0x54,0x52,0x13,0x400f6,0x55,0x4f,0x0,
0x400fa,0x54,0x56,0x55,0x200f8,0x56,0x50084,0x9,
0x57,0x52,0x14,0x50080,0x9,0x58,0xb,0x57,
0x50080,0x9,0x59,0x57,0x29,0x60041,0x27,0x5a,
0x7,0xd,0x59,0x4003d,0x9,0x5b,0x5a,0x500aa,
0x1d,0x5c,0x5b,0x10,0x300f7,0x5d,0x0,0x400fa,
0x5c,0x5e,0x5d,0x200f8,0x5e,0x200f9,0x4f,0x200f8,
0x5d,0x60041,0x27,0x5f,0x7,0xd,0x58,0x4003d,
0x9,0x60,0x5f,0x4007c,0xc,0x61,0x60,0x50080,
0x9,0x62,0x57,0x2a,0x60041,0x27,0x63,0x7,
0xd,0x62,0x4003d,0x9,0x64,0x63,0x4007c,0xc,
0x65,0x64,0x50050,0x17,0x66,0x61,0x65,0x50082,
0x17,0x67,0x66,0x18,0x50051,0xc,0x68,0x67,
0x0,0x50051,0xc,0x69,0x67,0x1,0x50051,0xc,
0x6a,0x4d,0x0,0x50082,0xc,0x6b,0x68,0x6a,
0x50084,0x9,0x6c,0x52,0x1a,0x50080,0x9,0x6d,
0x19,0x6c,0x500aa,0x1d,0x6e,0x3f,0x10,0x300f7,
0x6f,0x0,0x400fa,0x6e,0x70,0x6f,0x200f8,0x70,
0x60041,0x27,0x71,0x7,0xd,0x6d,0x3003e,0x71,
0x15,0x4007c,0x9,0x72,0x68,0x50080,0x9,0x73,
0x6c,0x2b,0x60041,0x27,0x74,0x7,0xd,0x73,
0x3003e,0x74,0x72,0x50080,0xc,0x75,0x69,0x1b,
0x4007c,0x9,0x76,0x75,0x50080,0x9,0x77,0x6c,
0x2c,0x60041,0x27,0x78,0x7,0xd,0x77,0x3003e,
0x78,0x76,0x50080,0x9,0x79,0x6c,0x2d,0x60041,
0x27,0x7a,0x7,0xd,0x79,0x3003e,0x7a,0x10,
0x50080,0x9,0x7b,0x6c,0x2e,0x60041,0x27,0x7c,
0x7,0xd,0x7b,0x3003e,0x7c,0x10,0x50080,0x9,
0x7d,0x6c,0x2f,0x60041,0x27,0x7e,0x7,0xd,
0x7d,0x3003e,0x7e,0x10,0x50080,0x9,0x7f,0x6c,
0x30,0x60041,0x27,0x80,0x7,0xd,0x7f,0x3003e,
0x80,0x72,0x4007c,0x9,0x81,0x69,0x50080,0x9,
0x82,0x6c,0x31,0x60041,0x27,0x83,0x7,0xd,
0x82,0x3003e,0x83,0x81,0x4007c,0x9,0x84,0x6a,
0x50080,0x9,0x85,0x6c,0x32,0x60041,0x27,0x86,
0x7,0xd,0x85,0x3003e,0x86,0x84,0x50051,0xc,
0x87,0x4d,0x1,0x4007c,0x9,0x88,0x87,0x50080,
0x9,0x89,0x6c,0x33,0x60041,0x27,0x8a,0x7,
0xd,0x89,0x3003e,0x8a,0x88,0x50080,0x9,0x8b,
0x6c,0x34,0x60041,0x27,0x8c,0x7,0xd,0x8b,
0x3003e,0x8c,0x15,0x50082,0xc,0x8d,0x68,0x16,
0x4007c,0x9,0x8e,0x8d,0x50080,0x9,0x8f,0x6c,
0x35,0x60041,0x27,0x90,0x7,0xd,0x8f,0x3003e,
0x90,0x8e,0x50080,0xc,0x91,0x69,0x16,0x4007c,
0x9,0x92,0x91,0x50080,0x9,0x93,0x6c,0x36,
0x60041,0x27,0x94,0x7,0xd,0x93,0x3003e,0x94,
0x92,0x50080,0x9,0x95,0x6c,0x37,0x60041,0x27,
0x96,0x7,0xd,0x95,0x3003e,0x96,0x10,0x50080,
0x9,0x97,0x6c,0x38,0x60041,0x27,0x98,0x7,
0xd,0x97,0x3003e,0x98,0x10,0x200f9,0x6f,0x200f8,
0x6f,0x500af,0x1d,0x99,0x68,0xd,0x300f7,0x9a,
0x0,0x400fa,0x99,0x9b,0x9a,0x200f8,0x9b,0x500b1,
0x1d,0x9c,0x68,0x1f,0x200f9,0x9a,0x200f8,0x9a,
0x700f5,0x1d,0x9d,0x1e,0x6f,0x9c,0x9b,0x300f7,
0x9e,0x0,0x400fa,0x9d,0x9f,0x9e,0x200f8,0x9f,
0x4007c,0xc,0xa0,0x3f,0x50080,0xc,0xa1,0x69,
0x1b,0x500aa,0x1d,0xa2,0xa0,0xa1,0x200f9,0x9e,
0x200f8,0x9e,0x700f5,0x1d,0xa3,0x1e,0x9a,0xa2,
0x9f,0x300f7,0xa4,0x0,0x400fa,0xa3,0xa5,0xa4,
0x200f8,0xa5,0x50080,0x9,0xa6,0x50,0x15,0x50080,
0x9,0xa7,0x44,0x50,0x60041,0x27,0xa8,0x7,
0xd,0xa7,0x3003e,0xa8,0x6d,0x200f9,0xa4,0x200f8,
0xa4,0x700f5,0x9,0xa9,0x50,0x9e,0xa6,0xa5,
0x50082,0xc,0xaa,0x68,0x1b,0x50082,0xc,0xab,
0x68,0x39,0x7000c,0xc,0xac,0x1,0x2a,0xd,
0xab,0x7000c,0xc,0xad,0x1,0x2a,0x6b,0xd,
0x7000c,0xc,0xae,0x1,0x27,0xad,0xaa,0x500b3,
0x1d,0xaf,0xac,0xae,0x300f7,0xb0,0x0,0x400fa,
0xaf,0xb1,0xb0,0x200f8,0xb1,0x50051,0xc,0xb2,
0x4d,0x1,0x50082,0xc,0xb3,0x69,0xb2,0x500ad,
0x1d,0xb4,0xac,0xd,0x300f7,0xb5,0x0,0x400fa,
0xb4,0xb6,0xb5,0x200f8,0xb6,0x500ad,0x1d,0xb7,
0x6b,0xd,0x200f9,0xb5,0x200f8,0xb5,0x700f5,0x1d,
0xb8,0x1e,0xb1,0xb7,0xb6,0x300f7,0xb9,0x0,
0x400fa,0xb8,0xba,0xbb,0x200f8,0xba,0x6000c,0xc,
0xbc,0x1,0x5,0xb3,0x50084,0xc,0xbd,0xac,
0xbc,0x50082,0xc,0xbe,0xbd,0x16,0x50087,0xc,
0xbf,0xbe,0x6b,0x7000c,0xc,0xc0,0x1,0x2a,
0xd,0xbf,0x7000c,0xc,0xc1,0x1,0x27,0xac,
0xc0,0x200f9,0xb9,0x200f8,0xbb,0x200f9,0xb9,0x200f8,
0xb9,0x700f5,0xc,0xc2,0xc1,0xba,0xd,0xbb,
0x500b1,0x1d,0xc3,0x69,0xb2,0x600a9,0xc,0xc4,
0xc3,0x16,0x28,0x50084,0xc,0xc5,0xc2,0xc4,
0x50080,0xc,0xc6,0x69,0xc5,0x500ad,0x1d,0xc7,
0xae,0xd,0x300f7,0xc8,0x0,0x400fa,0xc7,0xc9,
0xc8,0x200f8,0xc9,0x500ad,0x1d,0xca,0x6b,0xd,
0x200f9,0xc8,0x200f8,0xc8,0x700f5,0x1d,0xcb,0x1e,
0xb9,0xca,0xc9,0x300f7,0xcc,0x0,0x400fa,0xcb,
0xcd,0xce,0x200f8,0xcd,0x6000c,0xc,0xcf,0x1,
0x5,0xb3,0x50084,0xc,0xd0,0xae,0xcf,0x50082,
0xc,0xd1,0xd0,0x16,0x50087,0xc,0xd2,0xd1,
0x6b,0x7000c,0xc,0xd3,0x1,0x2a,0xd,0xd2,
0x7000c,0xc,0xd4,0x1,0x27,0xae,0xd3,0x200f9,
0xcc,0x200f8,0xce,0x200f9,0xcc,0x200f8,0xcc,0x700f5,
0xc,0xd5,0xd4,0xcd,0xd,0xce,0x50084,0xc,
0xd6,0xd5,0xc4,0x50080,0xc,0xd7,0x69,0xd6,
0x4007c,0xc,0xd8,0x3f,0x7000c,0xc,0xd9,0x1,
0x27,0xc6,0xd7,0x500af,0x1d,0xda,0xd8,0xd9,
0x300f7,0xdb,0x0,0x400fa,0xda,0xdc,0xdb,0x200f8,
0xdc,0x7000c,0xc,0xdd,0x1,0x2a,0xc6,0xd7,
0x500b3,0x1d,0xde,0xd8,0xdd,0x200f9,0xdb,0x200f8,
0xdb,0x700f5,0x1d,0xdf,0x1e,0xcc,0xde,0xdc,
0x300f7,0xe0,0x0,0x400fa,0xdf,0xe1,0xe0,0x200f8,
0xe1,0x50080,0x9,0xe2,0x6c,0x2f,0x50080,0x9,
0xe3,0xa9,0x15,0x50080,0x9,0xe4,0x44,0xa9,
0x60041,0x27,0xe5,0x7,0xd,0xe4,0x3003e,0xe5,
0xe2,0x200f9,0xe0,0x200f8,0xe0,0x700f5,0x9,0xe6,
0xa9,0xdb,0xe3,0xe1,0x200f9,0xb0,0x200f8,0xb0,
0x700f5,0x9,0xe7,0xa9,0xa4,0xe6,0xe0,0x50080,
0x9,0xe8,0x57,0x3a,0x60041,0x27,0xe9,0x7,
0xd,0xe8,0x4003d,0x9,0xea,0xe9,0x4007c,0xc,
0xeb,0xea,0x500b1,0x1d,0xec,0xeb,0x20,0x300f7,
0xed,0x0,0x400fa,0xec,0xee,0xed,0x200f8,0xee,
0x50082,0xc,0xef,0x68,0x16,0x500af,0x1d,0xf0,
0xef,0xd,0x200f9,0xed,0x200f8,0xed,0x700f5,0x1d,
0xf1,0x1e,0xb0,0xf0,0xee,0x300f7,0xf2,0x0,
0x400fa,0xf1,0xf3,0xf2,0x200f8,0xf3,0x50082,0xc,
0xf4,0x68,0x16,0x500b1,0x1d,0xf5,0xf4,0x1f,
0x200f9,0xf2,0x200f8,0xf2,0x700f5,0x1d,0xf6,0x1e,
0xed,0xf5,0xf3,0x300f7,0xf7,0x0,0x400fa,0xf6,
0xf8,0xf7,0x200f8,0xf8,0x4007c,0xc,0xf9,0x3f,
0x50080,0xc,0xfa,0x69,0x16,0x500aa,0x1d,0xfb,
0xf9,0xfa,0x200f9,0xf7,0x200f8,0xf7,0x700f5,0x1d,
0xfc,0x1e,0xf2,0xfb,0xf8,0x300f7,0xfd,0x0,
0x400fa,0xfc,0xfe,0xfd,0x200f8,0xfe,0x50080,0x9,
0xff,0x6c,0x34,0x50080,0x9,0x100,0xe7,0x15,
0x50080,0x9,0x101,0x44,0xe7,0x60041,0x27,0x102,
0x7,0xd,0x101,0x3003e,0x102,0xff,0x200f9,0xfd,
0x200f8,0xfd,0x700f5,0x9,0x103,0xe7,0xf7,0x100,
0xfe,0x200f9,0x4f,0x200f8,0x4f,0x700f5,0x17,0x4e,
0x4d,0x5e,0x67,0xfd,0x700f5,0x9,0x51,0x50,
0x5e,0x103,0xfd,0x50080,0x9,0x53,0x52,0x15,
0x200f9,0x4c,0x200f8,0x55,0x50084,0x9,0x104,0x3f,
0x1c,0x60041,0x27,0x105,0x7,0xd,0x104,0x3003e,
0x105,0x44,0x50080,0x9,0x106,0x104,0x15,0x60041,
0x27,0x107,0x7,0xd,0x106,0x3003e,0x107,0x50,
0x200f9,0x3d,0x200f8,0x3d,0x100fd,0x10038
};
}
