// Generated from Misaki Gothic. Copyright (C) 2002-2021 Num Kadoma.
// Redistribution license and source: assets/fonts/README.md
#pragma once
#include <cstdint>
#include <iterator>
namespace starfox::localization {
struct Glyph { char32_t code; unsigned char advance; unsigned char rows[8]; };
inline constexpr Glyph glyphs[] = {
    {0x20, 4, {0x00,0x00,0x00,0x00,0x00,0x00,0x00,0x00}},
    {0x21, 4, {0x40,0x40,0x40,0x40,0x00,0x40,0x00,0x00}},
    {0x22, 4, {0xa0,0xa0,0x00,0x00,0x00,0x00,0x00,0x00}},
    {0x23, 4, {0xa0,0xe0,0xa0,0xa0,0xe0,0xa0,0x00,0x00}},
    {0x24, 4, {0x40,0xe0,0xc0,0x60,0xe0,0x40,0x00,0x00}},
    {0x25, 4, {0x00,0x80,0x20,0x40,0x80,0x20,0x00,0x00}},
    {0x26, 4, {0x40,0xa0,0x40,0xa0,0x80,0x60,0x00,0x00}},
    {0x27, 4, {0x40,0x80,0x00,0x00,0x00,0x00,0x00,0x00}},
    {0x28, 4, {0x20,0x40,0x40,0x40,0x40,0x40,0x20,0x00}},
    {0x29, 4, {0x80,0x40,0x40,0x40,0x40,0x40,0x80,0x00}},
    {0x2a, 4, {0x40,0xe0,0x40,0xa0,0x00,0x00,0x00,0x00}},
    {0x2b, 4, {0x00,0x40,0x40,0xe0,0x40,0x40,0x00,0x00}},
    {0x2c, 4, {0x00,0x00,0x00,0x00,0x00,0x40,0x80,0x00}},
    {0x2d, 4, {0x00,0x00,0x00,0xe0,0x00,0x00,0x00,0x00}},
    {0x2e, 4, {0x00,0x00,0x00,0x00,0x00,0x40,0x00,0x00}},
    {0x2f, 4, {0x00,0x00,0x20,0x40,0x80,0x00,0x00,0x00}},
    {0x30, 4, {0x00,0x40,0xa0,0xe0,0xa0,0x40,0x00,0x00}},
    {0x31, 4, {0x00,0x40,0xc0,0x40,0x40,0xe0,0x00,0x00}},
    {0x32, 4, {0x00,0xc0,0x20,0x40,0x80,0xe0,0x00,0x00}},
    {0x33, 4, {0x00,0xc0,0x20,0x40,0x20,0xc0,0x00,0x00}},
    {0x34, 4, {0x00,0x20,0x60,0xa0,0xe0,0x20,0x00,0x00}},
    {0x35, 4, {0x00,0xe0,0x80,0xc0,0x20,0xc0,0x00,0x00}},
    {0x36, 4, {0x00,0x60,0x80,0xc0,0xa0,0x40,0x00,0x00}},
    {0x37, 4, {0x00,0xe0,0x20,0x40,0x40,0x40,0x00,0x00}},
    {0x38, 4, {0x00,0x40,0xa0,0x40,0xa0,0x40,0x00,0x00}},
    {0x39, 4, {0x00,0x40,0xa0,0x60,0x20,0xc0,0x00,0x00}},
    {0x3a, 4, {0x00,0x00,0x40,0x00,0x00,0x40,0x00,0x00}},
    {0x3b, 4, {0x00,0x00,0x40,0x00,0x00,0x40,0x80,0x00}},
    {0x3c, 4, {0x00,0x20,0x40,0x80,0x40,0x20,0x00,0x00}},
    {0x3d, 4, {0x00,0x00,0xe0,0x00,0xe0,0x00,0x00,0x00}},
    {0x3e, 4, {0x00,0x80,0x40,0x20,0x40,0x80,0x00,0x00}},
    {0x3f, 4, {0x40,0xa0,0x20,0x40,0x00,0x40,0x00,0x00}},
    {0x40, 4, {0x40,0xa0,0x20,0x60,0xa0,0x40,0x00,0x00}},
    {0x41, 4, {0x40,0xa0,0xa0,0xe0,0xa0,0xa0,0x00,0x00}},
    {0x42, 4, {0xc0,0xa0,0xc0,0xa0,0xa0,0xc0,0x00,0x00}},
    {0x43, 4, {0x60,0x80,0x80,0x80,0x80,0x60,0x00,0x00}},
    {0x44, 4, {0xc0,0xa0,0xa0,0xa0,0xa0,0xc0,0x00,0x00}},
    {0x45, 4, {0xe0,0x80,0xc0,0x80,0x80,0xe0,0x00,0x00}},
    {0x46, 4, {0xe0,0x80,0xc0,0x80,0x80,0x80,0x00,0x00}},
    {0x47, 4, {0x60,0x80,0x80,0xa0,0xa0,0x60,0x00,0x00}},
    {0x48, 4, {0xa0,0xa0,0xa0,0xe0,0xa0,0xa0,0x00,0x00}},
    {0x49, 4, {0xe0,0x40,0x40,0x40,0x40,0xe0,0x00,0x00}},
    {0x4a, 4, {0x20,0x20,0x20,0x20,0xa0,0x40,0x00,0x00}},
    {0x4b, 4, {0xa0,0xa0,0xc0,0xa0,0xa0,0xa0,0x00,0x00}},
    {0x4c, 4, {0x80,0x80,0x80,0x80,0x80,0xe0,0x00,0x00}},
    {0x4d, 4, {0xa0,0xe0,0xe0,0xa0,0xa0,0xa0,0x00,0x00}},
    {0x4e, 4, {0xc0,0xa0,0xa0,0xa0,0xa0,0xa0,0x00,0x00}},
    {0x4f, 4, {0x40,0xa0,0xa0,0xa0,0xa0,0x40,0x00,0x00}},
    {0x50, 4, {0xc0,0xa0,0xa0,0xc0,0x80,0x80,0x00,0x00}},
    {0x51, 4, {0x40,0xa0,0xa0,0xa0,0xa0,0x40,0x20,0x00}},
    {0x52, 4, {0xc0,0xa0,0xa0,0xc0,0xa0,0xa0,0x00,0x00}},
    {0x53, 4, {0x60,0x80,0x40,0x20,0x20,0xc0,0x00,0x00}},
    {0x54, 4, {0xe0,0x40,0x40,0x40,0x40,0x40,0x00,0x00}},
    {0x55, 4, {0xa0,0xa0,0xa0,0xa0,0xa0,0xe0,0x00,0x00}},
    {0x56, 4, {0xa0,0xa0,0xa0,0xa0,0xc0,0x80,0x00,0x00}},
    {0x57, 4, {0xa0,0xa0,0xa0,0xe0,0xe0,0xa0,0x00,0x00}},
    {0x58, 4, {0xa0,0xa0,0x40,0x40,0xa0,0xa0,0x00,0x00}},
    {0x59, 4, {0xa0,0xa0,0x40,0x40,0x40,0x40,0x00,0x00}},
    {0x5a, 4, {0xe0,0x20,0x40,0x40,0x80,0xe0,0x00,0x00}},
    {0x5b, 4, {0x60,0x40,0x40,0x40,0x40,0x40,0x60,0x00}},
    {0x5c, 4, {0x00,0x00,0x80,0x40,0x20,0x00,0x00,0x00}},
    {0x5d, 4, {0xc0,0x40,0x40,0x40,0x40,0x40,0xc0,0x00}},
    {0x5e, 4, {0x40,0xa0,0x00,0x00,0x00,0x00,0x00,0x00}},
    {0x5f, 4, {0x00,0x00,0x00,0x00,0x00,0x00,0xe0,0x00}},
    {0x60, 4, {0x40,0x20,0x00,0x00,0x00,0x00,0x00,0x00}},
    {0x61, 4, {0x00,0x00,0x60,0xa0,0xa0,0x60,0x00,0x00}},
    {0x62, 4, {0x80,0x80,0xc0,0xa0,0xa0,0xc0,0x00,0x00}},
    {0x63, 4, {0x00,0x00,0x60,0x80,0x80,0x60,0x00,0x00}},
    {0x64, 4, {0x20,0x20,0x60,0xa0,0xa0,0x60,0x00,0x00}},
    {0x65, 4, {0x00,0x00,0x60,0xe0,0x80,0x60,0x00,0x00}},
    {0x66, 4, {0x60,0x40,0xe0,0x40,0x40,0x40,0x00,0x00}},
    {0x67, 4, {0x00,0x00,0x60,0xa0,0x60,0x20,0xc0,0x00}},
    {0x68, 4, {0x80,0x80,0xc0,0xa0,0xa0,0xa0,0x00,0x00}},
    {0x69, 4, {0x40,0x00,0x40,0x40,0x40,0x40,0x00,0x00}},
    {0x6a, 4, {0x40,0x00,0x40,0x40,0x40,0x40,0x80,0x00}},
    {0x6b, 4, {0x80,0x80,0xa0,0xc0,0xa0,0xa0,0x00,0x00}},
    {0x6c, 4, {0xc0,0x40,0x40,0x40,0x40,0x40,0x00,0x00}},
    {0x6d, 4, {0x00,0x00,0xc0,0xe0,0xe0,0xa0,0x00,0x00}},
    {0x6e, 4, {0x00,0x00,0xc0,0xa0,0xa0,0xa0,0x00,0x00}},
    {0x6f, 4, {0x00,0x00,0x40,0xa0,0xa0,0x40,0x00,0x00}},
    {0x70, 4, {0x00,0x00,0xc0,0xa0,0xa0,0xc0,0x80,0x00}},
    {0x71, 4, {0x00,0x00,0x60,0xa0,0xa0,0x60,0x20,0x00}},
    {0x72, 4, {0x00,0x00,0xa0,0xc0,0x80,0x80,0x00,0x00}},
    {0x73, 4, {0x00,0x00,0x60,0xc0,0x60,0xc0,0x00,0x00}},
    {0x74, 4, {0x00,0x40,0xe0,0x40,0x40,0x60,0x00,0x00}},
    {0x75, 4, {0x00,0x00,0xa0,0xa0,0xa0,0xe0,0x00,0x00}},
    {0x76, 4, {0x00,0x00,0xa0,0xa0,0xc0,0x80,0x00,0x00}},
    {0x77, 4, {0x00,0x00,0xa0,0xa0,0xe0,0xe0,0x00,0x00}},
    {0x78, 4, {0x00,0x00,0xa0,0x40,0x40,0xa0,0x00,0x00}},
    {0x79, 4, {0x00,0x00,0xa0,0xa0,0x60,0x20,0xc0,0x00}},
    {0x7a, 4, {0x00,0x00,0xe0,0x20,0x40,0xe0,0x00,0x00}},
    {0x7b, 4, {0x20,0x40,0x40,0x80,0x40,0x40,0x20,0x00}},
    {0x7c, 4, {0x40,0x40,0x40,0x40,0x40,0x40,0x40,0x00}},
    {0x7d, 4, {0x80,0x40,0x40,0x20,0x40,0x40,0x80,0x00}},
    {0x7e, 4, {0x00,0x00,0xc0,0x60,0x00,0x00,0x00,0x00}},
    {0xa1, 4, {0x40,0x00,0x40,0x40,0x40,0x40,0x00,0x00}},
    {0xa2, 4, {0x00,0x40,0xe0,0xc0,0xe0,0x40,0x00,0x00}},
    {0xa3, 4, {0x60,0x40,0xe0,0x40,0xc0,0xe0,0x00,0x00}},
    {0xa5, 4, {0xa0,0x40,0xe0,0x40,0xe0,0x40,0x00,0x00}},
    {0xa6, 4, {0x40,0x40,0x40,0x00,0x40,0x40,0x40,0x00}},
    {0xa7, 8, {0x1c,0x20,0x18,0x24,0x18,0x04,0x38,0x00}},
    {0xa8, 8, {0x28,0x00,0x00,0x00,0x00,0x00,0x00,0x00}},
    {0xac, 4, {0x00,0x00,0x00,0xe0,0x20,0x00,0x00,0x00}},
    {0xad, 8, {0x00,0x00,0x00,0x18,0x00,0x00,0x00,0x00}},
    {0xaf, 4, {0xe0,0x00,0x00,0x00,0x00,0x00,0x00,0x00}},
    {0xb0, 8, {0x60,0x90,0x90,0x60,0x00,0x00,0x00,0x00}},
    {0xb1, 8, {0x10,0x10,0xfe,0x10,0x10,0x00,0xfe,0x00}},
    {0xb4, 8, {0x08,0x10,0x00,0x00,0x00,0x00,0x00,0x00}},
    {0xb6, 8, {0x3c,0x74,0x74,0x34,0x14,0x14,0x14,0x00}},
    {0xbf, 4, {0x40,0x00,0x40,0x20,0xa0,0x40,0x00,0x00}},
    {0xc0, 4, {0x40,0x20,0x40,0xa0,0xa0,0xa0,0xa0,0x00}},
    {0xc1, 4, {0x20,0x40,0x40,0xa0,0xa0,0xa0,0xa0,0x00}},
    {0xc2, 4, {0x40,0xa0,0x40,0xa0,0xa0,0xa0,0xa0,0x00}},
    {0xc3, 4, {0x50,0xa0,0x40,0xa0,0xa0,0xa0,0xa0,0x00}},
    {0xc4, 4, {0xa0,0x00,0x40,0xa0,0xa0,0xa0,0xa0,0x00}},
    {0xc7, 4, {0x60,0x80,0x80,0x80,0x80,0x60,0x20,0x40}},
    {0xc8, 4, {0x40,0x20,0xe0,0x80,0xc0,0x80,0xe0,0x00}},
    {0xc9, 4, {0x20,0x40,0xe0,0x80,0xc0,0x80,0xe0,0x00}},
    {0xca, 4, {0x40,0xa0,0xe0,0x80,0xc0,0x80,0xe0,0x00}},
    {0xcb, 4, {0xa0,0x00,0xe0,0x80,0xc0,0x80,0xe0,0x00}},
    {0xcc, 4, {0x40,0x20,0xe0,0x40,0x40,0x40,0xe0,0x00}},
    {0xcd, 4, {0x20,0x40,0xe0,0x40,0x40,0x40,0xe0,0x00}},
    {0xce, 4, {0x40,0xa0,0xe0,0x40,0x40,0x40,0xe0,0x00}},
    {0xcf, 4, {0xa0,0x00,0xe0,0x40,0x40,0x40,0xe0,0x00}},
    {0xd1, 4, {0x50,0xa0,0xc0,0xa0,0xa0,0xa0,0xa0,0x00}},
    {0xd2, 4, {0x40,0x20,0x40,0xa0,0xa0,0xa0,0x40,0x00}},
    {0xd3, 4, {0x20,0x40,0x40,0xa0,0xa0,0xa0,0x40,0x00}},
    {0xd4, 4, {0x40,0xa0,0x40,0xa0,0xa0,0xa0,0x40,0x00}},
    {0xd5, 4, {0x50,0xa0,0x40,0xa0,0xa0,0xa0,0x40,0x00}},
    {0xd6, 4, {0xa0,0x00,0x40,0xa0,0xa0,0xa0,0x40,0x00}},
    {0xd7, 8, {0x82,0x44,0x28,0x10,0x28,0x44,0x82,0x00}},
    {0xd9, 4, {0x40,0x20,0xa0,0xa0,0xa0,0xa0,0xe0,0x00}},
    {0xda, 4, {0x20,0x40,0xa0,0xa0,0xa0,0xa0,0xe0,0x00}},
    {0xdb, 4, {0x40,0xa0,0xa0,0xa0,0xa0,0xa0,0xe0,0x00}},
    {0xdc, 4, {0xa0,0x00,0xa0,0xa0,0xa0,0xa0,0xe0,0x00}},
    {0xdd, 4, {0x20,0x40,0xa0,0xa0,0x40,0x40,0x40,0x00}},
    {0xdf, 5, {0x60,0x90,0xa0,0x90,0x90,0xa0,0x80,0x00}},
    {0xe0, 4, {0x40,0x20,0x00,0x00,0x60,0xa0,0x60,0x00}},
    {0xe1, 4, {0x20,0x40,0x00,0x00,0x60,0xa0,0x60,0x00}},
    {0xe2, 4, {0x40,0xa0,0x00,0x00,0x60,0xa0,0x60,0x00}},
    {0xe3, 4, {0x50,0xa0,0x00,0x00,0x60,0xa0,0x60,0x00}},
    {0xe4, 4, {0xa0,0x00,0x00,0x00,0x60,0xa0,0x60,0x00}},
    {0xe7, 4, {0x00,0x00,0x60,0x80,0x80,0x60,0x20,0x40}},
    {0xe8, 4, {0x40,0x20,0x00,0x00,0x60,0x80,0x60,0x00}},
    {0xe9, 4, {0x20,0x40,0x00,0x00,0x60,0x80,0x60,0x00}},
    {0xea, 4, {0x40,0xa0,0x00,0x00,0x60,0x80,0x60,0x00}},
    {0xeb, 4, {0xa0,0x00,0x00,0x00,0x60,0x80,0x60,0x00}},
    {0xec, 4, {0x40,0x20,0x40,0x00,0x40,0x40,0x40,0x00}},
    {0xed, 4, {0x20,0x40,0x40,0x00,0x40,0x40,0x40,0x00}},
    {0xee, 4, {0x40,0xa0,0x40,0x00,0x40,0x40,0x40,0x00}},
    {0xef, 4, {0xa0,0x00,0x40,0x00,0x40,0x40,0x40,0x00}},
    {0xf1, 4, {0x50,0xa0,0x00,0x00,0xc0,0xa0,0xa0,0x00}},
    {0xf2, 4, {0x40,0x20,0x00,0x00,0x40,0xa0,0x40,0x00}},
    {0xf3, 4, {0x20,0x40,0x00,0x00,0x40,0xa0,0x40,0x00}},
    {0xf4, 4, {0x40,0xa0,0x00,0x00,0x40,0xa0,0x40,0x00}},
    {0xf5, 4, {0x50,0xa0,0x00,0x00,0x40,0xa0,0x40,0x00}},
    {0xf6, 4, {0xa0,0x00,0x00,0x00,0x40,0xa0,0x40,0x00}},
    {0xf7, 8, {0x00,0x10,0x00,0xfe,0x00,0x10,0x00,0x00}},
    {0xf9, 4, {0x40,0x20,0x00,0x00,0xa0,0xa0,0xe0,0x00}},
    {0xfa, 4, {0x20,0x40,0x00,0x00,0xa0,0xa0,0xe0,0x00}},
    {0xfb, 4, {0x40,0xa0,0x00,0x00,0xa0,0xa0,0xe0,0x00}},
    {0xfc, 4, {0xa0,0x00,0x00,0x00,0xa0,0xa0,0xe0,0x00}},
    {0xfd, 4, {0x20,0x40,0x00,0x00,0xa0,0x60,0x20,0x00}},
    {0xff, 4, {0xa0,0x00,0x00,0x00,0xa0,0x60,0x20,0x00}},
    {0x153, 7, {0x00,0x00,0x6c,0x92,0x9e,0x90,0x6e,0x00}},
    {0x391, 8, {0x10,0x28,0x28,0x44,0x7c,0x82,0x82,0x00}},
    {0x392, 8, {0x7c,0x42,0x42,0x7c,0x42,0x42,0x7c,0x00}},
    {0x393, 8, {0x7e,0x40,0x40,0x40,0x40,0x40,0x40,0x00}},
    {0x394, 8, {0x10,0x28,0x28,0x44,0x44,0x82,0xfe,0x00}},
    {0x395, 8, {0x7e,0x40,0x40,0x7c,0x40,0x40,0x7e,0x00}},
    {0x396, 8, {0x7e,0x02,0x04,0x08,0x10,0x20,0x7e,0x00}},
    {0x397, 8, {0x42,0x42,0x42,0x7e,0x42,0x42,0x42,0x00}},
    {0x398, 8, {0x38,0x44,0x82,0xba,0x82,0x44,0x38,0x00}},
    {0x399, 8, {0x38,0x10,0x10,0x10,0x10,0x10,0x38,0x00}},
    {0x39a, 8, {0x42,0x44,0x48,0x50,0x68,0x44,0x42,0x00}},
    {0x39b, 8, {0x10,0x28,0x28,0x44,0x44,0x82,0x82,0x00}},
    {0x39c, 8, {0x82,0xc6,0xaa,0xaa,0x92,0x92,0x82,0x00}},
    {0x39d, 8, {0x42,0x62,0x52,0x4a,0x46,0x42,0x42,0x00}},
    {0x39e, 8, {0x7e,0x00,0x00,0x3c,0x00,0x00,0x7e,0x00}},
    {0x39f, 8, {0x3c,0x42,0x42,0x42,0x42,0x42,0x3c,0x00}},
    {0x3a0, 8, {0x7e,0x42,0x42,0x42,0x42,0x42,0x42,0x00}},
    {0x3a1, 8, {0x7c,0x42,0x42,0x7c,0x40,0x40,0x40,0x00}},
    {0x3a3, 8, {0x7e,0x20,0x10,0x08,0x10,0x20,0x7e,0x00}},
    {0x3a4, 8, {0xfe,0x10,0x10,0x10,0x10,0x10,0x10,0x00}},
    {0x3a5, 8, {0x82,0x44,0x28,0x10,0x10,0x10,0x10,0x00}},
    {0x3a6, 8, {0x10,0x7c,0x92,0x92,0x92,0x7c,0x10,0x00}},
    {0x3a7, 8, {0x82,0x44,0x28,0x10,0x28,0x44,0x82,0x00}},
    {0x3a8, 8, {0x92,0x54,0x54,0x38,0x10,0x10,0x10,0x00}},
    {0x3a9, 8, {0x38,0x44,0x82,0x82,0x44,0x28,0xee,0x00}},
    {0x3b1, 8, {0x00,0x00,0x1a,0x24,0x48,0x4a,0x34,0x00}},
    {0x3b2, 8, {0x0c,0x12,0x2c,0x22,0x32,0x4c,0x40,0x00}},
    {0x3b3, 8, {0x00,0x00,0x64,0x18,0x10,0x30,0x20,0x00}},
    {0x3b4, 8, {0x18,0x24,0x10,0x28,0x48,0x48,0x30,0x00}},
    {0x3b5, 8, {0x00,0x00,0x18,0x24,0x30,0x44,0x38,0x00}},
    {0x3b6, 8, {0x2c,0x10,0x20,0x20,0x18,0x04,0x18,0x00}},
    {0x3b7, 8, {0x00,0x00,0x2c,0x52,0x12,0x24,0x04,0x00}},
    {0x3b8, 8, {0x18,0x24,0x24,0x7c,0x48,0x48,0x30,0x00}},
    {0x3b9, 8, {0x00,0x00,0x10,0x10,0x20,0x28,0x10,0x00}},
    {0x3ba, 8, {0x00,0x00,0x24,0x28,0x30,0x50,0x4c,0x00}},
    {0x3bb, 8, {0x10,0x08,0x08,0x18,0x28,0x28,0x44,0x00}},
    {0x3bc, 8, {0x00,0x00,0x12,0x12,0x24,0x3a,0x40,0x00}},
    {0x3bd, 8, {0x00,0x00,0x44,0x24,0x28,0x30,0x20,0x00}},
    {0x3be, 8, {0x1c,0x20,0x3c,0x40,0x38,0x04,0x18,0x00}},
    {0x3bf, 8, {0x00,0x00,0x18,0x24,0x44,0x48,0x30,0x00}},
    {0x3c0, 8, {0x00,0x00,0x3e,0x54,0x14,0x24,0x46,0x00}},
    {0x3c1, 8, {0x00,0x00,0x1c,0x22,0x22,0x5c,0x40,0x00}},
    {0x3c3, 8, {0x00,0x00,0x1e,0x24,0x44,0x48,0x30,0x00}},
    {0x3c4, 8, {0x00,0x00,0x3e,0x48,0x10,0x14,0x08,0x00}},
    {0x3c5, 8, {0x00,0x00,0x32,0x52,0x22,0x24,0x18,0x00}},
    {0x3c6, 8, {0x04,0x04,0x3c,0x4a,0x4a,0x3c,0x10,0x00}},
    {0x3c7, 8, {0x00,0x00,0x34,0x08,0x10,0x30,0x4c,0x00}},
    {0x3c8, 8, {0x04,0x04,0x68,0x2a,0x4a,0x3c,0x10,0x00}},
    {0x3c9, 8, {0x00,0x00,0x22,0x4a,0x4a,0x5a,0x24,0x00}},
    {0x401, 8, {0x24,0x7e,0x40,0x7c,0x40,0x40,0x7e,0x00}},
    {0x410, 8, {0x10,0x28,0x28,0x44,0x7c,0x82,0x82,0x00}},
    {0x411, 8, {0x7e,0x40,0x40,0x7c,0x42,0x42,0x7c,0x00}},
    {0x412, 8, {0x7c,0x42,0x42,0x7c,0x42,0x42,0x7c,0x00}},
    {0x413, 8, {0x7e,0x40,0x40,0x40,0x40,0x40,0x40,0x00}},
    {0x414, 8, {0x3c,0x24,0x24,0x24,0x44,0xfe,0x82,0x00}},
    {0x415, 8, {0x7e,0x40,0x40,0x7c,0x40,0x40,0x7e,0x00}},
    {0x416, 8, {0x92,0x54,0x54,0x38,0x54,0x54,0x92,0x00}},
    {0x417, 8, {0x3c,0x42,0x02,0x1c,0x02,0x42,0x3c,0x00}},
    {0x418, 8, {0x42,0x42,0x46,0x4a,0x52,0x62,0x42,0x00}},
    {0x419, 8, {0x24,0x5a,0x46,0x4a,0x52,0x62,0x42,0x00}},
    {0x41a, 8, {0x46,0x48,0x48,0x70,0x48,0x44,0x42,0x00}},
    {0x41b, 8, {0x3e,0x22,0x22,0x22,0x22,0x22,0xc2,0x00}},
    {0x41c, 8, {0x44,0x44,0x44,0xaa,0xaa,0x92,0x92,0x00}},
    {0x41d, 8, {0x42,0x42,0x42,0x7e,0x42,0x42,0x42,0x00}},
    {0x41e, 8, {0x3c,0x42,0x42,0x42,0x42,0x42,0x3c,0x00}},
    {0x41f, 8, {0x7e,0x42,0x42,0x42,0x42,0x42,0x42,0x00}},
    {0x420, 8, {0x7c,0x42,0x42,0x7c,0x40,0x40,0x40,0x00}},
    {0x421, 8, {0x3c,0x42,0x40,0x40,0x40,0x42,0x3c,0x00}},
    {0x422, 8, {0xfe,0x10,0x10,0x10,0x10,0x10,0x10,0x00}},
    {0x423, 8, {0x42,0x24,0x24,0x18,0x08,0x10,0x60,0x00}},
    {0x424, 8, {0x10,0x7c,0x92,0x92,0x92,0x7c,0x10,0x00}},
    {0x425, 8, {0x82,0x44,0x28,0x10,0x28,0x44,0x82,0x00}},
    {0x426, 8, {0x44,0x44,0x44,0x44,0x44,0x7e,0x02,0x00}},
    {0x427, 8, {0x42,0x42,0x42,0x42,0x3e,0x02,0x02,0x00}},
    {0x428, 8, {0x92,0x92,0x92,0x92,0x92,0x92,0xfe,0x00}},
    {0x429, 8, {0x92,0x92,0x92,0x92,0x92,0xfe,0x02,0x00}},
    {0x42a, 8, {0x60,0x20,0x20,0x3c,0x22,0x22,0x3c,0x00}},
    {0x42b, 8, {0x42,0x42,0x42,0x72,0x4a,0x4a,0x72,0x00}},
    {0x42c, 8, {0x20,0x20,0x20,0x3c,0x22,0x22,0x3c,0x00}},
    {0x42d, 8, {0x3c,0x42,0x02,0x3e,0x02,0x42,0x3c,0x00}},
    {0x42e, 8, {0x9c,0xa2,0xa2,0xe2,0xa2,0xa2,0x9c,0x00}},
    {0x42f, 8, {0x3e,0x42,0x42,0x3e,0x22,0x22,0x42,0x00}},
    {0x430, 8, {0x00,0x00,0x38,0x04,0x3c,0x44,0x3c,0x00}},
    {0x431, 8, {0x1c,0x20,0x78,0x44,0x44,0x44,0x38,0x00}},
    {0x432, 8, {0x00,0x00,0x78,0x44,0x78,0x44,0x78,0x00}},
    {0x433, 8, {0x00,0x00,0x7c,0x40,0x40,0x40,0x40,0x00}},
    {0x434, 8, {0x00,0x00,0x38,0x28,0x28,0x7c,0x44,0x00}},
    {0x435, 8, {0x00,0x00,0x38,0x44,0x7c,0x40,0x38,0x00}},
    {0x436, 8, {0x00,0x00,0x92,0x54,0x38,0x54,0x92,0x00}},
    {0x437, 8, {0x00,0x00,0x38,0x44,0x18,0x44,0x38,0x00}},
    {0x438, 8, {0x00,0x00,0x44,0x4c,0x54,0x64,0x44,0x00}},
    {0x439, 8, {0x28,0x10,0x44,0x4c,0x54,0x64,0x44,0x00}},
    {0x43a, 8, {0x00,0x00,0x4c,0x50,0x70,0x48,0x44,0x00}},
    {0x43b, 8, {0x00,0x00,0x3c,0x24,0x24,0x24,0xc4,0x00}},
    {0x43c, 8, {0x00,0x00,0x44,0x6c,0x54,0x54,0x44,0x00}},
    {0x43d, 8, {0x00,0x00,0x44,0x44,0x7c,0x44,0x44,0x00}},
    {0x43e, 8, {0x00,0x00,0x38,0x44,0x44,0x44,0x38,0x00}},
    {0x43f, 8, {0x00,0x00,0x7c,0x44,0x44,0x44,0x44,0x00}},
    {0x440, 8, {0x00,0x00,0x78,0x44,0x78,0x40,0x40,0x00}},
    {0x441, 8, {0x00,0x00,0x38,0x44,0x40,0x44,0x38,0x00}},
    {0x442, 8, {0x00,0x00,0x7c,0x10,0x10,0x10,0x10,0x00}},
    {0x443, 8, {0x00,0x00,0x44,0x28,0x28,0x10,0x60,0x00}},
    {0x444, 8, {0x10,0x10,0x38,0x54,0x54,0x38,0x10,0x00}},
    {0x445, 8, {0x00,0x00,0x44,0x28,0x10,0x28,0x44,0x00}},
    {0x446, 8, {0x00,0x00,0x48,0x48,0x48,0x7c,0x04,0x00}},
    {0x447, 8, {0x00,0x00,0x44,0x44,0x44,0x3c,0x04,0x00}},
    {0x448, 8, {0x00,0x00,0x54,0x54,0x54,0x54,0x7c,0x00}},
    {0x449, 8, {0x00,0x00,0x54,0x54,0x54,0x7e,0x02,0x00}},
    {0x44a, 8, {0x00,0x00,0x60,0x20,0x3c,0x22,0x3c,0x00}},
    {0x44b, 8, {0x00,0x00,0x44,0x44,0x74,0x4c,0x74,0x00}},
    {0x44c, 8, {0x00,0x00,0x40,0x40,0x78,0x44,0x78,0x00}},
    {0x44d, 8, {0x00,0x00,0x38,0x44,0x1c,0x44,0x38,0x00}},
    {0x44e, 8, {0x00,0x00,0x4c,0x52,0x72,0x52,0x4c,0x00}},
    {0x44f, 8, {0x00,0x00,0x3c,0x44,0x3c,0x24,0x44,0x00}},
    {0x451, 8, {0x28,0x00,0x38,0x44,0x7c,0x40,0x38,0x00}},
    {0x2010, 8, {0x00,0x00,0x00,0x18,0x00,0x00,0x00,0x00}},
    {0x2011, 4, {0x00,0x00,0x00,0x60,0x00,0x00,0x00,0x00}},
    {0x2012, 4, {0x00,0x00,0x00,0xe0,0x00,0x00,0x00,0x00}},
    {0x2013, 8, {0x00,0x00,0x00,0x3c,0x00,0x00,0x00,0x00}},
    {0x2014, 8, {0x00,0x00,0x00,0xfe,0x00,0x00,0x00,0x00}},
    {0x2015, 8, {0x00,0x00,0x00,0xff,0x00,0x00,0x00,0x00}},
    {0x2016, 8, {0x28,0x28,0x28,0x28,0x28,0x28,0x28,0x00}},
    {0x2018, 8, {0x04,0x08,0x0c,0x00,0x00,0x00,0x00,0x00}},
    {0x2019, 8, {0x60,0x20,0x40,0x00,0x00,0x00,0x00,0x00}},
    {0x201c, 8, {0x24,0x48,0x6c,0x00,0x00,0x00,0x00,0x00}},
    {0x201d, 8, {0x6c,0x24,0x48,0x00,0x00,0x00,0x00,0x00}},
    {0x2020, 8, {0x10,0x38,0x10,0x10,0x10,0x10,0x10,0x00}},
    {0x2021, 8, {0x10,0x38,0x10,0x10,0x10,0x38,0x10,0x00}},
    {0x2025, 8, {0x00,0x00,0x00,0x44,0x00,0x00,0x00,0x00}},
    {0x2026, 8, {0x00,0x00,0x00,0x92,0x00,0x00,0x00,0x00}},
    {0x2030, 8, {0x44,0xa8,0x50,0x20,0x54,0xaa,0x14,0x00}},
    {0x2032, 8, {0x20,0x20,0x40,0x00,0x00,0x00,0x00,0x00}},
    {0x2033, 8, {0x28,0x28,0x50,0x00,0x00,0x00,0x00,0x00}},
    {0x203b, 8, {0x92,0x44,0x28,0x92,0x28,0x44,0x92,0x00}},
    {0x203e, 8, {0xfe,0x00,0x00,0x00,0x00,0x00,0x00,0x00}},
    {0x2103, 8, {0x40,0xac,0x52,0x10,0x10,0x12,0x0c,0x00}},
    {0x2116, 8, {0x90,0x90,0xd4,0xba,0x9a,0x9a,0x94,0x00}},
    {0x2121, 8, {0xe2,0x42,0x4a,0x56,0x5a,0x52,0x4a,0x00}},
    {0x212b, 8, {0x10,0x28,0x10,0x28,0x44,0x7c,0x82,0x00}},
    {0x2160, 8, {0x10,0x10,0x10,0x10,0x10,0x10,0x10,0x00}},
    {0x2161, 8, {0x28,0x28,0x28,0x28,0x28,0x28,0x28,0x00}},
    {0x2162, 8, {0x54,0x54,0x54,0x54,0x54,0x54,0x54,0x00}},
    {0x2163, 8, {0xa2,0xa2,0x94,0x94,0x94,0x88,0x88,0x00}},
    {0x2164, 8, {0x44,0x44,0x28,0x28,0x28,0x10,0x10,0x00}},
    {0x2165, 8, {0x8a,0x8a,0x52,0x52,0x52,0x22,0x22,0x00}},
    {0x2166, 8, {0xaa,0xaa,0xaa,0xaa,0xaa,0x4a,0x4a,0x00}},
    {0x2167, 8, {0xba,0xba,0xba,0xba,0x5a,0x5a,0x5a,0x00}},
    {0x2168, 8, {0xa2,0x94,0x94,0x88,0x94,0x94,0xa2,0x00}},
    {0x2169, 8, {0x44,0x28,0x28,0x10,0x28,0x28,0x44,0x00}},
    {0x2190, 8, {0x00,0x20,0x40,0xfe,0x40,0x20,0x00,0x00}},
    {0x2191, 8, {0x10,0x38,0x54,0x10,0x10,0x10,0x10,0x00}},
    {0x2192, 8, {0x00,0x08,0x04,0xfe,0x04,0x08,0x00,0x00}},
    {0x2193, 8, {0x10,0x10,0x10,0x10,0x54,0x38,0x10,0x00}},
    {0x21d2, 8, {0x00,0x08,0xfc,0x02,0xfc,0x08,0x00,0x00}},
    {0x21d4, 8, {0x00,0x28,0x7c,0x82,0x7c,0x28,0x00,0x00}},
    {0x2200, 8, {0x82,0x82,0x7c,0x44,0x28,0x28,0x10,0x00}},
    {0x2202, 8, {0x18,0x24,0x04,0x34,0x48,0x48,0x30,0x00}},
    {0x2203, 8, {0x7e,0x02,0x02,0x7e,0x02,0x02,0x7e,0x00}},
    {0x2207, 8, {0xfe,0x82,0x44,0x44,0x28,0x28,0x10,0x00}},
    {0x2208, 8, {0x00,0x3e,0x40,0x7e,0x40,0x3e,0x00,0x00}},
    {0x220b, 8, {0x00,0x7c,0x02,0x7e,0x02,0x7c,0x00,0x00}},
    {0x2211, 8, {0x7e,0x20,0x10,0x08,0x10,0x20,0x7e,0x00}},
    {0x2212, 4, {0x00,0x00,0x00,0xe0,0x00,0x00,0x00,0x00}},
    {0x221a, 8, {0x1e,0x10,0x20,0x20,0xe0,0x40,0x40,0x00}},
    {0x221d, 8, {0x00,0x6c,0x92,0x90,0x92,0x6c,0x00,0x00}},
    {0x221e, 8, {0x00,0x6c,0x92,0x92,0x92,0x6c,0x00,0x00}},
    {0x221f, 8, {0x00,0x40,0x40,0x40,0x40,0x40,0x7e,0x00}},
    {0x2220, 8, {0x00,0x02,0x04,0x08,0x10,0x20,0x7e,0x00}},
    {0x2225, 8, {0x14,0x14,0x28,0x28,0x28,0x50,0x50,0x00}},
    {0x2227, 8, {0x10,0x10,0x28,0x28,0x44,0x44,0x82,0x00}},
    {0x2228, 8, {0x82,0x44,0x44,0x28,0x28,0x10,0x10,0x00}},
    {0x2229, 8, {0x00,0x3c,0x42,0x42,0x42,0x42,0x42,0x00}},
    {0x222a, 8, {0x42,0x42,0x42,0x42,0x42,0x3c,0x00,0x00}},
    {0x222b, 8, {0x18,0x20,0x20,0x10,0x08,0x08,0x30,0x00}},
    {0x222c, 8, {0x36,0x48,0x48,0x24,0x12,0x12,0x6c,0x00}},
    {0x222e, 8, {0x18,0x20,0x38,0x54,0x38,0x08,0x30,0x00}},
    {0x2234, 8, {0x00,0x10,0x00,0x00,0x00,0x44,0x00,0x00}},
    {0x2235, 8, {0x00,0x44,0x00,0x00,0x00,0x10,0x00,0x00}},
    {0x223d, 8, {0x00,0x4c,0x92,0x92,0x92,0x64,0x00,0x00}},
    {0x2252, 8, {0x40,0x00,0xfe,0x00,0xfe,0x00,0x04,0x00}},
    {0x2260, 8, {0x00,0x04,0xfe,0x10,0xfe,0x40,0x00,0x00}},
    {0x2261, 8, {0x00,0x7e,0x00,0x7e,0x00,0x7e,0x00,0x00}},
    {0x2266, 8, {0x06,0x38,0xc0,0x38,0x06,0x00,0xfe,0x00}},
    {0x2267, 8, {0xc0,0x38,0x06,0x38,0xc0,0x00,0xfe,0x00}},
    {0x226a, 8, {0x00,0x24,0x48,0x90,0x48,0x24,0x00,0x00}},
    {0x226b, 8, {0x00,0x48,0x24,0x12,0x24,0x48,0x00,0x00}},
    {0x2282, 8, {0x00,0x3e,0x40,0x40,0x40,0x3e,0x00,0x00}},
    {0x2283, 8, {0x00,0x7c,0x02,0x02,0x02,0x7c,0x00,0x00}},
    {0x2286, 8, {0x3e,0x40,0x40,0x40,0x3e,0x00,0x7e,0x00}},
    {0x2287, 8, {0x7c,0x02,0x02,0x02,0x7c,0x00,0x7e,0x00}},
    {0x22a5, 8, {0x00,0x10,0x10,0x10,0x10,0x10,0xfe,0x00}},
    {0x22bf, 8, {0x00,0x02,0x06,0x0a,0x12,0x22,0x7e,0x00}},
    {0x2312, 8, {0x7c,0x82,0x00,0x00,0x00,0x00,0x00,0x00}},
    {0x2423, 4, {0x00,0x00,0x00,0x00,0x00,0xa0,0xe0,0x00}},
    {0x2460, 8, {0x7c,0x92,0xb2,0x92,0x92,0x92,0x7c,0x00}},
    {0x2461, 8, {0x7c,0xb2,0x8a,0x92,0xa2,0xba,0x7c,0x00}},
    {0x2462, 8, {0x7c,0xb2,0x8a,0x92,0x8a,0xb2,0x7c,0x00}},
    {0x2463, 8, {0x7c,0x8a,0x9a,0xaa,0xba,0x8a,0x7c,0x00}},
    {0x2464, 8, {0x7c,0xba,0xa2,0xb2,0x8a,0xb2,0x7c,0x00}},
    {0x2465, 8, {0x7c,0x9a,0xa2,0xb2,0xaa,0x92,0x7c,0x00}},
    {0x2466, 8, {0x7c,0xba,0x8a,0x92,0x92,0x92,0x7c,0x00}},
    {0x2467, 8, {0x7c,0x92,0xaa,0x92,0xaa,0x92,0x7c,0x00}},
    {0x2468, 8, {0x7c,0x92,0xaa,0x9a,0x8a,0xb2,0x7c,0x00}},
    {0x2469, 8, {0x7c,0xa2,0xee,0xaa,0xae,0xa2,0x7c,0x00}},
    {0x246a, 8, {0x7c,0xa6,0xee,0xa6,0xa6,0xa6,0x7c,0x00}},
    {0x246b, 8, {0x7c,0xaa,0xe6,0xae,0xaa,0xae,0x7c,0x00}},
    {0x246c, 8, {0x7c,0xaa,0xe6,0xaa,0xa6,0xaa,0x7c,0x00}},
    {0x246d, 8, {0x7c,0xaa,0xea,0xae,0xae,0xa6,0x7c,0x00}},
    {0x246e, 8, {0x7c,0xae,0xea,0xae,0xa6,0xaa,0x7c,0x00}},
    {0x246f, 8, {0x7c,0xa6,0xea,0xae,0xae,0xae,0x7c,0x00}},
    {0x2470, 8, {0x7c,0xae,0xe6,0xaa,0xaa,0xaa,0x7c,0x00}},
    {0x2471, 8, {0x7c,0xae,0xee,0xa2,0xae,0xae,0x7c,0x00}},
    {0x2472, 8, {0x7c,0xae,0xee,0xae,0xa6,0xaa,0x7c,0x00}},
    {0x2473, 8, {0x7c,0xe2,0xae,0xea,0xce,0xe2,0x7c,0x00}},
    {0x2500, 8, {0x00,0x00,0x00,0xff,0x00,0x00,0x00,0x00}},
    {0x2501, 8, {0x00,0x00,0x00,0xff,0xff,0x00,0x00,0x00}},
    {0x2502, 8, {0x10,0x10,0x10,0x10,0x10,0x10,0x10,0x10}},
    {0x2503, 8, {0x18,0x18,0x18,0x18,0x18,0x18,0x18,0x18}},
    {0x250c, 8, {0x00,0x00,0x00,0x1f,0x10,0x10,0x10,0x10}},
    {0x250f, 8, {0x00,0x00,0x00,0x1f,0x1f,0x18,0x18,0x18}},
    {0x2510, 8, {0x00,0x00,0x00,0xf0,0x10,0x10,0x10,0x10}},
    {0x2513, 8, {0x00,0x00,0x00,0xf8,0xf8,0x18,0x18,0x18}},
    {0x2514, 8, {0x10,0x10,0x10,0x1f,0x00,0x00,0x00,0x00}},
    {0x2517, 8, {0x18,0x18,0x18,0x1f,0x1f,0x00,0x00,0x00}},
    {0x2518, 8, {0x10,0x10,0x10,0xf0,0x00,0x00,0x00,0x00}},
    {0x251b, 8, {0x18,0x18,0x18,0xf8,0xf8,0x00,0x00,0x00}},
    {0x251c, 8, {0x10,0x10,0x10,0x1f,0x10,0x10,0x10,0x10}},
    {0x251d, 8, {0x10,0x10,0x10,0x1f,0x1f,0x10,0x10,0x10}},
    {0x2520, 8, {0x18,0x18,0x18,0x1f,0x18,0x18,0x18,0x18}},
    {0x2523, 8, {0x18,0x18,0x18,0x1f,0x1f,0x18,0x18,0x18}},
    {0x2524, 8, {0x10,0x10,0x10,0xf0,0x10,0x10,0x10,0x10}},
    {0x2525, 8, {0x10,0x10,0x10,0xf0,0xf0,0x10,0x10,0x10}},
    {0x2528, 8, {0x18,0x18,0x18,0xf8,0x18,0x18,0x18,0x18}},
    {0x252b, 8, {0x18,0x18,0x18,0xf8,0xf8,0x18,0x18,0x18}},
    {0x252c, 8, {0x00,0x00,0x00,0xff,0x10,0x10,0x10,0x10}},
    {0x252f, 8, {0x00,0x00,0x00,0xff,0xff,0x10,0x10,0x10}},
    {0x2530, 8, {0x00,0x00,0x00,0xff,0x18,0x18,0x18,0x18}},
    {0x2533, 8, {0x00,0x00,0x00,0xff,0xff,0x18,0x18,0x18}},
    {0x2534, 8, {0x10,0x10,0x10,0xff,0x00,0x00,0x00,0x00}},
    {0x2537, 8, {0x10,0x10,0x10,0xff,0xff,0x00,0x00,0x00}},
    {0x2538, 8, {0x18,0x18,0x18,0xff,0x00,0x00,0x00,0x00}},
    {0x253b, 8, {0x18,0x18,0x18,0xff,0xff,0x00,0x00,0x00}},
    {0x253c, 8, {0x10,0x10,0x10,0xff,0x10,0x10,0x10,0x10}},
    {0x253f, 8, {0x10,0x10,0x10,0xff,0xff,0x10,0x10,0x10}},
    {0x2542, 8, {0x18,0x18,0x18,0xff,0x18,0x18,0x18,0x18}},
    {0x254b, 8, {0x18,0x18,0x18,0xff,0xff,0x18,0x18,0x18}},
    {0x2550, 8, {0x00,0x00,0xff,0x00,0xff,0x00,0x00,0x00}},
    {0x255e, 8, {0x10,0x10,0x1f,0x10,0x1f,0x10,0x10,0x10}},
    {0x2561, 8, {0x10,0x10,0xf0,0x10,0xf0,0x10,0x10,0x10}},
    {0x256a, 8, {0x10,0x10,0xff,0x10,0xff,0x10,0x10,0x10}},
    {0x256d, 8, {0x00,0x00,0x00,0x07,0x08,0x10,0x10,0x10}},
    {0x256e, 8, {0x00,0x00,0x00,0xc0,0x20,0x10,0x10,0x10}},
    {0x256f, 8, {0x10,0x10,0x20,0xc0,0x00,0x00,0x00,0x00}},
    {0x2570, 8, {0x10,0x10,0x08,0x07,0x00,0x00,0x00,0x00}},
    {0x2571, 8, {0x01,0x02,0x04,0x08,0x10,0x20,0x40,0x80}},
    {0x2572, 8, {0x80,0x40,0x20,0x10,0x08,0x04,0x02,0x01}},
    {0x2573, 8, {0x81,0x42,0x24,0x18,0x18,0x24,0x42,0x81}},
    {0x2581, 8, {0x00,0x00,0x00,0x00,0x00,0x00,0x00,0xff}},
    {0x2582, 8, {0x00,0x00,0x00,0x00,0x00,0x00,0xff,0xff}},
    {0x2583, 8, {0x00,0x00,0x00,0x00,0x00,0xff,0xff,0xff}},
    {0x2584, 8, {0x00,0x00,0x00,0x00,0xff,0xff,0xff,0xff}},
    {0x2585, 8, {0x00,0x00,0x00,0xff,0xff,0xff,0xff,0xff}},
    {0x2586, 8, {0x00,0x00,0xff,0xff,0xff,0xff,0xff,0xff}},
    {0x2587, 8, {0x00,0xff,0xff,0xff,0xff,0xff,0xff,0xff}},
    {0x2588, 8, {0xff,0xff,0xff,0xff,0xff,0xff,0xff,0xff}},
    {0x2589, 8, {0xfe,0xfe,0xfe,0xfe,0xfe,0xfe,0xfe,0xfe}},
    {0x258a, 8, {0xfc,0xfc,0xfc,0xfc,0xfc,0xfc,0xfc,0xfc}},
    {0x258b, 8, {0xf8,0xf8,0xf8,0xf8,0xf8,0xf8,0xf8,0xf8}},
    {0x258c, 8, {0xf0,0xf0,0xf0,0xf0,0xf0,0xf0,0xf0,0xf0}},
    {0x258d, 8, {0xe0,0xe0,0xe0,0xe0,0xe0,0xe0,0xe0,0xe0}},
    {0x258e, 8, {0xc0,0xc0,0xc0,0xc0,0xc0,0xc0,0xc0,0xc0}},
    {0x258f, 8, {0x80,0x80,0x80,0x80,0x80,0x80,0x80,0x80}},
    {0x2594, 8, {0xff,0x00,0x00,0x00,0x00,0x00,0x00,0x00}},
    {0x2595, 8, {0x01,0x01,0x01,0x01,0x01,0x01,0x01,0x01}},
    {0x25a0, 8, {0xfe,0xfe,0xfe,0xfe,0xfe,0xfe,0xfe,0x00}},
    {0x25a1, 8, {0xfe,0x82,0x82,0x82,0x82,0x82,0xfe,0x00}},
    {0x25b2, 8, {0x10,0x10,0x38,0x38,0x7c,0x7c,0xfe,0x00}},
    {0x25b3, 8, {0x10,0x10,0x28,0x28,0x44,0x44,0xfe,0x00}},
    {0x25bc, 8, {0xfe,0x7c,0x7c,0x38,0x38,0x10,0x10,0x00}},
    {0x25bd, 8, {0xfe,0x44,0x44,0x28,0x28,0x10,0x10,0x00}},
    {0x25c6, 8, {0x10,0x38,0x7c,0xfe,0x7c,0x38,0x10,0x00}},
    {0x25c7, 8, {0x10,0x28,0x44,0x82,0x44,0x28,0x10,0x00}},
    {0x25cb, 8, {0x38,0x44,0x82,0x82,0x82,0x44,0x38,0x00}},
    {0x25ce, 8, {0x38,0x44,0xba,0xaa,0xba,0x44,0x38,0x00}},
    {0x25cf, 8, {0x38,0x7c,0xfe,0xfe,0xfe,0x7c,0x38,0x00}},
    {0x25e2, 8, {0x01,0x03,0x07,0x0f,0x1f,0x3f,0x7f,0xff}},
    {0x25e3, 8, {0x80,0xc0,0xe0,0xf0,0xf8,0xfc,0xfe,0xff}},
    {0x25e4, 8, {0xff,0xfe,0xfc,0xf8,0xf0,0xe0,0xc0,0x80}},
    {0x25e5, 8, {0xff,0x7f,0x3f,0x1f,0x0f,0x07,0x03,0x01}},
    {0x25ef, 8, {0x7c,0x82,0x82,0x82,0x82,0x82,0x7c,0x00}},
    {0x2605, 8, {0x10,0x10,0xfe,0x38,0x38,0x6c,0x44,0x00}},
    {0x2606, 8, {0x10,0x10,0xfe,0x28,0x38,0x6c,0x44,0x00}},
    {0x2640, 8, {0x38,0x44,0x44,0x38,0x10,0x7c,0x10,0x00}},
    {0x2642, 8, {0x1e,0x06,0x0a,0x72,0x90,0x90,0x60,0x00}},
    {0x2660, 8, {0x10,0x38,0x7c,0xfe,0xfe,0x10,0x38,0x00}},
    {0x2661, 8, {0x6c,0x92,0x82,0x82,0x44,0x28,0x10,0x00}},
    {0x2662, 8, {0x10,0x28,0x44,0x82,0x44,0x28,0x10,0x00}},
    {0x2663, 8, {0x38,0x38,0xfe,0xfe,0xd6,0x10,0x38,0x00}},
    {0x2664, 8, {0x10,0x28,0x44,0x82,0xee,0x10,0x38,0x00}},
    {0x2665, 8, {0x6c,0xfe,0xfe,0xfe,0x7c,0x38,0x10,0x00}},
    {0x2666, 8, {0x10,0x38,0x7c,0xfe,0x7c,0x38,0x10,0x00}},
    {0x2667, 8, {0x38,0x28,0xd6,0xba,0xd6,0x10,0x38,0x00}},
    {0x266a, 8, {0x10,0x18,0x14,0x14,0x30,0x70,0x60,0x00}},
    {0x266d, 8, {0x20,0x20,0x28,0x34,0x24,0x28,0x30,0x00}},
    {0x266f, 8, {0x04,0x26,0x3c,0x66,0x3c,0x64,0x20,0x00}},
    {0x3000, 8, {0x00,0x00,0x00,0x00,0x00,0x00,0x00,0x00}},
    {0x3001, 8, {0x00,0x00,0x00,0x00,0x00,0x80,0x40,0x00}},
    {0x3002, 8, {0x00,0x00,0x00,0x00,0x40,0xa0,0x40,0x00}},
    {0x3003, 8, {0x00,0x00,0x24,0x24,0x24,0x48,0x00,0x00}},
    {0x3005, 8, {0x00,0x20,0x3c,0x44,0xa8,0x10,0x08,0x00}},
    {0x3006, 8, {0x02,0x34,0x48,0x94,0xa4,0xc0,0x80,0x00}},
    {0x3007, 8, {0x00,0x38,0x44,0x82,0x82,0x44,0x38,0x00}},
    {0x3008, 8, {0x04,0x08,0x10,0x20,0x10,0x08,0x04,0x00}},
    {0x3009, 8, {0x40,0x20,0x10,0x08,0x10,0x20,0x40,0x00}},
    {0x300a, 8, {0x0a,0x14,0x28,0x50,0x28,0x14,0x0a,0x00}},
    {0x300b, 8, {0xa0,0x50,0x28,0x14,0x28,0x50,0xa0,0x00}},
    {0x300c, 8, {0x1e,0x10,0x10,0x10,0x10,0x10,0x00,0x00}},
    {0x300d, 8, {0x00,0x10,0x10,0x10,0x10,0x10,0xf0,0x00}},
    {0x300e, 8, {0x3e,0x22,0x2e,0x28,0x28,0x38,0x00,0x00}},
    {0x300f, 8, {0x00,0x38,0x28,0x28,0xe8,0x88,0xf8,0x00}},
    {0x3010, 8, {0x1c,0x18,0x10,0x10,0x10,0x18,0x1c,0x00}},
    {0x3011, 8, {0x70,0x30,0x10,0x10,0x10,0x30,0x70,0x00}},
    {0x3012, 8, {0xfe,0x00,0xfe,0x10,0x10,0x10,0x10,0x00}},
    {0x3013, 8, {0x00,0xfe,0xfe,0x00,0xfe,0xfe,0x00,0x00}},
    {0x3014, 8, {0x0c,0x30,0x20,0x20,0x20,0x30,0x0c,0x00}},
    {0x3015, 8, {0x60,0x18,0x08,0x08,0x08,0x18,0x60,0x00}},
    {0x301c, 8, {0x00,0x00,0x60,0x92,0x0c,0x00,0x00,0x00}},
    {0x301d, 8, {0x14,0x14,0x0a,0x00,0x00,0x00,0x00,0x00}},
    {0x301f, 8, {0x00,0x00,0x00,0x00,0xa0,0x50,0x50,0x00}},
    {0x3041, 8, {0x00,0x10,0x3c,0x10,0x3c,0x5a,0x32,0x00}},
    {0x3042, 8, {0x20,0x7c,0x20,0x3c,0x6a,0xb2,0x64,0x00}},
    {0x3043, 8, {0x00,0x00,0x48,0x44,0x44,0x50,0x20,0x00}},
    {0x3044, 8, {0x00,0x88,0x84,0x82,0x82,0x50,0x20,0x00}},
    {0x3045, 8, {0x00,0x38,0x00,0x38,0x44,0x08,0x30,0x00}},
    {0x3046, 8, {0x3c,0x00,0x3c,0x42,0x02,0x04,0x38,0x00}},
    {0x3047, 8, {0x00,0x38,0x00,0x78,0x10,0x30,0x4c,0x00}},
    {0x3048, 8, {0x3c,0x00,0x7c,0x08,0x18,0x28,0x46,0x00}},
    {0x3049, 8, {0x00,0x20,0x74,0x20,0x38,0x64,0x28,0x00}},
    {0x304a, 8, {0x20,0xf4,0x22,0x3c,0x62,0xa2,0x6c,0x00}},
    {0x304b, 8, {0x20,0x20,0xf4,0x2a,0x4a,0x48,0xb0,0x00}},
    {0x304c, 8, {0x2a,0x20,0xf4,0x2a,0x4a,0x48,0xb0,0x00}},
    {0x304d, 8, {0x10,0x7c,0x08,0x7e,0x24,0x40,0x3c,0x00}},
    {0x304e, 8, {0x14,0x7c,0x08,0x7e,0x24,0x40,0x3c,0x00}},
    {0x304f, 8, {0x04,0x08,0x30,0x40,0x30,0x08,0x04,0x00}},
    {0x3050, 8, {0x04,0x08,0x34,0x40,0x30,0x08,0x04,0x00}},
    {0x3051, 8, {0x88,0x88,0xbe,0x88,0x88,0x88,0x10,0x00}},
    {0x3052, 8, {0x8a,0x88,0xbe,0x88,0x88,0x88,0x10,0x00}},
    {0x3053, 8, {0x00,0x3c,0x00,0x00,0x20,0x40,0x3e,0x00}},
    {0x3054, 8, {0x0a,0x3c,0x00,0x00,0x20,0x40,0x3e,0x00}},
    {0x3055, 8, {0x08,0x08,0x7e,0x04,0x24,0x40,0x3c,0x00}},
    {0x3056, 8, {0x0a,0x08,0x7e,0x04,0x24,0x40,0x3c,0x00}},
    {0x3057, 8, {0x20,0x20,0x20,0x20,0x20,0x22,0x1c,0x00}},
    {0x3058, 8, {0x2a,0x20,0x20,0x20,0x20,0x22,0x1c,0x00}},
    {0x3059, 8, {0x08,0xfe,0x18,0x28,0x18,0x08,0x10,0x00}},
    {0x305a, 8, {0x0a,0xfe,0x18,0x28,0x18,0x08,0x10,0x00}},
    {0x305b, 8, {0x24,0x24,0xfe,0x24,0x2c,0x20,0x1e,0x00}},
    {0x305c, 8, {0x2a,0x24,0xfe,0x24,0x2c,0x20,0x1e,0x00}},
    {0x305d, 8, {0x3c,0x08,0x10,0x7e,0x10,0x10,0x0c,0x00}},
    {0x305e, 8, {0x3c,0x0a,0x10,0x7e,0x10,0x10,0x0c,0x00}},
    {0x305f, 8, {0x20,0xf0,0x2e,0x40,0x48,0x50,0x8e,0x00}},
    {0x3060, 8, {0x2a,0xf0,0x2e,0x40,0x48,0x50,0x8e,0x00}},
    {0x3061, 8, {0x08,0x7e,0x10,0x1c,0x22,0x02,0x1c,0x00}},
    {0x3062, 8, {0x0a,0x7e,0x10,0x1c,0x22,0x02,0x1c,0x00}},
    {0x3063, 8, {0x00,0x00,0x00,0x18,0x64,0x04,0x18,0x00}},
    {0x3064, 8, {0x00,0x3c,0xc2,0x02,0x02,0x1c,0x00,0x00}},
    {0x3065, 8, {0x0a,0x3c,0xc2,0x02,0x02,0x1c,0x00,0x00}},
    {0x3066, 8, {0x0e,0x74,0x08,0x10,0x10,0x08,0x06,0x00}},
    {0x3067, 8, {0x0e,0x74,0x0a,0x10,0x10,0x08,0x06,0x00}},
    {0x3068, 8, {0x20,0x20,0x24,0x18,0x20,0x40,0x3e,0x00}},
    {0x3069, 8, {0x2a,0x20,0x24,0x18,0x20,0x40,0x3e,0x00}},
    {0x306a, 8, {0x20,0xf4,0x22,0x44,0x9c,0x26,0x18,0x00}},
    {0x306b, 8, {0x80,0x9c,0x80,0x80,0x90,0xa0,0x9e,0x00}},
    {0x306c, 8, {0x08,0x48,0x5c,0x6a,0xb2,0xa6,0x56,0x00}},
    {0x306d, 8, {0x20,0x2c,0xf2,0x22,0x66,0xaa,0x26,0x00}},
    {0x306e, 8, {0x00,0x38,0x54,0x92,0xa2,0x44,0x18,0x00}},
    {0x306f, 8, {0x84,0x84,0xbe,0x84,0x9c,0xa4,0x9a,0x00}},
    {0x3070, 8, {0x8a,0x84,0xbe,0x84,0x9c,0xa4,0x9a,0x00}},
    {0x3071, 8, {0x84,0x8a,0xbe,0x84,0x9c,0xa4,0x9a,0x00}},
    {0x3072, 8, {0x28,0xe4,0x26,0x44,0x44,0x44,0x38,0x00}},
    {0x3073, 8, {0x2a,0xe4,0x26,0x44,0x44,0x44,0x38,0x00}},
    {0x3074, 8, {0x2c,0xea,0x26,0x44,0x44,0x44,0x38,0x00}},
    {0x3075, 8, {0x10,0x08,0x10,0x10,0x4c,0x4a,0xb2,0x00}},
    {0x3076, 8, {0x10,0x0a,0x10,0x10,0x4c,0x4a,0xb2,0x00}},
    {0x3077, 8, {0x14,0x0a,0x14,0x10,0x4c,0x4a,0xb2,0x00}},
    {0x3078, 8, {0x00,0x20,0x50,0x88,0x06,0x00,0x00,0x00}},
    {0x3079, 8, {0x0a,0x20,0x50,0x88,0x06,0x00,0x00,0x00}},
    {0x307a, 8, {0x04,0x2a,0x54,0x88,0x06,0x00,0x00,0x00}},
    {0x307b, 8, {0x80,0xbe,0x88,0xbe,0x88,0xbc,0xba,0x00}},
    {0x307c, 8, {0x8a,0xbe,0x88,0xbe,0x88,0xbc,0xba,0x00}},
    {0x307d, 8, {0x84,0xba,0x8c,0xbe,0x88,0xbc,0xba,0x00}},
    {0x307e, 8, {0x08,0x7e,0x08,0x7e,0x08,0x7c,0x7a,0x00}},
    {0x307f, 8, {0x70,0x10,0x24,0x7c,0xa6,0xc4,0x18,0x00}},
    {0x3080, 8, {0x20,0xf4,0x22,0x60,0xa0,0x62,0x3c,0x00}},
    {0x3081, 8, {0x08,0x48,0x5c,0x6a,0xb2,0xa2,0x54,0x00}},
    {0x3082, 8, {0x10,0x7c,0x20,0x7c,0x22,0x22,0x1c,0x00}},
    {0x3083, 8, {0x00,0x28,0x2c,0x72,0x14,0x10,0x08,0x00}},
    {0x3084, 8, {0x48,0x5c,0xe2,0x24,0x20,0x10,0x10,0x00}},
    {0x3085, 8, {0x00,0x10,0x58,0x74,0x54,0x18,0x20,0x00}},
    {0x3086, 8, {0x10,0xbc,0xd2,0x92,0xbc,0x10,0x20,0x00}},
    {0x3087, 8, {0x00,0x08,0x08,0x0c,0x38,0x48,0x34,0x00}},
    {0x3088, 8, {0x08,0x08,0x0e,0x08,0x38,0x4c,0x32,0x00}},
    {0x3089, 8, {0x30,0x08,0x40,0x5c,0x62,0x02,0x3c,0x00}},
    {0x308a, 8, {0x58,0x64,0x44,0x44,0x04,0x08,0x30,0x00}},
    {0x308b, 8, {0x3c,0x08,0x10,0x3c,0x42,0x32,0x3c,0x00}},
    {0x308c, 8, {0x20,0x2c,0xf4,0x24,0x64,0xa4,0x22,0x00}},
    {0x308d, 8, {0x3c,0x08,0x10,0x3c,0x42,0x02,0x3c,0x00}},
    {0x308e, 8, {0x00,0x10,0x14,0x7a,0x32,0x52,0x14,0x00}},
    {0x308f, 8, {0x20,0x2c,0xf2,0x22,0x62,0xa2,0x2c,0x00}},
    {0x3090, 8, {0x70,0x10,0x3c,0x52,0x96,0xaa,0x46,0x00}},
    {0x3091, 8, {0x38,0x10,0x38,0x44,0x18,0x6c,0x92,0x00}},
    {0x3092, 8, {0x10,0x7c,0x20,0x76,0x98,0x28,0x1e,0x00}},
    {0x3093, 8, {0x10,0x10,0x20,0x20,0x50,0x52,0x8c,0x00}},
    {0x309b, 8, {0xa0,0x50,0x00,0x00,0x00,0x00,0x00,0x00}},
    {0x309c, 8, {0x40,0xa0,0x40,0x00,0x00,0x00,0x00,0x00}},
    {0x309d, 8, {0x00,0x20,0x10,0x08,0x0c,0x30,0x00,0x00}},
    {0x309e, 8, {0x0a,0x20,0x10,0x08,0x0c,0x30,0x00,0x00}},
    {0x30a1, 8, {0x00,0x00,0x7c,0x14,0x18,0x10,0x20,0x00}},
    {0x30a2, 8, {0x7e,0x02,0x14,0x18,0x10,0x10,0x20,0x00}},
    {0x30a3, 8, {0x00,0x00,0x04,0x08,0x18,0x68,0x08,0x00}},
    {0x30a4, 8, {0x02,0x04,0x08,0x18,0x68,0x08,0x08,0x00}},
    {0x30a5, 8, {0x00,0x00,0x10,0x7c,0x44,0x08,0x30,0x00}},
    {0x30a6, 8, {0x10,0x7e,0x42,0x02,0x04,0x08,0x30,0x00}},
    {0x30a7, 8, {0x00,0x00,0x00,0x38,0x10,0x10,0x7c,0x00}},
    {0x30a8, 8, {0x00,0x7c,0x10,0x10,0x10,0xfe,0x00,0x00}},
    {0x30a9, 8, {0x00,0x00,0x08,0x7c,0x18,0x68,0x18,0x00}},
    {0x30aa, 8, {0x08,0xfe,0x08,0x18,0x28,0xc8,0x18,0x00}},
    {0x30ab, 8, {0x10,0x7e,0x12,0x12,0x12,0x22,0x46,0x00}},
    {0x30ac, 8, {0x14,0x7e,0x12,0x12,0x12,0x22,0x46,0x00}},
    {0x30ad, 8, {0x10,0x7c,0x10,0x10,0x7e,0x08,0x08,0x00}},
    {0x30ae, 8, {0x14,0x7c,0x10,0x10,0x7e,0x08,0x08,0x00}},
    {0x30af, 8, {0x10,0x1e,0x22,0x42,0x04,0x08,0x30,0x00}},
    {0x30b0, 8, {0x14,0x1e,0x22,0x42,0x04,0x08,0x30,0x00}},
    {0x30b1, 8, {0x40,0x7e,0x48,0x88,0x08,0x10,0x20,0x00}},
    {0x30b2, 8, {0x4a,0x7e,0x48,0x88,0x08,0x10,0x20,0x00}},
    {0x30b3, 8, {0x00,0x7e,0x02,0x02,0x02,0x02,0x7e,0x00}},
    {0x30b4, 8, {0x0a,0x7e,0x02,0x02,0x02,0x02,0x7e,0x00}},
    {0x30b5, 8, {0x24,0xfe,0x24,0x24,0x04,0x08,0x30,0x00}},
    {0x30b6, 8, {0x2a,0xfe,0x24,0x24,0x04,0x08,0x30,0x00}},
    {0x30b7, 8, {0x40,0x20,0x42,0x22,0x04,0x08,0x70,0x00}},
    {0x30b8, 8, {0x4a,0x20,0x42,0x22,0x04,0x08,0x70,0x00}},
    {0x30b9, 8, {0x00,0x7c,0x04,0x08,0x08,0x34,0xc2,0x00}},
    {0x30ba, 8, {0x0a,0x7c,0x04,0x08,0x08,0x34,0xc2,0x00}},
    {0x30bb, 8, {0x20,0x20,0xfe,0x22,0x24,0x20,0x1e,0x00}},
    {0x30bc, 8, {0x2a,0x20,0xfe,0x22,0x24,0x20,0x1e,0x00}},
    {0x30bd, 8, {0x42,0x22,0x22,0x02,0x04,0x08,0x30,0x00}},
    {0x30be, 8, {0x4a,0x20,0x22,0x02,0x04,0x08,0x30,0x00}},
    {0x30bf, 8, {0x10,0x1e,0x22,0x5a,0x04,0x08,0x30,0x00}},
    {0x30c0, 8, {0x14,0x1e,0x22,0x5a,0x04,0x08,0x30,0x00}},
    {0x30c1, 8, {0x0c,0x70,0x10,0xfe,0x10,0x10,0x20,0x00}},
    {0x30c2, 8, {0x0a,0x70,0x10,0xfe,0x10,0x10,0x20,0x00}},
    {0x30c3, 8, {0x00,0x00,0x00,0x54,0x54,0x08,0x30,0x00}},
    {0x30c4, 8, {0x00,0xa2,0x52,0x52,0x04,0x08,0x30,0x00}},
    {0x30c5, 8, {0x0a,0xa0,0x52,0x52,0x04,0x08,0x30,0x00}},
    {0x30c6, 8, {0x7c,0x00,0xfe,0x10,0x10,0x10,0x20,0x00}},
    {0x30c7, 8, {0x7a,0x00,0xfe,0x10,0x10,0x10,0x20,0x00}},
    {0x30c8, 8, {0x20,0x20,0x20,0x38,0x24,0x20,0x20,0x00}},
    {0x30c9, 8, {0x2a,0x20,0x20,0x38,0x24,0x20,0x20,0x00}},
    {0x30ca, 8, {0x10,0x10,0xfe,0x10,0x10,0x20,0x40,0x00}},
    {0x30cb, 8, {0x00,0x7c,0x00,0x00,0x00,0xfe,0x00,0x00}},
    {0x30cc, 8, {0x7c,0x04,0x34,0x08,0x18,0x24,0xc0,0x00}},
    {0x30cd, 8, {0x10,0x7c,0x08,0x10,0x34,0xd2,0x10,0x00}},
    {0x30ce, 8, {0x04,0x04,0x04,0x08,0x10,0x20,0xc0,0x00}},
    {0x30cf, 8, {0x00,0x28,0x24,0x24,0x42,0x42,0x82,0x00}},
    {0x30d0, 8, {0x0a,0x20,0x24,0x24,0x42,0x42,0x82,0x00}},
    {0x30d1, 8, {0x04,0x2a,0x24,0x24,0x42,0x42,0x82,0x00}},
    {0x30d2, 8, {0x40,0x40,0x46,0x78,0x40,0x40,0x3e,0x00}},
    {0x30d3, 8, {0x4a,0x40,0x46,0x78,0x40,0x40,0x3e,0x00}},
    {0x30d4, 8, {0x44,0x4a,0x46,0x78,0x40,0x40,0x3e,0x00}},
    {0x30d5, 8, {0x00,0x7e,0x02,0x02,0x04,0x08,0x30,0x00}},
    {0x30d6, 8, {0x0a,0x7e,0x02,0x02,0x04,0x08,0x30,0x00}},
    {0x30d7, 8, {0x04,0x7a,0x06,0x02,0x04,0x08,0x30,0x00}},
    {0x30d8, 8, {0x00,0x20,0x50,0x88,0x04,0x02,0x00,0x00}},
    {0x30d9, 8, {0x0a,0x20,0x50,0x88,0x04,0x02,0x00,0x00}},
    {0x30da, 8, {0x04,0x2a,0x54,0x88,0x04,0x02,0x00,0x00}},
    {0x30db, 8, {0x10,0x10,0xfe,0x10,0x54,0x92,0x30,0x00}},
    {0x30dc, 8, {0x1a,0x10,0xfe,0x10,0x54,0x92,0x30,0x00}},
    {0x30dd, 8, {0x14,0x1a,0xf4,0x10,0x54,0x92,0x30,0x00}},
    {0x30de, 8, {0x00,0xfe,0x02,0x04,0x28,0x10,0x08,0x00}},
    {0x30df, 8, {0x70,0x0c,0x20,0x18,0x00,0x70,0x0c,0x00}},
    {0x30e0, 8, {0x10,0x10,0x20,0x20,0x48,0x44,0xfa,0x00}},
    {0x30e1, 8, {0x04,0x04,0x74,0x08,0x14,0x24,0xc0,0x00}},
    {0x30e2, 8, {0x3c,0x10,0x10,0x7e,0x10,0x10,0x0e,0x00}},
    {0x30e3, 8, {0x00,0x00,0x20,0x3c,0x64,0x10,0x10,0x00}},
    {0x30e4, 8, {0x20,0x2e,0xf2,0x24,0x10,0x10,0x10,0x00}},
    {0x30e5, 8, {0x00,0x00,0x00,0x38,0x08,0x08,0x7c,0x00}},
    {0x30e6, 8, {0x00,0x78,0x08,0x08,0x08,0xfe,0x00,0x00}},
    {0x30e7, 8, {0x00,0x00,0x3c,0x04,0x1c,0x04,0x3c,0x00}},
    {0x30e8, 8, {0x00,0x7e,0x02,0x3e,0x02,0x02,0x7e,0x00}},
    {0x30e9, 8, {0x3c,0x00,0x7e,0x02,0x04,0x08,0x30,0x00}},
    {0x30ea, 8, {0x44,0x44,0x44,0x44,0x04,0x08,0x30,0x00}},
    {0x30eb, 8, {0x08,0x28,0x28,0x28,0x2a,0x4c,0x88,0x00}},
    {0x30ec, 8, {0x20,0x20,0x20,0x22,0x24,0x28,0x30,0x00}},
    {0x30ed, 8, {0x00,0x7e,0x42,0x42,0x42,0x42,0x7e,0x00}},
    {0x30ee, 8, {0x00,0x00,0x7c,0x44,0x04,0x08,0x30,0x00}},
    {0x30ef, 8, {0x00,0x7e,0x42,0x02,0x04,0x08,0x30,0x00}},
    {0x30f0, 8, {0x04,0x7e,0x24,0x24,0xfe,0x04,0x04,0x00}},
    {0x30f1, 8, {0x00,0x7c,0x08,0x10,0x10,0xfe,0x00,0x00}},
    {0x30f2, 8, {0x7e,0x02,0x3e,0x02,0x04,0x08,0x30,0x00}},
    {0x30f3, 8, {0x40,0x20,0x02,0x02,0x04,0x08,0x70,0x00}},
    {0x30f4, 8, {0x14,0x7e,0x42,0x02,0x04,0x08,0x30,0x00}},
    {0x30f5, 8, {0x00,0x00,0x10,0x7c,0x14,0x24,0x4c,0x00}},
    {0x30f6, 8, {0x00,0x00,0x20,0x3c,0x48,0x08,0x10,0x00}},
    {0x30fb, 8, {0x00,0x00,0x00,0x30,0x30,0x00,0x00,0x00}},
    {0x30fc, 8, {0x00,0x00,0x80,0x7e,0x00,0x00,0x00,0x00}},
    {0x30fd, 8, {0x00,0x00,0x20,0x10,0x08,0x08,0x00,0x00}},
    {0x30fe, 8, {0x0a,0x00,0x20,0x10,0x08,0x08,0x00,0x00}},
    {0x3231, 8, {0x44,0xf2,0xbe,0xea,0xfe,0xaa,0x6c,0x00}},
    {0x3232, 8, {0x54,0xba,0x92,0xbe,0xd6,0x9e,0x54,0x00}},
    {0x3239, 8, {0x44,0xaa,0xbe,0xea,0xaa,0xa6,0x44,0x00}},
    {0x32a4, 8, {0x7c,0x92,0x9a,0x92,0x92,0xba,0x7c,0x00}},
    {0x32a5, 8, {0x7c,0x92,0xfe,0xd6,0xfe,0x92,0x7c,0x00}},
    {0x32a6, 8, {0x7c,0xba,0x92,0x9a,0x92,0x92,0x7c,0x00}},
    {0x32a7, 8, {0x7c,0xfa,0xa2,0xba,0xd2,0xba,0x7c,0x00}},
    {0x32a8, 8, {0x7c,0xa2,0xfa,0xa2,0xda,0x9a,0x7c,0x00}},
    {0x32ff, 8, {0x4c,0xa6,0xee,0x06,0xee,0x6c,0x44,0x00}},
    {0x3303, 8, {0xf0,0x56,0x60,0x80,0x60,0x60,0xb0,0x00}},
    {0x330d, 8, {0xee,0x6a,0xae,0x00,0xa0,0xae,0x20,0x00}},
    {0x3314, 8, {0x40,0xe0,0x40,0xee,0x4a,0x0a,0x0e,0x00}},
    {0x3318, 8, {0x76,0xae,0x22,0xcc,0x20,0x50,0xf0,0x00}},
    {0x3322, 8, {0x8c,0xe0,0xa2,0xcc,0x40,0xe0,0x40,0x00}},
    {0x3323, 8, {0x8c,0xe0,0xa2,0xcc,0x40,0x60,0x40,0x00}},
    {0x3326, 8, {0xa8,0x80,0xe0,0x80,0x14,0x14,0x26,0x00}},
    {0x3327, 8, {0x80,0x80,0xe0,0x8c,0x00,0x02,0x0c,0x00}},
    {0x332b, 8, {0x70,0xb6,0xa0,0x00,0x94,0xc6,0xdc,0x00}},
    {0x3336, 8, {0x46,0xaa,0x02,0x6c,0xbc,0x4c,0x96,0x00}},
    {0x333b, 8, {0x50,0xa6,0x10,0xc0,0xd0,0x20,0xc0,0x00}},
    {0x3349, 8, {0xe0,0x00,0x60,0x0a,0xea,0x02,0x04,0x00}},
    {0x334a, 8, {0xea,0x6a,0x72,0x00,0x6c,0xbc,0xb6,0x00}},
    {0x334d, 8, {0xa0,0x4e,0xa0,0x00,0x8c,0xcc,0x96,0x00}},
    {0x3351, 8, {0xa0,0xae,0x22,0x00,0x8c,0xcc,0x96,0x00}},
    {0x3357, 8, {0xe0,0xae,0x22,0x40,0x40,0x60,0x40,0x00}},
    {0x337b, 8, {0xe4,0x4e,0xec,0x4c,0xee,0x4c,0x52,0x00}},
    {0x337c, 8, {0x6c,0xe6,0xee,0xa6,0x8e,0x6c,0x64,0x00}},
    {0x337d, 8, {0x4e,0x44,0xe4,0x4e,0x4c,0xac,0xae,0x00}},
    {0x337e, 8, {0x6a,0xe4,0xec,0xe6,0x68,0x6e,0xae,0x00}},
    {0x338e, 8, {0x00,0x00,0xc6,0xea,0xe6,0xe2,0xac,0x00}},
    {0x338f, 8, {0x80,0x80,0xa6,0xaa,0xc6,0xa2,0xac,0x00}},
    {0x339c, 8, {0x00,0x00,0xcc,0xee,0xee,0xee,0xaa,0x00}},
    {0x339d, 8, {0x00,0x00,0x6c,0x8e,0x8e,0x8e,0x6a,0x00}},
    {0x339e, 8, {0x80,0x80,0xac,0xae,0xce,0xae,0xaa,0x00}},
    {0x33a1, 8, {0x06,0x02,0xd4,0xae,0xa8,0xa8,0xa8,0x00}},
    {0x33c4, 8, {0x00,0x00,0x66,0x88,0x88,0x88,0x66,0x00}},
    {0x33cd, 8, {0xaa,0xaa,0xaa,0xcc,0xaa,0xaa,0xaa,0x00}},
    {0x4e00, 8, {0x00,0x00,0x04,0xfe,0x00,0x00,0x00,0x00}},
    {0x4e01, 8, {0xfe,0x10,0x10,0x10,0x10,0x10,0x30,0x00}},
    {0x4e03, 8, {0x20,0x20,0x2e,0xf0,0x20,0x22,0x1e,0x00}},
    {0x4e07, 8, {0xfe,0x20,0x3c,0x24,0x24,0x44,0x8c,0x00}},
    {0x4e08, 8, {0x10,0xfe,0x10,0x30,0x10,0x28,0xc6,0x00}},
    {0x4e09, 8, {0x00,0x7c,0x00,0x38,0x00,0x00,0xfe,0x00}},
    {0x4e0a, 8, {0x10,0x10,0x1c,0x10,0x10,0x10,0xfe,0x00}},
    {0x4e0b, 8, {0xfe,0x10,0x18,0x14,0x10,0x10,0x10,0x00}},
    {0x4e0d, 8, {0xfe,0x10,0x10,0x34,0xd2,0x10,0x10,0x00}},
    {0x4e0e, 8, {0x20,0x3c,0x20,0x38,0xfe,0x08,0x18,0x00}},
    {0x4e10, 8, {0xfe,0x10,0x5c,0x50,0x7e,0x02,0x06,0x00}},
    {0x4e11, 8, {0x7c,0x14,0x14,0xfe,0x24,0x24,0xfe,0x00}},
    {0x4e14, 8, {0x7c,0x44,0x7c,0x44,0x7c,0x44,0xfe,0x00}},
    {0x4e15, 8, {0xfe,0x10,0x34,0xd2,0x10,0x10,0xfe,0x00}},
    {0x4e16, 8, {0x54,0x54,0xfe,0x54,0x5c,0x40,0x7e,0x00}},
    {0x4e17, 8, {0x54,0x54,0xfe,0x54,0x54,0x54,0x7c,0x00}},
    {0x4e18, 8, {0x0c,0x70,0x40,0x7c,0x48,0x48,0xfe,0x00}},
    {0x4e19, 8, {0xfe,0x10,0xfe,0x92,0xaa,0xc2,0x86,0x00}},
    {0x4e1e, 8, {0x7c,0x08,0xd2,0x54,0x92,0x30,0xfe,0x00}},
    {0x4e21, 8, {0xfe,0x10,0xfe,0x92,0xd6,0xfe,0x82,0x00}},
    {0x4e26, 8, {0x44,0xfe,0x28,0xaa,0xac,0x28,0xfe,0x00}},
    {0x4e2a, 8, {0x10,0x28,0xd6,0x10,0x10,0x10,0x10,0x00}},
    {0x4e2d, 8, {0x10,0xfe,0x92,0x92,0xfe,0x10,0x10,0x00}},
    {0x4e31, 8, {0x28,0xaa,0xaa,0xaa,0xee,0x28,0x48,0x00}},
    {0x4e32, 8, {0x10,0x7c,0x7c,0x10,0xfe,0xfe,0x10,0x00}},
    {0x4e36, 8, {0x00,0x20,0x10,0x08,0x08,0x00,0x00,0x00}},
    {0x4e38, 8, {0x20,0xf8,0x28,0x68,0x38,0x4a,0x8e,0x00}},
    {0x4e39, 8, {0x7c,0x44,0x54,0x44,0xfe,0x44,0x8c,0x00}},
    {0x4e3b, 8, {0x20,0x10,0xfe,0x10,0x7c,0x10,0xfe,0x00}},
    {0x4e3c, 8, {0x24,0xfe,0x34,0x24,0xfe,0x24,0x44,0x00}},
    {0x4e3f, 8, {0x08,0x08,0x08,0x08,0x08,0x10,0x60,0x00}},
    {0x4e42, 8, {0x44,0x44,0x28,0x28,0x10,0x28,0xc6,0x00}},
    {0x4e43, 8, {0xf8,0x28,0x2e,0x22,0x42,0x42,0x86,0x00}},
    {0x4e45, 8, {0x20,0x3c,0x44,0x88,0x08,0x34,0xc2,0x00}},
    {0x4e4b, 8, {0x10,0x7c,0x04,0x08,0x50,0x60,0x9e,0x00}},
    {0x4e4d, 8, {0x20,0x3e,0x50,0x9e,0x10,0x1e,0x10,0x00}},
    {0x4e4e, 8, {0x0e,0xf0,0x54,0x10,0xfe,0x10,0x30,0x00}},
    {0x4e4f, 8, {0x7c,0x10,0x7c,0x08,0x50,0x60,0x9e,0x00}},
    {0x4e55, 8, {0x06,0x78,0x7e,0x7e,0x48,0x7e,0xaa,0x00}},
    {0x4e56, 8, {0x0c,0x70,0xfe,0xd6,0x54,0xd6,0x10,0x00}},
    {0x4e57, 8, {0x0c,0x70,0xfe,0x54,0xfe,0x38,0xd6,0x00}},
    {0x4e58, 8, {0x0c,0x70,0xfe,0x54,0xd6,0x38,0xd6,0x00}},
    {0x4e59, 8, {0x78,0x08,0x10,0x20,0x40,0x82,0x7e,0x00}},
    {0x4e5d, 8, {0x20,0xf8,0x28,0x28,0x48,0x4a,0x8e,0x00}},
    {0x4e5e, 8, {0x40,0x7e,0xb8,0x08,0x30,0x42,0x3e,0x00}},
    {0x4e5f, 8, {0x10,0x5c,0x74,0xd4,0x50,0x42,0x3e,0x00}},
    {0x4e62, 8, {0x28,0x28,0x28,0xa8,0xa8,0xfa,0x0e,0x00}},
    {0x4e71, 8, {0x14,0x64,0xfc,0x24,0x74,0x54,0x76,0x00}},
    {0x4e73, 8, {0x3c,0xd4,0x04,0x74,0x14,0xfc,0x26,0x00}},
    {0x4e7e, 8, {0xf0,0x5e,0xec,0xa4,0x48,0xf2,0x4e,0x00}},
    {0x4e80, 8, {0x38,0xc8,0x7c,0x7c,0x94,0xfc,0x0e,0x00}},
    {0x4e82, 8, {0x74,0xac,0x74,0x14,0xf4,0xb4,0xd6,0x00}},
    {0x4e85, 8, {0x10,0x10,0x10,0x10,0x10,0x10,0x30,0x00}},
    {0x4e86, 8, {0xfe,0x04,0x18,0x10,0x10,0x10,0x30,0x00}},
    {0x4e88, 8, {0x7c,0x28,0x10,0xfe,0x12,0x10,0x30,0x00}},
    {0x4e89, 8, {0x38,0xc8,0x3c,0xfe,0x14,0x7c,0x30,0x00}},
    {0x4e8a, 8, {0x10,0xfe,0x54,0x3c,0xfe,0x1c,0x30,0x00}},
    {0x4e8b, 8, {0x10,0xfe,0x54,0xfc,0x16,0xfc,0x30,0x00}},
    {0x4e8c, 8, {0x00,0x7c,0x00,0x00,0x00,0x04,0xfe,0x00}},
    {0x4e8e, 8, {0x7c,0x10,0x10,0xfe,0x10,0x10,0x30,0x00}},
    {0x4e91, 8, {0x7c,0x00,0xfe,0x10,0x10,0x24,0xfa,0x00}},
    {0x4e92, 8, {0xfe,0x20,0x3c,0x24,0x78,0x08,0xfe,0x00}},
    {0x4e94, 8, {0x7c,0x10,0x10,0x7c,0x24,0x24,0xfe,0x00}},
    {0x4e95, 8, {0x24,0xfe,0x24,0x24,0xfe,0x24,0x44,0x00}},
    {0x4e98, 8, {0xfe,0x7c,0x44,0x7c,0x44,0x7c,0xfe,0x00}},
    {0x4e99, 8, {0xfe,0x20,0x3c,0x2c,0x54,0x08,0xfe,0x00}},
    {0x4e9b, 8, {0x24,0xb6,0xa4,0xf6,0x7c,0x00,0xfe,0x00}},
    {0x4e9c, 8, {0xfe,0x28,0xfe,0xaa,0xfe,0x28,0xfe,0x00}},
    {0x4e9e, 8, {0xfe,0x28,0xee,0x82,0xee,0x28,0xfe,0x00}},
    {0x4e9f, 8, {0xfe,0x20,0x3e,0xda,0xd4,0x3a,0xfe,0x00}},
    {0x4ea0, 8, {0x00,0x10,0x10,0xfe,0x00,0x00,0x00,0x00}},
    {0x4ea1, 8, {0x10,0xfe,0x40,0x40,0x40,0x40,0x3e,0x00}},
    {0x4ea2, 8, {0x10,0xfe,0x00,0x38,0x28,0x2a,0xce,0x00}},
    {0x4ea4, 8, {0x10,0xfe,0x28,0xc6,0x28,0x10,0xee,0x00}},
    {0x4ea5, 8, {0x10,0xfe,0x20,0x54,0x28,0x14,0xe2,0x00}},
    {0x4ea6, 8, {0x10,0xfe,0x28,0x6c,0x6a,0xaa,0x58,0x00}},
    {0x4ea8, 8, {0x10,0xfe,0x44,0x7c,0x08,0x10,0x30,0x00}},
    {0x4eab, 8, {0x10,0xfe,0x44,0x7c,0x08,0xfe,0x10,0x00}},
    {0x4eac, 8, {0x10,0xfe,0x44,0x7c,0x10,0x54,0xb2,0x00}},
    {0x4ead, 8, {0x10,0xfe,0x44,0xfe,0xba,0x10,0x30,0x00}},
    {0x4eae, 8, {0x10,0xfe,0x44,0xfe,0x82,0x28,0xce,0x00}},
    {0x4eb0, 8, {0x10,0xfe,0x44,0x7c,0x7c,0x54,0xb2,0x00}},
    {0x4eb3, 8, {0x10,0xfe,0x44,0xfe,0x9a,0x70,0x1e,0x00}},
    {0x4eb6, 8, {0x10,0xfe,0x6c,0x7c,0x38,0x28,0xfe,0x00}},
    {0x4eba, 8, {0x10,0x10,0x10,0x28,0x28,0x44,0x82,0x00}},
    {0x4ec0, 8, {0x28,0x48,0xfe,0x48,0x48,0x48,0x48,0x00}},
    {0x4ec1, 8, {0x20,0x5e,0xc0,0x40,0x40,0x40,0x5e,0x00}},
    {0x4ec2, 8, {0x28,0x5e,0xca,0x4a,0x4a,0x4a,0x56,0x00}},
    {0x4ec4, 8, {0x7e,0x48,0x48,0x48,0x48,0x54,0xa2,0x00}},
    {0x4ec6, 8, {0x28,0x48,0xc8,0x4c,0x4a,0x48,0x48,0x00}},
    {0x4ec7, 8, {0x28,0x7c,0xd4,0x54,0x54,0x54,0x66,0x00}},
    {0x4eca, 8, {0x10,0x28,0xde,0x00,0x7c,0x08,0x30,0x00}},
    {0x4ecb, 8, {0x10,0x28,0xc6,0x28,0x28,0x28,0x48,0x00}},
    {0x4ecd, 8, {0x3c,0x54,0xd6,0x52,0x52,0x52,0x66,0x00}},
    {0x4ece, 8, {0x24,0x24,0x24,0x24,0x54,0x4a,0x92,0x00}},
    {0x4ecf, 8, {0x28,0x48,0xc8,0x48,0x50,0x54,0x7a,0x00}},
    {0x4ed4, 8, {0x3c,0x44,0xc8,0x7e,0x48,0x48,0x58,0x00}},
    {0x4ed5, 8, {0x28,0x48,0xfe,0x48,0x48,0x48,0x5c,0x00}},
    {0x4ed6, 8, {0x24,0x54,0xde,0x76,0x54,0x52,0x5e,0x00}},
    {0x4ed7, 8, {0x28,0x7e,0xc8,0x58,0x48,0x54,0x62,0x00}},
    {0x4ed8, 8, {0x24,0x5e,0xc4,0x54,0x4c,0x44,0x4c,0x00}},
    {0x4ed9, 8, {0x28,0x48,0xea,0x6a,0x6a,0x6a,0x7e,0x00}},
    {0x4edd, 8, {0x10,0x28,0xc6,0x7c,0x10,0x10,0xfe,0x00}},
    {0x4ede, 8, {0x3e,0x4a,0xda,0x5a,0x6a,0x4a,0x56,0x00}},
    {0x4edf, 8, {0x24,0x58,0xc8,0x7e,0x48,0x48,0x48,0x00}},
    {0x4ee3, 8, {0x2a,0x48,0xde,0x48,0x44,0x44,0x42,0x00}},
    {0x4ee4, 8, {0x10,0x28,0xde,0x00,0xfe,0x12,0x10,0x00}},
    {0x4ee5, 8, {0x44,0x54,0x4c,0x44,0x64,0x8c,0x32,0x00}},
    {0x4eed, 8, {0x3e,0x4a,0xda,0x4a,0x4e,0x4a,0x56,0x00}},
    {0x4eee, 8, {0x3e,0x50,0xde,0x5a,0x5a,0x64,0x5a,0x00}},
    {0x4ef0, 8, {0x50,0x6e,0xea,0xea,0x7a,0x68,0x48,0x00}},
    {0x4ef2, 8, {0x28,0x7e,0xea,0x6a,0x7e,0x48,0x48,0x00}},
    {0x4ef6, 8, {0x2c,0x4e,0xd4,0x44,0x5e,0x44,0x44,0x00}},
    {0x4ef7, 8, {0x28,0x54,0xe2,0x54,0x54,0x54,0x64,0x00}},
    {0x4efb, 8, {0x24,0x58,0xc8,0x7e,0x48,0x48,0x5c,0x00}},
    {0x4f01, 8, {0x10,0x28,0xd6,0x10,0x5c,0x50,0xfe,0x00}},
    {0x4f09, 8, {0x28,0x7e,0xc0,0x5c,0x54,0x54,0x66,0x00}},
    {0x4f0a, 8, {0x3e,0x4a,0xfe,0x4a,0x5e,0x48,0x50,0x00}},
    {0x4f0d, 8, {0x3c,0x48,0xc8,0x7c,0x54,0x54,0x7e,0x00}},
    {0x4f0e, 8, {0x28,0x7e,0xc8,0x7c,0x54,0x48,0x76,0x00}},
    {0x4f0f, 8, {0x2a,0x48,0xfe,0x48,0x48,0x54,0x62,0x00}},
    {0x4f10, 8, {0x2a,0x48,0xde,0x48,0x4a,0x44,0x5a,0x00}},
    {0x4f11, 8, {0x28,0x7e,0xc8,0x5c,0x5c,0x6a,0x48,0x00}},
    {0x4f1a, 8, {0x10,0x28,0xde,0x00,0xfe,0x24,0xfa,0x00}},
    {0x4f1c, 8, {0x28,0x7c,0xd4,0x66,0x48,0x7e,0x48,0x00}},
    {0x4f1d, 8, {0x3c,0x40,0xfe,0x48,0x48,0x54,0x7a,0x00}},
    {0x4f2f, 8, {0x28,0x5e,0xd2,0x5e,0x52,0x52,0x5e,0x00}},
    {0x4f30, 8, {0x28,0x48,0xfe,0x48,0x5c,0x54,0x5c,0x00}},
    {0x4f34, 8, {0x24,0x56,0xc4,0x5e,0x44,0x5e,0x44,0x00}},
    {0x4f36, 8, {0x28,0x54,0xee,0x40,0x7e,0x4a,0x48,0x00}},
    {0x4f38, 8, {0x28,0x7e,0xea,0x7e,0x6a,0x7e,0x48,0x00}},
    {0x4f3a, 8, {0x3e,0x42,0xda,0x42,0x5a,0x5a,0x46,0x00}},
    {0x4f3c, 8, {0x32,0x56,0xd2,0x5a,0x72,0x44,0x5a,0x00}},
    {0x4f3d, 8, {0x50,0x7e,0xda,0xda,0x6a,0x4e,0x58,0x00}},
    {0x4f43, 8, {0x3e,0x6a,0xea,0x7e,0x6a,0x6a,0x7e,0x00}},
    {0x4f46, 8, {0x3e,0x52,0xde,0x52,0x5e,0x40,0x5e,0x00}},
    {0x4f47, 8, {0x24,0x5e,0xd2,0x4e,0x44,0x44,0x4c,0x00}},
    {0x4f4d, 8, {0x28,0x7e,0xd4,0x54,0x54,0x58,0x7e,0x00}},
    {0x4f4e, 8, {0x22,0x5c,0xd4,0x5e,0x54,0x52,0x5e,0x00}},
    {0x4f4f, 8, {0x28,0x44,0xde,0x44,0x4e,0x44,0x5e,0x00}},
    {0x4f50, 8, {0x28,0x5e,0xc8,0x4e,0x54,0x44,0x5e,0x00}},
    {0x4f51, 8, {0x28,0x5e,0xc8,0x4e,0x5a,0x4a,0x4e,0x00}},
    {0x4f53, 8, {0x28,0x7e,0xc8,0x5c,0x6a,0x5c,0x48,0x00}},
    {0x4f55, 8, {0x3e,0x42,0xde,0x56,0x5e,0x42,0x46,0x00}},
    {0x4f57, 8, {0x28,0x7e,0xe2,0x54,0x58,0x52,0x5e,0x00}},
    {0x4f59, 8, {0x10,0x28,0xfe,0x10,0xfe,0x54,0xb2,0x00}},
    {0x4f5a, 8, {0x2c,0x4e,0xd4,0x5e,0x44,0x44,0x5a,0x00}},
    {0x4f5b, 8, {0x54,0x7e,0xde,0xf4,0x7e,0x56,0x64,0x00}},
    {0x4f5c, 8, {0x28,0x4e,0xd8,0x4e,0x48,0x4e,0x48,0x00}},
    {0x4f5d, 8, {0x28,0x4e,0xd2,0x4e,0x4e,0x42,0x46,0x00}},
    {0x4f5e, 8, {0x2c,0x40,0xde,0x48,0x5e,0x4c,0x5a,0x00}},
    {0x4f69, 8, {0x3e,0x62,0xfe,0x6a,0x7e,0x7e,0x6a,0x00}},
    {0x4f6f, 8, {0x2a,0x5e,0xc4,0x4e,0x44,0x5e,0x44,0x00}},
    {0x4f70, 8, {0x3e,0x48,0xde,0x52,0x5e,0x52,0x5e,0x00}},
    {0x4f73, 8, {0x28,0x5c,0xc8,0x7e,0x5c,0x48,0x7e,0x00}},
    {0x4f75, 8, {0x34,0x40,0xfe,0x54,0x7e,0x54,0x64,0x00}},
    {0x4f76, 8, {0x28,0x7e,0xc8,0x5c,0x40,0x5c,0x5c,0x00}},
    {0x4f7b, 8, {0x54,0x76,0xd4,0xf6,0x54,0x54,0x66,0x00}},
    {0x4f7c, 8, {0x28,0x7e,0xd4,0x62,0x54,0x48,0x76,0x00}},
    {0x4f7f, 8, {0x28,0x7e,0xda,0x5e,0x78,0x48,0x76,0x00}},
    {0x4f83, 8, {0x3e,0x52,0xde,0x40,0x5a,0x5a,0x6a,0x00}},
    {0x4f86, 8, {0x10,0xfe,0x54,0x54,0xba,0x38,0xd6,0x00}},
    {0x4f88, 8, {0x2c,0x54,0xc8,0x76,0x4a,0x44,0x58,0x00}},
    {0x4f8b, 8, {0x3a,0x56,0xde,0x6e,0x5a,0x52,0x66,0x00}},
    {0x4f8d, 8, {0x28,0x5c,0xc8,0x7e,0x44,0x7e,0x54,0x00}},
    {0x4f8f, 8, {0x38,0x5c,0xe8,0x7e,0x48,0x5c,0x6a,0x00}},
    {0x4f91, 8, {0x28,0x5e,0xc8,0x4e,0x5a,0x4e,0x4a,0x00}},
    {0x4f96, 8, {0x10,0x28,0xde,0x00,0xfe,0xfe,0xaa,0x00}},
    {0x4f98, 8, {0x28,0x7e,0xe6,0x58,0x7e,0x48,0x4e,0x00}},
    {0x4f9b, 8, {0x54,0x7e,0xd4,0xd4,0x7e,0x40,0x62,0x00}},
    {0x4f9d, 8, {0x28,0x7e,0xc8,0x5a,0x74,0x54,0x5a,0x00}},
    {0x4fa0, 8, {0x28,0x7e,0xc8,0x6a,0x7e,0x48,0x76,0x00}},
    {0x4fa1, 8, {0x3e,0x48,0xde,0x5a,0x5a,0x5a,0x5e,0x00}},
    {0x4fab, 8, {0x28,0x7e,0xd0,0x5c,0x7e,0x54,0x7a,0x00}},
    {0x4fad, 8, {0x3e,0x52,0xde,0x54,0x6a,0x40,0x4c,0x00}},
    {0x4fae, 8, {0x30,0x5e,0xcc,0x7e,0x54,0x5e,0x44,0x00}},
    {0x4faf, 8, {0x2c,0x44,0xde,0x48,0x5e,0x44,0x5a,0x00}},
    {0x4fb5, 8, {0x3c,0x44,0xdc,0x7e,0x76,0x48,0x76,0x00}},
    {0x4fb6, 8, {0x3e,0x52,0xde,0x48,0x5e,0x52,0x5e,0x00}},
    {0x4fbf, 8, {0x3e,0x5c,0xdc,0x48,0x58,0x48,0x76,0x00}},
    {0x4fc2, 8, {0x3e,0x48,0xd0,0x4a,0x7e,0x48,0x6a,0x00}},
    {0x4fc3, 8, {0x3e,0x52,0xde,0x44,0x56,0x54,0x6e,0x00}},
    {0x4fc4, 8, {0x4e,0x74,0xfe,0xd4,0x56,0x7c,0x52,0x00}},
    {0x4fca, 8, {0x32,0x7e,0xd4,0x66,0x5c,0x68,0x56,0x00}},
    {0x4fce, 8, {0x5c,0x54,0xbc,0x14,0x5c,0x54,0xbe,0x00}},
    {0x4fd0, 8, {0x3a,0x56,0xfe,0x56,0x7a,0x72,0x56,0x00}},
    {0x4fd1, 8, {0x3e,0x44,0xfe,0x6a,0x7e,0x6a,0x6a,0x00}},
    {0x4fd4, 8, {0x3e,0x52,0xde,0x52,0x5e,0x4c,0x56,0x00}},
    {0x4fd7, 8, {0x54,0x62,0xc8,0xd4,0x62,0x5c,0x5c,0x00}},
    {0x4fd8, 8, {0x3c,0x6a,0xc0,0x5c,0x44,0x7e,0x48,0x00}},
    {0x4fda, 8, {0x3e,0x6a,0xfe,0x6a,0x7e,0x48,0x7e,0x00}},
    {0x4fdb, 8, {0x2c,0x54,0xfe,0x6a,0x7e,0x54,0x66,0x00}},
    {0x4fdd, 8, {0x3c,0x54,0xdc,0x48,0x7e,0x5c,0x6a,0x00}},
    {0x4fdf, 8, {0x28,0x52,0xde,0x48,0x5e,0x44,0x5a,0x00}},
    {0x4fe1, 8, {0x2c,0x5e,0xc0,0x4c,0x40,0x5e,0x5e,0x00}},
    {0x4fe3, 8, {0x3c,0x54,0xfe,0x48,0x5c,0x48,0x76,0x00}},
    {0x4fe4, 8, {0x54,0x7e,0xca,0xfe,0x68,0x5e,0x6a,0x00}},
    {0x4fe5, 8, {0x28,0x7e,0xdc,0x5c,0x5c,0x7e,0x48,0x00}},
    {0x4fee, 8, {0x28,0x6e,0xf4,0x6a,0x64,0x62,0x4c,0x00}},
    {0x4fef, 8, {0x28,0x7e,0xe0,0x6a,0x76,0x72,0x56,0x00}},
    {0x4ff3, 8, {0x54,0x76,0xd4,0xf6,0x54,0x76,0x54,0x00}},
    {0x4ff5, 8, {0x28,0x7e,0xc8,0x7c,0x5a,0x74,0x5a,0x00}},
    {0x4ff6, 8, {0x36,0x5a,0xd2,0x7a,0x54,0x74,0x5a,0x00}},
    {0x4ff8, 8, {0x28,0x5c,0xfe,0x54,0x6a,0x5c,0x48,0x00}},
    {0x4ffa, 8, {0x28,0x7e,0xd4,0x6a,0x5c,0x5c,0x46,0x00}},
    {0x4ffe, 8, {0x28,0x7e,0xea,0x7e,0x54,0x7e,0x44,0x00}},
    {0x5005, 8, {0x28,0x7e,0xd4,0x54,0x6a,0x7e,0x48,0x00}},
    {0x5006, 8, {0x3e,0x48,0xfe,0x6a,0x7e,0x7e,0x6a,0x00}},
    {0x5009, 8, {0x10,0x28,0xfe,0x38,0x20,0x5c,0x9c,0x00}},
    {0x500b, 8, {0x3e,0x6a,0xfe,0x6a,0x76,0x7e,0x7e,0x00}},
    {0x500d, 8, {0x28,0x7e,0xd4,0x7e,0x40,0x5c,0x5c,0x00}},
    {0x500f, 8, {0x2c,0x74,0xe8,0x74,0x7e,0x48,0x76,0x00}},
    {0x5011, 8, {0x36,0x76,0xf6,0x62,0x62,0x62,0x66,0x00}},
    {0x5012, 8, {0x3a,0x56,0xe6,0x7e,0x52,0x7a,0x46,0x00}},
    {0x5014, 8, {0x3e,0x62,0xfe,0x6e,0x64,0x76,0x5e,0x00}},
    {0x5016, 8, {0x28,0x5c,0xfe,0x54,0x7e,0x5c,0x48,0x00}},
    {0x5019, 8, {0x2c,0x64,0xfe,0x68,0x7e,0x64,0x5a,0x00}},
    {0x501a, 8, {0x28,0x7e,0xc8,0x54,0x7e,0x44,0x54,0x00}},
    {0x501f, 8, {0x54,0x7e,0xd4,0xfe,0x5c,0x54,0x5c,0x00}},
    {0x5021, 8, {0x2c,0x4c,0xde,0x52,0x5e,0x52,0x5e,0x00}},
    {0x5023, 8, {0x54,0x7e,0xd6,0xde,0x6e,0x4c,0x5a,0x00}},
    {0x5024, 8, {0x24,0x5e,0xc4,0x56,0x56,0x50,0x5e,0x00}},
    {0x5025, 8, {0x28,0x7e,0xf6,0x40,0x5c,0x48,0x7e,0x00}},
    {0x5026, 8, {0x2a,0x5c,0xfe,0x54,0x6a,0x50,0x5c,0x00}},
    {0x5028, 8, {0x3e,0x5e,0xd4,0x5e,0x54,0x6a,0x4e,0x00}},
    {0x5029, 8, {0x28,0x5c,0xc8,0x7e,0x5c,0x5c,0x54,0x00}},
    {0x502a, 8, {0x36,0x62,0xf6,0x62,0x7e,0x54,0x66,0x00}},
    {0x502b, 8, {0x28,0x54,0xee,0x40,0x7e,0x7e,0x6a,0x00}},
    {0x502c, 8, {0x28,0x4e,0xdc,0x54,0x5c,0x7e,0x48,0x00}},
    {0x502d, 8, {0x5c,0x7e,0xdc,0xea,0x7e,0x54,0x7a,0x00}},
    {0x5036, 8, {0x3c,0x54,0xdc,0x54,0x7e,0x40,0x62,0x00}},
    {0x5039, 8, {0x28,0x54,0xfe,0x6a,0x7e,0x48,0x76,0x00}},
    {0x5043, 8, {0x3e,0x6c,0xec,0x7a,0x64,0x6a,0x7e,0x00}},
    {0x5047, 8, {0x36,0x72,0xe6,0x7e,0x6a,0x74,0x6a,0x00}},
    {0x5048, 8, {0x3c,0x54,0xdc,0x5e,0x72,0x5a,0x46,0x00}},
    {0x5049, 8, {0x28,0x5e,0xca,0x7e,0x54,0x7e,0x44,0x00}},
    {0x504f, 8, {0x3e,0x54,0xdc,0x50,0x5e,0x6e,0x4a,0x00}},
    {0x5050, 8, {0x24,0x5e,0xcc,0x5e,0x54,0x62,0x4c,0x00}},
    {0x5055, 8, {0x24,0x76,0xe4,0x76,0x48,0x5c,0x5c,0x00}},
    {0x5056, 8, {0x2a,0x5c,0xc8,0x7e,0x54,0x6e,0x4e,0x00}},
    {0x505a, 8, {0x54,0x7e,0xd6,0xfe,0x6e,0x7c,0x4a,0x00}},
    {0x505c, 8, {0x28,0x7e,0xd4,0x7e,0x5e,0x48,0x58,0x00}},
    {0x5065, 8, {0x34,0x5e,0xee,0x54,0x7e,0x54,0x6e,0x00}},
    {0x506c, 8, {0x30,0x5e,0xea,0x5a,0x44,0x72,0x6e,0x00}},
    {0x5072, 8, {0x3e,0x5a,0xde,0x5e,0x40,0x72,0x6e,0x00}},
    {0x5074, 8, {0x3a,0x6e,0xfe,0x6e,0x7a,0x42,0x6a,0x00}},
    {0x5075, 8, {0x28,0x4e,0xdc,0x54,0x5c,0x5c,0x62,0x00}},
    {0x5076, 8, {0x3c,0x5c,0xc8,0x7e,0x6a,0x6e,0x7a,0x00}},
    {0x5078, 8, {0x38,0x54,0xee,0x40,0x5a,0x5c,0x5a,0x00}},
    {0x507d, 8, {0x54,0x7c,0xcc,0xd4,0x7e,0x42,0x6a,0x00}},
    {0x5080, 8, {0x28,0x7e,0xea,0x7e,0x6a,0x5c,0x6e,0x00}},
    {0x5085, 8, {0x2a,0x7e,0xdc,0x54,0x7e,0x54,0x4c,0x00}},
    {0x508d, 8, {0x28,0x7e,0xd4,0x7e,0x6a,0x4c,0x54,0x00}},
    {0x5091, 8, {0x5a,0x6e,0xd6,0xea,0x7e,0x5c,0x6a,0x00}},
    {0x5098, 8, {0x10,0x28,0xd6,0x38,0x54,0xfe,0x10,0x00}},
    {0x5099, 8, {0x54,0x7e,0xd4,0xfe,0x60,0x5e,0x56,0x00}},
    {0x509a, 8, {0x54,0x7e,0xee,0xc6,0x6e,0x54,0x6a,0x00}},
    {0x50ac, 8, {0x2a,0x7e,0xd4,0x5e,0x74,0x54,0x5e,0x00}},
    {0x50ad, 8, {0x24,0x7e,0xec,0x7e,0x76,0x7e,0x56,0x00}},
    {0x50b2, 8, {0x54,0x7e,0xd6,0xfe,0x56,0x5c,0x6a,0x00}},
    {0x50b3, 8, {0x28,0x7e,0xdc,0x5a,0x7e,0x54,0x4c,0x00}},
    {0x50b4, 8, {0x3e,0x6c,0xec,0x60,0x76,0x76,0x7e,0x00}},
    {0x50b5, 8, {0x28,0x5c,0xc8,0x7e,0x5c,0x5c,0x62,0x00}},
    {0x50b7, 8, {0x30,0x5e,0xf4,0x5c,0x5e,0x6a,0x56,0x00}},
    {0x50be, 8, {0x2e,0x64,0xfe,0x6a,0x6e,0x70,0x4a,0x00}},
    {0x50c2, 8, {0x28,0x5c,0xf6,0x5c,0x7e,0x54,0x7a,0x00}},
    {0x50c5, 8, {0x54,0x7e,0xd4,0xfe,0x7e,0x48,0x7e,0x00}},
    {0x50c9, 8, {0x10,0x28,0xfe,0xaa,0xee,0x44,0xaa,0x00}},
    {0x50ca, 8, {0x3e,0x5c,0xfe,0x54,0x6a,0x50,0x5c,0x00}},
    {0x50cd, 8, {0x34,0x5e,0xf6,0x76,0x56,0x7a,0x4a,0x00}},
    {0x50cf, 8, {0x2c,0x74,0xdc,0x5c,0x5a,0x6c,0x5a,0x00}},
    {0x50d1, 8, {0x5c,0x7e,0xd4,0xea,0x7e,0x62,0x6a,0x00}},
    {0x50d5, 8, {0x2a,0x7e,0xd4,0x7e,0x5c,0x48,0x76,0x00}},
    {0x50d6, 8, {0x28,0x7e,0xdc,0x54,0x7e,0x54,0x5c,0x00}},
    {0x50da, 8, {0x28,0x7e,0xd4,0x7e,0x54,0x48,0x6a,0x00}},
    {0x50de, 8, {0x3c,0x6a,0xdc,0x54,0x7e,0x42,0x6a,0x00}},
    {0x50e3, 8, {0x54,0x7e,0xd4,0xea,0x5c,0x54,0x5c,0x00}},
    {0x50e5, 8, {0x28,0x5c,0xfe,0x76,0x7e,0x54,0x66,0x00}},
    {0x50e7, 8, {0x54,0x7e,0xea,0xfe,0x5c,0x54,0x5c,0x00}},
    {0x50ed, 8, {0x54,0x5e,0xfe,0xd4,0x6a,0x5c,0x5c,0x00}},
    {0x50ee, 8, {0x28,0x7e,0xd4,0x7e,0x5c,0x48,0x7e,0x00}},
    {0x50f5, 8, {0x3e,0x4c,0xcc,0x5e,0x4c,0x4c,0x5e,0x00}},
    {0x50f9, 8, {0x3e,0x5c,0xc0,0x5c,0x5c,0x5c,0x62,0x00}},
    {0x50fb, 8, {0x24,0x7e,0xfa,0x6e,0x74,0x7e,0x44,0x00}},
    {0x5100, 8, {0x54,0x7e,0xc8,0xfe,0x56,0x7c,0x52,0x00}},
    {0x5101, 8, {0x54,0x5e,0xf4,0xde,0x76,0x6a,0x62,0x00}},
    {0x5102, 8, {0x2a,0x5e,0xde,0x40,0x5e,0x74,0x5a,0x00}},
    {0x5104, 8, {0x28,0x7e,0xd4,0x7e,0x5c,0x72,0x6e,0x00}},
    {0x5109, 8, {0x28,0x54,0xfe,0x6a,0x7e,0x54,0x6a,0x00}},
    {0x5112, 8, {0x5c,0x7e,0xea,0xdc,0x48,0x7e,0x6a,0x00}},
    {0x5114, 8, {0x28,0x5c,0xfe,0x48,0x7e,0x74,0x4c,0x00}},
    {0x5115, 8, {0x28,0x7e,0xd4,0x6a,0x54,0x5c,0x64,0x00}},
    {0x5116, 8, {0x34,0x66,0xe0,0x76,0x40,0x5c,0x7e,0x00}},
    {0x5118, 8, {0x28,0x5c,0xce,0x5c,0x6a,0x5c,0x7e,0x00}},
    {0x511a, 8, {0x54,0x7e,0xdc,0xfe,0x6e,0x44,0x58,0x00}},
    {0x511f, 8, {0x2a,0x5c,0xf6,0x5c,0x5c,0x5c,0x62,0x00}},
    {0x5121, 8, {0x3c,0x5c,0xdc,0x40,0x76,0x76,0x76,0x00}},
    {0x512a, 8, {0x3e,0x5c,0xdc,0x7e,0x76,0x48,0x76,0x00}},
    {0x5132, 8, {0x24,0x7e,0xc4,0x6e,0x48,0x76,0x76,0x00}},
    {0x5137, 8, {0x36,0x6a,0xfe,0x6c,0x7e,0x64,0x76,0x00}},
    {0x513a, 8, {0x2a,0x7c,0xd6,0x7c,0x7e,0x54,0x6e,0x00}},
    {0x513b, 8, {0x2a,0x7e,0xea,0x5c,0x7e,0x40,0x6a,0x00}},
    {0x513c, 8, {0x36,0x7e,0xf4,0x7e,0x7a,0x7c,0x6a,0x00}},
    {0x513f, 8, {0x28,0x28,0x28,0x28,0x28,0x4a,0x8e,0x00}},
    {0x5140, 8, {0xfe,0x28,0x28,0x28,0x28,0x4a,0x8e,0x00}},
    {0x5141, 8, {0x10,0x24,0xfa,0x28,0x28,0x4a,0x8e,0x00}},
    {0x5143, 8, {0x7c,0x00,0xfe,0x28,0x28,0x4a,0x8e,0x00}},
    {0x5144, 8, {0x7c,0x44,0x44,0x7c,0x28,0x2a,0xce,0x00}},
    {0x5145, 8, {0x10,0xfe,0x28,0x74,0x28,0x2a,0xce,0x00}},
    {0x5146, 8, {0x28,0xaa,0x2c,0x6c,0xaa,0x28,0xce,0x00}},
    {0x5147, 8, {0x6c,0x54,0x6c,0x44,0x7c,0x2a,0xce,0x00}},
    {0x5148, 8, {0x50,0x7c,0x90,0xfe,0x28,0x2a,0xce,0x00}},
    {0x5149, 8, {0x10,0x54,0x10,0xfe,0x28,0x2a,0xce,0x00}},
    {0x514b, 8, {0x10,0xfe,0x7c,0x44,0x7c,0x2a,0xce,0x00}},
    {0x514c, 8, {0x28,0x44,0xfe,0x44,0x7c,0x2a,0xce,0x00}},
    {0x514d, 8, {0x38,0xc8,0x7c,0x54,0x7c,0x2a,0xce,0x00}},
    {0x514e, 8, {0x0c,0xf0,0x7c,0x54,0x7c,0x2a,0xce,0x00}},
    {0x5150, 8, {0x5c,0x54,0x5c,0x54,0x5c,0x2a,0xce,0x00}},
    {0x5152, 8, {0x2c,0x44,0x6c,0x44,0x7c,0x2a,0xce,0x00}},
    {0x5154, 8, {0x38,0xc8,0x7e,0x52,0x7e,0x34,0xde,0x00}},
    {0x515a, 8, {0x54,0xfe,0xba,0x28,0x38,0x2a,0xce,0x00}},
    {0x515c, 8, {0x56,0xaa,0xba,0xaa,0xfe,0x28,0xce,0x00}},
    {0x5162, 8, {0x24,0xfe,0x24,0x5a,0x7e,0x6c,0xb6,0x00}},
    {0x5165, 8, {0x70,0x10,0x10,0x28,0x28,0x44,0x82,0x00}},
    {0x5168, 8, {0x10,0x28,0xfe,0x10,0x7c,0x10,0xfe,0x00}},
    {0x5169, 8, {0xfe,0x10,0xfe,0xda,0xda,0xb6,0x92,0x00}},
    {0x516a, 8, {0x70,0x28,0xde,0x00,0xea,0xf4,0xaa,0x00}},
    {0x516b, 8, {0x28,0x28,0x28,0x28,0x44,0x44,0x82,0x00}},
    {0x516c, 8, {0x28,0x28,0x44,0x92,0x10,0x24,0xfa,0x00}},
    {0x516d, 8, {0x10,0xfe,0x00,0x28,0x28,0x44,0x82,0x00}},
    {0x516e, 8, {0x28,0x44,0xfa,0x20,0x3c,0x04,0x1c,0x00}},
    {0x5171, 8, {0x28,0x7c,0x28,0x28,0xfe,0x00,0xc6,0x00}},
    {0x5175, 8, {0x0c,0x70,0x7c,0x48,0xfe,0x00,0xc6,0x00}},
    {0x5176, 8, {0x28,0xfe,0x28,0x38,0xfe,0x00,0xc6,0x00}},
    {0x5177, 8, {0x7c,0x44,0x7c,0x44,0xfe,0x00,0xc6,0x00}},
    {0x5178, 8, {0x28,0x7c,0x6c,0x7c,0xfe,0x00,0xc6,0x00}},
    {0x517c, 8, {0x44,0xfe,0x78,0x2e,0xf8,0x6c,0xaa,0x00}},
    {0x5180, 8, {0x28,0xee,0x28,0xfe,0x38,0xfe,0x44,0x00}},
    {0x5182, 8, {0xfe,0x82,0x82,0x82,0x82,0x82,0x86,0x00}},
    {0x5185, 8, {0x10,0xfe,0x92,0xaa,0xc6,0x82,0x86,0x00}},
    {0x5186, 8, {0xfe,0x92,0x92,0xfe,0x82,0x82,0x86,0x00}},
    {0x5189, 8, {0x10,0x7c,0x54,0x7c,0x54,0xfe,0x44,0x00}},
    {0x518a, 8, {0x7e,0x6a,0x6a,0xfe,0x6a,0x6a,0x42,0x00}},
    {0x518c, 8, {0x7e,0x5a,0x5a,0xfe,0x5a,0x5a,0xb6,0x00}},
    {0x518d, 8, {0xfe,0x54,0x7c,0x54,0xfe,0x44,0x4c,0x00}},
    {0x518f, 8, {0xfe,0xaa,0xce,0xba,0xaa,0xba,0x86,0x00}},
    {0x5190, 8, {0xfe,0x82,0xba,0x7c,0x44,0x7c,0x44,0x00}},
    {0x5191, 8, {0x10,0xfe,0x92,0xfe,0x44,0x5c,0x44,0x00}},
    {0x5192, 8, {0xfe,0x82,0xfe,0x44,0x7c,0x44,0x7c,0x00}},
    {0x5193, 8, {0x28,0xfe,0x28,0xfe,0x54,0xfe,0x44,0x00}},
    {0x5195, 8, {0x7c,0x44,0x3c,0xd4,0x7c,0x2a,0xce,0x00}},
    {0x5196, 8, {0x00,0x00,0xfe,0x82,0x00,0x00,0x00,0x00}},
    {0x5197, 8, {0xfe,0x82,0x38,0x28,0x28,0x4a,0x8e,0x00}},
    {0x5199, 8, {0xfe,0xa2,0x3c,0x20,0xfe,0x08,0x18,0x00}},
    {0x51a0, 8, {0xfe,0x82,0x64,0x0e,0xf4,0x6c,0xbe,0x00}},
    {0x51a2, 8, {0xfe,0xba,0x30,0xda,0x2c,0xca,0x30,0x00}},
    {0x51a4, 8, {0xfe,0xba,0x3c,0xd4,0x7c,0x2a,0xce,0x00}},
    {0x51a5, 8, {0xfe,0xba,0x28,0x38,0xfe,0x00,0xc6,0x00}},
    {0x51a6, 8, {0xfe,0x86,0x6c,0x0a,0xe4,0x6a,0xbe,0x00}},
    {0x51a8, 8, {0xfe,0xba,0x28,0x38,0x7c,0x54,0x7c,0x00}},
    {0x51a9, 8, {0xfe,0xaa,0x48,0x78,0x7e,0x82,0x56,0x00}},
    {0x51aa, 8, {0xfe,0xaa,0x7c,0x38,0xfe,0x7e,0xb4,0x00}},
    {0x51ab, 8, {0x20,0x10,0x00,0x08,0x10,0x20,0x20,0x00}},
    {0x51ac, 8, {0x18,0x68,0x10,0x28,0xd6,0x30,0x0c,0x00}},
    {0x51b0, 8, {0x88,0x0a,0x3c,0x18,0xac,0x8a,0x98,0x00}},
    {0x51b1, 8, {0xbe,0x08,0x0e,0x12,0x9c,0x84,0xbe,0x00}},
    {0x51b2, 8, {0x88,0x3e,0x2a,0x2a,0xbe,0x88,0x88,0x00}},
    {0x51b3, 8, {0x88,0x1c,0x0c,0x3e,0x88,0x88,0xb6,0x00}},
    {0x51b4, 8, {0x9e,0x14,0x14,0x3e,0x8c,0xb4,0x8c,0x00}},
    {0x51b5, 8, {0xbe,0x22,0x22,0x3e,0x94,0x94,0xa6,0x00}},
    {0x51b6, 8, {0x88,0x08,0x14,0x3a,0x80,0x9c,0x9c,0x00}},
    {0x51b7, 8, {0x88,0x14,0x2e,0x00,0xbe,0x8a,0x88,0x00}},
    {0x51bd, 8, {0xba,0x16,0x1e,0x2e,0x9a,0x92,0xa6,0x00}},
    {0x51c4, 8, {0x88,0x3e,0x0c,0x1c,0xbe,0x94,0xba,0x00}},
    {0x51c5, 8, {0xbe,0x2a,0x3e,0x2a,0xb6,0xbe,0xbe,0x00}},
    {0x51c6, 8, {0x94,0x1e,0x34,0x1e,0x94,0x94,0x9e,0x00}},
    {0x51c9, 8, {0x88,0x3e,0x14,0x1c,0x88,0xaa,0x98,0x00}},
    {0x51cb, 8, {0xbe,0x2a,0x3e,0x2a,0xb6,0xbe,0xa2,0x00}},
    {0x51cc, 8, {0x88,0x1c,0x08,0x3e,0x94,0xa8,0xd6,0x00}},
    {0x51cd, 8, {0x88,0x3e,0x1c,0x1c,0x88,0x9c,0xaa,0x00}},
    {0x51d6, 8, {0x94,0x1e,0x34,0x9e,0x10,0xfe,0x10,0x00}},
    {0x51db, 8, {0x88,0x3e,0x14,0x1c,0xbe,0x88,0xaa,0x00}},
    {0x51dc, 8, {0x88,0x3e,0x14,0x1c,0xbe,0x9c,0xaa,0x00}},
    {0x51dd, 8, {0xa6,0x3a,0x26,0x1c,0xbe,0x94,0xaa,0x00}},
    {0x51e0, 8, {0x7c,0x44,0x44,0x44,0x44,0x44,0x86,0x00}},
    {0x51e1, 8, {0x7c,0x44,0x64,0x54,0x54,0x44,0x86,0x00}},
    {0x51e6, 8, {0x40,0x7c,0x54,0xd4,0x26,0x50,0x8e,0x00}},
    {0x51e7, 8, {0x7c,0x44,0x54,0x7c,0x7c,0x54,0x96,0x00}},
    {0x51e9, 8, {0x7c,0x44,0x54,0x7c,0x54,0x7c,0x96,0x00}},
    {0x51ea, 8, {0x7c,0x44,0x54,0x5c,0x74,0x7c,0x86,0x00}},
    {0x51ed, 8, {0x24,0x58,0xfe,0x48,0x3c,0x28,0xce,0x00}},
    {0x51f0, 8, {0x7c,0x54,0x7c,0x6c,0x7c,0x54,0xbe,0x00}},
    {0x51f1, 8, {0xae,0xfa,0x0a,0xfa,0x5a,0x2a,0xf2,0x00}},
    {0x51f5, 8, {0x82,0x82,0x82,0x82,0x82,0x82,0xfe,0x00}},
    {0x51f6, 8, {0x82,0x8a,0xaa,0x92,0xaa,0xc2,0xfe,0x00}},
    {0x51f8, 8, {0x38,0x28,0x28,0xee,0x82,0x82,0xfe,0x00}},
    {0x51f9, 8, {0xee,0xaa,0xaa,0xba,0x82,0x82,0xfe,0x00}},
    {0x51fa, 8, {0x10,0x54,0x54,0x7c,0x92,0x92,0xfe,0x00}},
    {0x51fd, 8, {0xfe,0x20,0xb2,0xd6,0xba,0xd6,0xfe,0x00}},
    {0x51fe, 8, {0x7c,0x08,0x9a,0xf6,0xda,0xf6,0xfe,0x00}},
    {0x5200, 8, {0xfe,0x12,0x12,0x22,0x22,0x42,0x86,0x00}},
    {0x5203, 8, {0xfe,0x12,0x72,0x12,0x2a,0x42,0x86,0x00}},
    {0x5204, 8, {0xfe,0x12,0x52,0x32,0x2e,0x42,0x86,0x00}},
    {0x5206, 8, {0x28,0x28,0x44,0xbe,0x14,0x24,0xcc,0x00}},
    {0x5207, 8, {0x5e,0x4a,0xea,0x4a,0x4a,0x6a,0x16,0x00}},
    {0x5208, 8, {0x12,0x1a,0xda,0x2a,0x22,0x52,0x86,0x00}},
    {0x520a, 8, {0x72,0x2a,0x2a,0xfa,0x22,0x22,0x26,0x00}},
    {0x520b, 8, {0x12,0xea,0x2a,0xfa,0x22,0x22,0x46,0x00}},
    {0x520e, 8, {0x42,0x7a,0xba,0x3a,0x5a,0xaa,0x5a,0x00}},
    {0x5211, 8, {0xfa,0x56,0x56,0xfe,0x52,0x52,0x96,0x00}},
    {0x5214, 8, {0x22,0x7a,0x3a,0xfa,0x22,0x52,0x86,0x00}},
    {0x5217, 8, {0xf2,0x4a,0x6a,0xaa,0x62,0x42,0x86,0x00}},
    {0x521d, 8, {0x5e,0xea,0x2a,0x4a,0xea,0x6a,0x56,0x00}},
    {0x5224, 8, {0x22,0xaa,0x22,0xfa,0x22,0xfa,0x26,0x00}},
    {0x5225, 8, {0xf2,0x9a,0xfa,0x4a,0x72,0x52,0xb6,0x00}},
    {0x5227, 8, {0x5e,0xea,0x4a,0xea,0x4a,0xaa,0xd6,0x00}},
    {0x5229, 8, {0x72,0x2a,0xfa,0x2a,0x72,0xa2,0x26,0x00}},
    {0x522a, 8, {0x7a,0x6e,0x6e,0xfe,0x6a,0x6a,0x4a,0x00}},
    {0x522e, 8, {0x12,0x6a,0xfa,0x2a,0x72,0x52,0x76,0x00}},
    {0x5230, 8, {0xf2,0x2a,0x5a,0xfa,0x62,0x32,0xc6,0x00}},
    {0x5233, 8, {0x22,0xfa,0x52,0xaa,0x72,0x0a,0x1a,0x00}},
    {0x5236, 8, {0x62,0x7a,0xaa,0x7a,0x22,0xfa,0xaa,0x00}},
    {0x5237, 8, {0x7a,0x4a,0x7a,0x52,0x7a,0x5a,0x96,0x00}},
    {0x5238, 8, {0x54,0x38,0xfe,0x44,0xbe,0x14,0x6c,0x00}},
    {0x5239, 8, {0x52,0x2a,0xda,0x2a,0xfa,0x72,0xaa,0x00}},
    {0x523a, 8, {0x22,0xfa,0x22,0xfa,0xaa,0x72,0xaa,0x00}},
    {0x523b, 8, {0x22,0xfa,0x4a,0xaa,0x52,0x22,0xd6,0x00}},
    {0x5243, 8, {0x52,0xfa,0x2a,0xfa,0xa2,0x7a,0xaa,0x00}},
    {0x5244, 8, {0xfa,0x56,0xa6,0x56,0xfa,0x22,0xfa,0x00}},
    {0x5247, 8, {0xe2,0xaa,0xea,0xaa,0xe2,0x02,0xa6,0x00}},
    {0x524a, 8, {0xb2,0x2a,0xfa,0x9a,0xf2,0x92,0xb6,0x00}},
    {0x524b, 8, {0x42,0xea,0x4a,0xaa,0xe2,0x46,0xbe,0x00}},
    {0x524c, 8, {0x22,0xfa,0x6a,0x7a,0x22,0x72,0xaa,0x00}},
    {0x524d, 8, {0x44,0xfe,0x00,0xea,0xaa,0xe2,0xa6,0x00}},
    {0x524f, 8, {0xbe,0x4a,0xfa,0x6a,0xee,0x6a,0xb6,0x00}},
    {0x5254, 8, {0xf2,0x9a,0xfa,0x4a,0x72,0xb2,0x56,0x00}},
    {0x5256, 8, {0x22,0xfa,0x5a,0xfa,0x02,0x72,0x76,0x00}},
    {0x525b, 8, {0xfa,0x8e,0xde,0xae,0xda,0xfa,0x8a,0x00}},
    {0x525e, 8, {0x22,0xfa,0x2a,0x5a,0xfa,0x12,0x56,0x00}},
    {0x5263, 8, {0x22,0x56,0xfe,0xae,0xfa,0x22,0xda,0x00}},
    {0x5264, 8, {0x22,0xfa,0x5a,0x2a,0xda,0x72,0x96,0x00}},
    {0x5265, 8, {0x62,0x2a,0xfa,0x2a,0xaa,0x72,0xaa,0x00}},
    {0x5269, 8, {0x72,0xfa,0x52,0xda,0x22,0x72,0xaa,0x00}},
    {0x526a, 8, {0x44,0xfe,0x74,0x54,0xfe,0x22,0xc6,0x00}},
    {0x526f, 8, {0xfa,0x56,0x76,0x06,0xfa,0xaa,0xfa,0x00}},
    {0x5270, 8, {0x12,0x66,0xfe,0x56,0xfa,0x72,0xaa,0x00}},
    {0x5271, 8, {0x2e,0x56,0xfe,0xb6,0xf6,0x2a,0xda,0x00}},
    {0x5272, 8, {0x22,0xfa,0xaa,0x7a,0x22,0xfa,0x76,0x00}},
    {0x5273, 8, {0x52,0xfa,0x2a,0x5a,0xfa,0x52,0x76,0x00}},
    {0x5274, 8, {0xaa,0xfa,0x0a,0xfa,0x52,0x3a,0xe6,0x00}},
    {0x5275, 8, {0x22,0x5a,0xea,0x6a,0x42,0x72,0xb6,0x00}},
    {0x527d, 8, {0xfa,0x76,0x76,0x06,0xfa,0x22,0xaa,0x00}},
    {0x527f, 8, {0x52,0xaa,0x7a,0x7a,0xfa,0x72,0xaa,0x00}},
    {0x5283, 8, {0x22,0xf2,0x3a,0xf2,0x72,0x7a,0xe6,0x00}},
    {0x5287, 8, {0x22,0x3a,0xea,0xda,0xb2,0xda,0xb6,0x00}},
    {0x5288, 8, {0x64,0x6e,0xca,0x64,0xfe,0x22,0xc6,0x00}},
    {0x5289, 8, {0x5a,0x9a,0xea,0x52,0xaa,0x72,0xfa,0x00}},
    {0x528d, 8, {0x22,0x5a,0xfa,0xaa,0xfa,0x52,0xaa,0x00}},
    {0x5291, 8, {0x22,0xfa,0x5a,0xaa,0x52,0x72,0x96,0x00}},
    {0x5292, 8, {0x2e,0x56,0xf6,0xbe,0xf6,0x5a,0xaa,0x00}},
    {0x5294, 8, {0x2e,0x56,0xfe,0xb6,0xf6,0x5a,0xaa,0x00}},
    {0x529b, 8, {0x10,0xfe,0x12,0x22,0x22,0x42,0x86,0x00}},
    {0x529f, 8, {0x08,0xfe,0x4a,0x4a,0x6a,0xca,0x16,0x00}},
    {0x52a0, 8, {0x40,0xfe,0x5a,0x5a,0x5a,0x5a,0xbe,0x00}},
    {0x52a3, 8, {0x10,0x54,0x9a,0x30,0xfe,0x22,0xc6,0x00}},
    {0x52a9, 8, {0x74,0x5e,0x76,0x56,0x76,0x5a,0xea,0x00}},
    {0x52aa, 8, {0x2e,0xfa,0x54,0x6a,0xbc,0x14,0x6c,0x00}},
    {0x52ab, 8, {0x28,0x7e,0x2a,0xfa,0x2a,0x5a,0xf6,0x00}},
    {0x52ac, 8, {0x44,0x7e,0x96,0x76,0x76,0x1a,0x3a,0x00}},
    {0x52ad, 8, {0xe8,0x7e,0xaa,0x0a,0xea,0xaa,0xf6,0x00}},
    {0x52b1, 8, {0xf4,0x8e,0xf6,0xa6,0xb6,0xda,0xba,0x00}},
    {0x52b4, 8, {0x54,0xfe,0x92,0x7c,0x14,0x24,0xcc,0x00}},
    {0x52b5, 8, {0x54,0x92,0x7c,0x28,0xde,0x14,0x6c,0x00}},
    {0x52b9, 8, {0x28,0xfe,0x5a,0x8a,0x5a,0x2a,0xd6,0x00}},
    {0x52bc, 8, {0x48,0xfe,0x4a,0xea,0x0a,0xea,0xf6,0x00}},
    {0x52be, 8, {0x28,0xfe,0x4a,0xaa,0x5a,0x2a,0xd6,0x00}},
    {0x52c1, 8, {0xf4,0x5e,0xa6,0x56,0xf6,0x2a,0xfa,0x00}},
    {0x52c3, 8, {0x24,0x6e,0xf6,0x96,0x2a,0xf2,0x66,0x00}},
    {0x52c5, 8, {0x24,0xfe,0x6e,0x7e,0x26,0x7a,0xaa,0x00}},
    {0x52c7, 8, {0x7c,0x08,0x7c,0x54,0xfe,0x22,0xc6,0x00}},
    {0x52c9, 8, {0x64,0xae,0x76,0x76,0x2a,0x6a,0xbe,0x00}},
    {0x52cd, 8, {0x24,0xfe,0x56,0x76,0x26,0xaa,0x6a,0x00}},
    {0x52d2, 8, {0xa8,0xfe,0xea,0x4a,0xea,0xea,0x56,0x00}},
    {0x52d5, 8, {0xe8,0x5e,0xea,0xea,0xea,0x4a,0xf6,0x00}},
    {0x52d7, 8, {0x7c,0x7c,0x74,0x5e,0x76,0x56,0xea,0x00}},
    {0x52d8, 8, {0x54,0xfe,0x56,0x56,0xf6,0xaa,0xfa,0x00}},
    {0x52d9, 8, {0xe8,0x2e,0x54,0xea,0x7e,0xaa,0x76,0x00}},
    {0x52dd, 8, {0xf6,0xa4,0xfe,0xac,0xfe,0xaa,0xb6,0x00}},
    {0x52de, 8, {0xaa,0x44,0xfe,0x92,0x7c,0x24,0xcc,0x00}},
    {0x52df, 8, {0x28,0xfe,0x38,0xfe,0x7c,0xaa,0x58,0x00}},
    {0x52e0, 8, {0xf4,0x5e,0x26,0x56,0xa6,0x1a,0x6a,0x00}},
    {0x52e2, 8, {0x28,0x7c,0xec,0x76,0xbc,0x14,0x6c,0x00}},
    {0x52e3, 8, {0x28,0xfe,0x2a,0xfa,0x6a,0x6a,0x96,0x00}},
    {0x52e4, 8, {0x54,0xfe,0x56,0xf6,0xf6,0x2a,0xfa,0x00}},
    {0x52e6, 8, {0x54,0xae,0x76,0x76,0xf6,0x7a,0xaa,0x00}},
    {0x52e7, 8, {0x48,0x7e,0xaa,0x7a,0xea,0x6a,0x76,0x00}},
    {0x52f2, 8, {0x68,0xfe,0x6a,0x6a,0xf6,0x00,0xaa,0x00}},
    {0x52f3, 8, {0x64,0xfe,0x66,0x66,0xf6,0x0a,0xaa,0x00}},
    {0x52f5, 8, {0xf4,0xae,0xf6,0xf6,0xa6,0xfa,0xda,0x00}},
    {0x52f8, 8, {0x54,0xfe,0xde,0x66,0x76,0xea,0x7a,0x00}},
    {0x52f9, 8, {0x20,0x3e,0x42,0x82,0x02,0x02,0x06,0x00}},
    {0x52fa, 8, {0x20,0x3e,0x42,0xa2,0x12,0x02,0x06,0x00}},
    {0x52fe, 8, {0x20,0x3e,0x52,0x92,0x2a,0x76,0x02,0x00}},
    {0x52ff, 8, {0x40,0x7e,0xaa,0x2a,0x4a,0x92,0x26,0x00}},
    {0x5301, 8, {0x20,0x3e,0x52,0xb2,0x1e,0x22,0xc6,0x00}},
    {0x5302, 8, {0x20,0x3e,0x62,0xba,0x22,0x3a,0x06,0x00}},
    {0x5305, 8, {0x40,0x7e,0xba,0x0a,0x7a,0x40,0x7e,0x00}},
    {0x5306, 8, {0x40,0x7e,0xaa,0x3a,0x4e,0x92,0x26,0x00}},
    {0x5308, 8, {0x40,0x7e,0xaa,0x52,0x6a,0x7a,0x06,0x00}},
    {0x530d, 8, {0x40,0x7e,0x92,0x7a,0x12,0x7a,0x5a,0x00}},
    {0x530f, 8, {0x24,0xf6,0x6a,0xd6,0x66,0x14,0x36,0x00}},
    {0x5310, 8, {0x40,0x7e,0x82,0x7a,0x32,0x7a,0x7a,0x00}},
    {0x5315, 8, {0x40,0x44,0x58,0xe0,0x40,0x42,0x3e,0x00}},
    {0x5316, 8, {0x30,0x50,0xd2,0x5c,0x50,0x52,0x5e,0x00}},
    {0x5317, 8, {0x28,0x28,0xea,0x2c,0x68,0xaa,0x2e,0x00}},
    {0x5319, 8, {0x68,0x6a,0xfc,0x28,0x7a,0x6e,0x9e,0x00}},
    {0x531a, 8, {0xfe,0x80,0x80,0x80,0x80,0x80,0xfe,0x00}},
    {0x531d, 8, {0xfe,0x88,0xbe,0xaa,0xaa,0x88,0xfe,0x00}},
    {0x5320, 8, {0xfe,0x8c,0xb0,0xbe,0xa8,0xc8,0xfe,0x00}},
    {0x5321, 8, {0xfe,0xbc,0x88,0x9c,0x88,0xbc,0xfe,0x00}},
    {0x5323, 8, {0xfe,0xaa,0xbe,0xaa,0xbe,0x88,0xfe,0x00}},
    {0x532a, 8, {0xfe,0x94,0xf6,0x94,0xf6,0xa4,0xfe,0x00}},
    {0x532f, 8, {0xfe,0xd4,0xbe,0xd4,0x9e,0xd4,0xfe,0x00}},
    {0x5331, 8, {0xfe,0x98,0xbc,0x98,0x98,0xa4,0xfe,0x00}},
    {0x5333, 8, {0xfe,0x88,0x9c,0xbe,0x94,0xaa,0xfe,0x00}},
    {0x5338, 8, {0xfe,0x40,0x40,0x40,0x40,0x40,0x3e,0x00}},
    {0x5339, 8, {0xfe,0xa8,0xa8,0xaa,0xce,0x80,0xfe,0x00}},
    {0x533a, 8, {0xfe,0x84,0xb4,0x88,0x94,0xa0,0xfe,0x00}},
    {0x533b, 8, {0xfe,0x90,0x9c,0xbe,0x88,0xb6,0xfe,0x00}},
    {0x533f, 8, {0xfe,0xa8,0xfe,0xb0,0xdc,0x94,0xfe,0x00}},
    {0x5340, 8, {0xfe,0x94,0x9c,0x80,0xb6,0xb6,0xfe,0x00}},
    {0x5341, 8, {0x10,0x10,0xfe,0x10,0x10,0x10,0x10,0x00}},
    {0x5343, 8, {0x0c,0x70,0x10,0xfe,0x10,0x10,0x10,0x00}},
    {0x5345, 8, {0x54,0x54,0x54,0xfe,0x54,0x54,0x94,0x00}},
    {0x5346, 8, {0x20,0x78,0x2a,0xce,0x10,0xfe,0x10,0x00}},
    {0x5347, 8, {0x14,0xe4,0x24,0xfe,0x24,0x24,0x44,0x00}},
    {0x5348, 8, {0x40,0x7c,0x90,0x10,0xfe,0x10,0x10,0x00}},
    {0x5349, 8, {0x10,0x7c,0x10,0x44,0xfe,0x44,0x84,0x00}},
    {0x534a, 8, {0x10,0x54,0x10,0x7c,0x10,0xfe,0x10,0x00}},
    {0x534d, 8, {0xf2,0x12,0x12,0xfe,0x90,0x90,0x9e,0x00}},
    {0x5351, 8, {0x10,0x7c,0x54,0x7c,0x28,0xfe,0x08,0x00}},
    {0x5352, 8, {0x10,0xfe,0x44,0x44,0xaa,0xfe,0x10,0x00}},
    {0x5353, 8, {0x10,0x1e,0x7c,0x44,0x7c,0xfe,0x10,0x00}},
    {0x5354, 8, {0x48,0x5e,0xea,0x40,0x4a,0x7e,0x56,0x00}},
    {0x5357, 8, {0x10,0xfe,0x10,0xfe,0xaa,0xfe,0x92,0x00}},
    {0x5358, 8, {0x54,0x7c,0x54,0x7c,0x54,0xfe,0x10,0x00}},
    {0x535a, 8, {0x4a,0x7e,0xdc,0x5c,0x7e,0x54,0x4c,0x00}},
    {0x535c, 8, {0x20,0x20,0x30,0x28,0x24,0x20,0x20,0x00}},
    {0x535e, 8, {0x10,0xfe,0x10,0x18,0x14,0x10,0x10,0x00}},
    {0x5360, 8, {0x10,0x10,0x1e,0x10,0x7e,0x42,0x7e,0x00}},
    {0x5366, 8, {0x28,0x78,0x28,0xfc,0x6a,0x38,0xc8,0x00}},
    {0x5369, 8, {0x3c,0x24,0x24,0x24,0x2c,0x20,0x20,0x00}},
    {0x536e, 8, {0x0c,0x70,0x7e,0x5c,0x54,0x52,0x9e,0x00}},
    {0x536f, 8, {0x2e,0xca,0xaa,0xaa,0xea,0x28,0x48,0x00}},
    {0x5370, 8, {0x2e,0xca,0x8a,0xea,0x8a,0xe8,0x08,0x00}},
    {0x5371, 8, {0x38,0xc8,0x7e,0x5c,0x54,0x52,0x9e,0x00}},
    {0x5373, 8, {0xee,0xaa,0xea,0xaa,0xea,0x98,0xe8,0x00}},
    {0x5374, 8, {0x2e,0x7a,0x2a,0xfa,0x2a,0x58,0xe8,0x00}},
    {0x5375, 8, {0x2e,0xca,0xee,0xaa,0xea,0x28,0x48,0x00}},
    {0x5377, 8, {0x54,0x92,0x28,0xfe,0x6c,0xa2,0x38,0x00}},
    {0x5378, 8, {0x4e,0x7a,0xaa,0xfa,0x2a,0xb8,0xc8,0x00}},
    {0x537b, 8, {0x5e,0x8a,0x2a,0x5a,0x8a,0x68,0x68,0x00}},
    {0x537f, 8, {0x46,0xbe,0xae,0xbe,0xe6,0x6c,0xb4,0x00}},
    {0x5382, 8, {0x7e,0x40,0x40,0x40,0x40,0x40,0x80,0x00}},
    {0x5384, 8, {0x7e,0x40,0x5c,0x54,0x54,0x52,0x9e,0x00}},
    {0x5396, 8, {0x7e,0x50,0x7a,0x54,0x52,0x54,0xae,0x00}},
    {0x5398, 8, {0x7e,0x6a,0x7e,0x6a,0x7e,0x48,0xbe,0x00}},
    {0x539a, 8, {0x7e,0x5c,0x5c,0x44,0x7e,0x48,0x98,0x00}},
    {0x539f, 8, {0x7e,0x48,0x5c,0x5c,0x48,0x6a,0x98,0x00}},
    {0x53a0, 8, {0x7e,0x68,0x7a,0x6a,0x7a,0x42,0xaa,0x00}},
    {0x53a5, 8, {0x7e,0x68,0x56,0x6e,0x74,0x54,0xaa,0x00}},
    {0x53a6, 8, {0x7e,0x5e,0x4c,0x4c,0x54,0x48,0xb6,0x00}},
    {0x53a8, 8, {0x7e,0x40,0x7a,0x6e,0x72,0x5a,0xb6,0x00}},
    {0x53a9, 8, {0x7e,0x5e,0x6a,0x6a,0x5e,0x6c,0x96,0x00}},
    {0x53ad, 8, {0x7e,0x74,0x4e,0x74,0x74,0x74,0xba,0x00}},
    {0x53ae, 8, {0x7e,0x5a,0x7c,0x5c,0x7e,0x46,0xaa,0x00}},
    {0x53b0, 8, {0x7e,0x54,0x6e,0x7a,0x7a,0x7c,0xaa,0x00}},
    {0x53b3, 8, {0x54,0x7e,0x60,0x76,0x5a,0x74,0x9a,0x00}},
    {0x53b6, 8, {0x10,0x10,0x10,0x20,0x28,0x44,0xfa,0x00}},
    {0x53bb, 8, {0x10,0x7c,0x10,0xfe,0x10,0x24,0xfa,0x00}},
    {0x53c2, 8, {0x28,0x74,0xfe,0x54,0xa2,0x08,0x70,0x00}},
    {0x53c3, 8, {0x28,0x74,0xaa,0xfe,0x54,0x8a,0x30,0x00}},
    {0x53c8, 8, {0x7c,0x04,0x24,0x28,0x10,0x28,0xc6,0x00}},
    {0x53c9, 8, {0x7c,0x14,0x44,0x28,0x10,0x28,0xc6,0x00}},
    {0x53ca, 8, {0xf8,0x28,0x2c,0x24,0x54,0x48,0xb6,0x00}},
    {0x53cb, 8, {0x20,0xfe,0x20,0x3c,0x54,0x48,0xb6,0x00}},
    {0x53cc, 8, {0xfe,0x12,0x5a,0x2a,0x24,0x54,0x8a,0x00}},
    {0x53cd, 8, {0x7e,0x40,0x7c,0x54,0x54,0x48,0xb6,0x00}},
    {0x53ce, 8, {0x2e,0xa2,0xaa,0xaa,0xb4,0xe4,0x2a,0x00}},
    {0x53d4, 8, {0x2e,0x32,0x2a,0xfa,0x24,0xb4,0x6a,0x00}},
    {0x53d6, 8, {0xf0,0x5e,0x72,0x7a,0x54,0xfa,0x10,0x00}},
    {0x53d7, 8, {0xfe,0x54,0xfe,0xba,0x28,0x10,0xee,0x00}},
    {0x53d9, 8, {0x2e,0x52,0xfa,0x2a,0xf4,0x24,0xaa,0x00}},
    {0x53db, 8, {0xae,0x48,0xee,0x4a,0xea,0x54,0x8a,0x00}},
    {0x53df, 8, {0x56,0x92,0xd6,0xfe,0x28,0x10,0xee,0x00}},
    {0x53e1, 8, {0x2e,0x32,0xfa,0xaa,0x54,0xb4,0x3a,0x00}},
    {0x53e2, 8, {0xaa,0xfe,0x28,0xfe,0x7a,0xe4,0x2a,0x00}},
    {0x53e3, 8, {0x00,0x7e,0x42,0x42,0x42,0x7e,0x42,0x00}},
    {0x53e4, 8, {0x10,0x10,0xfe,0x10,0x7c,0x44,0x7c,0x00}},
    {0x53e5, 8, {0x20,0x3e,0x42,0xba,0x2a,0x3a,0x06,0x00}},
    {0x53e8, 8, {0x1e,0xea,0xaa,0xaa,0xea,0x12,0x26,0x00}},
    {0x53e9, 8, {0x1e,0xf2,0xb2,0xb2,0xf6,0x10,0x10,0x00}},
    {0x53ea, 8, {0x7c,0x44,0x44,0x7c,0x00,0x28,0xc6,0x00}},
    {0x53eb, 8, {0x04,0xd4,0xd4,0xd4,0xd6,0x3c,0x04,0x00}},
    {0x53ec, 8, {0xfe,0x12,0x22,0xc6,0x7c,0x44,0x7c,0x00}},
    {0x53ed, 8, {0x14,0xd4,0xd4,0xd4,0xd4,0x14,0x22,0x00}},
    {0x53ee, 8, {0x1e,0xe4,0xa4,0xa4,0xe4,0x04,0x0c,0x00}},
    {0x53ef, 8, {0xfe,0x04,0x74,0x54,0x74,0x04,0x0c,0x00}},
    {0x53f0, 8, {0x10,0x10,0x24,0xfa,0x00,0x7c,0x7c,0x00}},
    {0x53f1, 8, {0x10,0xf0,0xb2,0xbc,0xf0,0x12,0x1e,0x00}},
    {0x53f2, 8, {0x10,0x7c,0x54,0x7c,0x30,0x10,0xee,0x00}},
    {0x53f3, 8, {0x20,0xfe,0x20,0x7c,0xa4,0x24,0x3c,0x00}},
    {0x53f6, 8, {0x04,0xe4,0xbe,0xa4,0xe4,0x04,0x04,0x00}},
    {0x53f7, 8, {0x38,0x28,0xfe,0x20,0x3c,0x04,0x1c,0x00}},
    {0x53f8, 8, {0xfe,0x02,0x7a,0x02,0x7a,0x7a,0x06,0x00}},
    {0x53fa, 8, {0x18,0xe8,0xa8,0xa8,0xf4,0x14,0x22,0x00}},
    {0x5401, 8, {0x1e,0xe4,0xa4,0xbe,0xe4,0x04,0x0c,0x00}},
    {0x5403, 8, {0x10,0xde,0xec,0xc4,0xc8,0x12,0x0e,0x00}},
    {0x5404, 8, {0x18,0x68,0x10,0x28,0xc6,0x38,0x38,0x00}},
    {0x5408, 8, {0x10,0x28,0xde,0x00,0x7c,0x44,0x7c,0x00}},
    {0x5409, 8, {0x10,0xfe,0x10,0x7c,0x00,0x7c,0x7c,0x00}},
    {0x540a, 8, {0x7c,0x44,0x7c,0xfe,0x92,0x96,0x10,0x00}},
    {0x540b, 8, {0x04,0xfe,0xa4,0xb4,0xec,0x04,0x0c,0x00}},
    {0x540c, 8, {0xfe,0x82,0xba,0x82,0xba,0xaa,0xba,0x00}},
    {0x540d, 8, {0x3c,0x24,0x58,0x10,0x3e,0xd2,0x1e,0x00}},
    {0x540e, 8, {0x0c,0x70,0x40,0x7e,0x40,0x5c,0x9c,0x00}},
    {0x540f, 8, {0x10,0xfe,0x54,0x7c,0x30,0x10,0xee,0x00}},
    {0x5410, 8, {0x04,0xe4,0xbe,0xa4,0xe4,0x04,0x1e,0x00}},
    {0x5411, 8, {0x10,0xfe,0x82,0xba,0xaa,0xba,0x86,0x00}},
    {0x541b, 8, {0x7c,0x14,0xfe,0x14,0x3e,0xe2,0x3e,0x00}},
    {0x541d, 8, {0x10,0xfe,0x28,0x10,0xee,0x7c,0x7c,0x00}},
    {0x541f, 8, {0x08,0xf4,0xae,0xa0,0xfe,0x04,0x18,0x00}},
    {0x5420, 8, {0x0a,0xe8,0xbe,0xa8,0xe8,0x14,0x22,0x00}},
    {0x5426, 8, {0xfe,0x10,0x34,0xd2,0x7c,0x44,0x7c,0x00}},
    {0x5429, 8, {0x14,0xd4,0xe2,0xdc,0xd4,0x14,0x2c,0x00}},
    {0x542b, 8, {0x10,0x28,0xfe,0x08,0x7c,0x44,0x7c,0x00}},
    {0x542c, 8, {0x04,0xd8,0xd0,0xde,0xd4,0x14,0x24,0x00}},
    {0x542d, 8, {0x08,0xfe,0xc0,0xdc,0xd4,0x14,0x26,0x00}},
    {0x542e, 8, {0x08,0xd2,0xfe,0xd4,0xd4,0x14,0x26,0x00}},
    {0x5436, 8, {0x18,0xe8,0xbe,0xaa,0xf6,0x22,0x26,0x00}},
    {0x5438, 8, {0x3c,0xd4,0xd6,0xd2,0xea,0x24,0x5a,0x00}},
    {0x5439, 8, {0x10,0xde,0xea,0xc8,0xc8,0x14,0x22,0x00}},
    {0x543b, 8, {0x10,0xfe,0xae,0xae,0xb6,0xea,0x16,0x00}},
    {0x543c, 8, {0x3c,0xcc,0xd4,0xdc,0xf4,0x14,0x36,0x00}},
    {0x543d, 8, {0x0c,0xee,0xb4,0xa4,0xfe,0x04,0x04,0x00}},
    {0x543e, 8, {0x7c,0x10,0x78,0x28,0xfe,0x44,0x7c,0x00}},
    {0x5440, 8, {0x1e,0xd4,0xd4,0xfe,0xcc,0x34,0x0c,0x00}},
    {0x5442, 8, {0x3c,0x24,0x3c,0x10,0x7e,0x42,0x7e,0x00}},
    {0x5446, 8, {0x7c,0x44,0x7c,0x10,0xfe,0x38,0xd6,0x00}},
    {0x5448, 8, {0x7c,0x44,0xfe,0x10,0x7c,0x10,0xfe,0x00}},
    {0x5449, 8, {0x3c,0xa4,0xfc,0x08,0xfe,0x00,0xc6,0x00}},
    {0x544a, 8, {0x50,0x7c,0x90,0xfe,0x00,0x7c,0x7c,0x00}},
    {0x544e, 8, {0x1e,0xd2,0xde,0xd4,0xd4,0x12,0x22,0x00}},
    {0x5451, 8, {0x0c,0x70,0xfe,0x44,0xba,0x28,0x38,0x00}},
    {0x545f, 8, {0x08,0xfe,0xd0,0xf4,0xc8,0x14,0x3a,0x00}},
    {0x5468, 8, {0x7e,0x52,0x7a,0x52,0x7e,0x6a,0xba,0x00}},
    {0x546a, 8, {0x3e,0xe2,0xa2,0xbe,0xf4,0x14,0x66,0x00}},
    {0x5470, 8, {0x24,0xb6,0xa4,0xf6,0x7c,0x44,0x7c,0x00}},
    {0x5471, 8, {0x02,0xdc,0xd4,0xd4,0xd4,0x16,0x2a,0x00}},
    {0x5473, 8, {0x08,0xfc,0xa8,0xbe,0xe8,0x1c,0x2a,0x00}},
    {0x5475, 8, {0x3e,0xc2,0xde,0xd6,0xde,0x02,0x06,0x00}},
    {0x5476, 8, {0x16,0xd2,0xfa,0xea,0xf4,0x14,0x2a,0x00}},
    {0x5477, 8, {0x3e,0xea,0xbe,0xaa,0xfe,0x08,0x08,0x00}},
    {0x547b, 8, {0x08,0xfe,0xaa,0xbe,0xea,0x3e,0x08,0x00}},
    {0x547c, 8, {0x06,0xf8,0xea,0xc8,0xfe,0x08,0x18,0x00}},
    {0x547d, 8, {0x10,0x28,0xde,0x00,0xee,0xea,0x08,0x00}},
    {0x5480, 8, {0x1c,0xd4,0xdc,0xd4,0xdc,0x14,0x3e,0x00}},
    {0x5484, 8, {0x08,0xea,0xfe,0xc8,0xea,0x2a,0x3e,0x00}},
    {0x5486, 8, {0x10,0xde,0xe2,0xda,0xda,0x10,0x1e,0x00}},
    {0x548b, 8, {0x08,0xee,0xb8,0xae,0xe8,0x0e,0x08,0x00}},
    {0x548c, 8, {0x70,0x2e,0xfa,0x2a,0x7a,0xaa,0x2e,0x00}},
    {0x548e, 8, {0x74,0xd4,0x2a,0xd0,0x7e,0x44,0x7c,0x00}},
    {0x548f, 8, {0x18,0xc0,0xd8,0xfa,0xdc,0x2a,0x18,0x00}},
    {0x5490, 8, {0x0a,0xd6,0xf2,0xda,0xd2,0x12,0x16,0x00}},
    {0x5492, 8, {0xee,0xaa,0xee,0x38,0x28,0x2a,0xce,0x00}},
    {0x54a2, 8, {0xee,0xee,0x38,0xfe,0x3c,0x04,0x1c,0x00}},
    {0x54a4, 8, {0x08,0xfe,0xe6,0xd8,0xfe,0x08,0x0e,0x00}},
    {0x54a5, 8, {0x3e,0xd4,0xfa,0xc8,0xdc,0x08,0x3e,0x00}},
    {0x54a8, 8, {0x90,0x1e,0x2a,0x94,0x7c,0x44,0x7c,0x00}},
    {0x54ab, 8, {0x76,0x56,0x56,0x60,0x6a,0x50,0x8e,0x00}},
    {0x54ac, 8, {0x08,0xfe,0xd4,0xe2,0xd4,0x08,0x36,0x00}},
    {0x54af, 8, {0x0c,0xd4,0xc8,0xd4,0xe2,0x1c,0x1c,0x00}},
    {0x54b2, 8, {0x14,0xe0,0xbe,0xa8,0xfe,0x08,0x36,0x00}},
    {0x54b3, 8, {0x04,0xfe,0xa8,0xb4,0xea,0x04,0x1a,0x00}},
    {0x54b8, 8, {0x04,0x7e,0x44,0x74,0x46,0x74,0xba,0x00}},
    {0x54bc, 8, {0x7c,0x5c,0x54,0xfe,0xba,0xaa,0xba,0x00}},
    {0x54bd, 8, {0x3e,0xea,0xbe,0xaa,0xf6,0x22,0x3e,0x00}},
    {0x54be, 8, {0x0a,0xdc,0xc8,0xfe,0xd4,0x28,0x0e,0x00}},
    {0x54c0, 8, {0x10,0xfe,0x44,0x7c,0x2a,0xe4,0x32,0x00}},
    {0x54c1, 8, {0x7c,0x44,0x7c,0x00,0xee,0xaa,0xee,0x00}},
    {0x54c2, 8, {0x3e,0xd4,0xbe,0xb6,0xf6,0x22,0x3e,0x00}},
    {0x54c4, 8, {0x14,0xfe,0xd4,0xd4,0xfe,0x00,0x22,0x00}},
    {0x54c7, 8, {0x08,0xdc,0xc8,0xfe,0xdc,0x08,0x3e,0x00}},
    {0x54c8, 8, {0x08,0xd4,0xee,0xc0,0xdc,0x14,0x1c,0x00}},
    {0x54c9, 8, {0x28,0x7a,0x28,0xfe,0x06,0x64,0x6a,0x00}},
    {0x54d8, 8, {0x16,0xe0,0xd6,0xf2,0xd2,0x12,0x16,0x00}},
    {0x54e1, 8, {0x38,0x28,0x7c,0x7c,0x44,0x7c,0xc6,0x00}},
    {0x54e2, 8, {0x3e,0xc8,0xfe,0xd4,0xfe,0x14,0x24,0x00}},
    {0x54e5, 8, {0xfe,0x54,0x74,0xfe,0x74,0x54,0x74,0x00}},
    {0x54e6, 8, {0x0e,0xf4,0xfe,0xd4,0xd6,0x3c,0x12,0x00}},
    {0x54e8, 8, {0x16,0xe4,0xbe,0xb2,0xfe,0x12,0x16,0x00}},
    {0x54e9, 8, {0x3e,0xea,0xbe,0xaa,0xfe,0x08,0x3e,0x00}},
    {0x54ed, 8, {0xee,0xaa,0xee,0x14,0xfe,0x10,0xee,0x00}},
    {0x54ee, 8, {0x0a,0xdc,0xc8,0xfe,0xd4,0x2e,0x04,0x00}},
    {0x54f2, 8, {0x44,0xd8,0x5e,0xd4,0x7c,0x44,0x7c,0x00}},
    {0x54fa, 8, {0x0a,0xfe,0xa8,0xbe,0xea,0x3e,0x2a,0x00}},
    {0x54fd, 8, {0x3e,0xdc,0xdc,0xc8,0xd8,0x08,0x36,0x00}},
    {0x5504, 8, {0x1e,0xf2,0xbe,0xb2,0xfe,0x00,0x12,0x00}},
    {0x5506, 8, {0x12,0xfe,0xd4,0xe6,0xdc,0x28,0x16,0x00}},
    {0x5507, 8, {0x7e,0x5c,0x7e,0x68,0xb6,0x3c,0x3c,0x00}},
    {0x550f, 8, {0x14,0xc8,0xd4,0xfe,0xc8,0x1e,0x2a,0x00}},
    {0x5510, 8, {0x08,0x7e,0x5c,0x4e,0x7c,0x54,0x9c,0x00}},
    {0x5514, 8, {0x1c,0xc8,0xfc,0xd4,0xfe,0x14,0x1c,0x00}},
    {0x5516, 8, {0x3e,0xd4,0xbe,0xb6,0xfe,0x14,0x3e,0x00}},
    {0x552e, 8, {0x28,0x3e,0x68,0xbe,0x3c,0x24,0x3c,0x00}},
    {0x552f, 8, {0x14,0xde,0xf4,0xde,0xd4,0x14,0x1e,0x00}},
    {0x5531, 8, {0x1c,0xf4,0xbe,0xa2,0xfe,0x22,0x3e,0x00}},
    {0x5533, 8, {0x3e,0xd2,0xde,0xd4,0xde,0x24,0x1a,0x00}},
    {0x5538, 8, {0x08,0xd4,0xee,0xdc,0xc4,0x32,0x2e,0x00}},
    {0x5539, 8, {0x14,0xfa,0xd0,0xdc,0xea,0x0c,0x1a,0x00}},
    {0x553e, 8, {0x1c,0xc8,0xfe,0xd4,0xfe,0x08,0x3e,0x00}},
    {0x5540, 8, {0x3e,0xe4,0xae,0xa4,0xee,0x24,0x5e,0x00}},
    {0x5544, 8, {0x3e,0xd0,0xda,0xec,0xdc,0x2a,0x18,0x00}},
    {0x5545, 8, {0x08,0xce,0xdc,0xd4,0xdc,0x3e,0x08,0x00}},
    {0x5546, 8, {0x10,0xfe,0x24,0xfe,0xaa,0xde,0x9a,0x00}},
    {0x554c, 8, {0x08,0xfe,0xf6,0xc0,0xdc,0x08,0x3e,0x00}},
    {0x554f, 8, {0xee,0xaa,0xee,0x82,0xba,0xaa,0xba,0x00}},
    {0x5553, 8, {0xf6,0x5a,0x74,0x8a,0x7c,0x44,0x7c,0x00}},
    {0x5556, 8, {0x2a,0xd4,0xe2,0xc8,0xea,0x14,0x22,0x00}},
    {0x5557, 8, {0x0e,0xd2,0xc4,0xd6,0xe2,0x36,0x3e,0x00}},
    {0x555c, 8, {0x3e,0xd4,0xaa,0xbe,0xea,0x14,0x2a,0x00}},
    {0x555d, 8, {0x38,0xd6,0xfe,0xd6,0xd8,0x34,0x52,0x00}},
    {0x5563, 8, {0x26,0xfe,0xd6,0xde,0xf6,0x3c,0x04,0x00}},
    {0x557b, 8, {0x10,0xfe,0x24,0xfe,0xaa,0x7c,0x7c,0x00}},
    {0x557c, 8, {0x08,0xfe,0xd4,0xfe,0xea,0x1c,0x14,0x00}},
    {0x557e, 8, {0x34,0xd4,0xfe,0xdc,0xf4,0x34,0x1a,0x00}},
    {0x5580, 8, {0x08,0xfe,0xee,0xd4,0xc8,0x36,0x1c,0x00}},
    {0x5583, 8, {0x08,0xfe,0xc8,0xf6,0xea,0x3e,0x2a,0x00}},
    {0x5584, 8, {0x44,0xfe,0x10,0xfe,0x54,0xfe,0x7c,0x00}},
    {0x5587, 8, {0x12,0xfe,0xb6,0xbe,0xd2,0x3a,0x56,0x00}},
    {0x5589, 8, {0x2c,0xe4,0xbe,0xa8,0xfe,0x24,0x3a,0x00}},
    {0x558a, 8, {0x04,0xfe,0xa4,0xbc,0xe6,0x3c,0x5a,0x00}},
    {0x558b, 8, {0x2a,0xfe,0xae,0xa0,0xfe,0x1c,0x2a,0x00}},
    {0x5598, 8, {0x2a,0xfe,0xc0,0xfe,0xd0,0x3e,0x2a,0x00}},
    {0x5599, 8, {0x0e,0xd4,0xfe,0xe8,0xda,0x2c,0x1a,0x00}},
    {0x559a, 8, {0x1c,0xe4,0xdc,0xdc,0xfe,0x08,0x36,0x00}},
    {0x559c, 8, {0x10,0xfe,0x7c,0x28,0xfe,0x44,0x7c,0x00}},
    {0x559d, 8, {0x1c,0xd4,0xdc,0xde,0xf2,0x1a,0x06,0x00}},
    {0x559e, 8, {0x16,0xfe,0xae,0xbe,0xe6,0x34,0x24,0x00}},
    {0x559f, 8, {0x3e,0xea,0xbe,0xbe,0xf4,0x1c,0x14,0x00}},
    {0x55a7, 8, {0x08,0xfe,0xee,0xc0,0xdc,0x14,0x3e,0x00}},
    {0x55a8, 8, {0x08,0xfe,0xd4,0xfe,0xe2,0x14,0x26,0x00}},
    {0x55a9, 8, {0x38,0xd4,0xee,0xc0,0xfa,0x3c,0x2a,0x00}},
    {0x55aa, 8, {0x10,0xfe,0x76,0x10,0xfe,0x68,0xb6,0x00}},
    {0x55ab, 8, {0x16,0xfe,0xd6,0xfa,0xdc,0x08,0x36,0x00}},
    {0x55ac, 8, {0x38,0xfe,0x28,0xd6,0xfe,0xaa,0xba,0x00}},
    {0x55ae, 8, {0xee,0xaa,0xfe,0x54,0x7c,0xfe,0x10,0x00}},
    {0x55b0, 8, {0x08,0xd4,0xea,0xd8,0xda,0x14,0x3a,0x00}},
    {0x55b6, 8, {0x54,0xfe,0xaa,0x38,0x10,0x7c,0x7c,0x00}},
    {0x55c4, 8, {0x3e,0xdc,0xdc,0xdc,0xf4,0x08,0x36,0x00}},
    {0x55c5, 8, {0x08,0xdc,0xd4,0xdc,0xfe,0x08,0x36,0x00}},
    {0x55c7, 8, {0x10,0xfe,0x54,0xba,0xfe,0x6c,0x7c,0x00}},
    {0x55d4, 8, {0x10,0xde,0xcc,0xec,0xfe,0x00,0x22,0x00}},
    {0x55da, 8, {0x08,0xdc,0xd4,0xdc,0xde,0x02,0x2a,0x00}},
    {0x55dc, 8, {0x0a,0xdc,0xfe,0xd8,0xee,0x1c,0x1c,0x00}},
    {0x55df, 8, {0x14,0xfe,0xc8,0xfe,0xde,0x14,0x2e,0x00}},
    {0x55e3, 8, {0x6e,0x62,0x0e,0xf2,0xfe,0xde,0x92,0x00}},
    {0x55e4, 8, {0x2a,0xfe,0xc8,0xfe,0xdc,0x0a,0x3e,0x00}},
    {0x55f7, 8, {0x14,0xfe,0xd6,0xfe,0xd6,0x1c,0x2a,0x00}},
    {0x55f9, 8, {0x24,0xde,0xec,0xcc,0xde,0x24,0x3e,0x00}},
    {0x55fd, 8, {0x14,0xfe,0xba,0xbc,0xd4,0x34,0x5a,0x00}},
    {0x55fe, 8, {0x14,0xfe,0xd6,0xdc,0xee,0x0c,0x1a,0x00}},
    {0x5606, 8, {0x14,0xfe,0xaa,0xbe,0xfe,0x08,0x36,0x00}},
    {0x5609, 8, {0x10,0xfe,0x7c,0x28,0xfe,0x5a,0xbe,0x00}},
    {0x5614, 8, {0x3e,0xec,0xac,0xa0,0xf6,0x36,0x3e,0x00}},
    {0x5616, 8, {0x08,0xdc,0xc8,0xfe,0xdc,0x1c,0x22,0x00}},
    {0x5617, 8, {0x54,0xfe,0xba,0x40,0x7e,0x44,0x7c,0x00}},
    {0x5618, 8, {0x08,0xee,0xb8,0xae,0xe0,0x34,0x5e,0x00}},
    {0x561b, 8, {0x08,0xfe,0xd4,0xfe,0xfe,0x7e,0x94,0x00}},
    {0x5629, 8, {0x14,0xfe,0xdc,0xfe,0xdc,0x3e,0x08,0x00}},
    {0x562f, 8, {0x08,0xdc,0xce,0xf4,0xe2,0x36,0x56,0x00}},
    {0x5631, 8, {0x3e,0xfe,0xa4,0xac,0xfe,0x36,0x5a,0x00}},
    {0x5632, 8, {0x3e,0xda,0xbe,0xba,0xde,0x3a,0x12,0x00}},
    {0x5634, 8, {0x24,0xf6,0xe4,0xfe,0xdc,0x1c,0x24,0x00}},
    {0x5636, 8, {0x2a,0xfc,0xac,0xbe,0xfe,0x06,0x2a,0x00}},
    {0x5638, 8, {0x20,0xfe,0xd4,0xfe,0xd4,0x3e,0x2a,0x00}},
    {0x5642, 8, {0x14,0xfe,0xb6,0xa2,0xfe,0x14,0x0c,0x00}},
    {0x564c, 8, {0x14,0xfe,0xaa,0xbe,0xfc,0x14,0x1c,0x00}},
    {0x564e, 8, {0x08,0xfe,0xc8,0xfe,0xea,0x14,0x3e,0x00}},
    {0x5650, 8, {0x6c,0x6c,0xfe,0x10,0xfe,0x6c,0x6c,0x00}},
    {0x565b, 8, {0x14,0xf6,0xbc,0xb6,0xea,0x36,0x3e,0x00}},
    {0x5664, 8, {0x12,0xf6,0xd2,0xdc,0xfe,0x08,0x2a,0x00}},
    {0x5668, 8, {0x6c,0x6c,0x10,0xfe,0x10,0xee,0x6c,0x00}},
    {0x566a, 8, {0x1c,0xf4,0xbe,0xaa,0xfe,0x1c,0x2a,0x00}},
    {0x566b, 8, {0x08,0xfe,0xd4,0xfe,0xdc,0x32,0x2e,0x00}},
    {0x566c, 8, {0x24,0xf6,0xd2,0xfe,0xdc,0x2a,0x3e,0x00}},
    {0x5674, 8, {0x08,0xfe,0xd4,0xfe,0xd4,0x1c,0x22,0x00}},
    {0x5678, 8, {0x2e,0xf4,0xae,0xbe,0xe6,0x30,0x0a,0x00}},
    {0x567a, 8, {0x12,0xfc,0xe8,0xde,0xfa,0x3a,0x52,0x00}},
    {0x5680, 8, {0x08,0xfe,0xba,0xac,0xfe,0x08,0x18,0x00}},
    {0x5686, 8, {0x14,0xfe,0xdc,0xd4,0xfe,0x22,0x2a,0x00}},
    {0x5687, 8, {0x14,0xfe,0xd4,0xfe,0xf6,0x36,0x5a,0x00}},
    {0x568a, 8, {0x08,0xdc,0xd4,0xfe,0xea,0x3e,0x14,0x00}},
    {0x568f, 8, {0x08,0xdc,0xfe,0xfe,0xce,0x18,0x2e,0x00}},
    {0x5694, 8, {0x08,0xdc,0xfe,0xfe,0xcc,0x18,0x2e,0x00}},
    {0x56a0, 8, {0x16,0xee,0xf6,0xca,0xd6,0x2a,0x1e,0x00}},
    {0x56a2, 8, {0x10,0xfe,0x54,0xfe,0xfe,0x68,0xb6,0x00}},
    {0x56a5, 8, {0x14,0xfe,0xdc,0xd4,0xfe,0x00,0x2a,0x00}},
    {0x56ae, 8, {0x76,0xb6,0x66,0xb4,0xfe,0xaa,0xba,0x00}},
    {0x56b4, 8, {0x6c,0x7e,0x60,0x76,0x5a,0x74,0x9a,0x00}},
    {0x56b6, 8, {0x36,0xf6,0xea,0xd0,0xfe,0x14,0x3a,0x00}},
    {0x56bc, 8, {0x1c,0xea,0xbe,0xbe,0xe6,0x32,0x26,0x00}},
    {0x56c0, 8, {0x34,0xde,0xbe,0xbe,0xd6,0x3a,0x16,0x00}},
    {0x56c1, 8, {0x1e,0xec,0xbe,0xa4,0xf6,0x3e,0x12,0x00}},
    {0x56c2, 8, {0x6c,0x6c,0xfe,0x38,0x38,0xee,0x6c,0x00}},
    {0x56c3, 8, {0x12,0xfc,0xee,0xd4,0xfe,0x3c,0x56,0x00}},
    {0x56c8, 8, {0x14,0xfe,0xd4,0xda,0xfe,0x14,0x3a,0x00}},
    {0x56ce, 8, {0x74,0xda,0xf6,0xd6,0xf0,0x06,0x56,0x00}},
    {0x56d1, 8, {0x3e,0xfe,0xaa,0xbc,0xfe,0x2e,0x5a,0x00}},
    {0x56d3, 8, {0x16,0xfe,0xda,0xfe,0xda,0x16,0x1e,0x00}},
    {0x56d7, 8, {0xfe,0x82,0x82,0x82,0x82,0x82,0xfe,0x00}},
    {0x56d8, 8, {0xfe,0xba,0xaa,0xba,0xa2,0xba,0x86,0x00}},
    {0x56da, 8, {0xfe,0x92,0x92,0x92,0xaa,0xc6,0xfe,0x00}},
    {0x56db, 8, {0xfe,0xaa,0xaa,0xae,0xc2,0x82,0xfe,0x00}},
    {0x56de, 8, {0xfe,0x82,0xba,0xaa,0xba,0x82,0xfe,0x00}},
    {0x56e0, 8, {0xfe,0x92,0xfe,0x92,0xaa,0xc6,0xfe,0x00}},
    {0x56e3, 8, {0xfe,0x8a,0xfe,0xaa,0x8a,0x9a,0xfe,0x00}},
    {0x56ee, 8, {0xfe,0x9a,0xae,0xea,0xaa,0xae,0xfe,0x00}},
    {0x56f0, 8, {0xfe,0x92,0xfe,0xba,0xd6,0x92,0xfe,0x00}},
    {0x56f2, 8, {0xfe,0xaa,0xfe,0xaa,0xfe,0xaa,0xfe,0x00}},
    {0x56f3, 8, {0xfe,0xd2,0x86,0xaa,0x9a,0xa6,0xfe,0x00}},
    {0x56f9, 8, {0xfe,0x92,0xaa,0xfe,0x96,0x92,0xfe,0x00}},
    {0x56fa, 8, {0xfe,0x92,0xba,0x92,0xaa,0xba,0xfe,0x00}},
    {0x56fd, 8, {0xfe,0xba,0x92,0xba,0x96,0xba,0xfe,0x00}},
    {0x56ff, 8, {0xfe,0xa2,0xfa,0xa2,0xda,0x9a,0xfe,0x00}},
    {0x5700, 8, {0xfe,0xaa,0xce,0xbe,0x9a,0xaa,0xfe,0x00}},
    {0x5703, 8, {0xfe,0x96,0xfe,0xba,0xba,0xaa,0xfe,0x00}},
    {0x5704, 8, {0xfe,0xba,0xf2,0xaa,0xfe,0xba,0xfe,0x00}},
    {0x5708, 8, {0xfe,0xaa,0xfe,0xba,0xf6,0xba,0xfe,0x00}},
    {0x5709, 8, {0xfe,0x92,0xfe,0xaa,0xfe,0x92,0xfe,0x00}},
    {0x570b, 8, {0xfe,0x8a,0xfe,0xea,0x8a,0xe6,0xfe,0x00}},
    {0x570d, 8, {0xfe,0x9a,0xfe,0xaa,0xfe,0x8a,0xfe,0x00}},
    {0x570f, 8, {0xfe,0xaa,0xfe,0xba,0xd6,0x9a,0xfe,0x00}},
    {0x5712, 8, {0xfe,0xba,0xfe,0xaa,0xba,0xd6,0xfe,0x00}},
    {0x5713, 8, {0xfe,0xba,0xaa,0xba,0xba,0xc6,0xfe,0x00}},
    {0x5716, 8, {0xfe,0xaa,0xba,0xfe,0xaa,0xba,0xfe,0x00}},
    {0x5718, 8, {0xfe,0x92,0xfe,0xba,0xfe,0x8a,0xfe,0x00}},
    {0x571c, 8, {0xfe,0xba,0xfe,0xba,0xea,0xb6,0xfe,0x00}},
    {0x571f, 8, {0x10,0x10,0x7c,0x10,0x10,0x10,0xfe,0x00}},
    {0x5726, 8, {0x58,0x48,0xe8,0x48,0x54,0xd4,0x22,0x00}},
    {0x5727, 8, {0x7e,0x48,0x48,0x5c,0x48,0x48,0xbe,0x00}},
    {0x5728, 8, {0x20,0xfe,0x28,0x5c,0xc8,0x48,0x7e,0x00}},
    {0x572d, 8, {0x10,0x7c,0x10,0xfe,0x7c,0x10,0xfe,0x00}},
    {0x5730, 8, {0x44,0x54,0xde,0x76,0x54,0xd2,0x1e,0x00}},
    {0x5737, 8, {0x5e,0x48,0xec,0x4a,0x68,0xc8,0x08,0x00}},
    {0x5738, 8, {0x48,0x48,0xea,0x6a,0x6a,0xea,0x3e,0x00}},
    {0x573b, 8, {0x44,0x58,0xd0,0x5e,0x54,0xd4,0x24,0x00}},
    {0x5740, 8, {0x44,0x44,0xd6,0x54,0x54,0xd4,0x3e,0x00}},
    {0x5742, 8, {0x5e,0x50,0xfe,0x5a,0x5a,0xe4,0x1a,0x00}},
    {0x5747, 8, {0x50,0x5e,0xe2,0x4a,0x66,0xda,0x06,0x00}},
    {0x574a, 8, {0x44,0x5e,0xe8,0x4e,0x6a,0xca,0x16,0x00}},
    {0x574e, 8, {0x50,0x5e,0xea,0x48,0x48,0xd4,0x22,0x00}},
    {0x574f, 8, {0x7e,0x48,0xc8,0x5c,0x6a,0xc8,0x08,0x00}},
    {0x5750, 8, {0x54,0x54,0xba,0x10,0x7c,0x10,0xfe,0x00}},
    {0x5751, 8, {0x48,0x7e,0xc0,0x5c,0x54,0xd4,0x26,0x00}},
    {0x5761, 8, {0x48,0x7e,0xea,0x7c,0x74,0xe8,0x36,0x00}},
    {0x5764, 8, {0x48,0x7e,0xea,0x7e,0x6a,0xfe,0x08,0x00}},
    {0x5766, 8, {0x5e,0x52,0xfe,0x52,0x7e,0xc0,0x1e,0x00}},
    {0x5769, 8, {0x54,0x7e,0xd4,0x5c,0x54,0xd4,0x1c,0x00}},
    {0x576a, 8, {0x7e,0x48,0xea,0x48,0x7e,0xc8,0x08,0x00}},
    {0x577f, 8, {0x4a,0x56,0xf2,0x5a,0x72,0xd2,0x16,0x00}},
    {0x5782, 8, {0x0c,0x70,0xfe,0x54,0xfe,0x10,0xfe,0x00}},
    {0x5788, 8, {0x2a,0x5e,0xc4,0x52,0x7c,0x10,0xfe,0x00}},
    {0x5789, 8, {0x50,0x5e,0xe2,0x5a,0x5a,0xd0,0x1e,0x00}},
    {0x578b, 8, {0xfa,0x56,0xfe,0x52,0xba,0x10,0xfe,0x00}},
    {0x5793, 8, {0x48,0x7e,0xd0,0x6a,0x54,0xcc,0x32,0x00}},
    {0x57a0, 8, {0x5e,0x52,0xfe,0x52,0x7e,0xd4,0x1a,0x00}},
    {0x57a2, 8, {0x42,0x5c,0xd0,0x5e,0x50,0xd6,0x26,0x00}},
    {0x57a3, 8, {0x7e,0x5c,0xd4,0x5c,0x54,0xdc,0x3e,0x00}},
    {0x57a4, 8, {0x7e,0x54,0xfa,0x48,0x5c,0xc8,0x3e,0x00}},
    {0x57aa, 8, {0x54,0x40,0xfe,0x54,0x7e,0xd4,0x24,0x00}},
    {0x57b0, 8, {0x48,0x4e,0xe8,0x5e,0x6c,0xca,0x08,0x00}},
    {0x57b3, 8, {0x56,0x60,0xd6,0x72,0x52,0xd2,0x16,0x00}},
    {0x57c0, 8, {0x0c,0x70,0xfe,0x54,0xd6,0x38,0xfe,0x00}},
    {0x57c3, 8, {0x48,0x52,0xfe,0x50,0x7e,0xc8,0x36,0x00}},
    {0x57c6, 8, {0x4c,0x74,0xde,0x5a,0x5e,0xd2,0x26,0x00}},
    {0x57cb, 8, {0x7e,0x6a,0xfe,0x6a,0x7e,0xc8,0x3e,0x00}},
    {0x57ce, 8, {0x44,0x7e,0xe4,0x7c,0x6e,0xf4,0x2a,0x00}},
    {0x57d2, 8, {0x5c,0x6a,0xc4,0x7e,0x44,0xd4,0x0c,0x00}},
    {0x57d3, 8, {0x4c,0x54,0xc8,0x7e,0x44,0xd4,0x0c,0x00}},
    {0x57d4, 8, {0x4a,0x7e,0xc8,0x7e,0x6a,0xfe,0x2a,0x00}},
    {0x57d6, 8, {0x54,0x7e,0xc4,0x54,0x76,0xd4,0x16,0x00}},
    {0x57dc, 8, {0x24,0xfe,0x6c,0xb6,0x7c,0x10,0xfe,0x00}},
    {0x57df, 8, {0x44,0x7e,0xc4,0x74,0x76,0xcc,0x32,0x00}},
    {0x57e0, 8, {0x48,0x5c,0xf4,0x5e,0x52,0xfe,0x08,0x00}},
    {0x57e3, 8, {0x48,0x7e,0xd4,0x54,0x6a,0xfe,0x08,0x00}},
    {0x57f4, 8, {0x44,0x5e,0xe4,0x56,0x76,0xd0,0x1e,0x00}},
    {0x57f7, 8, {0x28,0x7c,0xf4,0x54,0xfc,0x74,0x26,0x00}},
    {0x57f9, 8, {0x48,0x7e,0xd4,0x7e,0x40,0xdc,0x1c,0x00}},
    {0x57fa, 8, {0x28,0x7c,0x28,0xfe,0x44,0x92,0x38,0x00}},
    {0x57fc, 8, {0x48,0x7e,0xc8,0x54,0x7e,0xc4,0x14,0x00}},
    {0x5800, 8, {0x7e,0x62,0xfe,0x6e,0x64,0xd6,0x1e,0x00}},
    {0x5802, 8, {0x54,0xfe,0xaa,0x38,0x7c,0x10,0xfe,0x00}},
    {0x5805, 8, {0xee,0xca,0xe4,0x1a,0x7c,0x10,0xfe,0x00}},
    {0x5806, 8, {0x54,0x5e,0xf4,0x5e,0x74,0xd4,0x1e,0x00}},
    {0x580a, 8, {0xfe,0x6c,0x44,0x6c,0xfe,0x10,0xfe,0x00}},
    {0x580b, 8, {0x7e,0x6a,0xfe,0x6a,0x7e,0xea,0x56,0x00}},
    {0x5815, 8, {0xc8,0xde,0x88,0xd6,0x86,0x10,0xfe,0x00}},
    {0x5819, 8, {0x5e,0x4c,0xfe,0x5e,0x7e,0xc4,0x1e,0x00}},
    {0x581d, 8, {0x4e,0x4a,0xea,0x5e,0x72,0xda,0x1a,0x00}},
    {0x5821, 8, {0x3c,0x54,0xfe,0x5c,0x6a,0x10,0xfe,0x00}},
    {0x5824, 8, {0x4c,0x4c,0xfe,0x44,0x56,0xd4,0x2e,0x00}},
    {0x582a, 8, {0x54,0x7e,0xd4,0x54,0x7e,0xe8,0x3e,0x00}},
    {0x582f, 8, {0x10,0x7c,0xfe,0x6c,0xfe,0x28,0xce,0x00}},
    {0x5830, 8, {0x7e,0x6c,0xec,0x7a,0x64,0xea,0x3e,0x00}},
    {0x5831, 8, {0x2e,0x7a,0xf8,0x5e,0xfa,0x74,0x2a,0x00}},
    {0x5834, 8, {0x5c,0x54,0xfe,0x50,0x5e,0xea,0x16,0x00}},
    {0x5835, 8, {0x4a,0x5c,0xc8,0x7e,0x50,0xee,0x0e,0x00}},
    {0x583a, 8, {0x7e,0x6a,0xfe,0x6a,0x5c,0xf6,0x14,0x00}},
    {0x583d, 8, {0x5e,0x5a,0xde,0x44,0x56,0xd4,0x1e,0x00}},
    {0x5840, 8, {0x7e,0x62,0xfe,0x74,0x6c,0xfe,0x14,0x00}},
    {0x5841, 8, {0x7c,0x54,0x7c,0x82,0x44,0x92,0x7c,0x00}},
    {0x584a, 8, {0x48,0x7e,0xea,0x7e,0x6a,0xdc,0x2e,0x00}},
    {0x584b, 8, {0xaa,0x44,0xfe,0x92,0x38,0x10,0xfe,0x00}},
    {0x5851, 8, {0xae,0xfa,0xde,0x7a,0xca,0x10,0xfe,0x00}},
    {0x5852, 8, {0x48,0x7c,0xe8,0x7e,0x64,0xfe,0x14,0x00}},
    {0x5854, 8, {0x54,0x7e,0xc8,0x54,0x7e,0xd4,0x1c,0x00}},
    {0x5857, 8, {0x88,0x14,0xbe,0x08,0xba,0x10,0xfe,0x00}},
    {0x5858, 8, {0x48,0x7e,0xec,0x66,0x7c,0xea,0x0e,0x00}},
    {0x5859, 8, {0x48,0x7e,0xd4,0x5c,0x7e,0xe2,0x2a,0x00}},
    {0x585a, 8, {0x7e,0x62,0xdc,0x7a,0x5c,0xec,0x1a,0x00}},
    {0x585e, 8, {0x10,0xfe,0xaa,0x7c,0xfe,0x54,0xba,0x00}},
    {0x5862, 8, {0x48,0x5c,0xd4,0x5c,0x5e,0xc2,0x2a,0x00}},
    {0x5869, 8, {0x50,0x5e,0xf4,0x5c,0x40,0xdc,0x3e,0x00}},
    {0x586b, 8, {0x48,0x7e,0xdc,0x5c,0x7e,0xc0,0x22,0x00}},
    {0x5870, 8, {0xa0,0x3e,0x9c,0x3e,0x9c,0x10,0xfe,0x00}},
    {0x5872, 8, {0x50,0x5e,0xf4,0x5c,0x5e,0xea,0x16,0x00}},
    {0x5875, 8, {0x08,0x7e,0x5c,0x64,0x76,0x48,0xbe,0x00}},
    {0x5879, 8, {0x2e,0xf8,0x6e,0xf4,0x24,0x10,0xfe,0x00}},
    {0x587e, 8, {0x28,0xfc,0x5c,0x7c,0xae,0x10,0xfe,0x00}},
    {0x5883, 8, {0x48,0x7e,0xd4,0x7e,0x5c,0xdc,0x26,0x00}},
    {0x5885, 8, {0xee,0xe4,0xee,0x46,0xec,0x10,0xfe,0x00}},
    {0x5893, 8, {0x28,0xfe,0x38,0xfe,0x44,0x92,0x38,0x00}},
    {0x5897, 8, {0x54,0x7e,0xea,0x7e,0x5c,0xd4,0x1c,0x00}},
    {0x589c, 8, {0xd4,0xfe,0x9a,0xec,0x9a,0x10,0xfe,0x00}},
    {0x589f, 8, {0x44,0x46,0xdc,0x56,0x50,0xd4,0x2e,0x00}},
    {0x58a8, 8, {0x7c,0x54,0xfe,0x00,0xaa,0x10,0xfe,0x00}},
    {0x58ab, 8, {0x54,0x62,0xfe,0x76,0x7e,0xd4,0x0c,0x00}},
    {0x58ae, 8, {0xc8,0xde,0x88,0xde,0x8e,0x10,0xfe,0x00}},
    {0x58b3, 8, {0x48,0x7e,0xd4,0x7e,0x54,0xdc,0x22,0x00}},
    {0x58b8, 8, {0x54,0x7e,0xdc,0x4c,0x7e,0xdc,0x2c,0x00}},
    {0x58b9, 8, {0x76,0x76,0xe2,0x6e,0x6e,0xee,0x22,0x00}},
    {0x58ba, 8, {0x48,0x5e,0xde,0x5a,0x7e,0xc8,0x36,0x00}},
    {0x58bb, 8, {0x48,0x7e,0xd4,0x6a,0x7e,0xf6,0x3e,0x00}},
    {0x58be, 8, {0x2c,0xdc,0x6a,0xac,0x6a,0x10,0xfe,0x00}},
    {0x58c1, 8, {0x64,0x7e,0x4a,0xfe,0x64,0x10,0xfe,0x00}},
    {0x58c5, 8, {0x10,0xfe,0x8e,0x5c,0x8e,0x10,0xfe,0x00}},
    {0x58c7, 8, {0x48,0x7e,0xf6,0x7e,0x5c,0xd4,0x3e,0x00}},
    {0x58ca, 8, {0x48,0x7e,0xda,0x5e,0x7e,0xf4,0x1a,0x00}},
    {0x58cc, 8, {0x48,0x7e,0xd4,0x76,0x7e,0xd4,0x1a,0x00}},
    {0x58d1, 8, {0x6e,0xfa,0xaa,0x74,0xea,0x10,0xfe,0x00}},
    {0x58d3, 8, {0x7e,0x74,0x4e,0x74,0xba,0x10,0xfe,0x00}},
    {0x58d5, 8, {0x48,0x7e,0xd4,0x7e,0x5a,0xec,0x1a,0x00}},
    {0x58d7, 8, {0x48,0x5c,0xce,0x5c,0x6a,0xdc,0x3e,0x00}},
    {0x58d8, 8, {0x7c,0x54,0x7c,0xee,0xee,0x10,0xfe,0x00}},
    {0x58d9, 8, {0x48,0x7e,0xec,0x7e,0x6c,0xec,0x12,0x00}},
    {0x58dc, 8, {0x5c,0x54,0xfe,0x76,0x4c,0xd4,0x3a,0x00}},
    {0x58de, 8, {0x48,0x7e,0xda,0x7e,0x48,0xf4,0x1a,0x00}},
    {0x58df, 8, {0x26,0xfc,0x52,0xf4,0x56,0x10,0xfe,0x00}},
    {0x58e4, 8, {0x48,0x7e,0xf6,0x5c,0x7e,0xf4,0x1a,0x00}},
    {0x58e5, 8, {0x5e,0x5c,0xf0,0x5a,0x50,0xe4,0x1e,0x00}},
    {0x58eb, 8, {0x10,0x10,0xfe,0x10,0x10,0x10,0x7c,0x00}},
    {0x58ec, 8, {0x0c,0x70,0x10,0xfe,0x10,0x10,0x7c,0x00}},
    {0x58ee, 8, {0x48,0x48,0xfe,0x48,0xc8,0x48,0x5c,0x00}},
    {0x58ef, 8, {0xa4,0xa4,0xfe,0x24,0xe4,0x64,0xae,0x00}},
    {0x58f0, 8, {0x10,0xfe,0x10,0x7c,0x54,0x7c,0x80,0x00}},
    {0x58f1, 8, {0x10,0xfe,0x10,0xfe,0xba,0x20,0x3c,0x00}},
    {0x58f2, 8, {0x10,0xfe,0x10,0xfe,0x82,0x28,0xce,0x00}},
    {0x58f7, 8, {0x10,0xfe,0x10,0xfe,0xaa,0x7c,0xfe,0x00}},
    {0x58f9, 8, {0x10,0xfe,0x10,0xfe,0xba,0x28,0xfe,0x00}},
    {0x58fa, 8, {0x10,0xfe,0x10,0xfe,0xaa,0x6c,0xfe,0x00}},
    {0x58fb, 8, {0x5e,0x4a,0xec,0x56,0x6a,0xce,0x0a,0x00}},
    {0x58fc, 8, {0x10,0xfe,0x10,0xfe,0xba,0x6c,0xfe,0x00}},
    {0x58fd, 8, {0x10,0x7c,0xfe,0x10,0xfe,0x64,0x6c,0x00}},
    {0x5902, 8, {0x20,0x3c,0x44,0xa8,0x10,0x28,0xc6,0x00}},
    {0x5909, 8, {0x10,0xfe,0x28,0xba,0x68,0x10,0xee,0x00}},
    {0x590a, 8, {0x20,0xbc,0x44,0xa8,0x10,0x28,0xc6,0x00}},
    {0x590f, 8, {0xfe,0x38,0x38,0x38,0x68,0x10,0xee,0x00}},
    {0x5910, 8, {0x38,0xdc,0x3c,0x3c,0x68,0x10,0xee,0x00}},
    {0x5915, 8, {0x10,0x1e,0x22,0xda,0x04,0x08,0x70,0x00}},
    {0x5916, 8, {0x48,0x78,0x58,0xbc,0x1a,0x28,0xc8,0x00}},
    {0x5918, 8, {0x4e,0x7a,0x5a,0xba,0x1a,0x28,0xc8,0x00}},
    {0x5919, 8, {0x7c,0x7c,0x54,0x5c,0x6c,0x54,0xa6,0x00}},
    {0x591a, 8, {0x18,0x68,0x10,0xee,0x32,0x0c,0x70,0x00}},
    {0x591b, 8, {0x38,0x08,0xfe,0x1c,0x64,0x18,0xe0,0x00}},
    {0x591c, 8, {0x10,0xfe,0x28,0x4e,0xda,0x44,0x5a,0x00}},
    {0x5922, 8, {0x28,0xfe,0x54,0xfe,0xaa,0x18,0x70,0x00}},
    {0x5925, 8, {0xf6,0xba,0xf4,0x26,0xfa,0x74,0xa8,0x00}},
    {0x5927, 8, {0x10,0x10,0xfe,0x10,0x10,0x28,0xc6,0x00}},
    {0x5929, 8, {0xfe,0x10,0x7c,0x10,0x10,0x28,0xc6,0x00}},
    {0x592a, 8, {0x10,0xfe,0x10,0x28,0x28,0x44,0x92,0x00}},
    {0x592b, 8, {0x10,0x7c,0x10,0xfe,0x10,0x28,0xc6,0x00}},
    {0x592c, 8, {0x10,0x7c,0x14,0xfe,0x10,0x28,0xc6,0x00}},
    {0x592d, 8, {0x0c,0x70,0x10,0xfe,0x10,0x28,0xc6,0x00}},
    {0x592e, 8, {0x10,0x7c,0x54,0xfe,0x10,0x28,0xc6,0x00}},
    {0x5931, 8, {0x50,0x7c,0x90,0xfe,0x10,0x28,0xc6,0x00}},
    {0x5932, 8, {0x10,0xfe,0x28,0xc6,0x10,0xfe,0x10,0x00}},
    {0x5937, 8, {0x10,0xfe,0x7c,0x50,0x7c,0x14,0xee,0x00}},
    {0x5938, 8, {0x10,0xfe,0x28,0xc6,0x7c,0x04,0x1c,0x00}},
    {0x593e, 8, {0x10,0xfe,0x54,0x54,0xba,0x10,0xee,0x00}},
    {0x5944, 8, {0x10,0xfe,0x28,0xd6,0x7c,0x7c,0x0e,0x00}},
    {0x5947, 8, {0x10,0x7c,0x10,0x28,0xfe,0x54,0x74,0x00}},
    {0x5948, 8, {0x10,0xfe,0x28,0xc6,0x7c,0x54,0xb2,0x00}},
    {0x5949, 8, {0x10,0x7c,0x38,0xfe,0x54,0xba,0x10,0x00}},
    {0x594e, 8, {0x10,0xfe,0x28,0xd6,0x38,0x10,0xfe,0x00}},
    {0x594f, 8, {0x10,0x7c,0x38,0xfe,0x54,0x92,0x28,0x00}},
    {0x5950, 8, {0x38,0xc8,0x7c,0x6c,0xfe,0x10,0xee,0x00}},
    {0x5951, 8, {0x5e,0xea,0x4a,0xf6,0x7c,0x10,0xee,0x00}},
    {0x5954, 8, {0x10,0xfe,0x28,0xd6,0x38,0xfe,0x48,0x00}},
    {0x5955, 8, {0x10,0xfe,0x28,0xaa,0x7c,0x10,0xee,0x00}},
    {0x5957, 8, {0x10,0xfe,0x64,0xb2,0xfe,0x24,0xfa,0x00}},
    {0x5958, 8, {0xa4,0xfe,0x64,0xae,0x7c,0x10,0xee,0x00}},
    {0x595a, 8, {0x7c,0x52,0xa0,0x14,0xfe,0x10,0xee,0x00}},
    {0x5960, 8, {0x28,0xc6,0x7c,0x6c,0xfe,0x10,0xee,0x00}},
    {0x5962, 8, {0x10,0xfe,0x28,0xd6,0x7e,0x34,0xdc,0x00}},
    {0x5965, 8, {0x10,0x7c,0x5c,0x74,0xfe,0x10,0xee,0x00}},
    {0x5967, 8, {0x10,0x7c,0x7c,0x74,0xfe,0x10,0xee,0x00}},
    {0x5968, 8, {0x5e,0xca,0x5e,0xc4,0x7e,0x10,0xee,0x00}},
    {0x5969, 8, {0x10,0xfe,0x24,0xda,0x58,0x76,0x7e,0x00}},
    {0x596a, 8, {0x10,0xfe,0x74,0xba,0xfe,0x28,0x18,0x00}},
    {0x596c, 8, {0xac,0xf4,0x7e,0xac,0xfe,0x10,0xee,0x00}},
    {0x596e, 8, {0x10,0xfe,0x74,0xba,0x7c,0x54,0x7c,0x00}},
    {0x5973, 8, {0x10,0x10,0xfe,0x24,0x68,0x18,0xe6,0x00}},
    {0x5974, 8, {0x2e,0x22,0xfa,0x5a,0x64,0x34,0xca,0x00}},
    {0x5978, 8, {0x2e,0x24,0xf4,0x5e,0x64,0x34,0xc4,0x00}},
    {0x597d, 8, {0x2e,0x22,0xf4,0x5e,0x64,0x34,0xcc,0x00}},
    {0x5981, 8, {0x28,0x2e,0xf2,0x5a,0x66,0x32,0xc6,0x00}},
    {0x5982, 8, {0x20,0x2e,0xfa,0x5a,0x6a,0x3a,0xce,0x00}},
    {0x5983, 8, {0x2e,0x22,0xf2,0x5e,0x68,0x3a,0xce,0x00}},
    {0x5984, 8, {0x10,0xfe,0x40,0x7c,0xfe,0x28,0xf6,0x00}},
    {0x598a, 8, {0x22,0x2c,0xf4,0x5e,0x64,0x34,0xce,0x00}},
    {0x598d, 8, {0xbe,0x94,0xd4,0xfe,0xd4,0x54,0xa4,0x00}},
    {0x5993, 8, {0x24,0x2e,0xf4,0x5e,0x6a,0x24,0xda,0x00}},
    {0x5996, 8, {0x22,0x2c,0xf4,0x5e,0x64,0x34,0xca,0x00}},
    {0x5999, 8, {0x48,0x5c,0xfa,0xa8,0xca,0x64,0x98,0x00}},
    {0x599b, 8, {0x54,0x7c,0xfe,0x10,0xfe,0x28,0xf6,0x00}},
    {0x599d, 8, {0xa4,0xa4,0xfe,0x2a,0xec,0x64,0xba,0x00}},
    {0x59a3, 8, {0x54,0x54,0xfe,0xb4,0xd4,0x5c,0xb6,0x00}},
    {0x59a5, 8, {0x0e,0xf0,0x54,0xfe,0x28,0x18,0xe6,0x00}},
    {0x59a8, 8, {0x44,0x5e,0xe8,0xae,0xca,0x6a,0x96,0x00}},
    {0x59ac, 8, {0x5e,0x48,0xe8,0xae,0xda,0x6a,0x8e,0x00}},
    {0x59b2, 8, {0x2e,0x2a,0xfe,0x5a,0x6e,0x30,0xce,0x00}},
    {0x59b9, 8, {0x48,0x5c,0xe8,0xbe,0xc8,0x5c,0xaa,0x00}},
    {0x59bb, 8, {0x10,0xfe,0x14,0x7c,0xfe,0x28,0xf6,0x00}},
    {0x59be, 8, {0x10,0x7c,0x28,0xfe,0x7c,0x28,0xf6,0x00}},
    {0x59c6, 8, {0x5c,0x54,0xf4,0xbe,0xd4,0x7e,0x8c,0x00}},
    {0x59c9, 8, {0x44,0x5e,0xe4,0xbe,0xd6,0x76,0x84,0x00}},
    {0x59cb, 8, {0x24,0x24,0xfa,0x5e,0x60,0x3e,0xce,0x00}},
    {0x59d0, 8, {0x5c,0x54,0xfc,0xb4,0xdc,0x54,0xbe,0x00}},
    {0x59d1, 8, {0x24,0x24,0xfe,0x54,0x6e,0x3a,0xce,0x00}},
    {0x59d3, 8, {0x2c,0x2e,0xf4,0x54,0x6e,0x24,0xde,0x00}},
    {0x59d4, 8, {0x38,0xfe,0x38,0xd6,0x7c,0x28,0xf6,0x00}},
    {0x59d9, 8, {0x92,0xac,0xe4,0xee,0xe4,0x64,0xae,0x00}},
    {0x59da, 8, {0x94,0xb6,0xd4,0xf6,0xd4,0x54,0xa6,0x00}},
    {0x59dc, 8, {0x44,0xfe,0x7c,0x10,0xfe,0x28,0xf6,0x00}},
    {0x59e5, 8, {0x4a,0x5c,0xe8,0xbe,0xd4,0x68,0x8e,0x00}},
    {0x59e6, 8, {0x10,0xfe,0x28,0x74,0xfe,0x54,0xaa,0x00}},
    {0x59e8, 8, {0x88,0xbe,0xdc,0xd8,0xde,0x4a,0xb6,0x00}},
    {0x59ea, 8, {0x5e,0x48,0xfe,0xa4,0xce,0x64,0x9e,0x00}},
    {0x59eb, 8, {0x5e,0x54,0xfe,0xb2,0xde,0x74,0x9e,0x00}},
    {0x59f6, 8, {0x24,0x2a,0xfe,0x50,0x6e,0x3a,0xce,0x00}},
    {0x59fb, 8, {0xbe,0xaa,0xfe,0xea,0xf6,0x62,0xbe,0x00}},
    {0x59ff, 8, {0x90,0x1e,0xaa,0x14,0xfe,0x28,0xf6,0x00}},
    {0x5a01, 8, {0x04,0x7e,0x7c,0x54,0x6e,0x54,0xaa,0x00}},
    {0x5a03, 8, {0x24,0x2e,0xf4,0x5e,0x6e,0x24,0xde,0x00}},
    {0x5a09, 8, {0x24,0x2e,0xfe,0x5e,0x6c,0x32,0xc6,0x00}},
    {0x5a11, 8, {0x88,0x2a,0x8c,0x30,0xfe,0x28,0xf6,0x00}},
    {0x5a18, 8, {0x44,0x5e,0xf2,0xbe,0xda,0x74,0x9a,0x00}},
    {0x5a1a, 8, {0x5e,0x56,0xfe,0xb6,0xde,0x6a,0x96,0x00}},
    {0x5a1c, 8, {0xbe,0x96,0xfc,0xd6,0xfe,0x54,0xac,0x00}},
    {0x5a1f, 8, {0x4c,0x4c,0xe0,0xbe,0xd2,0x7e,0x92,0x00}},
    {0x5a20, 8, {0x5e,0x50,0xf6,0xb0,0xde,0x74,0x9a,0x00}},
    {0x5a25, 8, {0x8e,0xb4,0xfe,0xd4,0xd6,0x7c,0x92,0x00}},
    {0x5a29, 8, {0x4c,0x54,0xfe,0xba,0xde,0x54,0xa6,0x00}},
    {0x5a2f, 8, {0x46,0x56,0xfc,0xa4,0xde,0x60,0x92,0x00}},
    {0x5a35, 8, {0xb8,0x9e,0xda,0xda,0xdc,0x7a,0x88,0x00}},
    {0x5a36, 8, {0xfe,0x6a,0xf4,0x2a,0xfe,0x28,0xf6,0x00}},
    {0x5a3c, 8, {0x4c,0x4c,0xfe,0xb2,0xde,0x72,0x9e,0x00}},
    {0x5a40, 8, {0xbe,0xb2,0xee,0xfa,0xfe,0x62,0xa6,0x00}},
    {0x5a41, 8, {0x10,0x7c,0xfe,0x54,0xfe,0x28,0xf6,0x00}},
    {0x5a46, 8, {0x84,0x1e,0x94,0x2a,0xfe,0x28,0xf6,0x00}},
    {0x5a49, 8, {0x88,0xbe,0xe2,0xde,0xea,0x58,0xae,0x00}},
    {0x5a5a, 8, {0x5e,0x54,0xfe,0xb4,0xda,0x6c,0x8c,0x00}},
    {0x5a62, 8, {0x88,0xbe,0xea,0xfe,0xd4,0x7e,0x84,0x00}},
    {0x5a66, 8, {0x5c,0x44,0xfe,0xaa,0xdc,0x7c,0x88,0x00}},
    {0x5a6a, 8, {0x24,0xfe,0x6c,0xb6,0x7c,0x28,0xf6,0x00}},
    {0x5a6c, 8, {0x9c,0xaa,0xc0,0xfe,0xdc,0x48,0xbe,0x00}},
    {0x5a7f, 8, {0x5e,0x4a,0xec,0xb6,0xca,0x6e,0x8a,0x00}},
    {0x5a92, 8, {0x94,0xbe,0xd4,0xdc,0xfe,0x5c,0xaa,0x00}},
    {0x5a9a, 8, {0x5e,0x56,0xfe,0xb0,0xd6,0x56,0xa6,0x00}},
    {0x5a9b, 8, {0x46,0x58,0xea,0xbe,0xca,0x54,0xaa,0x00}},
    {0x5abc, 8, {0x5e,0x56,0xfa,0xbe,0xc0,0x6c,0x9e,0x00}},
    {0x5abd, 8, {0x5e,0x54,0xfe,0xb4,0xde,0x62,0x96,0x00}},
    {0x5abe, 8, {0x94,0xbe,0xd4,0xfe,0xdc,0x7e,0x94,0x00}},
    {0x5ac1, 8, {0x88,0xbe,0xe2,0xdc,0xda,0x6c,0x9a,0x00}},
    {0x5ac2, 8, {0x96,0xaa,0xea,0xfe,0xd4,0x48,0xb6,0x00}},
    {0x5ac9, 8, {0x84,0x9e,0xf0,0xd8,0xfe,0x54,0xaa,0x00}},
    {0x5acb, 8, {0x5e,0x4a,0xfe,0xb4,0xde,0x6a,0x9e,0x00}},
    {0x5acc, 8, {0x94,0xbe,0xdc,0xce,0xfc,0x5c,0xaa,0x00}},
    {0x5ad0, 8, {0xb4,0xbc,0xfe,0xd6,0xde,0x5c,0xaa,0x00}},
    {0x5ad6, 8, {0xbe,0x9c,0xdc,0xc0,0xfe,0x48,0xaa,0x00}},
    {0x5ad7, 8, {0xbe,0xac,0xec,0xe0,0xf6,0x76,0xbe,0x00}},
    {0x5ae1, 8, {0x88,0xbe,0xd4,0xfe,0xea,0x76,0xbe,0x00}},
    {0x5ae3, 8, {0x5e,0x44,0xf6,0xbc,0xde,0x62,0x96,0x00}},
    {0x5ae6, 8, {0xaa,0x9c,0xf6,0xdc,0xfe,0x6a,0x88,0x00}},
    {0x5ae9, 8, {0x94,0xbe,0xf6,0xfe,0xd6,0x7c,0x92,0x00}},
    {0x5afa, 8, {0xb6,0xb6,0xe2,0xee,0xee,0x76,0xa2,0x00}},
    {0x5afb, 8, {0xb6,0xb6,0xea,0xfe,0xea,0x7e,0xaa,0x00}},
    {0x5b09, 8, {0x88,0xbe,0xdc,0xd4,0xfe,0x54,0x9c,0x00}},
    {0x5b0b, 8, {0xb6,0xb6,0xdc,0xdc,0xdc,0x7e,0x88,0x00}},
    {0x5b0c, 8, {0x9c,0xbe,0xd4,0xea,0xfe,0x62,0xaa,0x00}},
    {0x5b16, 8, {0x64,0x6e,0xca,0x64,0xfe,0x28,0xf6,0x00}},
    {0x5b22, 8, {0x88,0xbe,0xd4,0xf6,0xfe,0x54,0x9a,0x00}},
    {0x5b2a, 8, {0x88,0xbe,0xea,0xf4,0xdc,0x5c,0xa2,0x00}},
    {0x5b2c, 8, {0x9c,0xbe,0xea,0xdc,0xc8,0x7e,0xaa,0x00}},
    {0x5b30, 8, {0x6c,0x6c,0x92,0x20,0xfe,0x28,0xf6,0x00}},
    {0x5b32, 8, {0xd6,0xd6,0xfe,0x6c,0xf6,0x56,0xaa,0x00}},
    {0x5b36, 8, {0x48,0x5c,0xf4,0xbe,0xea,0x7e,0x94,0x00}},
    {0x5b3e, 8, {0x96,0xba,0xf0,0xfe,0xde,0x70,0x9a,0x00}},
    {0x5b40, 8, {0x9c,0xbe,0xea,0xc0,0xd6,0x7e,0x96,0x00}},
    {0x5b43, 8, {0x88,0xbe,0xf6,0xdc,0xfe,0x74,0x9a,0x00}},
    {0x5b45, 8, {0xac,0x94,0xfe,0xd4,0xfe,0x54,0xba,0x00}},
    {0x5b50, 8, {0x7c,0x08,0x10,0xfe,0x10,0x10,0x30,0x00}},
    {0x5b51, 8, {0x7c,0x08,0x10,0x1e,0xf0,0x10,0x30,0x00}},
    {0x5b54, 8, {0xe8,0x28,0x48,0x68,0xc8,0x4a,0xce,0x00}},
    {0x5b55, 8, {0x78,0x2e,0x22,0xdc,0x08,0xfe,0x10,0x00}},
    {0x5b57, 8, {0x10,0xfe,0xba,0x08,0xfe,0x10,0x30,0x00}},
    {0x5b58, 8, {0x20,0xfe,0x2c,0x44,0xfe,0x48,0x58,0x00}},
    {0x5b5a, 8, {0x7c,0x52,0xb8,0x08,0xfe,0x10,0x30,0x00}},
    {0x5b5b, 8, {0x10,0x7c,0xfe,0xba,0x08,0xfe,0x10,0x00}},
    {0x5b5c, 8, {0xe8,0x2e,0x5a,0x6a,0xca,0x44,0xda,0x00}},
    {0x5b5d, 8, {0x12,0x7c,0x18,0xfe,0x24,0xde,0x08,0x00}},
    {0x5b5f, 8, {0x7c,0x08,0xfe,0x10,0x7c,0x54,0xfe,0x00}},
    {0x5b63, 8, {0x38,0xfe,0x3c,0xda,0x08,0xfe,0x10,0x00}},
    {0x5b64, 8, {0xe2,0x3c,0x54,0x74,0xd4,0x56,0xea,0x00}},
    {0x5b65, 8, {0x2e,0xfa,0x54,0xfa,0x08,0xfe,0x10,0x00}},
    {0x5b66, 8, {0x54,0xfe,0xba,0x08,0xfe,0x10,0x30,0x00}},
    {0x5b69, 8, {0xe8,0x3e,0x50,0x6a,0xd4,0x4c,0xf2,0x00}},
    {0x5b6b, 8, {0xee,0x24,0x48,0x64,0xde,0x44,0xd6,0x00}},
    {0x5b70, 8, {0x28,0xfc,0x54,0x74,0x1c,0xf4,0x26,0x00}},
    {0x5b71, 8, {0x7e,0x7e,0x4c,0x7e,0x52,0x76,0xa4,0x00}},
    {0x5b73, 8, {0x44,0xfe,0x24,0x48,0x3c,0xfe,0x10,0x00}},
    {0x5b75, 8, {0x5c,0xaa,0xe0,0xec,0xe4,0x7e,0xa8,0x00}},
    {0x5b78, 8, {0x2c,0x54,0xfe,0xba,0x08,0xfe,0x10,0x00}},
    {0x5b7a, 8, {0xec,0x3e,0x56,0x6e,0xc4,0x5e,0xd6,0x00}},
    {0x5b80, 8, {0x00,0x10,0xfe,0x82,0x00,0x00,0x00,0x00}},
    {0x5b83, 8, {0x10,0xfe,0x82,0x4c,0x70,0x42,0x3e,0x00}},
    {0x5b85, 8, {0x10,0xfe,0xba,0x10,0xfe,0x10,0x1e,0x00}},
    {0x5b87, 8, {0x10,0xfe,0xba,0x10,0xfe,0x10,0x30,0x00}},
    {0x5b88, 8, {0x10,0xfe,0x82,0x08,0xfe,0x28,0x18,0x00}},
    {0x5b89, 8, {0x10,0xfe,0x92,0x7c,0x28,0x18,0xe6,0x00}},
    {0x5b8b, 8, {0x10,0xfe,0x92,0x7c,0x10,0x38,0xd6,0x00}},
    {0x5b8c, 8, {0x10,0xfe,0xba,0x00,0xfe,0x28,0xce,0x00}},
    {0x5b8d, 8, {0x10,0xfe,0x82,0x10,0xfe,0x00,0xc6,0x00}},
    {0x5b8f, 8, {0x10,0xfe,0xa2,0xfc,0x50,0xa4,0x7a,0x00}},
    {0x5b95, 8, {0x10,0xfe,0x82,0xfc,0x40,0xbc,0x3c,0x00}},
    {0x5b97, 8, {0x10,0xfe,0xba,0x00,0xfe,0x54,0xb2,0x00}},
    {0x5b98, 8, {0x10,0xfe,0xba,0x28,0x3c,0x24,0x3c,0x00}},
    {0x5b99, 8, {0x10,0xfe,0x92,0x7c,0x7c,0x54,0x7c,0x00}},
    {0x5b9a, 8, {0x10,0xfe,0xba,0x10,0x5c,0x50,0xbe,0x00}},
    {0x5b9b, 8, {0x10,0xfe,0x82,0x7e,0xda,0x28,0xce,0x00}},
    {0x5b9c, 8, {0x10,0xfe,0xba,0x28,0x38,0x28,0xfe,0x00}},
    {0x5b9d, 8, {0x10,0xfe,0xba,0x10,0x38,0x14,0xfe,0x00}},
    {0x5b9f, 8, {0x10,0xfe,0xba,0x10,0xfe,0x10,0xee,0x00}},
    {0x5ba2, 8, {0x10,0xfe,0x9a,0x68,0x10,0xee,0x38,0x00}},
    {0x5ba3, 8, {0x10,0xfe,0xba,0x00,0x38,0x28,0xfe,0x00}},
    {0x5ba4, 8, {0x10,0xfe,0xb2,0x28,0x74,0x10,0xfe,0x00}},
    {0x5ba5, 8, {0x10,0xfe,0xa2,0xfe,0x64,0xbc,0x24,0x00}},
    {0x5ba6, 8, {0x10,0xfe,0xfa,0x48,0x78,0x50,0x7c,0x00}},
    {0x5bae, 8, {0x10,0xfe,0xaa,0x38,0x10,0x7c,0x7c,0x00}},
    {0x5bb0, 8, {0x10,0xfe,0x92,0x7c,0x28,0xfe,0x10,0x00}},
    {0x5bb3, 8, {0x10,0xfe,0x92,0x7c,0x10,0xfe,0x38,0x00}},
    {0x5bb4, 8, {0x10,0xfe,0xaa,0x38,0xfe,0x28,0xf6,0x00}},
    {0x5bb5, 8, {0x10,0xfe,0xb6,0x7c,0x44,0x7c,0x44,0x00}},
    {0x5bb6, 8, {0x10,0xfe,0xba,0x30,0xda,0x2c,0xda,0x00}},
    {0x5bb8, 8, {0x10,0xfe,0xfa,0x40,0x7c,0x68,0xb6,0x00}},
    {0x5bb9, 8, {0x10,0xfe,0xaa,0x54,0x28,0xfe,0x38,0x00}},
    {0x5bbf, 8, {0x10,0xfe,0x82,0x5e,0xc8,0x5e,0x5e,0x00}},
    {0x5bc2, 8, {0x10,0xfe,0xb2,0x2e,0xfa,0x24,0xaa,0x00}},
    {0x5bc3, 8, {0x10,0xfe,0xbe,0xd4,0x7c,0x2a,0xce,0x00}},
    {0x5bc4, 8, {0x10,0xfe,0x92,0x28,0xfe,0x54,0x74,0x00}},
    {0x5bc5, 8, {0x10,0xfe,0xba,0x7c,0x54,0x7c,0xc6,0x00}},
    {0x5bc6, 8, {0x10,0xfe,0xaa,0x60,0xba,0x54,0x7c,0x00}},
    {0x5bc7, 8, {0x10,0xfe,0xea,0x0c,0xe8,0x54,0xbe,0x00}},
    {0x5bc9, 8, {0x10,0xfe,0xaa,0x3c,0x7e,0xa8,0x3e,0x00}},
    {0x5bcc, 8, {0x10,0xfe,0xaa,0x38,0x7c,0x54,0x7c,0x00}},
    {0x5bd0, 8, {0x10,0xfe,0xea,0x3c,0xe8,0x7c,0xaa,0x00}},
    {0x5bd2, 8, {0x10,0xfe,0xaa,0x7c,0x7c,0xb2,0x08,0x00}},
    {0x5bd3, 8, {0x10,0xfe,0xba,0x38,0xfe,0x9a,0xb6,0x00}},
    {0x5bd4, 8, {0x10,0xfe,0xaa,0x7c,0x18,0x50,0xbe,0x00}},
    {0x5bdb, 8, {0x10,0xfe,0xaa,0x7c,0x38,0x3a,0xce,0x00}},
    {0x5bdd, 8, {0x10,0xfe,0x86,0xde,0x5a,0xc4,0x5a,0x00}},
    {0x5bde, 8, {0x10,0xfe,0xaa,0x7c,0xfe,0x10,0xee,0x00}},
    {0x5bdf, 8, {0x10,0xfe,0xea,0x44,0xba,0x54,0xb2,0x00}},
    {0x5be1, 8, {0x10,0xfe,0xaa,0x38,0xfe,0x5c,0xaa,0x00}},
    {0x5be2, 8, {0x10,0xfe,0xe2,0x2e,0xea,0x64,0xaa,0x00}},
    {0x5be4, 8, {0x10,0xfe,0xea,0x3c,0xec,0x7e,0xac,0x00}},
    {0x5be5, 8, {0x10,0xfe,0xb6,0x28,0xd6,0x08,0x30,0x00}},
    {0x5be6, 8, {0x10,0xfe,0xba,0x6c,0x38,0x38,0xc6,0x00}},
    {0x5be7, 8, {0x10,0xfe,0xaa,0x5c,0xfe,0x10,0x30,0x00}},
    {0x5be8, 8, {0x10,0xfe,0xaa,0x7c,0xfe,0xba,0x54,0x00}},
    {0x5be9, 8, {0x10,0xfe,0xba,0x54,0xfe,0x7c,0xba,0x00}},
    {0x5beb, 8, {0x10,0xfe,0xaa,0x48,0x7e,0x82,0x56,0x00}},
    {0x5bee, 8, {0x10,0xfe,0xaa,0x7c,0xaa,0x38,0x92,0x00}},
    {0x5bf0, 8, {0x10,0xfe,0xba,0x7c,0x3c,0xe8,0x36,0x00}},
    {0x5bf3, 8, {0x10,0xfe,0xea,0x54,0xfc,0x7c,0xc6,0x00}},
    {0x5bf5, 8, {0x10,0xfe,0xa6,0xfc,0x52,0x74,0x56,0x00}},
    {0x5bf6, 8, {0x10,0xfe,0xea,0x4c,0xfc,0x7c,0xc6,0x00}},
    {0x5bf8, 8, {0x08,0xfe,0x08,0x48,0x28,0x08,0x18,0x00}},
    {0x5bfa, 8, {0x10,0x7c,0x10,0xfe,0x08,0xfe,0x28,0x00}},
    {0x5bfe, 8, {0x22,0xfe,0x12,0x5a,0x26,0x52,0x86,0x00}},
    {0x5bff, 8, {0x10,0x7c,0xfe,0x24,0xfe,0x44,0x94,0x00}},
    {0x5c01, 8, {0x22,0x7e,0x22,0xfa,0x66,0x32,0xc6,0x00}},
    {0x5c02, 8, {0x10,0xfe,0x38,0x38,0xfe,0x28,0x18,0x00}},
    {0x5c04, 8, {0x22,0x7e,0x52,0x7a,0xd6,0x32,0xd6,0x00}},
    {0x5c05, 8, {0x42,0xee,0x42,0xaa,0xe2,0x46,0xbe,0x00}},
    {0x5c06, 8, {0x46,0x78,0xea,0x44,0xfe,0x54,0x4c,0x00}},
    {0x5c07, 8, {0xa6,0xaa,0xe4,0x3e,0xe2,0x6a,0xa6,0x00}},
    {0x5c08, 8, {0x10,0xfe,0x38,0x34,0xfe,0x28,0x18,0x00}},
    {0x5c09, 8, {0x72,0x7e,0x42,0x76,0x46,0x72,0xa6,0x00}},
    {0x5c0a, 8, {0x44,0xfe,0x5c,0x6c,0xfe,0x28,0x18,0x00}},
    {0x5c0b, 8, {0x7c,0x04,0xee,0x4a,0xfe,0x28,0x18,0x00}},
    {0x5c0d, 8, {0xaa,0xf6,0x52,0xfa,0x66,0x32,0xc6,0x00}},
    {0x5c0e, 8, {0x54,0x3e,0xdc,0x5c,0xfe,0x28,0x18,0x00}},
    {0x5c0f, 8, {0x10,0x10,0x54,0x52,0x92,0x10,0x30,0x00}},
    {0x5c11, 8, {0x10,0x54,0x52,0x90,0x34,0x18,0xe0,0x00}},
    {0x5c13, 8, {0x40,0x7e,0x90,0x54,0x52,0x92,0x30,0x00}},
    {0x5c16, 8, {0x10,0x54,0x92,0x30,0xfe,0x10,0xee,0x00}},
    {0x5c1a, 8, {0x54,0x10,0xfe,0x82,0xba,0xaa,0xba,0x00}},
    {0x5c20, 8, {0x54,0xfc,0x5e,0x54,0xf2,0xa4,0xf8,0x00}},
    {0x5c22, 8, {0x10,0xfe,0x10,0x18,0x18,0x2a,0xce,0x00}},
    {0x5c24, 8, {0x14,0xfe,0x10,0x18,0x18,0x2a,0xce,0x00}},
    {0x5c28, 8, {0x52,0xf4,0x42,0x64,0x62,0x64,0xbe,0x00}},
    {0x5c2d, 8, {0x10,0x7c,0xfe,0x28,0xfe,0x28,0xce,0x00}},
    {0x5c31, 8, {0x26,0xf4,0x5e,0x74,0x24,0xb4,0x6a,0x00}},
    {0x5c38, 8, {0x7e,0x42,0x7e,0x40,0x40,0x40,0x80,0x00}},
    {0x5c39, 8, {0x7c,0x14,0xfe,0x14,0x7c,0x20,0xc0,0x00}},
    {0x5c3a, 8, {0x7c,0x44,0x7c,0x50,0x48,0x44,0x82,0x00}},
    {0x5c3b, 8, {0x7e,0x42,0x7e,0x50,0x7c,0x54,0xa6,0x00}},
    {0x5c3c, 8, {0x7e,0x42,0x7e,0x50,0x5e,0x50,0x9e,0x00}},
    {0x5c3d, 8, {0x7c,0x44,0x78,0x54,0x44,0xb2,0x08,0x00}},
    {0x5c3e, 8, {0x7e,0x7e,0x4c,0x78,0x4e,0x78,0x8e,0x00}},
    {0x5c3f, 8, {0x7e,0x42,0x7e,0x48,0x7a,0x5c,0xaa,0x00}},
    {0x5c40, 8, {0x7c,0x44,0x7c,0x40,0x7e,0x6a,0xba,0x00}},
    {0x5c41, 8, {0x7e,0x42,0x7e,0x64,0x76,0x64,0xb6,0x00}},
    {0x5c45, 8, {0x7e,0x7e,0x44,0x5e,0x44,0x5e,0x9e,0x00}},
    {0x5c46, 8, {0x7e,0x7e,0x48,0x6a,0x7e,0x6a,0xbe,0x00}},
    {0x5c48, 8, {0x7e,0x42,0x7e,0x5c,0x48,0x6a,0xbe,0x00}},
    {0x5c4a, 8, {0x7e,0x42,0x7e,0x48,0x7e,0x6a,0xbe,0x00}},
    {0x5c4b, 8, {0x7e,0x42,0x7e,0x54,0x7a,0x48,0xbe,0x00}},
    {0x5c4d, 8, {0x7e,0x42,0x7e,0x5c,0x6e,0x54,0xa6,0x00}},
    {0x5c4e, 8, {0x7e,0x7e,0x5a,0x48,0x7e,0x5c,0xaa,0x00}},
    {0x5c4f, 8, {0x7e,0x7e,0x54,0x7e,0x54,0x7e,0xa4,0x00}},
    {0x5c50, 8, {0x7e,0x7e,0x54,0x6e,0x5a,0x74,0x9a,0x00}},
    {0x5c51, 8, {0x7e,0x7e,0x6a,0x5e,0x52,0x5e,0x92,0x00}},
    {0x5c53, 8, {0x7e,0x7e,0x54,0x5c,0x54,0x5c,0xa2,0x00}},
    {0x5c55, 8, {0x7e,0x42,0x7e,0x54,0x7e,0x68,0xb6,0x00}},
    {0x5c5e, 8, {0x7e,0x7e,0x4c,0x5c,0x7e,0x6e,0xba,0x00}},
    {0x5c60, 8, {0x7e,0x7e,0x5c,0x48,0x7e,0x5c,0xac,0x00}},
    {0x5c61, 8, {0x7e,0x7e,0x6a,0x5c,0x7e,0x54,0xba,0x00}},
    {0x5c64, 8, {0x7e,0x7e,0x54,0x6a,0x7e,0x54,0x9c,0x00}},
    {0x5c65, 8, {0x7e,0x7e,0x58,0x6e,0x5a,0x74,0x9a,0x00}},
    {0x5c6c, 8, {0x7e,0x7e,0x6a,0x5e,0x7a,0x5a,0xb6,0x00}},
    {0x5c6e, 8, {0x10,0x92,0x92,0x92,0xfe,0x20,0xc0,0x00}},
    {0x5c6f, 8, {0x16,0xf8,0x10,0x52,0x7e,0x10,0x1e,0x00}},
    {0x5c71, 8, {0x10,0x10,0x92,0x92,0x92,0x92,0xfe,0x00}},
    {0x5c76, 8, {0x54,0x54,0x7c,0xfe,0x12,0x22,0xc6,0x00}},
    {0x5c79, 8, {0x50,0x5e,0x6c,0xc4,0xc8,0xd2,0x0e,0x00}},
    {0x5c8c, 8, {0x92,0xfe,0x2c,0x24,0x54,0x48,0xb6,0x00}},
    {0x5c90, 8, {0x44,0x5e,0x44,0xee,0xea,0xe4,0x1a,0x00}},
    {0x5c91, 8, {0x92,0xfe,0x28,0xc6,0x7c,0x08,0x30,0x00}},
    {0x5c94, 8, {0x28,0x44,0xbe,0x14,0x6c,0x92,0xfe,0x00}},
    {0x5ca1, 8, {0xfe,0xaa,0xfe,0x92,0xd6,0xfe,0x82,0x00}},
    {0x5ca8, 8, {0x5c,0x54,0x5c,0xd4,0xdc,0xd4,0x3e,0x00}},
    {0x5ca9, 8, {0x54,0x7c,0x00,0xfe,0x40,0xbc,0x3c,0x00}},
    {0x5cab, 8, {0x48,0x7e,0x6a,0xfe,0xea,0xea,0x3e,0x00}},
    {0x5cac, 8, {0x7e,0x6a,0x7e,0xea,0xfe,0xe8,0x08,0x00}},
    {0x5cb1, 8, {0x2a,0x5e,0xc4,0x42,0x10,0x92,0xfe,0x00}},
    {0x5cb3, 8, {0x0c,0x70,0x7c,0x48,0xfe,0x54,0x7c,0x00}},
    {0x5cb6, 8, {0x48,0x5e,0x52,0xfe,0xf2,0xf2,0x1e,0x00}},
    {0x5cb7, 8, {0x5e,0x52,0x5e,0xf4,0xfe,0xf4,0x1a,0x00}},
    {0x5cb8, 8, {0x92,0xfe,0x40,0x5c,0x48,0x7e,0x88,0x00}},
    {0x5cbb, 8, {0x42,0x5c,0x54,0xfe,0xf4,0xf2,0x1e,0x00}},
    {0x5cbc, 8, {0x7e,0x5c,0x6a,0xc8,0xfe,0xc8,0x08,0x00}},
    {0x5cbe, 8, {0x48,0x48,0x4e,0xe8,0xfe,0xf2,0x1e,0x00}},
    {0x5cc5, 8, {0x48,0x52,0x7e,0xd4,0xfe,0xd4,0x24,0x00}},
    {0x5cc7, 8, {0x92,0xfe,0x10,0x38,0xc6,0x38,0x38,0x00}},
    {0x5cd9, 8, {0x48,0x5c,0x48,0xfe,0xc4,0xfe,0x14,0x00}},
    {0x5ce0, 8, {0x48,0x4e,0x48,0xfe,0xec,0xea,0x08,0x00}},
    {0x5ce1, 8, {0x48,0x7e,0x48,0xea,0xfe,0xc8,0x36,0x00}},
    {0x5ce8, 8, {0x4e,0x74,0x7e,0xd4,0xd6,0xfc,0x12,0x00}},
    {0x5ce9, 8, {0x92,0xfe,0x6a,0xfc,0x2a,0xe4,0x2a,0x00}},
    {0x5cea, 8, {0x54,0x62,0x48,0xd4,0xe2,0xdc,0x1c,0x00}},
    {0x5ced, 8, {0x54,0x6a,0x54,0xdc,0xd4,0xdc,0x14,0x00}},
    {0x5cef, 8, {0x92,0xfe,0x68,0x38,0xd6,0x38,0x10,0x00}},
    {0x5cf0, 8, {0x4c,0x54,0x48,0xf6,0xc8,0xfe,0x08,0x00}},
    {0x5cf6, 8, {0x10,0x7c,0x7c,0x40,0x7e,0xaa,0xfa,0x00}},
    {0x5cfa, 8, {0x7e,0x5c,0x5c,0xc8,0xd8,0xc8,0x36,0x00}},
    {0x5cfb, 8, {0x52,0x7e,0x54,0xe6,0xdc,0xe8,0x16,0x00}},
    {0x5cfd, 8, {0x48,0x7e,0x5c,0xdc,0xea,0xc8,0x36,0x00}},
    {0x5d07, 8, {0x54,0x7c,0xfe,0xba,0x7c,0x54,0xb2,0x00}},
    {0x5d0b, 8, {0x92,0xfe,0x54,0xfe,0x54,0xfe,0x10,0x00}},
    {0x5d0e, 8, {0x48,0x7e,0x48,0xd4,0xfe,0xc4,0x14,0x00}},
    {0x5d11, 8, {0x92,0xfe,0x44,0x7c,0x6e,0x48,0xee,0x00}},
    {0x5d14, 8, {0x92,0xfe,0x3c,0x68,0xbc,0x28,0x3e,0x00}},
    {0x5d15, 8, {0x5e,0x54,0x5e,0xd4,0xde,0xd4,0x2e,0x00}},
    {0x5d16, 8, {0x92,0xfe,0x5c,0x48,0x5c,0x48,0xbe,0x00}},
    {0x5d17, 8, {0x92,0xfe,0xaa,0x92,0xd6,0xfe,0x82,0x00}},
    {0x5d18, 8, {0x48,0x54,0x6e,0xc0,0xfe,0xfe,0x2a,0x00}},
    {0x5d19, 8, {0x92,0xfe,0x28,0xc6,0x7c,0x7c,0x54,0x00}},
    {0x5d1a, 8, {0x48,0x5c,0x48,0xfe,0xd4,0xe8,0x16,0x00}},
    {0x5d1b, 8, {0x7e,0x62,0x7e,0xee,0xe4,0xd6,0x1e,0x00}},
    {0x5d1f, 8, {0x92,0xfe,0x10,0xee,0x38,0x54,0xfe,0x00}},
    {0x5d22, 8, {0x5c,0x6a,0x5c,0xcc,0xfe,0xcc,0x18,0x00}},
    {0x5d29, 8, {0x92,0xfe,0x7e,0x5a,0x7e,0x5a,0xb6,0x00}},
    {0x5d4b, 8, {0x5e,0x56,0x5e,0xd0,0xd6,0xd6,0x26,0x00}},
    {0x5d4c, 8, {0x92,0xfe,0x08,0x5e,0xf6,0x54,0x7a,0x00}},
    {0x5d4e, 8, {0x5c,0x5c,0x48,0xfe,0xea,0xee,0x3a,0x00}},
    {0x5d50, 8, {0x92,0xfe,0x54,0x7c,0x7c,0x5c,0xb6,0x00}},
    {0x5d52, 8, {0x38,0x28,0xfe,0xaa,0xee,0x54,0x7c,0x00}},
    {0x5d5c, 8, {0x92,0xfe,0x28,0xfe,0x74,0x54,0x74,0x00}},
    {0x5d69, 8, {0x92,0xfe,0x28,0x38,0xfe,0xaa,0xba,0x00}},
    {0x5d6c, 8, {0x92,0xfe,0x10,0x7c,0x7c,0x2a,0xce,0x00}},
    {0x5d6f, 8, {0x54,0x7e,0x48,0xfe,0xde,0xd4,0x2e,0x00}},
    {0x5d73, 8, {0x92,0xfe,0x10,0xfe,0x5c,0x48,0xbe,0x00}},
    {0x5d76, 8, {0x5e,0x4a,0x5e,0xf4,0xfe,0xea,0x1e,0x00}},
    {0x5d82, 8, {0x48,0x7e,0x54,0xfe,0xdc,0xfe,0x08,0x00}},
    {0x5d84, 8, {0x92,0xfe,0x2c,0xf8,0x6e,0xf4,0x24,0x00}},
    {0x5d87, 8, {0x7e,0x6c,0x6c,0xe0,0xf6,0xf6,0x3e,0x00}},
    {0x5d8b, 8, {0x48,0x5c,0x5c,0xd0,0xde,0xc2,0x2a,0x00}},
    {0x5d8c, 8, {0x92,0xfe,0x7c,0x40,0x7e,0x02,0xaa,0x00}},
    {0x5d90, 8, {0x92,0xfe,0xd4,0x88,0xf6,0xc8,0xbe,0x00}},
    {0x5d9d, 8, {0x7a,0x54,0x62,0xdc,0xd4,0xc8,0x3e,0x00}},
    {0x5da2, 8, {0x48,0x5c,0x7e,0xf6,0xfe,0xd4,0x26,0x00}},
    {0x5dac, 8, {0x54,0x7e,0x48,0xfe,0xd6,0xfc,0x12,0x00}},
    {0x5dae, 8, {0x48,0x54,0x7e,0xea,0xfe,0xd4,0x2a,0x00}},
    {0x5db7, 8, {0x92,0xfe,0x9e,0xe4,0xfe,0x58,0xb6,0x00}},
    {0x5dba, 8, {0x92,0xfe,0xa4,0x0e,0xee,0x60,0x52,0x00}},
    {0x5dbc, 8, {0x56,0x6a,0x6e,0xe6,0xfe,0xc0,0x22,0x00}},
    {0x5dbd, 8, {0x92,0xfe,0xa4,0x5e,0xa4,0x3c,0xda,0x00}},
    {0x5dc9, 8, {0x4c,0x76,0x5e,0xdc,0xf6,0xcc,0x36,0x00}},
    {0x5dcc, 8, {0x92,0xfe,0x54,0x7e,0x5a,0x74,0x9a,0x00}},
    {0x5dcd, 8, {0x92,0xfe,0x74,0xae,0xfe,0x6c,0xd6,0x00}},
    {0x5dd2, 8, {0x54,0xb8,0x54,0xee,0x54,0x54,0x7c,0x00}},
    {0x5dd3, 8, {0x92,0xfe,0x84,0xee,0x6e,0x00,0xaa,0x00}},
    {0x5dd6, 8, {0x92,0xfe,0x6c,0x7e,0x5a,0x74,0x9a,0x00}},
    {0x5ddb, 8, {0x2a,0x2a,0x54,0xa8,0x54,0x2a,0x2a,0x00}},
    {0x5ddd, 8, {0x42,0x52,0x52,0x52,0x52,0x42,0x82,0x00}},
    {0x5dde, 8, {0x52,0x52,0xf6,0xf6,0x52,0x52,0x92,0x00}},
    {0x5de1, 8, {0xaa,0x2a,0x54,0xea,0x6a,0x40,0xbe,0x00}},
    {0x5de3, 8, {0x54,0x7c,0x7c,0x10,0xfe,0x38,0xd6,0x00}},
    {0x5de5, 8, {0x00,0x7c,0x10,0x10,0x10,0x10,0xfe,0x00}},
    {0x5de6, 8, {0x20,0xfe,0x20,0x3c,0x48,0x88,0x7e,0x00}},
    {0x5de7, 8, {0x1e,0xe8,0x48,0x4e,0x62,0xc2,0x06,0x00}},
    {0x5de8, 8, {0xfe,0x80,0xfc,0x84,0xfc,0x80,0xfe,0x00}},
    {0x5deb, 8, {0x7c,0x10,0x54,0x54,0xba,0x10,0xfe,0x00}},
    {0x5dee, 8, {0x44,0xfe,0x10,0xfe,0x5c,0x48,0xbe,0x00}},
    {0x5df1, 8, {0xfc,0x04,0x04,0xfc,0x80,0x82,0x7e,0x00}},
    {0x5df2, 8, {0xfc,0x04,0x84,0xfc,0x80,0x82,0x7e,0x00}},
    {0x5df3, 8, {0xfc,0x84,0x84,0xfc,0x80,0x82,0x7e,0x00}},
    {0x5df4, 8, {0xfc,0x94,0x94,0xfc,0x80,0x82,0x7e,0x00}},
    {0x5df5, 8, {0x0c,0x70,0x7e,0x6a,0x7e,0x60,0xbe,0x00}},
    {0x5df7, 8, {0x28,0x7c,0x28,0xfe,0x74,0xa2,0x38,0x00}},
    {0x5dfb, 8, {0x54,0x38,0xfe,0x4c,0xba,0x20,0x3c,0x00}},
    {0x5dfd, 8, {0xee,0x22,0x6e,0x38,0xfe,0x00,0xc6,0x00}},
    {0x5dfe, 8, {0x10,0xfe,0x92,0x92,0x92,0x96,0x10,0x00}},
    {0x5e02, 8, {0x10,0xfe,0x10,0x7c,0x54,0x54,0x10,0x00}},
    {0x5e03, 8, {0x20,0xfe,0x28,0x7e,0xaa,0x2a,0x08,0x00}},
    {0x5e06, 8, {0x5c,0xd4,0xd4,0xdc,0x54,0x54,0x66,0x00}},
    {0x5e0b, 8, {0x0c,0x70,0x7c,0x48,0xe6,0x7c,0x54,0x00}},
    {0x5e0c, 8, {0x64,0x18,0x24,0xfe,0x48,0xbe,0x2a,0x00}},
    {0x5e11, 8, {0x2e,0xfa,0x54,0xea,0x7c,0x54,0x10,0x00}},
    {0x5e16, 8, {0x48,0xe8,0xee,0xe8,0x5e,0x52,0x5e,0x00}},
    {0x5e19, 8, {0x58,0xdc,0xe8,0xfe,0x48,0x54,0x62,0x00}},
    {0x5e1a, 8, {0x3c,0xfe,0x3c,0xfe,0x92,0x7c,0x54,0x00}},
    {0x5e1b, 8, {0x10,0x7c,0x44,0x7c,0xfe,0x92,0x10,0x00}},
    {0x5e1d, 8, {0x10,0xfe,0x24,0xfe,0x92,0x7c,0x54,0x00}},
    {0x5e25, 8, {0x48,0xfe,0xea,0xaa,0xea,0xea,0x08,0x00}},
    {0x5e2b, 8, {0x5e,0xe8,0xfe,0xaa,0xea,0xea,0x08,0x00}},
    {0x5e2d, 8, {0x08,0x7e,0x54,0x7e,0x48,0x7e,0xaa,0x00}},
    {0x5e2f, 8, {0x54,0xfe,0x54,0xfe,0x92,0x7c,0x54,0x00}},
    {0x5e30, 8, {0x5c,0xc4,0xfe,0xea,0x5c,0x5c,0x88,0x00}},
    {0x5e33, 8, {0x5e,0xd0,0xdc,0xd0,0x7e,0x54,0x5a,0x00}},
    {0x5e36, 8, {0x6c,0xfe,0x6c,0xb6,0xfe,0x7c,0x54,0x00}},
    {0x5e37, 8, {0x54,0xde,0xf4,0xde,0x54,0x54,0x5e,0x00}},
    {0x5e38, 8, {0x54,0xfe,0xaa,0x38,0xfe,0x92,0x10,0x00}},
    {0x5e3d, 8, {0x7e,0xe2,0xfe,0xd4,0x5c,0x54,0x5c,0x00}},
    {0x5e40, 8, {0x48,0xce,0xdc,0xd4,0x5c,0x5c,0x62,0x00}},
    {0x5e43, 8, {0x48,0xde,0xca,0xfe,0x54,0x7e,0x44,0x00}},
    {0x5e44, 8, {0x5e,0xd2,0xdc,0xd8,0x5e,0x64,0x5e,0x00}},
    {0x5e45, 8, {0x7e,0xd4,0xdc,0xc0,0x7e,0x6a,0x7e,0x00}},
    {0x5e47, 8, {0x42,0xee,0x4a,0xe6,0x7c,0x54,0x10,0x00}},
    {0x5e4c, 8, {0x5c,0xdc,0xea,0xc8,0x7e,0x54,0x66,0x00}},
    {0x5e4e, 8, {0x7e,0xe2,0xdc,0xd4,0x7e,0x40,0x62,0x00}},
    {0x5e54, 8, {0x5c,0xd4,0xfe,0xfe,0x54,0x48,0x76,0x00}},
    {0x5e55, 8, {0x28,0xfe,0x38,0xfe,0x56,0xbc,0x34,0x00}},
    {0x5e57, 8, {0x7e,0xea,0xfe,0xfa,0x66,0x72,0x7e,0x00}},
    {0x5e5f, 8, {0x56,0xfc,0xde,0xfc,0x46,0x5c,0x5a,0x00}},
    {0x5e61, 8, {0x7e,0xd4,0xfe,0xdc,0x6a,0x5c,0x5c,0x00}},
    {0x5e62, 8, {0x48,0xfe,0xd4,0xfe,0x5c,0x48,0x7e,0x00}},
    {0x5e63, 8, {0x96,0x6a,0xf4,0xaa,0x7c,0x54,0x10,0x00}},
    {0x5e64, 8, {0x56,0xaa,0x74,0x6a,0x7c,0x54,0x10,0x00}},
    {0x5e72, 8, {0x7c,0x10,0x10,0xfe,0x10,0x10,0x10,0x00}},
    {0x5e73, 8, {0xfe,0x54,0x38,0x10,0xfe,0x10,0x10,0x00}},
    {0x5e74, 8, {0x40,0x7e,0x90,0x7c,0x50,0xfe,0x10,0x00}},
    {0x5e75, 8, {0xee,0x44,0x44,0xee,0x44,0x44,0x44,0x00}},
    {0x5e76, 8, {0x44,0x08,0xfe,0x44,0xfe,0x44,0x84,0x00}},
    {0x5e78, 8, {0x10,0x7c,0xfe,0x28,0xfe,0x7c,0x10,0x00}},
    {0x5e79, 8, {0xe4,0x4a,0xe0,0xae,0x44,0xee,0x44,0x00}},
    {0x5e7a, 8, {0x10,0x10,0x64,0x28,0x10,0x24,0xfa,0x00}},
    {0x5e7b, 8, {0x2e,0x22,0xd2,0x62,0x22,0x52,0xf4,0x00}},
    {0x5e7c, 8, {0x28,0x2e,0xda,0x6a,0x2a,0x5a,0xf6,0x00}},
    {0x5e7d, 8, {0x34,0xda,0xb6,0xda,0xfe,0x92,0xfe,0x00}},
    {0x5e7e, 8, {0x54,0x98,0x54,0xfc,0x4a,0x64,0x9a,0x00}},
    {0x5e7f, 8, {0x08,0x7e,0x40,0x40,0x40,0x40,0x80,0x00}},
    {0x5e81, 8, {0x08,0x7e,0x40,0x7e,0x48,0x48,0x98,0x00}},
    {0x5e83, 8, {0x08,0x7e,0x40,0x48,0x48,0x54,0xba,0x00}},
    {0x5e84, 8, {0x08,0x7e,0x48,0x5c,0x48,0x48,0xbe,0x00}},
    {0x5e87, 8, {0x08,0x7e,0x40,0x64,0x76,0x64,0xb6,0x00}},
    {0x5e8a, 8, {0x08,0x7e,0x48,0x7e,0x48,0x5c,0xaa,0x00}},
    {0x5e8f, 8, {0x08,0x7e,0x5c,0x44,0x7e,0x4a,0x98,0x00}},
    {0x5e95, 8, {0x08,0x7e,0x5e,0x54,0x5e,0x54,0xba,0x00}},
    {0x5e96, 8, {0x08,0x7e,0x5e,0x6a,0x5a,0x50,0x9e,0x00}},
    {0x5e97, 8, {0x08,0x7e,0x48,0x4e,0x48,0x5e,0x9e,0x00}},
    {0x5e9a, 8, {0x08,0x7e,0x5e,0x4a,0x5e,0x48,0xb6,0x00}},
    {0x5e9c, 8, {0x08,0x7e,0x52,0x5e,0x72,0x5a,0x96,0x00}},
    {0x5ea0, 8, {0x08,0x7e,0x54,0x7e,0x48,0x7e,0x88,0x00}},
    {0x5ea6, 8, {0x08,0x7e,0x54,0x7e,0x54,0x48,0xb6,0x00}},
    {0x5ea7, 8, {0x08,0x7e,0x54,0x6a,0x5c,0x48,0xbe,0x00}},
    {0x5eab, 8, {0x08,0x7e,0x48,0x7e,0x5c,0x7e,0x88,0x00}},
    {0x5ead, 8, {0x08,0x7e,0x72,0x54,0x6e,0x54,0xae,0x00}},
    {0x5eb5, 8, {0x08,0x7e,0x54,0x6a,0x5c,0x5c,0x86,0x00}},
    {0x5eb6, 8, {0x08,0x7e,0x54,0x7e,0x5c,0x40,0xaa,0x00}},
    {0x5eb7, 8, {0x08,0x7e,0x4e,0x7c,0x6a,0x5c,0xaa,0x00}},
    {0x5eb8, 8, {0x08,0x7e,0x5c,0x7e,0x6a,0x7e,0xaa,0x00}},
    {0x5ec1, 8, {0x08,0x7e,0x78,0x6a,0x7a,0x42,0xaa,0x00}},
    {0x5ec2, 8, {0x08,0x7e,0x6e,0x7a,0x6e,0x7a,0xae,0x00}},
    {0x5ec3, 8, {0x08,0x7e,0x7a,0x54,0x7e,0x54,0xa6,0x00}},
    {0x5ec8, 8, {0x08,0x7e,0x5e,0x4c,0x54,0x48,0xb6,0x00}},
    {0x5ec9, 8, {0x08,0x7e,0x5c,0x4e,0x7e,0x5c,0xaa,0x00}},
    {0x5eca, 8, {0x08,0x7e,0x56,0x74,0x76,0x6e,0xb4,0x00}},
    {0x5ecf, 8, {0x08,0x7e,0x5e,0x7a,0x6e,0x74,0x8a,0x00}},
    {0x5ed0, 8, {0x08,0x7e,0x5e,0x74,0x6e,0x74,0x8a,0x00}},
    {0x5ed3, 8, {0x08,0x7e,0x56,0x7c,0x6e,0x7e,0x94,0x00}},
    {0x5ed6, 8, {0x08,0x7e,0x6a,0x54,0x6a,0x44,0x98,0x00}},
    {0x5eda, 8, {0x08,0x7e,0x7a,0x56,0x6a,0x5a,0xb6,0x00}},
    {0x5edb, 8, {0x08,0x7e,0x5c,0x7e,0x76,0x48,0xbe,0x00}},
    {0x5edd, 8, {0x08,0x7e,0x7a,0x6c,0x7e,0x46,0xaa,0x00}},
    {0x5edf, 8, {0x08,0x7e,0x70,0x6e,0x7a,0x7e,0xaa,0x00}},
    {0x5ee0, 8, {0x08,0x7e,0x6c,0x56,0x7a,0x7c,0xaa,0x00}},
    {0x5ee1, 8, {0x08,0x7e,0x60,0x7e,0x54,0x7e,0xaa,0x00}},
    {0x5ee2, 8, {0x08,0x7e,0x7a,0x5c,0x6a,0x54,0xaa,0x00}},
    {0x5ee3, 8, {0x08,0x7e,0x54,0x7e,0x5c,0x5c,0xa2,0x00}},
    {0x5ee8, 8, {0x08,0x7e,0x76,0x5a,0x74,0x7e,0xd4,0x00}},
    {0x5ee9, 8, {0x08,0x7e,0x54,0x5c,0x7e,0x5c,0xaa,0x00}},
    {0x5eec, 8, {0x08,0x7e,0x4c,0x78,0x6e,0x6c,0xde,0x00}},
    {0x5ef0, 8, {0x08,0x7e,0x74,0x7e,0x74,0x7a,0x96,0x00}},
    {0x5ef1, 8, {0x08,0x7e,0x56,0x6c,0x56,0x74,0xbe,0x00}},
    {0x5ef3, 8, {0x08,0x7e,0x74,0x5e,0x74,0x7a,0x96,0x00}},
    {0x5ef4, 8, {0xe0,0x20,0x40,0x20,0xa0,0x40,0xbe,0x00}},
    {0x5ef6, 8, {0xc2,0x5c,0x86,0x54,0xde,0x40,0xbe,0x00}},
    {0x5ef7, 8, {0xc4,0x58,0x88,0x7e,0xc8,0x5c,0xbe,0x00}},
    {0x5ef8, 8, {0xc4,0x5e,0x96,0x5e,0xd6,0x5e,0xbe,0x00}},
    {0x5efa, 8, {0xdc,0x4e,0x9c,0x48,0xde,0x48,0xbe,0x00}},
    {0x5efb, 8, {0xde,0x52,0x9e,0x5a,0xde,0x52,0xbe,0x00}},
    {0x5efc, 8, {0xde,0x4c,0x9e,0x5a,0xd2,0x5e,0xbe,0x00}},
    {0x5efe, 8, {0x24,0x24,0x24,0xfe,0x24,0x24,0x44,0x00}},
    {0x5eff, 8, {0x44,0x44,0xfe,0x44,0x44,0x44,0x7c,0x00}},
    {0x5f01, 8, {0x10,0x24,0xfa,0x28,0xfe,0x28,0x48,0x00}},
    {0x5f03, 8, {0x10,0xfe,0x28,0x74,0xfe,0x28,0x48,0x00}},
    {0x5f04, 8, {0x7c,0x10,0x7c,0x28,0xfe,0x28,0x48,0x00}},
    {0x5f09, 8, {0xa4,0xfe,0x64,0xae,0xfe,0x28,0x48,0x00}},
    {0x5f0a, 8, {0x96,0x6a,0xf4,0xaa,0xfe,0x28,0x48,0x00}},
    {0x5f0b, 8, {0x14,0x10,0xfe,0x10,0x10,0x0a,0x06,0x00}},
    {0x5f0c, 8, {0x0a,0xfe,0x08,0x08,0xf4,0x04,0x02,0x00}},
    {0x5f0d, 8, {0x0a,0xfe,0x08,0x68,0x04,0x04,0xf2,0x00}},
    {0x5f0f, 8, {0x0a,0xfe,0x08,0x78,0x24,0x34,0xc2,0x00}},
    {0x5f10, 8, {0x6a,0x08,0xfe,0x68,0x04,0x34,0xc2,0x00}},
    {0x5f11, 8, {0x56,0x24,0xde,0x24,0xfc,0x6c,0xba,0x00}},
    {0x5f13, 8, {0x7c,0x04,0x7c,0x40,0xfe,0x02,0x0e,0x00}},
    {0x5f14, 8, {0x7c,0x14,0x7c,0x50,0xfe,0x12,0x16,0x00}},
    {0x5f15, 8, {0xf2,0x12,0xf2,0x82,0xf2,0x12,0x32,0x00}},
    {0x5f16, 8, {0x7c,0x04,0x3c,0x20,0x3c,0x04,0xfe,0x00}},
    {0x5f17, 8, {0x28,0xfe,0x3e,0xe8,0xfe,0x2a,0xc8,0x00}},
    {0x5f18, 8, {0xc8,0x48,0xc8,0x88,0xd0,0x54,0xfa,0x00}},
    {0x5f1b, 8, {0xc4,0x54,0xde,0xb6,0xd4,0x52,0xde,0x00}},
    {0x5f1f, 8, {0x28,0xfc,0x14,0x7c,0x50,0x3e,0xd2,0x00}},
    {0x5f25, 8, {0xd0,0x5e,0xe8,0x9c,0xda,0x6a,0xd8,0x00}},
    {0x5f26, 8, {0xc8,0x7e,0xd0,0xb4,0xc8,0x54,0xfa,0x00}},
    {0x5f27, 8, {0xc2,0x5c,0xd4,0x94,0xd4,0x56,0xea,0x00}},
    {0x5f29, 8, {0x2e,0xfa,0x54,0xea,0x78,0x7e,0x02,0x00}},
    {0x5f2d, 8, {0xfe,0x54,0xdc,0x9c,0xd4,0x7e,0xc4,0x00}},
    {0x5f2f, 8, {0x10,0xfe,0x28,0xaa,0x78,0x7e,0x02,0x00}},
    {0x5f31, 8, {0xee,0x22,0xee,0x88,0x66,0xaa,0x66,0x00}},
    {0x5f35, 8, {0xde,0x50,0xdc,0x90,0xfe,0x54,0xda,0x00}},
    {0x5f37, 8, {0xc8,0x52,0xfe,0x9c,0xdc,0x4a,0xfe,0x00}},
    {0x5f38, 8, {0xfe,0x6a,0xfe,0xaa,0xfe,0x6a,0xd6,0x00}},
    {0x5f3c, 8, {0xc6,0x7a,0xd6,0xbc,0xee,0x7a,0xc6,0x00}},
    {0x5f3e, 8, {0xea,0x44,0xfe,0xbe,0xc8,0x7e,0xc8,0x00}},
    {0x5f41, 8, {0xfe,0x44,0xd4,0xbe,0xc4,0x54,0xcc,0x00}},
    {0x5f48, 8, {0xf6,0x76,0xdc,0x9c,0xdc,0x7e,0xc8,0x00}},
    {0x5f4a, 8, {0xde,0x4c,0xcc,0x9e,0xcc,0x4c,0xde,0x00}},
    {0x5f4c, 8, {0xfe,0x5c,0xea,0xbe,0xea,0x7e,0xea,0x00}},
    {0x5f4e, 8, {0x54,0xb8,0x54,0xee,0x7c,0x7e,0x02,0x00}},
    {0x5f51, 8, {0x20,0x3c,0x24,0x44,0x78,0x08,0xfe,0x00}},
    {0x5f53, 8, {0x52,0x34,0x7e,0x02,0x3e,0x02,0x7e,0x00}},
    {0x5f56, 8, {0x1c,0x28,0xfe,0x30,0xda,0x2c,0xda,0x00}},
    {0x5f57, 8, {0x44,0xee,0x44,0xfe,0x04,0xfe,0x7c,0x00}},
    {0x5f59, 8, {0x1c,0x28,0xfe,0xba,0x7c,0x38,0xd6,0x00}},
    {0x5f5c, 8, {0x1c,0x28,0xfe,0x66,0x2a,0xfe,0x48,0x00}},
    {0x5f5d, 8, {0x1c,0x28,0xfe,0x64,0x2e,0xfe,0x48,0x00}},
    {0x5f61, 8, {0x04,0x18,0x64,0x18,0x62,0x0c,0x70,0x00}},
    {0x5f62, 8, {0xfa,0x54,0x52,0xfc,0x50,0x52,0x94,0x00}},
    {0x5f66, 8, {0x10,0xfe,0x24,0x7e,0x58,0x42,0x9c,0x00}},
    {0x5f69, 8, {0x1a,0xe4,0x52,0x24,0xf8,0x72,0xac,0x00}},
    {0x5f6a, 8, {0x22,0x34,0xe2,0xb4,0x82,0xb4,0xde,0x00}},
    {0x5f6b, 8, {0xfa,0xac,0xfa,0xac,0xd8,0xfa,0x8c,0x00}},
    {0x5f6c, 8, {0x52,0xfc,0x52,0xfc,0xf8,0x52,0x54,0x00}},
    {0x5f6d, 8, {0x22,0xf4,0x22,0x74,0x50,0x22,0xf4,0x00}},
    {0x5f70, 8, {0x22,0xfc,0x52,0xfc,0x70,0xfa,0x24,0x00}},
    {0x5f71, 8, {0x72,0x54,0xfa,0x54,0x70,0x22,0xac,0x00}},
    {0x5f73, 8, {0x04,0x08,0x34,0x08,0x38,0x08,0x08,0x00}},
    {0x5f77, 8, {0x48,0xbe,0x50,0xde,0x52,0x52,0x66,0x00}},
    {0x5f79, 8, {0x5c,0x94,0x66,0xdc,0x54,0x48,0x76,0x00}},
    {0x5f7c, 8, {0x48,0xbe,0x6a,0xfc,0x74,0x68,0x56,0x00}},
    {0x5f7f, 8, {0x54,0xbe,0x5e,0xf4,0x7e,0x56,0x64,0x00}},
    {0x5f80, 8, {0x50,0x88,0x7e,0xc8,0x5c,0x48,0x7e,0x00}},
    {0x5f81, 8, {0x5e,0x84,0x44,0xd6,0x54,0x54,0x7e,0x00}},
    {0x5f82, 8, {0x5c,0x94,0x5c,0xd4,0x5c,0x54,0x7e,0x00}},
    {0x5f83, 8, {0x58,0x9e,0x68,0xc8,0x5c,0x48,0x7e,0x00}},
    {0x5f84, 8, {0x7c,0x94,0x48,0xf6,0x5c,0x48,0x7e,0x00}},
    {0x5f85, 8, {0x48,0x9c,0x48,0xfe,0x44,0x7e,0x54,0x00}},
    {0x5f87, 8, {0x50,0x9e,0x76,0xde,0x56,0x5e,0x42,0x00}},
    {0x5f88, 8, {0x5e,0x92,0x5e,0xd2,0x5e,0x54,0x5a,0x00}},
    {0x5f8a, 8, {0x7e,0xa2,0x7e,0xf6,0x7e,0x62,0x7e,0x00}},
    {0x5f8b, 8, {0x48,0xbc,0x4e,0xfc,0x48,0x7e,0x48,0x00}},
    {0x5f8c, 8, {0x48,0x90,0x4a,0xfe,0x54,0x48,0x76,0x00}},
    {0x5f90, 8, {0x48,0x94,0x7e,0xc8,0x7e,0x48,0x6a,0x00}},
    {0x5f91, 8, {0x5e,0x8a,0x54,0xca,0x5e,0x44,0x5e,0x00}},
    {0x5f92, 8, {0x48,0x9c,0x48,0xfe,0x4c,0x58,0x6e,0x00}},
    {0x5f93, 8, {0x52,0xbe,0x44,0xd6,0x54,0x54,0x6e,0x00}},
    {0x5f97, 8, {0x5c,0x94,0x7e,0xc4,0x7e,0x54,0x4c,0x00}},
    {0x5f98, 8, {0x54,0xb6,0x54,0xf6,0x54,0x76,0x54,0x00}},
    {0x5f99, 8, {0x44,0x96,0x54,0xfe,0x46,0x54,0x6e,0x00}},
    {0x5f9e, 8, {0x54,0x94,0x6a,0xc4,0x56,0x54,0x6e,0x00}},
    {0x5fa0, 8, {0x48,0xbe,0x5c,0xea,0x48,0x5c,0x6a,0x00}},
    {0x5fa1, 8, {0x66,0xbe,0x56,0xde,0x76,0x7c,0x44,0x00}},
    {0x5fa8, 8, {0x48,0x9c,0x54,0xdc,0x7e,0x48,0x7e,0x00}},
    {0x5fa9, 8, {0x50,0x9e,0x6c,0xcc,0x54,0x48,0x76,0x00}},
    {0x5faa, 8, {0x42,0x9c,0x5e,0xd4,0x5e,0x6e,0x4e,0x00}},
    {0x5fad, 8, {0x4c,0x94,0x48,0xde,0x64,0x56,0x5e,0x00}},
    {0x5fae, 8, {0x54,0xbe,0x46,0xfe,0x56,0x54,0x6a,0x00}},
    {0x5fb3, 8, {0x48,0xbe,0x5c,0xdc,0x40,0x72,0x6e,0x00}},
    {0x5fb4, 8, {0x54,0xbe,0x46,0xfe,0x56,0x7c,0x4a,0x00}},
    {0x5fb9, 8, {0x54,0xbe,0x56,0xe6,0x5e,0x5c,0x5a,0x00}},
    {0x5fbc, 8, {0x54,0xb6,0x7a,0xfa,0x5a,0x6c,0x5a,0x00}},
    {0x5fbd, 8, {0x54,0xbe,0x56,0xee,0x56,0x7c,0x52,0x00}},
    {0x5fc3, 8, {0x20,0x10,0x20,0x64,0x62,0xa4,0x3c,0x00}},
    {0x5fc5, 8, {0x20,0x14,0x24,0xaa,0xb2,0x20,0xde,0x00}},
    {0x5fcc, 8, {0x7c,0x04,0x7c,0x40,0x7c,0xca,0xba,0x00}},
    {0x5fcd, 8, {0x7c,0x2c,0x14,0x6c,0x10,0xca,0xba,0x00}},
    {0x5fd6, 8, {0x44,0xfe,0xc4,0x54,0x4c,0x44,0x4c,0x00}},
    {0x5fd7, 8, {0x10,0xfe,0x10,0x7c,0x00,0xca,0xba,0x00}},
    {0x5fd8, 8, {0x10,0xfe,0x40,0x7c,0x54,0xca,0xba,0x00}},
    {0x5fd9, 8, {0x48,0xfe,0xd0,0x50,0x50,0x50,0x4e,0x00}},
    {0x5fdc, 8, {0x08,0x7e,0x50,0x48,0x50,0x76,0x9c,0x00}},
    {0x5fdd, 8, {0x0c,0x70,0xfe,0x28,0xc6,0x20,0xaa,0x00}},
    {0x5fe0, 8, {0x10,0x7c,0x54,0x7c,0x10,0xca,0xba,0x00}},
    {0x5fe4, 8, {0x50,0xdc,0xe8,0x48,0x7e,0x48,0x48,0x00}},
    {0x5feb, 8, {0x48,0xdc,0xcc,0x7e,0x48,0x48,0x76,0x00}},
    {0x5ff0, 8, {0x50,0xfc,0xd4,0x66,0x48,0x7e,0x48,0x00}},
    {0x5ff1, 8, {0x48,0xfe,0xea,0x4c,0x4c,0x54,0x66,0x00}},
    {0x5ff5, 8, {0x10,0x28,0xde,0x38,0x08,0xc2,0xba,0x00}},
    {0x5ff8, 8, {0x7c,0xd4,0xd4,0x7e,0x54,0x54,0x7e,0x00}},
    {0x5ffb, 8, {0x44,0xd8,0xd0,0x5e,0x54,0x54,0x64,0x00}},
    {0x5ffd, 8, {0x40,0x7e,0xaa,0x2a,0x54,0xca,0xba,0x00}},
    {0x5fff, 8, {0x28,0x44,0xbe,0x14,0x6c,0xca,0xba,0x00}},
    {0x600e, 8, {0x20,0x3e,0xd0,0x1e,0x50,0xca,0xba,0x00}},
    {0x600f, 8, {0x48,0xdc,0xd4,0x7e,0x48,0x48,0x76,0x00}},
    {0x6010, 8, {0x50,0xde,0xe2,0x5a,0x5a,0x42,0x46,0x00}},
    {0x6012, 8, {0x2e,0xfa,0x54,0xea,0x00,0xca,0xba,0x00}},
    {0x6015, 8, {0x48,0xfe,0xd2,0x5e,0x52,0x52,0x5e,0x00}},
    {0x6016, 8, {0x50,0xfe,0xd0,0x64,0x5e,0x56,0x44,0x00}},
    {0x6019, 8, {0x48,0xc8,0xfe,0x48,0x5c,0x54,0x5c,0x00}},
    {0x601b, 8, {0x5e,0xd2,0xde,0x52,0x5e,0x40,0x5e,0x00}},
    {0x601c, 8, {0x48,0xd4,0xee,0x40,0x7e,0x4a,0x48,0x00}},
    {0x601d, 8, {0x7c,0x54,0x7c,0x54,0x7c,0xca,0xba,0x00}},
    {0x6020, 8, {0x10,0x24,0xfa,0x44,0x7c,0xca,0xba,0x00}},
    {0x6021, 8, {0x48,0xc8,0xd4,0x7a,0x40,0x5c,0x5c,0x00}},
    {0x6025, 8, {0x38,0xc8,0x7c,0x04,0x7c,0xca,0xba,0x00}},
    {0x6026, 8, {0x7e,0xdc,0xea,0x48,0x7e,0x48,0x48,0x00}},
    {0x6027, 8, {0x58,0xde,0xe8,0x48,0x5c,0x48,0x7e,0x00}},
    {0x6028, 8, {0x7e,0xda,0x28,0xce,0x10,0xca,0xba,0x00}},
    {0x6029, 8, {0x5e,0xd2,0xde,0x54,0x56,0x54,0x66,0x00}},
    {0x602a, 8, {0x7c,0xd4,0xc8,0x76,0x5c,0x48,0x7e,0x00}},
    {0x602b, 8, {0x54,0xfe,0xde,0x74,0x7e,0x56,0x64,0x00}},
    {0x602f, 8, {0x48,0xdc,0xc8,0x7e,0x48,0x54,0x7a,0x00}},
    {0x6031, 8, {0x40,0x7e,0xaa,0x7a,0x14,0xca,0xba,0x00}},
    {0x603a, 8, {0x58,0xc0,0xd8,0x7a,0x5c,0x6a,0x58,0x00}},
    {0x6041, 8, {0x24,0x58,0xfe,0x48,0x5c,0xc0,0xba,0x00}},
    {0x6042, 8, {0x50,0xde,0xf6,0x5e,0x56,0x5e,0x42,0x00}},
    {0x6043, 8, {0x48,0xdc,0xc8,0x7e,0x44,0x7e,0x54,0x00}},
    {0x6046, 8, {0x7e,0xd0,0xdc,0x54,0x6c,0x48,0x7e,0x00}},
    {0x604a, 8, {0x48,0xde,0xca,0x40,0x4a,0x7e,0x56,0x00}},
    {0x604b, 8, {0x10,0xfe,0x28,0xaa,0x00,0xca,0xba,0x00}},
    {0x604d, 8, {0x48,0xea,0xc8,0x7e,0x54,0x54,0x66,0x00}},
    {0x6050, 8, {0xec,0x4c,0x6c,0xd6,0x00,0xca,0xba,0x00}},
    {0x6052, 8, {0x7e,0xdc,0xd4,0x5c,0x54,0x5c,0x7e,0x00}},
    {0x6055, 8, {0x2e,0xfa,0x5a,0xee,0x00,0xca,0xba,0x00}},
    {0x6059, 8, {0x44,0xfe,0x10,0xfe,0x54,0xca,0xba,0x00}},
    {0x605a, 8, {0x10,0x7c,0xfe,0x10,0xfe,0x48,0xba,0x00}},
    {0x605f, 8, {0x50,0xde,0xf6,0x4a,0x56,0x5e,0x42,0x00}},
    {0x6060, 8, {0x48,0xfe,0xd0,0x74,0x5e,0x54,0x5e,0x00}},
    {0x6062, 8, {0x5e,0xd4,0xde,0x5c,0x54,0x54,0x6a,0x00}},
    {0x6063, 8, {0x90,0x1e,0x2a,0x94,0x00,0xca,0xba,0x00}},
    {0x6064, 8, {0x48,0xde,0xd6,0x56,0x56,0x56,0x7e,0x00}},
    {0x6065, 8, {0xe8,0x64,0x68,0x7a,0x78,0xea,0x2e,0x00}},
    {0x6068, 8, {0x5e,0xf2,0xde,0x52,0x5e,0x54,0x5a,0x00}},
    {0x6069, 8, {0x7c,0x54,0x6c,0x7c,0x54,0xca,0xba,0x00}},
    {0x606a, 8, {0x4c,0xd4,0xc8,0x54,0x62,0x5c,0x5c,0x00}},
    {0x606b, 8, {0x5e,0xf2,0xde,0x52,0x5e,0x5e,0x52,0x00}},
    {0x606c, 8, {0x44,0xd8,0xfe,0x48,0x5c,0x54,0x5c,0x00}},
    {0x606d, 8, {0x28,0x7c,0x28,0xfe,0x44,0x20,0xaa,0x00}},
    {0x606f, 8, {0x10,0x7c,0x44,0x7c,0x7c,0xca,0xba,0x00}},
    {0x6070, 8, {0x48,0xd4,0xee,0x40,0x5c,0x54,0x5c,0x00}},
    {0x6075, 8, {0x10,0xfe,0x7c,0x54,0x7c,0xca,0xba,0x00}},
    {0x6077, 8, {0x28,0x7e,0xc8,0x5c,0x6a,0xc0,0xba,0x00}},
    {0x6081, 8, {0x4c,0xec,0xc0,0x5e,0x52,0x5e,0x52,0x00}},
    {0x6083, 8, {0x7e,0xea,0xfe,0x6a,0x7e,0x6a,0x7e,0x00}},
    {0x6084, 8, {0x54,0xea,0xd4,0x5c,0x54,0x5c,0x54,0x00}},
    {0x6089, 8, {0xfe,0x54,0xfe,0x38,0xd6,0x48,0xba,0x00}},
    {0x608b, 8, {0x48,0xfe,0xd4,0x48,0x76,0x5c,0x5c,0x00}},
    {0x608c, 8, {0x54,0xfe,0xca,0x7e,0x68,0x5e,0x6a,0x00}},
    {0x608d, 8, {0x5c,0xd4,0xdc,0x7e,0x48,0x7e,0x48,0x00}},
    {0x6092, 8, {0x5c,0xd4,0xfe,0x6a,0x7e,0x60,0x5e,0x00}},
    {0x6094, 8, {0x50,0xde,0xcc,0x7e,0x54,0x5e,0x44,0x00}},
    {0x6096, 8, {0x48,0xdc,0xfe,0x6e,0x44,0x7e,0x48,0x00}},
    {0x6097, 8, {0x4c,0xd4,0xfe,0x6a,0x7e,0x54,0x66,0x00}},
    {0x609a, 8, {0x48,0xfe,0xda,0x5e,0x48,0x5c,0x6a,0x00}},
    {0x609b, 8, {0x52,0xfe,0xd4,0x66,0x5c,0x68,0x56,0x00}},
    {0x609f, 8, {0x5c,0xc8,0xfc,0x54,0x7e,0x54,0x5c,0x00}},
    {0x60a0, 8, {0x26,0x5a,0xd4,0x5a,0x00,0xca,0xba,0x00}},
    {0x60a3, 8, {0x10,0x38,0x38,0x7c,0x7c,0xca,0xba,0x00}},
    {0x60a6, 8, {0x54,0xfe,0xe2,0x7e,0x54,0x54,0x66,0x00}},
    {0x60a7, 8, {0x7a,0xd6,0xfe,0x56,0x7a,0x72,0x56,0x00}},
    {0x60a9, 8, {0x6a,0xc2,0xd4,0x6a,0x76,0x62,0x7e,0x00}},
    {0x60aa, 8, {0xfe,0x7c,0x7c,0xfe,0x54,0xca,0xba,0x00}},
    {0x60b2, 8, {0x28,0xee,0x28,0xee,0x28,0xc2,0xba,0x00}},
    {0x60b3, 8, {0x10,0x7c,0x18,0x58,0x7c,0xca,0xba,0x00}},
    {0x60b4, 8, {0x48,0xfe,0xd4,0x54,0x6a,0x7e,0x48,0x00}},
    {0x60b5, 8, {0x5e,0xd0,0xdc,0x50,0x7e,0x54,0x5a,0x00}},
    {0x60b6, 8, {0xee,0xaa,0xee,0x92,0xa2,0xee,0xba,0x00}},
    {0x60b8, 8, {0x5c,0xfe,0xdc,0x6a,0x44,0x7e,0x48,0x00}},
    {0x60bc, 8, {0x48,0xce,0xdc,0x54,0x5c,0x7e,0x48,0x00}},
    {0x60bd, 8, {0x48,0xfe,0xcc,0x5c,0x7e,0x54,0x7a,0x00}},
    {0x60c5, 8, {0x48,0xdc,0xc8,0x7e,0x54,0x5c,0x54,0x00}},
    {0x60c6, 8, {0x7e,0xea,0xfe,0x6a,0x76,0x7e,0x62,0x00}},
    {0x60c7, 8, {0x48,0xfe,0xd4,0x5c,0x44,0x7e,0x48,0x00}},
    {0x60d1, 8, {0x0a,0xfe,0x64,0xea,0x00,0xca,0xba,0x00}},
    {0x60d3, 8, {0x54,0xea,0xfe,0x54,0x6a,0x50,0x5c,0x00}},
    {0x60d8, 8, {0x7e,0xe2,0xf6,0x7e,0x6a,0x6e,0x62,0x00}},
    {0x60da, 8, {0x50,0xde,0xea,0x4a,0x54,0x72,0x6e,0x00}},
    {0x60dc, 8, {0x54,0xfe,0xd4,0x7e,0x5c,0x54,0x5c,0x00}},
    {0x60df, 8, {0x54,0xde,0xf4,0x5e,0x54,0x54,0x5e,0x00}},
    {0x60e0, 8, {0x10,0xfe,0x54,0x7c,0x74,0xca,0xba,0x00}},
    {0x60e1, 8, {0xfe,0x6c,0x44,0xfe,0x54,0xca,0xba,0x00}},
    {0x60e3, 8, {0xc8,0xee,0x56,0xea,0x56,0xc8,0xba,0x00}},
    {0x60e7, 8, {0x5c,0xd4,0xdc,0x54,0x7e,0x40,0x62,0x00}},
    {0x60e8, 8, {0x48,0xd4,0xfa,0x54,0x6a,0x44,0x58,0x00}},
    {0x60f0, 8, {0x50,0xfe,0xd4,0x6e,0x5c,0x5c,0x54,0x00}},
    {0x60f1, 8, {0x4a,0xd4,0xca,0x5e,0x56,0x5a,0x5e,0x00}},
    {0x60f3, 8, {0x2e,0xfa,0x6e,0xba,0x2e,0xc0,0xba,0x00}},
    {0x60f4, 8, {0x6a,0xfe,0xc0,0x7e,0x50,0x7e,0x6a,0x00}},
    {0x60f6, 8, {0x48,0xdc,0xd4,0x5c,0x7e,0x48,0x7e,0x00}},
    {0x60f7, 8, {0x38,0xfe,0x24,0xda,0x18,0xca,0xba,0x00}},
    {0x60f9, 8, {0x28,0xfe,0x20,0xfe,0x5c,0xca,0xba,0x00}},
    {0x60fa, 8, {0x5c,0xd4,0xde,0x68,0x5c,0x48,0x7e,0x00}},
    {0x60fb, 8, {0x7a,0xee,0xfe,0x6e,0x7a,0x42,0x6a,0x00}},
    {0x6100, 8, {0x74,0xd4,0xfe,0x5c,0x74,0x74,0x5a,0x00}},
    {0x6101, 8, {0x74,0xfe,0x74,0xaa,0x00,0xca,0xba,0x00}},
    {0x6103, 8, {0x48,0xfe,0xee,0x40,0x5c,0x54,0x7e,0x00}},
    {0x6106, 8, {0x56,0x80,0x56,0xc2,0x56,0xc8,0xba,0x00}},
    {0x6108, 8, {0x10,0x28,0xde,0x74,0x74,0xca,0xba,0x00}},
    {0x6109, 8, {0x48,0xd4,0xee,0x40,0x5a,0x5a,0x5a,0x00}},
    {0x610d, 8, {0xf6,0xfa,0xa4,0xda,0x00,0xca,0xba,0x00}},
    {0x610e, 8, {0x50,0xde,0xec,0x4c,0x54,0x48,0x76,0x00}},
    {0x610f, 8, {0x10,0x7c,0x28,0xfe,0x38,0xca,0xba,0x00}},
    {0x6115, 8, {0x76,0xf6,0xdc,0x7e,0x5c,0x42,0x46,0x00}},
    {0x611a, 8, {0x38,0x38,0x7c,0x5c,0x74,0xca,0xba,0x00}},
    {0x611b, 8, {0xfe,0x54,0xfe,0xaa,0x64,0x18,0xe6,0x00}},
    {0x611f, 8, {0x04,0x7e,0x74,0xb2,0x00,0xca,0xba,0x00}},
    {0x6121, 8, {0x50,0xde,0xea,0x5a,0x44,0x72,0x6e,0x00}},
    {0x6127, 8, {0x48,0xfe,0xea,0x7e,0x6a,0x5c,0x6e,0x00}},
    {0x6128, 8, {0x2e,0xfa,0x74,0x5a,0x00,0xca,0xba,0x00}},
    {0x612c, 8, {0xae,0xea,0xee,0x52,0x80,0x4a,0xba,0x00}},
    {0x6134, 8, {0x48,0xd4,0xfa,0x58,0x50,0x6c,0x4c,0x00}},
    {0x613c, 8, {0x50,0xde,0xcc,0x6c,0x7e,0x40,0x62,0x00}},
    {0x613d, 8, {0x4a,0xfe,0xdc,0x54,0x7e,0x54,0x4c,0x00}},
    {0x613e, 8, {0x60,0xfe,0xdc,0x7e,0x6a,0x5e,0x6a,0x00}},
    {0x613f, 8, {0x7e,0x5c,0x5c,0x6a,0x98,0x4a,0xba,0x00}},
    {0x6142, 8, {0xbe,0x04,0xbe,0x3e,0xaa,0x40,0xba,0x00}},
    {0x6144, 8, {0x7e,0xdc,0xdc,0x48,0x7e,0x5c,0x6a,0x00}},
    {0x6147, 8, {0x2e,0xca,0xe4,0xaa,0x00,0xca,0xba,0x00}},
    {0x6148, 8, {0x44,0xfe,0x24,0x48,0x24,0xca,0xba,0x00}},
    {0x614a, 8, {0x54,0xfe,0xdc,0x4e,0x7c,0x5c,0x6a,0x00}},
    {0x614b, 8, {0x54,0xf6,0x50,0x74,0x56,0xc8,0xba,0x00}},
    {0x614c, 8, {0x54,0xfe,0xd0,0x5c,0x40,0x5a,0x6a,0x00}},
    {0x614d, 8, {0x5e,0xf6,0xda,0x5e,0x40,0x4c,0x5e,0x00}},
    {0x614e, 8, {0x48,0xfe,0xdc,0x5c,0x7e,0x40,0x62,0x00}},
    {0x6153, 8, {0x7e,0xdc,0xdc,0x40,0x7e,0x48,0x6a,0x00}},
    {0x6155, 8, {0x28,0xfe,0x38,0xfe,0x44,0x20,0xaa,0x00}},
    {0x6158, 8, {0x54,0xfa,0xd4,0x7e,0x6a,0x44,0x58,0x00}},
    {0x6159, 8, {0x2e,0xf8,0x6e,0xf4,0x24,0xc8,0xba,0x00}},
    {0x615a, 8, {0x72,0xdc,0xf8,0x7e,0x5a,0x7a,0x52,0x00}},
    {0x615d, 8, {0xfe,0xa8,0xfe,0xb4,0xfe,0x48,0xba,0x00}},
    {0x615f, 8, {0x74,0xde,0xf6,0x76,0x56,0x7a,0x4a,0x00}},
    {0x6162, 8, {0x5c,0xd4,0xfe,0x7e,0x54,0x48,0x76,0x00}},
    {0x6163, 8, {0x5c,0xf6,0xdc,0x5c,0x5c,0x5c,0x62,0x00}},
    {0x6165, 8, {0x6c,0xce,0xe4,0x5e,0x6a,0x6e,0x7e,0x00}},
    {0x6167, 8, {0x44,0xee,0x44,0xfe,0x3c,0xca,0xba,0x00}},
    {0x6168, 8, {0x4e,0xf6,0xf6,0x7e,0x64,0x74,0x4a,0x00}},
    {0x616b, 8, {0x54,0xaa,0x5c,0xd8,0x6e,0xc0,0xba,0x00}},
    {0x616e, 8, {0x08,0x0e,0x78,0x5e,0x5c,0x72,0xae,0x00}},
    {0x616f, 8, {0x50,0xde,0xf4,0x5c,0x5e,0x6a,0x56,0x00}},
    {0x6170, 8, {0x72,0x7e,0x4a,0x72,0xa6,0x48,0xba,0x00}},
    {0x6171, 8, {0x48,0xfe,0xdc,0x5a,0x7e,0x54,0x4c,0x00}},
    {0x6173, 8, {0x7e,0xfa,0xf4,0x4a,0x5c,0x48,0x7e,0x00}},
    {0x6174, 8, {0x7e,0xca,0xde,0x6a,0x44,0x5e,0x5e,0x00}},
    {0x6175, 8, {0x44,0xfe,0xec,0x7e,0x76,0x7e,0x56,0x00}},
    {0x6176, 8, {0x08,0x7e,0x54,0x7e,0x7a,0x4c,0xb6,0x00}},
    {0x6177, 8, {0x48,0xfe,0xee,0x6c,0x7a,0x6c,0x5a,0x00}},
    {0x617e, 8, {0x58,0x2e,0xd6,0x64,0x6a,0xc0,0xba,0x00}},
    {0x6182, 8, {0xfe,0x38,0x38,0xfe,0xee,0x10,0xee,0x00}},
    {0x6187, 8, {0xea,0x5e,0xea,0x6e,0x00,0xca,0xba,0x00}},
    {0x618a, 8, {0x54,0x7e,0xd4,0x7e,0x56,0xc8,0xba,0x00}},
    {0x618e, 8, {0x54,0xfe,0xea,0x7e,0x5c,0x54,0x5c,0x00}},
    {0x6190, 8, {0x6a,0xdc,0xea,0x40,0x74,0x5e,0x64,0x00}},
    {0x6191, 8, {0xbe,0x28,0x3e,0x82,0x2a,0xc0,0xba,0x00}},
    {0x6194, 8, {0x54,0xde,0xf4,0x54,0x5e,0x40,0x6a,0x00}},
    {0x6196, 8, {0x24,0xfe,0x74,0x74,0xaa,0x40,0xba,0x00}},
    {0x6199, 8, {0x10,0xfe,0x38,0xfe,0x7c,0xca,0xba,0x00}},
    {0x619a, 8, {0x76,0xf6,0xdc,0x5c,0x5c,0x7e,0x48,0x00}},
    {0x61a4, 8, {0x48,0xfe,0xd4,0x7e,0x54,0x5c,0x62,0x00}},
    {0x61a7, 8, {0x48,0xfe,0xd4,0x7e,0x5c,0x48,0x7e,0x00}},
    {0x61a9, 8, {0xf4,0x4e,0xfa,0x6e,0x00,0xca,0xba,0x00}},
    {0x61ab, 8, {0x76,0xf6,0xea,0x7e,0x76,0x6a,0x76,0x00}},
    {0x61ac, 8, {0x5c,0xd4,0xfe,0x54,0x5c,0x48,0x6a,0x00}},
    {0x61ae, 8, {0x60,0xfe,0xd4,0x7e,0x54,0x7e,0x6a,0x00}},
    {0x61b2, 8, {0x10,0xfe,0x92,0x7c,0x38,0xca,0xba,0x00}},
    {0x61b6, 8, {0x48,0xfe,0xd4,0x7e,0x5c,0x72,0x6e,0x00}},
    {0x61ba, 8, {0x4c,0xd4,0xfe,0x76,0x6c,0x7e,0x4c,0x00}},
    {0x61be, 8, {0x44,0xfe,0xf4,0x72,0x40,0x72,0x6e,0x00}},
    {0x61c3, 8, {0x54,0xfe,0x76,0x2a,0xf0,0x4a,0xba,0x00}},
    {0x61c6, 8, {0x5c,0xd4,0xfe,0x6a,0x7e,0x5c,0x6a,0x00}},
    {0x61c7, 8, {0x2c,0xdc,0x6a,0xac,0x6a,0xc0,0xba,0x00}},
    {0x61c8, 8, {0x5e,0xea,0xd8,0x5a,0x5e,0x5e,0x6a,0x00}},
    {0x61c9, 8, {0x08,0x7e,0x56,0x6c,0x6e,0x52,0xae,0x00}},
    {0x61ca, 8, {0x48,0xde,0xde,0x5a,0x7e,0x48,0x76,0x00}},
    {0x61cb, 8, {0x7c,0xce,0x54,0xfe,0x54,0xca,0xba,0x00}},
    {0x61cc, 8, {0x7e,0xfe,0xc8,0x7e,0x54,0x7e,0x48,0x00}},
    {0x61cd, 8, {0x48,0xfe,0xd4,0x5c,0x7e,0x5c,0x6a,0x00}},
    {0x61d0, 8, {0x48,0xfe,0xda,0x5e,0x7e,0x74,0x5a,0x00}},
    {0x61e3, 8, {0x94,0x3e,0x94,0x3e,0xaa,0x40,0xba,0x00}},
    {0x61e6, 8, {0x5c,0xfe,0xea,0x5c,0x48,0x7e,0x6a,0x00}},
    {0x61f2, 8, {0x54,0xbe,0x46,0xfc,0x52,0xc8,0xba,0x00}},
    {0x61f4, 8, {0x56,0xd4,0xfe,0x54,0x7e,0x54,0x7a,0x00}},
    {0x61f6, 8, {0x56,0xfa,0xf0,0x7e,0x5e,0x70,0x5a,0x00}},
    {0x61f7, 8, {0x48,0xfe,0xda,0x7e,0x48,0x74,0x5a,0x00}},
    {0x61f8, 8, {0x6e,0xe4,0x88,0xee,0x54,0xca,0xba,0x00}},
    {0x61fa, 8, {0x6e,0xd4,0xfe,0x54,0x7e,0x54,0x7a,0x00}},
    {0x61fc, 8, {0x76,0xf6,0xc0,0x54,0x5e,0x74,0x5e,0x00}},
    {0x61fd, 8, {0x54,0xfe,0xf6,0x54,0x5e,0x74,0x5e,0x00}},
    {0x61fe, 8, {0x5e,0xcc,0xde,0x44,0x76,0x7e,0x52,0x00}},
    {0x61ff, 8, {0x58,0xee,0x54,0xaa,0xe0,0x5a,0xf6,0x00}},
    {0x6200, 8, {0x54,0xb8,0x54,0xee,0x54,0xca,0xba,0x00}},
    {0x6208, 8, {0x14,0xfe,0x10,0x14,0x08,0x1a,0xe6,0x00}},
    {0x6209, 8, {0x0a,0x7e,0x48,0x48,0x6a,0xc4,0x1a,0x00}},
    {0x620a, 8, {0x0a,0x7e,0x48,0x4a,0x44,0x4c,0xb2,0x00}},
    {0x620c, 8, {0x0a,0x7e,0x48,0x78,0x4a,0x44,0x9a,0x00}},
    {0x620d, 8, {0x0a,0x7e,0x48,0x68,0x5a,0x44,0x9a,0x00}},
    {0x620e, 8, {0x0a,0xfe,0x08,0x48,0xea,0x44,0x9a,0x00}},
    {0x6210, 8, {0x04,0x7e,0x44,0x74,0x56,0x54,0xaa,0x00}},
    {0x6211, 8, {0x1a,0x68,0xfe,0x28,0xfa,0x24,0x6a,0x00}},
    {0x6212, 8, {0x04,0xfe,0x04,0x54,0xfe,0x54,0x9a,0x00}},
    {0x6214, 8, {0x14,0xfc,0x1a,0x66,0xfc,0x1a,0x66,0x00}},
    {0x6216, 8, {0x0a,0xfe,0x08,0x68,0x6a,0x04,0xda,0x00}},
    {0x621a, 8, {0x04,0x7e,0x54,0x5c,0x56,0x7c,0x92,0x00}},
    {0x621b, 8, {0xfe,0x3c,0x24,0x3e,0xfc,0x1a,0x66,0x00}},
    {0x621d, 8, {0xea,0xa8,0xfe,0xa8,0xea,0x04,0xaa,0x00}},
    {0x621e, 8, {0xfe,0x38,0x38,0xfe,0xba,0x18,0x66,0x00}},
    {0x621f, 8, {0xea,0x48,0xfe,0xa8,0x4a,0xe4,0x5a,0x00}},
    {0x6221, 8, {0x56,0xf4,0x5e,0x54,0xf6,0xa4,0xfa,0x00}},
    {0x6226, 8, {0xaa,0x08,0xfe,0xf4,0x26,0xf4,0x2a,0x00}},
    {0x622a, 8, {0x2a,0x78,0xfe,0x28,0x7a,0xd4,0x7a,0x00}},
    {0x622e, 8, {0xf6,0x54,0x2e,0x54,0xa6,0x14,0x6a,0x00}},
    {0x622f, 8, {0x26,0x34,0xee,0xb4,0xa6,0xb4,0xea,0x00}},
    {0x6230, 8, {0xde,0xdc,0x76,0x74,0x76,0xfc,0x22,0x00}},
    {0x6232, 8, {0x26,0x34,0xee,0xf4,0xd6,0xa4,0xfa,0x00}},
    {0x6233, 8, {0xf6,0x54,0x0e,0x54,0x76,0xe4,0x7a,0x00}},
    {0x6234, 8, {0x2a,0x78,0xfe,0x68,0xfa,0x04,0xaa,0x00}},
    {0x6238, 8, {0xfe,0x00,0x7c,0x44,0x7c,0x40,0x80,0x00}},
    {0x623b, 8, {0xfe,0x44,0x7c,0x48,0x7e,0x48,0xb6,0x00}},
    {0x623f, 8, {0xfe,0x44,0x7c,0x48,0x7e,0x54,0xac,0x00}},
    {0x6240, 8, {0xf2,0x0c,0x78,0x5e,0x7a,0x4a,0x92,0x00}},
    {0x6241, 8, {0xfe,0x44,0x7c,0x40,0x7e,0x7e,0xaa,0x00}},
    {0x6247, 8, {0xfe,0x7c,0x40,0x7e,0x6a,0x5e,0xaa,0x00}},
    {0x6248, 8, {0xfe,0x44,0x7e,0x6a,0x7e,0x60,0xbe,0x00}},
    {0x6249, 8, {0xfe,0x44,0x7c,0x76,0x54,0x76,0xa4,0x00}},
    {0x624b, 8, {0x0c,0x70,0xfe,0x10,0xfe,0x10,0x30,0x00}},
    {0x624d, 8, {0x08,0xfe,0x08,0x0c,0x18,0xe8,0x18,0x00}},
    {0x624e, 8, {0x48,0xe8,0x48,0x68,0xc8,0x4a,0xce,0x00}},
    {0x6253, 8, {0x5e,0xe4,0x44,0x64,0xc4,0x44,0xcc,0x00}},
    {0x6255, 8, {0x48,0xe8,0x48,0x68,0xd0,0x54,0xfa,0x00}},
    {0x6258, 8, {0x44,0xd8,0x48,0x7e,0xc8,0x4a,0xce,0x00}},
    {0x625b, 8, {0x40,0xee,0x44,0x64,0xc4,0x44,0xde,0x00}},
    {0x625e, 8, {0x5c,0xc8,0x48,0x7e,0xc8,0x48,0xc8,0x00}},
    {0x6260, 8, {0x5e,0xca,0x62,0x54,0xc8,0x54,0xe2,0x00}},
    {0x6263, 8, {0x40,0xfe,0x52,0x72,0xd2,0x52,0xde,0x00}},
    {0x6268, 8, {0x5e,0xea,0x5a,0x6a,0xce,0x4a,0xd6,0x00}},
    {0x626e, 8, {0x54,0xd4,0x62,0x5c,0xd4,0x54,0xec,0x00}},
    {0x6271, 8, {0x7c,0xd4,0x56,0x52,0xda,0x64,0xda,0x00}},
    {0x6276, 8, {0x48,0xdc,0x48,0x7e,0xc8,0x54,0xe2,0x00}},
    {0x6279, 8, {0x54,0xd4,0x5e,0x54,0xd4,0x5c,0xf6,0x00}},
    {0x627c, 8, {0x5e,0xd0,0x5e,0x5a,0xda,0x68,0xce,0x00}},
    {0x627e, 8, {0x4a,0xe8,0x5e,0x68,0xca,0x44,0xda,0x00}},
    {0x627f, 8, {0x38,0x08,0xd2,0x7c,0x54,0xba,0x10,0x00}},
    {0x6280, 8, {0x48,0xfe,0x48,0x7c,0xd4,0x48,0xf6,0x00}},
    {0x6282, 8, {0x5e,0xe4,0x44,0x6e,0xc4,0x44,0xde,0x00}},
    {0x6283, 8, {0x48,0xfe,0x48,0x4c,0xca,0x48,0xc8,0x00}},
    {0x6284, 8, {0x48,0xdc,0x5a,0x68,0xca,0x44,0xd8,0x00}},
    {0x6289, 8, {0x48,0xdc,0x4c,0x7e,0xc8,0x48,0xf6,0x00}},
    {0x628a, 8, {0x7e,0xea,0x6a,0x7e,0xe0,0x62,0xde,0x00}},
    {0x6291, 8, {0x50,0xee,0x6a,0x6a,0xfa,0x68,0xc8,0x00}},
    {0x6292, 8, {0x7c,0xd4,0x48,0x7e,0xca,0x48,0xd8,0x00}},
    {0x6293, 8, {0x44,0xf8,0x6c,0x6c,0xec,0x6c,0xca,0x00}},
    {0x6294, 8, {0x7e,0xc8,0x48,0x5c,0xea,0x48,0xc8,0x00}},
    {0x6295, 8, {0x5c,0xd4,0x66,0x5c,0xd4,0x48,0xf6,0x00}},
    {0x6296, 8, {0x44,0xd4,0x44,0x54,0xc6,0x7c,0xc4,0x00}},
    {0x6297, 8, {0x48,0xfe,0x40,0x5c,0xd4,0x54,0xe6,0x00}},
    {0x6298, 8, {0x44,0xd8,0x50,0x5e,0xd4,0x64,0xc4,0x00}},
    {0x629b, 8, {0x54,0xfe,0x56,0x56,0xda,0x50,0xee,0x00}},
    {0x629c, 8, {0x50,0xfe,0x50,0x5c,0xd4,0x68,0xd6,0x00}},
    {0x629e, 8, {0x5e,0xd2,0x5e,0x54,0xd4,0x52,0xe2,0x00}},
    {0x62ab, 8, {0x48,0xfe,0x6a,0x7c,0xf4,0x68,0xd6,0x00}},
    {0x62ac, 8, {0x48,0xc8,0x54,0x7a,0xc0,0x5c,0xdc,0x00}},
    {0x62b1, 8, {0x50,0xde,0x7a,0x4a,0xda,0x50,0xde,0x00}},
    {0x62b5, 8, {0x42,0xdc,0x54,0x5e,0xd4,0x52,0xde,0x00}},
    {0x62b9, 8, {0x48,0xfe,0x48,0x5c,0xc8,0x5c,0xea,0x00}},
    {0x62bb, 8, {0x48,0xfe,0x6a,0x7e,0xea,0x7e,0xc8,0x00}},
    {0x62bc, 8, {0x7e,0xea,0x7e,0x6a,0xfe,0x48,0xc8,0x00}},
    {0x62bd, 8, {0x48,0xfe,0x6a,0x7e,0xea,0x6a,0xfe,0x00}},
    {0x62c2, 8, {0x54,0xfe,0x5e,0x74,0xfe,0x56,0xe4,0x00}},
    {0x62c5, 8, {0x5e,0xf2,0x5e,0x72,0xde,0x40,0xde,0x00}},
    {0x62c6, 8, {0x44,0xd8,0x50,0x5e,0xdc,0x56,0xe4,0x00}},
    {0x62c7, 8, {0x5c,0xd4,0x54,0x7e,0xe4,0x7e,0xcc,0x00}},
    {0x62c8, 8, {0x48,0xe8,0x4e,0x68,0xde,0x52,0xde,0x00}},
    {0x62c9, 8, {0x48,0xfe,0x54,0x54,0xd4,0x58,0xfe,0x00}},
    {0x62ca, 8, {0x4a,0xd6,0x72,0x5a,0xd2,0x52,0xd6,0x00}},
    {0x62cc, 8, {0x54,0xe2,0x48,0x7e,0xc8,0x7e,0xc8,0x00}},
    {0x62cd, 8, {0x48,0xfe,0x52,0x7e,0xd2,0x52,0xde,0x00}},
    {0x62cf, 8, {0x2e,0xfa,0x54,0xea,0x7c,0xfe,0x30,0x00}},
    {0x62d0, 8, {0x5e,0xf2,0x5e,0x60,0xde,0x4a,0xd6,0x00}},
    {0x62d1, 8, {0x54,0xfe,0x54,0x5c,0xd4,0x54,0xdc,0x00}},
    {0x62d2, 8, {0x5e,0xf0,0x5e,0x72,0xde,0x50,0xde,0x00}},
    {0x62d3, 8, {0x5e,0xe8,0x48,0x6e,0xda,0x4a,0xce,0x00}},
    {0x62d4, 8, {0x4a,0xfe,0x48,0x6a,0xca,0x54,0xca,0x00}},
    {0x62d7, 8, {0x54,0xd6,0x6e,0x56,0xd6,0x6a,0xfa,0x00}},
    {0x62d8, 8, {0x50,0xde,0x62,0x5a,0xda,0x42,0xc6,0x00}},
    {0x62d9, 8, {0x48,0xea,0x7e,0x48,0xea,0x6a,0xfe,0x00}},
    {0x62db, 8, {0x5e,0xea,0x52,0x66,0xde,0x52,0xde,0x00}},
    {0x62dc, 8, {0x3e,0xce,0xe4,0x4e,0xe4,0x5e,0x84,0x00}},
    {0x62dd, 8, {0x7e,0xdc,0x48,0x5c,0xc8,0x7e,0xc8,0x00}},
    {0x62e0, 8, {0x50,0xde,0x6a,0x6a,0xda,0x50,0xee,0x00}},
    {0x62e1, 8, {0x44,0xde,0x50,0x54,0xd4,0x6a,0xce,0x00}},
    {0x62ec, 8, {0x44,0xd8,0x7e,0x48,0xdc,0x54,0xdc,0x00}},
    {0x62ed, 8, {0x4a,0xc8,0x7e,0x44,0xfc,0x54,0xfa,0x00}},
    {0x62ee, 8, {0x48,0xfe,0x48,0x5c,0xc0,0x5c,0xdc,0x00}},
    {0x62ef, 8, {0x5c,0xc4,0x7a,0x5c,0xea,0x48,0xfe,0x00}},
    {0x62f1, 8, {0x54,0xfe,0x54,0x54,0xfe,0x40,0xe2,0x00}},
    {0x62f3, 8, {0x54,0x38,0xfe,0x44,0xba,0x7c,0x30,0x00}},
    {0x62f5, 8, {0x48,0xfe,0x56,0x72,0xd4,0x5e,0xd4,0x00}},
    {0x62f6, 8, {0x4a,0xf4,0x4a,0x6e,0xda,0x44,0xd8,0x00}},
    {0x62f7, 8, {0x4a,0xdc,0x48,0x7e,0xd8,0x6e,0xc2,0x00}},
    {0x62fe, 8, {0x48,0xd4,0x6e,0x40,0xdc,0x54,0xdc,0x00}},
    {0x62ff, 8, {0x10,0x28,0xfe,0x38,0x7c,0xfe,0x30,0x00}},
    {0x6301, 8, {0x48,0xdc,0x48,0x7e,0xc4,0x7e,0xd4,0x00}},
    {0x6302, 8, {0x48,0xdc,0x48,0x7e,0xdc,0x48,0xfe,0x00}},
    {0x6307, 8, {0x52,0xdc,0x52,0x5e,0xc0,0x5e,0xde,0x00}},
    {0x6308, 8, {0x4e,0xe6,0x66,0xca,0x7c,0xfe,0x30,0x00}},
    {0x6309, 8, {0x48,0xfe,0x6a,0x7e,0xd4,0x4c,0xf2,0x00}},
    {0x630c, 8, {0x4c,0xd4,0x48,0x54,0xe2,0x5c,0xdc,0x00}},
    {0x6311, 8, {0x54,0xf6,0x54,0x76,0xd4,0x54,0xe6,0x00}},
    {0x6319, 8, {0x54,0xfe,0x44,0xba,0x7c,0xfe,0x30,0x00}},
    {0x631f, 8, {0x48,0xfe,0x48,0x6a,0xfe,0x48,0xf6,0x00}},
    {0x6327, 8, {0x7e,0xca,0x5e,0x6a,0xde,0x6a,0xca,0x00}},
    {0x6328, 8, {0x48,0xf2,0x5e,0x68,0xde,0x44,0xda,0x00}},
    {0x632b, 8, {0x54,0xd4,0x6a,0x48,0xdc,0x48,0xfe,0x00}},
    {0x632f, 8, {0x5e,0xd0,0x56,0x50,0xde,0x74,0xda,0x00}},
    {0x633a, 8, {0x72,0xdc,0x64,0x5e,0xf4,0x5e,0xee,0x00}},
    {0x633d, 8, {0x4c,0xd4,0x7e,0x6a,0xfe,0x54,0xe6,0x00}},
    {0x633e, 8, {0x48,0xfe,0x5c,0x5c,0xea,0x48,0xf6,0x00}},
    {0x633f, 8, {0x44,0xd8,0x48,0x7e,0xea,0x7e,0xc8,0x00}},
    {0x6349, 8, {0x5e,0xd2,0x5e,0x44,0xd6,0x54,0xee,0x00}},
    {0x634c, 8, {0x7a,0xee,0x7e,0x56,0xda,0x6a,0xea,0x00}},
    {0x634d, 8, {0x5c,0xd4,0x5c,0x7e,0xc8,0x7e,0xc8,0x00}},
    {0x634f, 8, {0x5e,0xf2,0x5e,0x64,0xce,0x44,0xde,0x00}},
    {0x6350, 8, {0x4c,0xec,0x40,0x7e,0xd2,0x5e,0xd2,0x00}},
    {0x6355, 8, {0x4a,0xfe,0x48,0x7e,0xea,0x7e,0xea,0x00}},
    {0x6357, 8, {0x44,0xd6,0x54,0x7e,0xea,0x44,0xd8,0x00}},
    {0x635c, 8, {0x48,0xfe,0x6a,0x7e,0xd4,0x48,0xf6,0x00}},
    {0x6367, 8, {0x48,0xdc,0x7e,0x54,0xea,0x5c,0xc8,0x00}},
    {0x6368, 8, {0x48,0xd4,0x6a,0x5c,0xfe,0x54,0xdc,0x00}},
    {0x6369, 8, {0x7e,0xd2,0x5e,0x54,0xde,0x64,0xda,0x00}},
    {0x636b, 8, {0x76,0xf6,0x76,0x62,0xe2,0x62,0xe6,0x00}},
    {0x636e, 8, {0x5e,0xde,0x54,0x5e,0xd4,0x6a,0xce,0x00}},
    {0x6372, 8, {0x6a,0xdc,0x7e,0x54,0xea,0x50,0xdc,0x00}},
    {0x6376, 8, {0x5c,0xc8,0x7e,0x54,0xfe,0x48,0xfe,0x00}},
    {0x6377, 8, {0x44,0xde,0x46,0x5c,0xc6,0x54,0xee,0x00}},
    {0x637a, 8, {0x48,0xfe,0x54,0x62,0xdc,0x48,0xea,0x00}},
    {0x637b, 8, {0x48,0xd4,0x6e,0x5c,0xc4,0x72,0xee,0x00}},
    {0x6380, 8, {0x54,0xe6,0x7a,0x74,0xf4,0x54,0xda,0x00}},
    {0x6383, 8, {0x5c,0xc4,0x7e,0x6a,0xdc,0x5c,0xc8,0x00}},
    {0x6388, 8, {0x7e,0xd4,0x7e,0x62,0xdc,0x48,0xf6,0x00}},
    {0x6389, 8, {0x48,0xee,0x5c,0x74,0xdc,0x7e,0xc8,0x00}},
    {0x638c, 8, {0x54,0xfe,0xaa,0x38,0x7c,0xfe,0x30,0x00}},
    {0x638e, 8, {0x48,0xfe,0x48,0x54,0xfe,0x44,0xd4,0x00}},
    {0x638f, 8, {0x50,0xde,0x6a,0x5e,0xca,0x6e,0xfe,0x00}},
    {0x6392, 8, {0x54,0xf6,0x54,0x76,0xd4,0x76,0xd4,0x00}},
    {0x6396, 8, {0x48,0xfe,0x50,0x76,0xda,0x54,0xda,0x00}},
    {0x6398, 8, {0x7e,0xe2,0x7e,0x6e,0xe4,0x56,0xde,0x00}},
    {0x639b, 8, {0x54,0xfc,0x54,0x7e,0xd4,0x7c,0xc4,0x00}},
    {0x639f, 8, {0x44,0xfe,0x6e,0x44,0xd6,0x54,0xee,0x00}},
    {0x63a0, 8, {0x48,0xfe,0x54,0x5c,0xc8,0x6a,0xd8,0x00}},
    {0x63a1, 8, {0x46,0xf8,0x6a,0x44,0xfe,0x5c,0xea,0x00}},
    {0x63a2, 8, {0x7e,0xe2,0x54,0x66,0xfe,0x5c,0xea,0x00}},
    {0x63a3, 8, {0x62,0x7a,0xaa,0x72,0x7c,0xfe,0x30,0x00}},
    {0x63a5, 8, {0x48,0xfe,0x54,0x7e,0xd4,0x4c,0xf2,0x00}},
    {0x63a7, 8, {0x48,0xfe,0x76,0x40,0xdc,0x48,0xfe,0x00}},
    {0x63a8, 8, {0x54,0xde,0x74,0x5e,0xd4,0x54,0xde,0x00}},
    {0x63a9, 8, {0x48,0xfe,0x54,0x6a,0xdc,0x5c,0xc6,0x00}},
    {0x63aa, 8, {0x54,0xfe,0x54,0x7e,0xdc,0x54,0xdc,0x00}},
    {0x63ab, 8, {0x78,0xde,0x5a,0x5a,0xdc,0x7a,0xc8,0x00}},
    {0x63ac, 8, {0x50,0xde,0x76,0x4a,0xde,0x4a,0xd6,0x00}},
    {0x63b2, 8, {0x5c,0xd4,0x5c,0x5e,0xf2,0x5a,0xc6,0x00}},
    {0x63b4, 8, {0x7e,0xde,0x4a,0x5e,0xca,0x5e,0xfe,0x00}},
    {0x63b5, 8, {0x48,0xd4,0x6e,0x40,0xf6,0x76,0xc4,0x00}},
    {0x63bb, 8, {0x7c,0xd4,0x48,0x7e,0xdc,0x4a,0xfe,0x00}},
    {0x63be, 8, {0x4e,0xd4,0x7e,0x68,0xda,0x6c,0xda,0x00}},
    {0x63c0, 8, {0x48,0xfe,0x5e,0x5e,0xc8,0x5c,0xea,0x00}},
    {0x63c3, 8, {0x54,0xfe,0x40,0x7a,0xea,0x7a,0xea,0x00}},
    {0x63c4, 8, {0x78,0xd4,0x6e,0x40,0xda,0x5c,0xda,0x00}},
    {0x63c6, 8, {0x7a,0xd4,0x62,0x5c,0xfe,0x48,0xf6,0x00}},
    {0x63c9, 8, {0x5c,0xfe,0x5a,0x68,0xfe,0x5c,0xea,0x00}},
    {0x63cf, 8, {0x54,0xfe,0x54,0x7e,0xfe,0x6a,0xfe,0x00}},
    {0x63d0, 8, {0x4c,0xec,0x5e,0x44,0xd6,0x54,0xee,0x00}},
    {0x63d2, 8, {0x44,0xd8,0x7e,0x48,0xfe,0x6a,0xfe,0x00}},
    {0x63d6, 8, {0x5c,0xd4,0x7e,0x5c,0xd4,0x7e,0xc4,0x00}},
    {0x63da, 8, {0x5c,0xd4,0x7e,0x50,0xde,0x6a,0xd6,0x00}},
    {0x63db, 8, {0x5c,0xe4,0x5c,0x5c,0xfe,0x48,0xf6,0x00}},
    {0x63e1, 8, {0x5e,0xd2,0x5c,0x58,0xde,0x64,0xde,0x00}},
    {0x63e3, 8, {0x6a,0xfe,0x40,0x7e,0xd0,0x7e,0xea,0x00}},
    {0x63e9, 8, {0x64,0xf6,0x64,0x76,0xc8,0x5c,0xdc,0x00}},
    {0x63ee, 8, {0x7e,0xea,0x7e,0x5c,0xdc,0x7e,0xc8,0x00}},
    {0x63f4, 8, {0x46,0xf8,0x6a,0x5e,0xca,0x54,0xea,0x00}},
    {0x63f6, 8, {0x7e,0xd6,0x5c,0x5e,0xd6,0x7c,0xc4,0x00}},
    {0x63fa, 8, {0x46,0xda,0x48,0x7e,0xc8,0x6a,0xfe,0x00}},
    {0x6406, 8, {0x54,0xfe,0x54,0x7e,0xdc,0x7e,0xd4,0x00}},
    {0x640d, 8, {0x4c,0xec,0x5e,0x72,0xde,0x40,0xd2,0x00}},
    {0x640f, 8, {0x4a,0xfe,0x5c,0x54,0xfe,0x54,0xcc,0x00}},
    {0x6413, 8, {0x54,0xfe,0x48,0x7e,0xde,0x54,0xee,0x00}},
    {0x6416, 8, {0x4c,0xd4,0x48,0x5e,0xe4,0x56,0xde,0x00}},
    {0x6417, 8, {0x48,0xfc,0x5c,0x70,0xde,0x4a,0xde,0x00}},
    {0x641c, 8, {0x56,0xea,0x6a,0x7e,0xd4,0x48,0xf6,0x00}},
    {0x6426, 8, {0x5e,0xea,0x5e,0x74,0xde,0x4a,0xde,0x00}},
    {0x6428, 8, {0x5c,0xd4,0x5c,0x7e,0xca,0x5e,0xea,0x00}},
    {0x642c, 8, {0x56,0xfa,0x68,0x6e,0xfa,0x6c,0xea,0x00}},
    {0x642d, 8, {0x54,0xfe,0x48,0x54,0xfe,0x54,0xdc,0x00}},
    {0x6434, 8, {0x10,0xfe,0xaa,0x7c,0xba,0x7c,0x30,0x00}},
    {0x6436, 8, {0x48,0xd4,0x7a,0x58,0xd0,0x6c,0xcc,0x00}},
    {0x643a, 8, {0x54,0xde,0x74,0x5e,0xfc,0x56,0xe2,0x00}},
    {0x643e, 8, {0x48,0xfe,0x76,0x50,0xdc,0x6e,0xc8,0x00}},
    {0x6442, 8, {0x7e,0xd4,0x54,0x7e,0xe2,0x54,0xe2,0x00}},
    {0x644e, 8, {0x76,0xd2,0x48,0x54,0xea,0x44,0xd8,0x00}},
    {0x6458, 8, {0x48,0xfe,0x54,0x7e,0xea,0x76,0xfe,0x00}},
    {0x6467, 8, {0x6a,0xfe,0x54,0x5e,0xf4,0x54,0xde,0x00}},
    {0x6469, 8, {0x08,0x7e,0x54,0x7e,0x54,0x7e,0x98,0x00}},
    {0x646f, 8, {0x28,0x7c,0xec,0x76,0x3c,0xfe,0x30,0x00}},
    {0x6476, 8, {0x48,0xfe,0x5c,0x5a,0xfe,0x54,0xcc,0x00}},
    {0x6478, 8, {0x54,0xfe,0x5c,0x54,0xfe,0x48,0xf6,0x00}},
    {0x647a, 8, {0x76,0xd2,0x76,0x52,0xc8,0x5c,0xdc,0x00}},
    {0x6483, 8, {0x2e,0xfa,0x74,0xea,0x3c,0xfe,0x30,0x00}},
    {0x6488, 8, {0x6a,0xd4,0x7e,0x6a,0xdc,0x54,0xec,0x00}},
    {0x6492, 8, {0x54,0xfe,0x5a,0x7a,0xda,0x5c,0xda,0x00}},
    {0x6493, 8, {0x48,0xdc,0x7e,0x76,0xfe,0x54,0xe6,0x00}},
    {0x6495, 8, {0x6a,0xfc,0x6c,0x7e,0xfe,0x46,0xea,0x00}},
    {0x649a, 8, {0x54,0xde,0x6c,0x54,0xea,0x40,0xea,0x00}},
    {0x649e, 8, {0x48,0xfe,0x54,0x7e,0xdc,0x48,0xfe,0x00}},
    {0x64a4, 8, {0x54,0xfe,0x56,0x66,0xde,0x5c,0xda,0x00}},
    {0x64a5, 8, {0x7a,0xd4,0x62,0x5e,0xfa,0x54,0xea,0x00}},
    {0x64a9, 8, {0x48,0xfe,0x54,0x7e,0xd4,0x48,0xea,0x00}},
    {0x64ab, 8, {0x60,0xfe,0x54,0x7e,0xd4,0x7e,0xea,0x00}},
    {0x64ad, 8, {0x7e,0xd4,0x7e,0x5c,0xea,0x5c,0xdc,0x00}},
    {0x64ae, 8, {0x5c,0xd4,0x7e,0x5e,0xda,0x7c,0xca,0x00}},
    {0x64b0, 8, {0x76,0xd2,0x64,0x76,0xdc,0x40,0xe2,0x00}},
    {0x64b2, 8, {0x6a,0xfe,0x54,0x7e,0xdc,0x48,0xf6,0x00}},
    {0x64b9, 8, {0x6a,0xdc,0x62,0x5c,0xdc,0x5c,0xe6,0x00}},
    {0x64bb, 8, {0x64,0xce,0x5e,0x6a,0xde,0x64,0xfe,0x00}},
    {0x64bc, 8, {0x44,0xfe,0x74,0x72,0xc0,0x72,0xee,0x00}},
    {0x64c1, 8, {0x48,0xfe,0x56,0x6c,0xf6,0x54,0xe6,0x00}},
    {0x64c2, 8, {0x5c,0xfe,0x6a,0x40,0xfe,0x6a,0xfe,0x00}},
    {0x64c5, 8, {0x48,0xfe,0x76,0x7e,0xdc,0x54,0xfe,0x00}},
    {0x64c7, 8, {0x7e,0xfe,0x48,0x7e,0xd4,0x7e,0xc8,0x00}},
    {0x64cd, 8, {0x5c,0xd4,0x7e,0x6a,0xfe,0x5c,0xea,0x00}},
    {0x64d2, 8, {0x48,0xf6,0x5c,0x7e,0xea,0x6e,0xfa,0x00}},
    {0x64d4, 8, {0x4c,0xd4,0x7e,0x76,0xec,0x7e,0xcc,0x00}},
    {0x64d8, 8, {0x64,0x6e,0xca,0x64,0x7c,0xfe,0x30,0x00}},
    {0x64da, 8, {0x48,0xce,0x78,0x76,0xec,0x76,0xec,0x00}},
    {0x64e0, 8, {0x48,0xfe,0x54,0x6a,0xd4,0x5c,0xe4,0x00}},
    {0x64e1, 8, {0x48,0xfe,0x5c,0x7e,0xea,0x5c,0xfe,0x00}},
    {0x64e2, 8, {0x76,0xd2,0x76,0x54,0xde,0x74,0xde,0x00}},
    {0x64e3, 8, {0x48,0xdc,0x7e,0x48,0xfe,0x74,0xcc,0x00}},
    {0x64e6, 8, {0x48,0xfe,0x6a,0x54,0xe2,0x5c,0xea,0x00}},
    {0x64e7, 8, {0x2c,0x54,0x5c,0xfe,0x54,0xba,0x30,0x00}},
    {0x64ec, 8, {0x66,0xfa,0x66,0x5c,0xfe,0x54,0xea,0x00}},
    {0x64ef, 8, {0x48,0xfe,0x6a,0x74,0xdc,0x5c,0xe2,0x00}},
    {0x64f1, 8, {0x76,0xf6,0x6e,0x76,0xea,0x7e,0xee,0x00}},
    {0x64f2, 8, {0x56,0xee,0x44,0x7e,0xfe,0x54,0xec,0x00}},
    {0x64f4, 8, {0x48,0xfe,0x6c,0x7e,0xec,0x6c,0xd2,0x00}},
    {0x64f6, 8, {0x64,0xf6,0x52,0x7e,0xea,0x7a,0xea,0x00}},
    {0x64fa, 8, {0x7e,0xfe,0x54,0x66,0xf0,0x74,0xf6,0x00}},
    {0x64fd, 8, {0x5a,0xec,0x5a,0x6c,0xfe,0x5c,0xea,0x00}},
    {0x64fe, 8, {0x7e,0xdc,0x5c,0x7e,0xf6,0x48,0xf6,0x00}},
    {0x6500, 8, {0x54,0xee,0x54,0xfe,0x54,0xba,0x30,0x00}},
    {0x6505, 8, {0x54,0xfe,0x54,0x6a,0xdc,0x5c,0xe2,0x00}},
    {0x6518, 8, {0x48,0xfe,0x76,0x5c,0xfe,0x74,0xda,0x00}},
    {0x651c, 8, {0x6a,0xfe,0x5e,0x74,0xde,0x76,0xea,0x00}},
    {0x651d, 8, {0x5e,0xcc,0x5e,0x44,0xf6,0x7e,0xd2,0x00}},
    {0x6523, 8, {0x54,0xb8,0x54,0xee,0x54,0xfe,0x30,0x00}},
    {0x6524, 8, {0x6a,0xfc,0x56,0x7c,0xfe,0x54,0xee,0x00}},
    {0x652a, 8, {0x56,0xea,0x7e,0x62,0xdc,0x5c,0xe6,0x00}},
    {0x652b, 8, {0x76,0xf6,0x5c,0x5e,0xd4,0x48,0xf6,0x00}},
    {0x652c, 8, {0x74,0xe6,0x76,0x5c,0xdc,0x5c,0xe6,0x00}},
    {0x652f, 8, {0x10,0xfe,0x10,0x78,0x28,0x10,0xee,0x00}},
    {0x6534, 8, {0x10,0x1c,0x10,0x78,0x28,0x10,0xee,0x00}},
    {0x6535, 8, {0x20,0x3c,0x48,0xa8,0x10,0x28,0xc6,0x00}},
    {0x6536, 8, {0x28,0xae,0xba,0xaa,0xaa,0xe4,0x3a,0x00}},
    {0x6537, 8, {0xe8,0x4e,0x5a,0x6a,0x2a,0x24,0x7a,0x00}},
    {0x6538, 8, {0x28,0x6e,0xfa,0x6a,0x6a,0x64,0x5a,0x00}},
    {0x6539, 8, {0xe8,0x2e,0xfa,0x8a,0xaa,0xe4,0x1a,0x00}},
    {0x653b, 8, {0x08,0xee,0x5a,0x4a,0x6a,0xc4,0x1a,0x00}},
    {0x653e, 8, {0x24,0xf6,0x4a,0x7a,0x5a,0x54,0xba,0x00}},
    {0x653f, 8, {0xf4,0x26,0x2a,0xba,0xaa,0xb4,0xca,0x00}},
    {0x6545, 8, {0x48,0xee,0x5a,0xea,0xaa,0xe4,0x1a,0x00}},
    {0x6548, 8, {0x24,0xf6,0x5a,0x8a,0x5a,0x24,0xda,0x00}},
    {0x654d, 8, {0x24,0x56,0xf4,0x2e,0xfa,0x24,0xaa,0x00}},
    {0x654f, 8, {0x84,0xf6,0x6a,0x7a,0xaa,0xf4,0x2a,0x00}},
    {0x6551, 8, {0x24,0xf6,0x2a,0xba,0x6a,0xb4,0x6a,0x00}},
    {0x6555, 8, {0x24,0xf6,0x7a,0x7a,0x2a,0x74,0xaa,0x00}},
    {0x6556, 8, {0x48,0xee,0x5a,0xea,0x4a,0x64,0xba,0x00}},
    {0x6557, 8, {0xe8,0xae,0xfa,0xaa,0xea,0x04,0xaa,0x00}},
    {0x6558, 8, {0x24,0x56,0xfa,0x2a,0xfa,0x24,0xaa,0x00}},
    {0x6559, 8, {0x24,0x76,0x2a,0xfa,0x5a,0xb4,0x2a,0x00}},
    {0x655d, 8, {0x64,0xb6,0x2a,0xfa,0xba,0xf4,0xba,0x00}},
    {0x655e, 8, {0x64,0xb6,0x2a,0xfa,0x9a,0xb4,0xba,0x00}},
    {0x6562, 8, {0x74,0x26,0xfa,0x5a,0x5a,0xf4,0x1a,0x00}},
    {0x6563, 8, {0x54,0xf6,0x5a,0xfa,0x5a,0x74,0x5a,0x00}},
    {0x6566, 8, {0x24,0xf6,0x5a,0x7a,0x3a,0xe4,0x2a,0x00}},
    {0x656c, 8, {0x54,0xf6,0x5a,0x7a,0x9a,0x54,0x3a,0x00}},
    {0x6570, 8, {0xac,0x76,0xaa,0x4a,0xfa,0x54,0xea,0x00}},
    {0x6572, 8, {0x24,0xf6,0x54,0x7e,0xfa,0x8c,0xaa,0x00}},
    {0x6574, 8, {0x26,0xfa,0x74,0xaa,0xfe,0x5c,0xfe,0x00}},
    {0x6575, 8, {0x24,0xf6,0x5a,0xfa,0xaa,0xdc,0xfa,0x00}},
    {0x6577, 8, {0x24,0xf6,0x6a,0x6a,0xfa,0x64,0xaa,0x00}},
    {0x6578, 8, {0x24,0x76,0xda,0x6a,0xfa,0x54,0xea,0x00}},
    {0x6582, 8, {0x24,0x56,0xfa,0xaa,0xfa,0x54,0xaa,0x00}},
    {0x6583, 8, {0x56,0xaa,0x74,0x5a,0xfe,0x68,0xce,0x00}},
    {0x6587, 8, {0x10,0xfe,0x28,0x28,0x10,0x28,0xc6,0x00}},
    {0x6588, 8, {0x10,0xfe,0x28,0x10,0x6c,0xfe,0x10,0x00}},
    {0x6589, 8, {0x10,0xfe,0x28,0x10,0xee,0x38,0x48,0x00}},
    {0x658c, 8, {0x5a,0xe4,0x3e,0xa4,0x54,0x5c,0xba,0x00}},
    {0x658e, 8, {0x10,0xfe,0x38,0xee,0x54,0x7c,0x94,0x00}},
    {0x6590, 8, {0x28,0xee,0x28,0xfe,0x28,0x10,0xee,0x00}},
    {0x6591, 8, {0xd6,0x7c,0x4c,0xee,0x54,0xd4,0x2e,0x00}},
    {0x6597, 8, {0x48,0x28,0x48,0x28,0x0e,0xf8,0x08,0x00}},
    {0x6599, 8, {0xa4,0x54,0xe4,0x54,0xc6,0xfc,0x44,0x00}},
    {0x659b, 8, {0x62,0xaa,0x72,0x7a,0x72,0x5e,0xb2,0x00}},
    {0x659c, 8, {0x22,0x5a,0xf2,0x2a,0xf2,0x2e,0xb2,0x00}},
    {0x659f, 8, {0x52,0xfa,0x52,0x5a,0xf2,0xae,0xf2,0x00}},
    {0x65a1, 8, {0xe8,0x54,0xe6,0xb4,0x44,0xfe,0x44,0x00}},
    {0x65a4, 8, {0x0c,0x70,0x40,0x7e,0x48,0x48,0x88,0x00}},
    {0x65a5, 8, {0x0c,0x70,0x40,0x7e,0x58,0x4c,0x88,0x00}},
    {0x65a7, 8, {0x28,0xc6,0x38,0xc6,0x7c,0x48,0x88,0x00}},
    {0x65ab, 8, {0xe2,0x4c,0x48,0x8e,0x6a,0x6a,0x12,0x00}},
    {0x65ac, 8, {0xe4,0x58,0xf0,0xfe,0x54,0xe4,0x44,0x00}},
    {0x65ad, 8, {0xd2,0xac,0xf8,0xae,0xda,0x8a,0xf2,0x00}},
    {0x65af, 8, {0x52,0xfc,0x58,0x7e,0xfa,0x0a,0x92,0x00}},
    {0x65b0, 8, {0x22,0xfc,0x58,0x2e,0xfa,0x72,0xaa,0x00}},
    {0x65b7, 8, {0xaa,0xd4,0xac,0xfe,0xae,0xd6,0xfa,0x00}},
    {0x65b9, 8, {0x10,0xfe,0x20,0x3c,0x24,0x44,0x8c,0x00}},
    {0x65bc, 8, {0x24,0xfa,0x40,0x74,0x52,0x54,0xb2,0x00}},
    {0x65bd, 8, {0x48,0xee,0x58,0x6e,0xba,0x28,0x6e,0x00}},
    {0x65c1, 8, {0x10,0xfe,0x24,0xfe,0xa2,0x3c,0xc4,0x00}},
    {0x65c3, 8, {0x48,0xee,0x50,0x6e,0xaa,0x3e,0x6a,0x00}},
    {0x65c4, 8, {0x48,0xee,0x56,0x6c,0xa6,0x2c,0x66,0x00}},
    {0x65c5, 8, {0x48,0xee,0x54,0x68,0xba,0x2c,0x6a,0x00}},
    {0x65c6, 8, {0x48,0xee,0x54,0x7e,0xae,0x2e,0x64,0x00}},
    {0x65cb, 8, {0x48,0xee,0x50,0x6e,0xa6,0x2c,0x76,0x00}},
    {0x65cc, 8, {0x48,0xee,0x50,0x6c,0xae,0x34,0x6e,0x00}},
    {0x65cf, 8, {0x48,0xee,0x58,0x6c,0xbe,0x24,0x6a,0x00}},
    {0x65d2, 8, {0x48,0xee,0x54,0x66,0xa0,0x2a,0x6a,0x00}},
    {0x65d7, 8, {0x48,0xee,0x5c,0x6c,0xbe,0x20,0x72,0x00}},
    {0x65d9, 8, {0x5e,0xec,0x5e,0x6c,0x76,0xac,0xac,0x00}},
    {0x65db, 8, {0x48,0xee,0x5e,0x6c,0xb6,0x2c,0x6c,0x00}},
    {0x65e0, 8, {0x7c,0x10,0x10,0xfe,0x18,0x2a,0xce,0x00}},
    {0x65e1, 8, {0xfc,0x10,0x90,0xfe,0x18,0x2a,0xce,0x00}},
    {0x65e2, 8, {0xfe,0xaa,0xea,0xbe,0xe4,0x8c,0xf6,0x00}},
    {0x65e5, 8, {0x7e,0x42,0x42,0x7e,0x42,0x42,0x7e,0x00}},
    {0x65e6, 8, {0x7c,0x44,0x7c,0x44,0x7c,0x00,0xfe,0x00}},
    {0x65e7, 8, {0xbe,0xa2,0xa2,0xbe,0xa2,0xa2,0xbe,0x00}},
    {0x65e8, 8, {0x8c,0xf0,0x82,0x7e,0x7c,0x44,0x7c,0x00}},
    {0x65e9, 8, {0x7c,0x44,0x7c,0x44,0x7c,0xfe,0x10,0x00}},
    {0x65ec, 8, {0x20,0x3e,0x6a,0xba,0x2a,0x3a,0x06,0x00}},
    {0x65ed, 8, {0x4e,0xfa,0x5e,0x5a,0x5e,0x50,0x9e,0x00}},
    {0x65f1, 8, {0x7c,0x44,0x7c,0xfe,0x10,0xfe,0x10,0x00}},
    {0x65fa, 8, {0x1e,0xe4,0xa4,0xee,0xa4,0xe4,0x1e,0x00}},
    {0x65fb, 8, {0x7c,0x44,0x7c,0xfe,0x28,0x10,0xee,0x00}},
    {0x6602, 8, {0x7c,0x44,0x7c,0x4e,0x8a,0xea,0x08,0x00}},
    {0x6603, 8, {0x3c,0x24,0x3c,0x7e,0x48,0x48,0xb6,0x00}},
    {0x6606, 8, {0x7c,0x44,0x7c,0x48,0x6e,0x48,0xee,0x00}},
    {0x6607, 8, {0x7c,0x44,0x7c,0x28,0xfe,0x28,0x48,0x00}},
    {0x660a, 8, {0x7c,0x44,0xfe,0x10,0x7c,0x10,0xee,0x00}},
    {0x660c, 8, {0x7c,0x44,0xfe,0x82,0xfe,0x82,0xfe,0x00}},
    {0x660e, 8, {0xee,0xaa,0xee,0xaa,0xee,0x12,0x26,0x00}},
    {0x660f, 8, {0x0c,0x70,0x7c,0x48,0xe6,0x7c,0x7c,0x00}},
    {0x6613, 8, {0x7c,0x44,0x7c,0x20,0x7e,0xaa,0x56,0x00}},
    {0x6614, 8, {0x28,0x7c,0x28,0xfe,0x7c,0x44,0x7c,0x00}},
    {0x661c, 8, {0x7c,0x44,0xfe,0x20,0x7e,0xaa,0x56,0x00}},
    {0x661f, 8, {0x7c,0x44,0x7e,0x50,0xbc,0x10,0xfe,0x00}},
    {0x6620, 8, {0x08,0xfc,0xb4,0xfe,0xa8,0xe8,0x36,0x00}},
    {0x6625, 8, {0x10,0x7c,0x38,0xfe,0x44,0xba,0x38,0x00}},
    {0x6627, 8, {0x08,0xfc,0xa8,0xfe,0xa8,0xdc,0x2a,0x00}},
    {0x6628, 8, {0x08,0xee,0xb8,0xee,0xa8,0xee,0x08,0x00}},
    {0x662d, 8, {0x1e,0xea,0xb2,0xe6,0xbe,0xf2,0x1e,0x00}},
    {0x662f, 8, {0x7c,0x44,0xfe,0x10,0x5c,0x50,0xbe,0x00}},
    {0x6634, 8, {0x7c,0x44,0x7c,0xce,0xaa,0xea,0x48,0x00}},
    {0x6635, 8, {0x1e,0xf2,0xbe,0xf4,0xb6,0xf4,0x26,0x00}},
    {0x6636, 8, {0x6e,0x0a,0x6e,0xfa,0x6e,0xb0,0x6e,0x00}},
    {0x663c, 8, {0x7c,0x44,0x78,0x44,0xba,0x28,0xfe,0x00}},
    {0x663f, 8, {0x04,0xfe,0xb0,0xf4,0xb4,0xea,0x0e,0x00}},
    {0x6641, 8, {0x7c,0x7c,0xaa,0x6c,0xea,0x28,0xce,0x00}},
    {0x6642, 8, {0x08,0xfc,0xa8,0xfe,0xa4,0xfe,0x14,0x00}},
    {0x6643, 8, {0x7c,0x7c,0x10,0x54,0xfe,0x28,0xce,0x00}},
    {0x6644, 8, {0x04,0xf6,0xa4,0xfe,0xac,0xec,0x16,0x00}},
    {0x6649, 8, {0xfe,0x48,0x6c,0xfe,0x7c,0x44,0x7c,0x00}},
    {0x664b, 8, {0xfe,0x6c,0x28,0xfe,0x7c,0x44,0x7c,0x00}},
    {0x664f, 8, {0x7c,0x44,0xfe,0x92,0x7c,0x28,0xf6,0x00}},
    {0x6652, 8, {0x3e,0xd4,0xbe,0xf6,0xb6,0xe2,0x3e,0x00}},
    {0x665d, 8, {0x10,0x7c,0x16,0x7c,0xfe,0x44,0xfe,0x00}},
    {0x665e, 8, {0x14,0xe8,0xb4,0xfe,0xa8,0xfe,0x2a,0x00}},
    {0x665f, 8, {0x3c,0x24,0x7e,0x44,0x76,0x54,0xaa,0x00}},
    {0x6662, 8, {0x44,0xd8,0x5e,0xd4,0x7c,0x7c,0x7c,0x00}},
    {0x6664, 8, {0x0e,0xe4,0xbe,0xea,0xbe,0xea,0x0e,0x00}},
    {0x6666, 8, {0x10,0xfe,0xac,0xee,0xb4,0xfe,0x04,0x00}},
    {0x6667, 8, {0x0c,0xee,0xb4,0xfe,0xa4,0xee,0x0e,0x00}},
    {0x6668, 8, {0x3c,0x24,0x7e,0x5c,0x7e,0x68,0xb6,0x00}},
    {0x6669, 8, {0x0c,0xf4,0xbe,0xea,0xbe,0xd4,0x26,0x00}},
    {0x666e, 8, {0x44,0xfe,0x6c,0x28,0xfe,0x44,0x7c,0x00}},
    {0x666f, 8, {0x7c,0x44,0xfe,0x44,0x7c,0x54,0xb2,0x00}},
    {0x6670, 8, {0x0a,0xfc,0xac,0xfe,0xba,0xea,0x0a,0x00}},
    {0x6674, 8, {0x04,0xee,0xa4,0xfe,0xaa,0xee,0x0a,0x00}},
    {0x6676, 8, {0x7c,0x44,0xfe,0xaa,0xee,0xaa,0xee,0x00}},
    {0x667a, 8, {0x40,0x7e,0xaa,0x5e,0xfc,0x44,0x7c,0x00}},
    {0x6681, 8, {0x08,0xfc,0xbe,0xf4,0xbe,0xd4,0x26,0x00}},
    {0x6683, 8, {0x7c,0x44,0x7c,0xee,0x28,0xee,0x48,0x00}},
    {0x6684, 8, {0x04,0xfe,0xb6,0xe0,0xac,0xec,0x1e,0x00}},
    {0x6687, 8, {0x36,0xf2,0xa6,0xfe,0xaa,0xf4,0x2a,0x00}},
    {0x6688, 8, {0x7c,0x44,0xfe,0xba,0x38,0xfe,0x10,0x00}},
    {0x6689, 8, {0x1e,0xf6,0xbe,0xec,0xac,0xfe,0x04,0x00}},
    {0x668e, 8, {0x14,0xfe,0xb4,0xea,0xbe,0xc8,0x36,0x00}},
    {0x6691, 8, {0x7c,0x44,0x7c,0x38,0xfe,0x34,0xdc,0x00}},
    {0x6696, 8, {0x06,0xf8,0xaa,0xfe,0xaa,0xf4,0x2a,0x00}},
    {0x6697, 8, {0x08,0xfe,0xb4,0xfe,0xa0,0xec,0x0c,0x00}},
    {0x6698, 8, {0x0e,0xea,0xbe,0xe8,0xae,0xf6,0x0a,0x00}},
    {0x669d, 8, {0x1e,0xf2,0xac,0xec,0xbe,0xe0,0x12,0x00}},
    {0x66a2, 8, {0x4e,0xea,0xbe,0xe8,0xae,0xf6,0x4a,0x00}},
    {0x66a6, 8, {0x7e,0x54,0x7e,0x54,0x7e,0x62,0xbe,0x00}},
    {0x66ab, 8, {0x2e,0xf8,0x6e,0xf4,0x24,0x7c,0x7c,0x00}},
    {0x66ae, 8, {0x28,0xfe,0x38,0xfe,0x44,0xba,0x38,0x00}},
    {0x66b4, 8, {0x7c,0x7c,0x28,0xfe,0x54,0x38,0xd6,0x00}},
    {0x66b8, 8, {0x08,0xfe,0xb4,0xfe,0xb4,0xc8,0x2a,0x00}},
    {0x66b9, 8, {0xbe,0x3e,0x94,0x1e,0xf4,0x5e,0xbe,0x00}},
    {0x66bc, 8, {0x56,0xaa,0x74,0x5a,0x7c,0x44,0x7c,0x00}},
    {0x66be, 8, {0x14,0xfe,0xee,0xf6,0xde,0xf4,0x1a,0x00}},
    {0x66c1, 8, {0x5e,0xec,0xec,0xd6,0x7c,0x44,0xfe,0x00}},
    {0x66c4, 8, {0x14,0xfe,0xbc,0xfe,0xbc,0xfe,0x08,0x00}},
    {0x66c7, 8, {0x7c,0x44,0xfe,0xb6,0x78,0x24,0xfa,0x00}},
    {0x66c9, 8, {0x08,0xfc,0xbe,0xf6,0xbe,0xd4,0x26,0x00}},
    {0x66d6, 8, {0x3e,0xd4,0xbe,0xf2,0xac,0xd4,0x2a,0x00}},
    {0x66d9, 8, {0x3e,0xea,0xbe,0xec,0xbe,0xda,0x2e,0x00}},
    {0x66da, 8, {0x14,0xfe,0xb4,0xfe,0xba,0xec,0x1a,0x00}},
    {0x66dc, 8, {0x1e,0xea,0xbe,0xe4,0xae,0xfc,0x0e,0x00}},
    {0x66dd, 8, {0x1e,0xfe,0xac,0xfe,0xaa,0xdc,0x2a,0x00}},
    {0x66e0, 8, {0x08,0xfe,0xac,0xfe,0xac,0xec,0x32,0x00}},
    {0x66e6, 8, {0x14,0xfe,0xa8,0xfe,0xb6,0xec,0x1a,0x00}},
    {0x66e9, 8, {0x7c,0x44,0xfe,0x6c,0xfe,0x68,0xb6,0x00}},
    {0x66f0, 8, {0x7e,0x42,0x42,0x7a,0x42,0x42,0x7e,0x00}},
    {0x66f2, 8, {0x28,0xfe,0xaa,0xfe,0xaa,0xaa,0xfe,0x00}},
    {0x66f3, 8, {0x10,0x7c,0x54,0x7c,0x0a,0x04,0xfa,0x00}},
    {0x66f4, 8, {0xfe,0x54,0x7c,0x54,0x7c,0x30,0xce,0x00}},
    {0x66f5, 8, {0x24,0xf8,0xa8,0xf8,0x14,0x08,0xf6,0x00}},
    {0x66f7, 8, {0x7c,0x44,0x7c,0x3e,0xd2,0x6a,0x7a,0x00}},
    {0x66f8, 8, {0x10,0x7c,0x16,0xfc,0x10,0xfe,0x7c,0x00}},
    {0x66f9, 8, {0x28,0xfe,0xfe,0xaa,0xfe,0x44,0x7c,0x00}},
    {0x66fc, 8, {0x7c,0x44,0xfe,0xfe,0x28,0x10,0xee,0x00}},
    {0x66fd, 8, {0x44,0xfe,0x92,0xfe,0x7c,0x44,0x7c,0x00}},
    {0x66fe, 8, {0x28,0x44,0xfe,0x54,0x7c,0x44,0x7c,0x00}},
    {0x66ff, 8, {0x44,0xee,0x44,0xaa,0x7c,0x44,0x7c,0x00}},
    {0x6700, 8, {0x7c,0x44,0xfe,0x52,0x5a,0xf4,0x1a,0x00}},
    {0x6703, 8, {0x10,0x28,0xfe,0x54,0x7c,0x44,0x7c,0x00}},
    {0x6708, 8, {0x3e,0x22,0x3e,0x22,0x3e,0x42,0x86,0x00}},
    {0x6709, 8, {0x20,0xfe,0x20,0x7c,0xa4,0x3c,0x24,0x00}},
    {0x670b, 8, {0x7e,0x5a,0x7e,0x5a,0x7e,0x5a,0xb6,0x00}},
    {0x670d, 8, {0x7e,0x52,0x70,0x5e,0x7a,0x54,0xba,0x00}},
    {0x670f, 8, {0xe4,0xb6,0xfe,0xa4,0xf6,0xb6,0xbe,0x00}},
    {0x6714, 8, {0x5e,0xfa,0x2e,0xaa,0xfe,0x4a,0x96,0x00}},
    {0x6715, 8, {0xea,0xa0,0xee,0xa4,0xee,0xa4,0xba,0x00}},
    {0x6716, 8, {0xe4,0xbe,0xf2,0xbe,0xfa,0xb4,0xba,0x00}},
    {0x6717, 8, {0x4e,0xea,0xae,0xea,0x8e,0xaa,0xd6,0x00}},
    {0x671b, 8, {0x2e,0xfa,0x4e,0x72,0xfe,0x10,0xfe,0x00}},
    {0x671d, 8, {0xee,0x4a,0xee,0xaa,0x4e,0xea,0x56,0x00}},
    {0x671e, 8, {0x28,0x7c,0x28,0xfe,0x5c,0x9a,0x28,0x00}},
    {0x671f, 8, {0x5e,0xfa,0x5e,0x7a,0xfe,0x0a,0x96,0x00}},
    {0x6726, 8, {0xd4,0xbe,0xf4,0xbe,0xfa,0xac,0xba,0x00}},
    {0x6727, 8, {0xd6,0xbc,0xee,0xba,0xee,0xbc,0xae,0x00}},
    {0x6728, 8, {0x10,0xfe,0x10,0x38,0x54,0x92,0x10,0x00}},
    {0x672a, 8, {0x10,0x7c,0x10,0xfe,0x10,0x38,0xd6,0x00}},
    {0x672b, 8, {0x10,0xfe,0x10,0x7c,0x10,0x38,0xd6,0x00}},
    {0x672c, 8, {0x10,0xfe,0x10,0x38,0x54,0xba,0x10,0x00}},
    {0x672d, 8, {0x28,0xf8,0x28,0x78,0x68,0xaa,0x2e,0x00}},
    {0x672e, 8, {0x14,0xfe,0x10,0x54,0x54,0x54,0x96,0x00}},
    {0x6731, 8, {0x50,0x7c,0x90,0xfe,0x10,0x38,0xd6,0x00}},
    {0x6734, 8, {0x28,0xf8,0x28,0x7c,0x6a,0xa8,0x28,0x00}},
    {0x6736, 8, {0x78,0x2e,0xc2,0x10,0xfe,0x38,0xd6,0x00}},
    {0x6737, 8, {0x5e,0xea,0x4a,0xea,0xca,0x4a,0x56,0x00}},
    {0x6738, 8, {0x48,0xfe,0x4a,0xea,0xca,0x4a,0x56,0x00}},
    {0x673a, 8, {0x5c,0xd4,0x54,0xd4,0xd4,0x54,0x66,0x00}},
    {0x673d, 8, {0x5e,0xe8,0x48,0xee,0xc2,0x42,0x46,0x00}},
    {0x673f, 8, {0x10,0xfe,0x7c,0x54,0x10,0x38,0xd6,0x00}},
    {0x6741, 8, {0x58,0xc8,0x48,0xc8,0xd4,0x54,0x62,0x00}},
    {0x6746, 8, {0x5c,0xc8,0x48,0xfe,0xc8,0x48,0x48,0x00}},
    {0x6749, 8, {0x22,0xf4,0x22,0x74,0x60,0xa2,0x2c,0x00}},
    {0x674e, 8, {0x10,0xfe,0x3c,0xda,0x08,0xfe,0x10,0x00}},
    {0x674f, 8, {0x10,0xfe,0x38,0xd6,0x7c,0x44,0x7c,0x00}},
    {0x6750, 8, {0x44,0xfe,0x44,0xc6,0xcc,0x74,0x4c,0x00}},
    {0x6751, 8, {0x24,0xfe,0x24,0x74,0x6c,0xa4,0x2c,0x00}},
    {0x6753, 8, {0x50,0xde,0x62,0xd2,0xca,0x42,0x46,0x00}},
    {0x6756, 8, {0x48,0xfe,0x48,0xd8,0xc8,0x54,0x62,0x00}},
    {0x6759, 8, {0x4a,0xe8,0x5e,0xe8,0xc4,0x44,0x42,0x00}},
    {0x675c, 8, {0x44,0xe4,0x5e,0xe4,0xc4,0x44,0x5e,0x00}},
    {0x675e, 8, {0x5e,0xe2,0x42,0xfe,0xd0,0x52,0x5e,0x00}},
    {0x675f, 8, {0x10,0xfe,0x54,0x7c,0x10,0x38,0xd6,0x00}},
    {0x6760, 8, {0x40,0xee,0x44,0xe4,0xc4,0x44,0x5e,0x00}},
    {0x6761, 8, {0x18,0x68,0x10,0xee,0x7c,0x38,0xd6,0x00}},
    {0x6762, 8, {0x10,0xfe,0x38,0xd6,0x7c,0x10,0xfe,0x00}},
    {0x6763, 8, {0x48,0xc8,0x6a,0xea,0xea,0x6a,0x7e,0x00}},
    {0x6764, 8, {0x5e,0xe8,0x4e,0xea,0xca,0x4a,0x56,0x00}},
    {0x6765, 8, {0x10,0xfe,0x54,0x10,0xfe,0x38,0xd6,0x00}},
    {0x676a, 8, {0x48,0xdc,0x5a,0xe8,0xca,0x44,0x58,0x00}},
    {0x676d, 8, {0x48,0xfe,0x40,0xdc,0xd4,0x54,0x66,0x00}},
    {0x676f, 8, {0x7e,0xc8,0x48,0xdc,0xea,0x48,0x48,0x00}},
    {0x6770, 8, {0x10,0xfe,0x10,0x38,0xd6,0x00,0xaa,0x00}},
    {0x6771, 8, {0x10,0xfe,0x54,0x7c,0x54,0x38,0xd6,0x00}},
    {0x6772, 8, {0x7c,0x44,0x7c,0xfe,0x10,0x38,0xd6,0x00}},
    {0x6773, 8, {0x10,0xfe,0x38,0xd6,0x7c,0x7c,0x7c,0x00}},
    {0x6775, 8, {0x50,0xdc,0x68,0xc8,0xfe,0x48,0x48,0x00}},
    {0x6777, 8, {0x7e,0xea,0x6a,0xfe,0xe0,0x62,0x5e,0x00}},
    {0x677c, 8, {0x7c,0xd4,0x48,0xfe,0xca,0x48,0x58,0x00}},
    {0x677e, 8, {0x54,0xd4,0x62,0xc8,0xc8,0x54,0x7a,0x00}},
    {0x677f, 8, {0x5e,0xd0,0x5e,0xda,0xda,0x64,0x5a,0x00}},
    {0x6785, 8, {0x7e,0xd4,0x54,0xfe,0xd4,0x54,0x64,0x00}},
    {0x6787, 8, {0x54,0xd4,0x5e,0xd4,0xd4,0x5c,0x76,0x00}},
    {0x6789, 8, {0x5e,0xe4,0x44,0xee,0xc4,0x44,0x5e,0x00}},
    {0x678b, 8, {0x44,0xfe,0x48,0xee,0xca,0x4a,0x56,0x00}},
    {0x678c, 8, {0x54,0xd4,0x62,0xdc,0xd4,0x54,0x6c,0x00}},
    {0x6790, 8, {0x44,0xd8,0x50,0xde,0xd4,0x54,0x64,0x00}},
    {0x6795, 8, {0x48,0xfe,0x6a,0xcc,0xcc,0x54,0x66,0x00}},
    {0x6797, 8, {0x24,0xfe,0x24,0x6c,0x76,0xa4,0x24,0x00}},
    {0x679a, 8, {0x50,0xde,0x74,0xd4,0xd4,0x48,0x76,0x00}},
    {0x679c, 8, {0x7c,0x54,0x7c,0x54,0xfe,0x38,0xd6,0x00}},
    {0x679d, 8, {0x48,0xfe,0x48,0xfc,0xd4,0x48,0x76,0x00}},
    {0x67a0, 8, {0x50,0xfc,0x54,0xe6,0xc8,0x7e,0x48,0x00}},
    {0x67a1, 8, {0x4c,0xf4,0x54,0xfe,0xd4,0x54,0x64,0x00}},
    {0x67a2, 8, {0x5e,0xf0,0x5a,0xf4,0xda,0x50,0x5e,0x00}},
    {0x67a6, 8, {0x5e,0xe0,0x4e,0xea,0xce,0x48,0x50,0x00}},
    {0x67a9, 8, {0x10,0xfe,0x3c,0xda,0x24,0xd2,0x3c,0x00}},
    {0x67af, 8, {0x48,0xc8,0x7e,0xc8,0xdc,0x54,0x5c,0x00}},
    {0x67b3, 8, {0x7e,0xe2,0x62,0xfe,0xc0,0x54,0x62,0x00}},
    {0x67b4, 8, {0x5e,0xf2,0x5e,0xe0,0xde,0x4a,0x56,0x00}},
    {0x67b6, 8, {0x40,0xfe,0x5a,0xbe,0xfe,0x38,0xd6,0x00}},
    {0x67b7, 8, {0x50,0xfe,0x5a,0xda,0xea,0x4e,0x58,0x00}},
    {0x67b8, 8, {0x48,0xee,0x52,0xee,0xce,0x42,0x46,0x00}},
    {0x67b9, 8, {0x48,0xee,0x52,0xee,0xce,0x48,0x4e,0x00}},
    {0x67c1, 8, {0x44,0xfe,0x52,0xe8,0xce,0x48,0x4e,0x00}},
    {0x67c4, 8, {0x7e,0xc8,0x7e,0xea,0xf6,0x62,0x66,0x00}},
    {0x67c6, 8, {0x48,0xfe,0x54,0xd4,0xd4,0x58,0x7e,0x00}},
    {0x67ca, 8, {0x4c,0xd4,0x48,0xf6,0xc8,0x40,0x4c,0x00}},
    {0x67ce, 8, {0x4a,0xd6,0x72,0xda,0xd2,0x52,0x56,0x00}},
    {0x67cf, 8, {0x48,0xfe,0x52,0xfe,0xd2,0x52,0x5e,0x00}},
    {0x67d0, 8, {0x28,0xfe,0x28,0x38,0xfe,0x38,0xd6,0x00}},
    {0x67d1, 8, {0x54,0xfe,0x54,0xdc,0xd4,0x54,0x5c,0x00}},
    {0x67d3, 8, {0x90,0x3c,0x94,0x26,0xfe,0x38,0xd6,0x00}},
    {0x67d4, 8, {0x38,0xfe,0x52,0xb0,0xfe,0x38,0xd6,0x00}},
    {0x67d8, 8, {0x5e,0xe8,0x48,0xee,0xda,0x4a,0x4e,0x00}},
    {0x67da, 8, {0x48,0xfe,0x6a,0xfe,0xea,0x6a,0x7e,0x00}},
    {0x67dd, 8, {0x44,0xd8,0x50,0xde,0xdc,0x56,0x64,0x00}},
    {0x67de, 8, {0x48,0xee,0x58,0xee,0xc8,0x4e,0x48,0x00}},
    {0x67e2, 8, {0x42,0xdc,0x54,0xde,0xd4,0x52,0x5e,0x00}},
    {0x67e4, 8, {0x5c,0xd4,0x5c,0xd4,0xdc,0x54,0x7e,0x00}},
    {0x67e7, 8, {0x42,0xdc,0x54,0xd4,0xd4,0x56,0x6a,0x00}},
    {0x67e9, 8, {0x5e,0xf6,0x5a,0xf2,0xd4,0x5a,0x5e,0x00}},
    {0x67ec, 8, {0x10,0xfe,0x7c,0x7c,0x7c,0x38,0xd6,0x00}},
    {0x67ee, 8, {0x48,0xea,0x7e,0xc8,0xea,0x6a,0x7e,0x00}},
    {0x67ef, 8, {0x5e,0xe2,0x5e,0xf6,0xde,0x42,0x46,0x00}},
    {0x67f1, 8, {0x50,0xc8,0x7e,0xc8,0xdc,0x48,0x7e,0x00}},
    {0x67f3, 8, {0x56,0xe6,0x76,0xf6,0xf6,0x54,0x64,0x00}},
    {0x67f4, 8, {0x24,0xb6,0xa4,0xf6,0xfe,0x38,0xd6,0x00}},
    {0x67f5, 8, {0x5e,0xda,0x5a,0xfe,0xda,0x5a,0x52,0x00}},
    {0x67fb, 8, {0x10,0xfe,0x38,0xd6,0x7c,0x44,0xfe,0x00}},
    {0x67fe, 8, {0x5e,0xe4,0x44,0xf6,0xd4,0x54,0x5e,0x00}},
    {0x67ff, 8, {0x48,0xfe,0x48,0xfe,0xea,0x6a,0x48,0x00}},
    {0x6802, 8, {0x5c,0xd4,0x54,0xfe,0xe4,0x7e,0x4c,0x00}},
    {0x6803, 8, {0x5e,0xd0,0x5e,0xd4,0xd6,0x6a,0x4a,0x00}},
    {0x6804, 8, {0x54,0xfe,0x92,0x7c,0x10,0x38,0xd6,0x00}},
    {0x6813, 8, {0x48,0xd4,0x7e,0xc8,0xdc,0x48,0x7e,0x00}},
    {0x6816, 8, {0x7e,0xd4,0x7e,0xf6,0xf6,0x62,0x7e,0x00}},
    {0x6817, 8, {0xfe,0x54,0x7c,0x10,0xfe,0x38,0xd6,0x00}},
    {0x681e, 8, {0xee,0x44,0xee,0x54,0xfe,0x38,0xd6,0x00}},
    {0x6821, 8, {0x48,0xfe,0x54,0xe2,0xd4,0x48,0x76,0x00}},
    {0x6822, 8, {0x5e,0xe8,0x5e,0xf2,0xde,0x52,0x5e,0x00}},
    {0x6829, 8, {0x7e,0xca,0x5e,0xea,0xde,0x6a,0x4a,0x00}},
    {0x682a, 8, {0x58,0xdc,0x68,0xfe,0xc8,0x5c,0x6a,0x00}},
    {0x682b, 8, {0x48,0xfe,0x56,0xf2,0xd4,0x5e,0x54,0x00}},
    {0x6832, 8, {0x4a,0xdc,0x48,0xfe,0xd8,0x6e,0x42,0x00}},
    {0x6834, 8, {0x50,0xde,0x60,0xdc,0xd4,0x7e,0x54,0x00}},
    {0x6838, 8, {0x48,0xfe,0x50,0xea,0xd4,0x4c,0x72,0x00}},
    {0x6839, 8, {0x5e,0xf2,0x5e,0xf2,0xde,0x54,0x5a,0x00}},
    {0x683c, 8, {0x4c,0xd4,0x48,0xd4,0xe2,0x5c,0x5c,0x00}},
    {0x683d, 8, {0x28,0x7a,0x28,0xfe,0x26,0x74,0xaa,0x00}},
    {0x6840, 8, {0x74,0xd6,0x2e,0xd4,0x7c,0x38,0xd6,0x00}},
    {0x6841, 8, {0x56,0xe0,0x56,0xf2,0xd2,0x52,0x56,0x00}},
    {0x6842, 8, {0x48,0xdc,0x48,0xfe,0xdc,0x48,0x7e,0x00}},
    {0x6843, 8, {0x54,0xf6,0x54,0xf6,0xd4,0x54,0x66,0x00}},
    {0x6846, 8, {0x7e,0xee,0x64,0xee,0xe4,0x6e,0x7e,0x00}},
    {0x6848, 8, {0x10,0xfe,0xaa,0x74,0xfe,0x38,0xd6,0x00}},
    {0x684d, 8, {0x48,0xfe,0x54,0xea,0xdc,0x42,0x46,0x00}},
    {0x684e, 8, {0x7e,0xd4,0x7a,0xc8,0xdc,0x48,0x7e,0x00}},
    {0x6850, 8, {0x5e,0xf2,0x5e,0xf2,0xde,0x5e,0x52,0x00}},
    {0x6851, 8, {0x38,0x08,0xe6,0x22,0xdc,0x38,0xd6,0x00}},
    {0x6853, 8, {0x7e,0xdc,0x54,0xdc,0xd4,0x5c,0x7e,0x00}},
    {0x6854, 8, {0x48,0xfe,0x48,0xdc,0xc0,0x5c,0x5c,0x00}},
    {0x6859, 8, {0x48,0xd2,0x7e,0xdc,0xe8,0x7e,0x48,0x00}},
    {0x685c, 8, {0x6a,0xc4,0x48,0xfe,0xd4,0x4c,0x72,0x00}},
    {0x685d, 8, {0x52,0xde,0x6a,0xda,0xce,0x52,0x62,0x00}},
    {0x685f, 8, {0x4a,0xfe,0x48,0xfc,0xca,0x44,0x5a,0x00}},
    {0x6863, 8, {0x6a,0xc8,0x7e,0xc2,0xde,0x42,0x7e,0x00}},
    {0x6867, 8, {0x48,0xd4,0x6e,0xc0,0xfe,0x54,0x7a,0x00}},
    {0x6874, 8, {0x5c,0xea,0x40,0xdc,0xc4,0x7e,0x48,0x00}},
    {0x6876, 8, {0x5e,0xc4,0x7e,0xea,0xfe,0x6a,0x6a,0x00}},
    {0x6877, 8, {0x4c,0xf4,0x5e,0xda,0xde,0x52,0x66,0x00}},
    {0x687e, 8, {0x5e,0xea,0x5e,0xea,0xcc,0x5e,0x4e,0x00}},
    {0x687f, 8, {0x5c,0xd4,0x5c,0xfe,0xc8,0x7e,0x48,0x00}},
    {0x6881, 8, {0xbc,0x14,0x96,0x2c,0xfe,0x38,0xd6,0x00}},
    {0x6883, 8, {0x72,0xdc,0x64,0xde,0xf4,0x5e,0x6e,0x00}},
    {0x6885, 8, {0x50,0xde,0x4c,0xfe,0xd4,0x5e,0x44,0x00}},
    {0x688d, 8, {0x48,0xdc,0x5c,0xc8,0xfe,0x48,0x4e,0x00}},
    {0x688f, 8, {0x58,0xdc,0x68,0xfe,0xc8,0x5c,0x5c,0x00}},
    {0x6893, 8, {0x48,0xfe,0x54,0xfe,0xc8,0x7e,0x48,0x00}},
    {0x6894, 8, {0x42,0xdc,0x5e,0xda,0xde,0x58,0x6e,0x00}},
    {0x6897, 8, {0x7e,0xdc,0x5c,0xc8,0xd8,0x48,0x76,0x00}},
    {0x689b, 8, {0x7e,0xd6,0x7c,0xd6,0xfe,0x54,0x6c,0x00}},
    {0x689d, 8, {0x2c,0x74,0xe8,0x74,0x7e,0x5c,0x6a,0x00}},
    {0x689f, 8, {0x10,0x78,0x7e,0x12,0xfe,0x38,0xd6,0x00}},
    {0x68a0, 8, {0x5e,0xf2,0x5e,0xe8,0xde,0x52,0x5e,0x00}},
    {0x68a2, 8, {0x56,0xe4,0x5e,0xf2,0xde,0x52,0x56,0x00}},
    {0x68a6, 8, {0x24,0xfe,0x6c,0xbe,0x64,0x18,0xe0,0x00}},
    {0x68a7, 8, {0x5c,0xc8,0x7c,0xd4,0xfe,0x54,0x5c,0x00}},
    {0x68a8, 8, {0x6a,0xfa,0x6a,0xb2,0xfe,0x38,0xd6,0x00}},
    {0x68ad, 8, {0x52,0xfe,0x54,0xe6,0xdc,0x68,0x56,0x00}},
    {0x68af, 8, {0x54,0xfe,0x4a,0xfe,0xe8,0x5e,0x6a,0x00}},
    {0x68b0, 8, {0x44,0xfe,0x54,0xfc,0xd6,0x54,0x4a,0x00}},
    {0x68b1, 8, {0x7e,0xea,0x7e,0xea,0xfe,0x6a,0x7e,0x00}},
    {0x68b3, 8, {0x48,0xfe,0x54,0xfa,0xd8,0x5a,0x6a,0x00}},
    {0x68b5, 8, {0x24,0xfe,0x6c,0xbe,0x24,0x54,0x86,0x00}},
    {0x68b6, 8, {0x5e,0xde,0x56,0xdc,0xd6,0x5c,0x66,0x00}},
    {0x68b9, 8, {0x44,0xd8,0x5e,0xd4,0xfe,0x40,0x62,0x00}},
    {0x68ba, 8, {0x24,0xfe,0x6c,0xb6,0xfe,0x18,0x14,0x00}},
    {0x68bc, 8, {0x48,0xdc,0x7e,0xd4,0xfe,0x64,0x54,0x00}},
    {0x68c4, 8, {0x10,0xfe,0x28,0x74,0xfe,0x38,0xd6,0x00}},
    {0x68c6, 8, {0x48,0xd4,0x6e,0xc0,0xfe,0x7e,0x6a,0x00}},
    {0x68c9, 8, {0x48,0xdc,0x54,0xdc,0xfe,0x6a,0x48,0x00}},
    {0x68ca, 8, {0x28,0x7c,0x28,0xfe,0x54,0x38,0xd6,0x00}},
    {0x68cb, 8, {0x54,0xfe,0x54,0xdc,0xfe,0x40,0x62,0x00}},
    {0x68cd, 8, {0x7e,0xe2,0x7e,0xe4,0xf6,0x64,0x76,0x00}},
    {0x68d2, 8, {0x48,0xdc,0x7e,0xd4,0xea,0x5c,0x48,0x00}},
    {0x68d4, 8, {0x5e,0xf4,0x5e,0xf4,0xda,0x5c,0x5c,0x00}},
    {0x68d5, 8, {0x48,0xfe,0x6e,0xc0,0xfe,0x48,0x6a,0x00}},
    {0x68d7, 8, {0x10,0xfe,0x54,0x38,0xd6,0x38,0xd6,0x00}},
    {0x68d8, 8, {0x24,0xfe,0x24,0xfe,0xb6,0x6c,0xb6,0x00}},
    {0x68da, 8, {0x7e,0xea,0x7e,0xea,0xfe,0x6a,0x56,0x00}},
    {0x68df, 8, {0x48,0xfe,0x5c,0xdc,0xc8,0x5c,0x6a,0x00}},
    {0x68e0, 8, {0x54,0xfe,0xaa,0x38,0xfe,0x38,0xd6,0x00}},
    {0x68e1, 8, {0x7e,0xe2,0x76,0xea,0xf6,0x7e,0x62,0x00}},
    {0x68e3, 8, {0x48,0xfc,0x4e,0xfc,0xea,0x5c,0x6a,0x00}},
    {0x68e7, 8, {0x4a,0xfe,0x44,0xea,0xde,0x44,0x5a,0x00}},
    {0x68ee, 8, {0x10,0x7c,0x38,0x54,0xfe,0x6c,0xb6,0x00}},
    {0x68ef, 8, {0x48,0xd4,0x6e,0xdc,0xc4,0x72,0x6e,0x00}},
    {0x68f2, 8, {0x48,0xfe,0x4c,0xdc,0xfe,0x54,0x7a,0x00}},
    {0x68f9, 8, {0x48,0xce,0x5c,0xd4,0xdc,0x7e,0x48,0x00}},
    {0x68fa, 8, {0x48,0xfe,0x62,0xdc,0xde,0x52,0x5e,0x00}},
    {0x6900, 8, {0x48,0xfe,0x62,0xde,0xea,0x58,0x6e,0x00}},
    {0x6901, 8, {0x48,0xfe,0x54,0xdc,0xc4,0x7e,0x48,0x00}},
    {0x6904, 8, {0x48,0xfe,0x54,0xfe,0xd4,0x4c,0x72,0x00}},
    {0x6905, 8, {0x48,0xfe,0x48,0xd4,0xfe,0x44,0x54,0x00}},
    {0x6908, 8, {0x50,0xde,0x76,0xca,0xde,0x4a,0x56,0x00}},
    {0x690b, 8, {0x48,0xfe,0x54,0xdc,0xc8,0x6a,0x58,0x00}},
    {0x690c, 8, {0x48,0xfe,0x76,0xc0,0xdc,0x48,0x7e,0x00}},
    {0x690d, 8, {0x44,0xde,0x44,0xd6,0xd6,0x50,0x5e,0x00}},
    {0x690e, 8, {0x54,0xde,0x74,0xde,0xd4,0x54,0x5e,0x00}},
    {0x690f, 8, {0x7e,0xd4,0x76,0xe2,0xf6,0x54,0x7e,0x00}},
    {0x6912, 8, {0x56,0xda,0x52,0xfa,0xd4,0x74,0x5a,0x00}},
    {0x6919, 8, {0x4c,0xec,0x5e,0xf2,0xde,0x52,0x5e,0x00}},
    {0x691a, 8, {0x76,0xf6,0x76,0xe2,0xe2,0x62,0x66,0x00}},
    {0x691b, 8, {0x54,0xfe,0x44,0xd4,0xf6,0x54,0x56,0x00}},
    {0x691c, 8, {0x48,0xd4,0x7e,0xea,0xfe,0x48,0x76,0x00}},
    {0x6921, 8, {0x7a,0xd6,0x66,0xfe,0xd2,0x7a,0x46,0x00}},
    {0x6922, 8, {0x7e,0xde,0x4a,0xde,0xca,0x5e,0x7e,0x00}},
    {0x6923, 8, {0x4a,0xde,0x5a,0xde,0xfe,0x40,0x52,0x00}},
    {0x6925, 8, {0x70,0xfe,0x56,0xfe,0xd6,0x56,0x68,0x00}},
    {0x6926, 8, {0x54,0xea,0x7e,0xd4,0xea,0x5c,0x64,0x00}},
    {0x6928, 8, {0x48,0xfe,0x60,0xea,0xf6,0x72,0x56,0x00}},
    {0x692a, 8, {0x54,0xfe,0x54,0xf6,0xf6,0x54,0x7e,0x00}},
    {0x6930, 8, {0x7e,0xd6,0x5c,0xde,0xd6,0x7c,0x44,0x00}},
    {0x6934, 8, {0x5e,0xea,0x70,0xee,0xfa,0x64,0x6a,0x00}},
    {0x6936, 8, {0x76,0xea,0x76,0xfe,0xd4,0x68,0x56,0x00}},
    {0x6939, 8, {0x54,0xfe,0x54,0xd4,0xfe,0x68,0x7e,0x00}},
    {0x693d, 8, {0x4e,0xd4,0x7e,0xe8,0xda,0x6c,0x5a,0x00}},
    {0x693f, 8, {0x48,0xfe,0x5c,0xfe,0xd4,0x6e,0x4c,0x00}},
    {0x694a, 8, {0x5c,0xd4,0x7e,0xd0,0xde,0x6a,0x56,0x00}},
    {0x6953, 8, {0x7e,0xea,0x7e,0xfe,0xea,0x6e,0x5a,0x00}},
    {0x6954, 8, {0x56,0xfe,0x7a,0xd0,0xfe,0x48,0x76,0x00}},
    {0x6955, 8, {0x50,0xfe,0x54,0xee,0xdc,0x5c,0x54,0x00}},
    {0x6959, 8, {0x7c,0xce,0x54,0xfe,0xde,0x74,0x54,0x00}},
    {0x695a, 8, {0x24,0xfe,0x6c,0xb6,0xfc,0x58,0xbe,0x00}},
    {0x695c, 8, {0x56,0xfe,0x56,0xfe,0xee,0x7e,0x4a,0x00}},
    {0x695d, 8, {0x48,0xfe,0x5e,0xde,0xc8,0x5c,0x6a,0x00}},
    {0x695e, 8, {0x5e,0xde,0x44,0xde,0xc8,0x4e,0x52,0x00}},
    {0x6960, 8, {0x48,0xfe,0x48,0xf6,0xea,0x7e,0x6a,0x00}},
    {0x6961, 8, {0x78,0xd4,0x6e,0xc0,0xda,0x5c,0x5a,0x00}},
    {0x6962, 8, {0x54,0xfe,0x54,0xfe,0xf6,0x62,0x7e,0x00}},
    {0x696a, 8, {0x6a,0xfe,0x6e,0xe0,0xfe,0x5c,0x6a,0x00}},
    {0x696b, 8, {0x5c,0xd4,0x7e,0xdc,0xd4,0x7e,0x44,0x00}},
    {0x696d, 8, {0xaa,0xfe,0x28,0x7c,0xfe,0x38,0xd6,0x00}},
    {0x696e, 8, {0x4a,0xdc,0x48,0xfe,0xd4,0x6e,0x4e,0x00}},
    {0x696f, 8, {0x42,0xdc,0x5e,0xd4,0xde,0x6e,0x4e,0x00}},
    {0x6973, 8, {0x54,0xfe,0x54,0xdc,0xfe,0x5c,0x6a,0x00}},
    {0x6974, 8, {0x48,0xfe,0x54,0xfe,0xea,0x5c,0x54,0x00}},
    {0x6975, 8, {0x5e,0xe8,0x4c,0xf6,0xd6,0x44,0x5e,0x00}},
    {0x6977, 8, {0x64,0xf6,0x64,0xf6,0xc8,0x5c,0x5c,0x00}},
    {0x6978, 8, {0x74,0xd4,0x7e,0xdc,0xf4,0x74,0x5a,0x00}},
    {0x6979, 8, {0x7c,0xd6,0x5a,0xe6,0xdc,0x5c,0x7e,0x00}},
    {0x697c, 8, {0x6a,0xdc,0x6a,0xd0,0xfe,0x54,0x7a,0x00}},
    {0x697d, 8, {0x92,0x6c,0xba,0x10,0xfe,0x38,0xd6,0x00}},
    {0x697e, 8, {0x48,0xdc,0x54,0xdc,0xfa,0x5c,0x6a,0x00}},
    {0x6981, 8, {0x48,0xfe,0x6a,0xd4,0xfa,0x48,0x7e,0x00}},
    {0x6982, 8, {0x4e,0xf6,0x76,0xfe,0xe4,0x74,0x4a,0x00}},
    {0x698a, 8, {0x54,0xfe,0x5a,0xee,0xda,0x5e,0x54,0x00}},
    {0x698e, 8, {0x7e,0xdc,0x5c,0xdc,0xf4,0x48,0x76,0x00}},
    {0x6991, 8, {0x4a,0xfe,0x5c,0xd4,0xfe,0x54,0x4c,0x00}},
    {0x6994, 8, {0x56,0xfe,0x6c,0xfe,0xe6,0x6c,0x74,0x00}},
    {0x6995, 8, {0x48,0xfe,0x76,0xc8,0xd4,0x6e,0x4c,0x00}},
    {0x699b, 8, {0x48,0xfe,0x48,0xd4,0xea,0x5c,0x6a,0x00}},
    {0x699c, 8, {0x48,0xfe,0x54,0xfe,0xea,0x4c,0x54,0x00}},
    {0x69a0, 8, {0x7e,0xe2,0x5c,0xd4,0xfe,0x40,0x62,0x00}},
    {0x69a7, 8, {0x7e,0xd4,0x76,0xd4,0xf6,0x54,0x7e,0x00}},
    {0x69ae, 8, {0xaa,0x44,0xfe,0x92,0x7c,0x38,0xd6,0x00}},
    {0x69b1, 8, {0x48,0xfe,0x5c,0xf6,0xdc,0x74,0x5a,0x00}},
    {0x69b2, 8, {0x5e,0xf6,0x5a,0xde,0xc0,0x4c,0x5e,0x00}},
    {0x69b4, 8, {0x4e,0xf6,0x66,0xfa,0xdc,0x5c,0x5c,0x00}},
    {0x69bb, 8, {0x5c,0xd4,0x5c,0xfe,0xca,0x5e,0x6a,0x00}},
    {0x69be, 8, {0x5c,0xd4,0x7e,0xe2,0xdc,0x5c,0x54,0x00}},
    {0x69bf, 8, {0x6a,0xfe,0x40,0xfe,0xe2,0x5c,0x7e,0x00}},
    {0x69c1, 8, {0x48,0xfe,0x54,0xdc,0xfe,0x62,0x6a,0x00}},
    {0x69c3, 8, {0x6e,0x6a,0xf4,0xaa,0xfe,0x38,0xd6,0x00}},
    {0x69c7, 8, {0x50,0xde,0x4c,0xec,0xfe,0x40,0x62,0x00}},
    {0x69ca, 8, {0xae,0xea,0xee,0x52,0xfe,0x38,0xd6,0x00}},
    {0x69cb, 8, {0x54,0xfe,0x54,0xfe,0xdc,0x7e,0x54,0x00}},
    {0x69cc, 8, {0x52,0xe6,0x46,0xf4,0xd6,0x56,0x6e,0x00}},
    {0x69cd, 8, {0x48,0xd4,0x7a,0xd8,0xd0,0x6c,0x4c,0x00}},
    {0x69ce, 8, {0x54,0xfe,0x48,0xfe,0xde,0x54,0x6e,0x00}},
    {0x69d0, 8, {0x48,0xfe,0x6a,0xfe,0xea,0x5c,0x6e,0x00}},
    {0x69d3, 8, {0x5c,0xc8,0x7e,0xdc,0xd4,0x5c,0x62,0x00}},
    {0x69d8, 8, {0x54,0xfe,0x5c,0xfe,0xea,0x5c,0x6a,0x00}},
    {0x69d9, 8, {0x48,0xfe,0x5c,0xdc,0xfe,0x40,0x62,0x00}},
    {0x69dd, 8, {0x48,0xfc,0x5c,0xf0,0xde,0x4a,0x5e,0x00}},
    {0x69de, 8, {0x48,0xfe,0x54,0xfe,0xdc,0x5c,0x46,0x00}},
    {0x69e7, 8, {0x2e,0xf8,0x6e,0xf4,0xfe,0x38,0xd6,0x00}},
    {0x69e8, 8, {0x56,0xfe,0x6c,0xfe,0xd6,0x7c,0x54,0x00}},
    {0x69eb, 8, {0x48,0xfe,0x5c,0xda,0xfe,0x54,0x4c,0x00}},
    {0x69ed, 8, {0x44,0xfe,0x54,0xdc,0xd6,0x7c,0x52,0x00}},
    {0x69f2, 8, {0x5a,0xee,0x5a,0xde,0xda,0x5e,0x6a,0x00}},
    {0x69f9, 8, {0x48,0xdc,0x5c,0xf6,0xc8,0x7e,0x48,0x00}},
    {0x69fb, 8, {0x56,0xfe,0x56,0xfe,0xd6,0x54,0x6a,0x00}},
    {0x69fd, 8, {0x54,0xfe,0x54,0xfe,0xfe,0x54,0x5c,0x00}},
    {0x69ff, 8, {0x54,0xfe,0x54,0xfe,0xfe,0x48,0x7e,0x00}},
    {0x6a02, 8, {0x52,0xbc,0x6a,0xbc,0xfe,0x38,0xd6,0x00}},
    {0x6a05, 8, {0x54,0xea,0x50,0xf4,0xd6,0x5c,0x56,0x00}},
    {0x6a0a, 8, {0x54,0xee,0x54,0xee,0x7c,0x10,0xee,0x00}},
    {0x6a0b, 8, {0x6c,0xc4,0x4e,0xfe,0xda,0x50,0x6e,0x00}},
    {0x6a0c, 8, {0x5c,0xf6,0x5c,0xdc,0xdc,0x5c,0x62,0x00}},
    {0x6a12, 8, {0x48,0xfe,0x6a,0xd4,0xec,0x5a,0x5e,0x00}},
    {0x6a13, 8, {0x48,0xdc,0x76,0xdc,0xfe,0x54,0x7a,0x00}},
    {0x6a14, 8, {0x54,0xe8,0x5c,0xdc,0xfe,0x5c,0x6a,0x00}},
    {0x6a17, 8, {0x5c,0xfe,0x6a,0xdc,0xde,0x42,0x46,0x00}},
    {0x6a19, 8, {0x7e,0xdc,0x5c,0xc0,0xfe,0x48,0x6a,0x00}},
    {0x6a1b, 8, {0x76,0xd2,0x48,0xd4,0xea,0x44,0x58,0x00}},
    {0x6a1e, 8, {0x7e,0xec,0x6c,0xe0,0xf6,0x76,0x7e,0x00}},
    {0x6a1f, 8, {0x48,0xfe,0x54,0xfe,0xdc,0x7e,0x48,0x00}},
    {0x6a21, 8, {0x54,0xfe,0x5c,0xd4,0xfe,0x48,0x76,0x00}},
    {0x6a22, 8, {0x48,0xfc,0x5c,0xf0,0xde,0x42,0x56,0x00}},
    {0x6a23, 8, {0x54,0xfe,0x5c,0xc8,0xfa,0x5c,0x6a,0x00}},
    {0x6a29, 8, {0x48,0xee,0x54,0xee,0xdc,0x4c,0x4e,0x00}},
    {0x6a2a, 8, {0x54,0xfe,0x54,0xfe,0xdc,0x5c,0x62,0x00}},
    {0x6a2b, 8, {0x7e,0xfa,0x74,0xca,0xdc,0x48,0x7e,0x00}},
    {0x6a2e, 8, {0x7e,0xdc,0x5c,0xc0,0xea,0x48,0x76,0x00}},
    {0x6a35, 8, {0x54,0xde,0x74,0xd4,0xde,0x40,0x6a,0x00}},
    {0x6a36, 8, {0x5c,0xd4,0x7e,0xde,0xda,0x7c,0x4a,0x00}},
    {0x6a38, 8, {0x6a,0xfe,0x54,0xfe,0xdc,0x48,0x76,0x00}},
    {0x6a39, 8, {0x52,0xfe,0x52,0xfa,0xee,0x52,0x7a,0x00}},
    {0x6a3a, 8, {0x54,0xfe,0x5c,0xfe,0xdc,0x7e,0x48,0x00}},
    {0x6a3d, 8, {0x54,0xfe,0x76,0xe2,0xfe,0x54,0x4c,0x00}},
    {0x6a44, 8, {0x7c,0xd6,0x7e,0xee,0xee,0x7c,0x4a,0x00}},
    {0x6a47, 8, {0x4c,0xf8,0x4e,0xc0,0xf6,0x64,0x76,0x00}},
    {0x6a48, 8, {0x48,0xdc,0x7e,0xf6,0xfe,0x54,0x66,0x00}},
    {0x6a4b, 8, {0x5c,0xfe,0x54,0xea,0xfe,0x62,0x6a,0x00}},
    {0x6a58, 8, {0x5c,0xfe,0x5a,0xe8,0xfe,0x76,0x6a,0x00}},
    {0x6a59, 8, {0x7a,0xd4,0x62,0xdc,0xd4,0x48,0x7e,0x00}},
    {0x6a5f, 8, {0x52,0xe4,0x52,0xfc,0xd6,0x54,0x6a,0x00}},
    {0x6a61, 8, {0x4c,0xf4,0x5c,0xdc,0xda,0x6c,0x5a,0x00}},
    {0x6a62, 8, {0x74,0xde,0x68,0xde,0xde,0x6e,0x4a,0x00}},
    {0x6a66, 8, {0x48,0xfe,0x54,0xfe,0xdc,0x48,0x7e,0x00}},
    {0x6a72, 8, {0x48,0xfe,0x5c,0xd4,0xfe,0x54,0x5c,0x00}},
    {0x6a78, 8, {0x5c,0xd4,0x5c,0xf6,0xf6,0x76,0x76,0x00}},
    {0x6a7f, 8, {0x5e,0xec,0x4c,0xde,0xcc,0x4c,0x5e,0x00}},
    {0x6a80, 8, {0x48,0xfe,0x76,0xfe,0xdc,0x54,0x7e,0x00}},
    {0x6a84, 8, {0x54,0xf6,0x7a,0xfa,0xda,0x6c,0x5a,0x00}},
    {0x6a8d, 8, {0x48,0xfe,0x54,0xfe,0xdc,0x72,0x6e,0x00}},
    {0x6a8e, 8, {0x48,0xf6,0x5c,0xfe,0xea,0x6e,0x7a,0x00}},
    {0x6a90, 8, {0x4c,0xd4,0x7e,0xf6,0xec,0x7e,0x4c,0x00}},
    {0x6a97, 8, {0x64,0x6e,0xca,0x64,0xfe,0x38,0xd6,0x00}},
    {0x6a9c, 8, {0x48,0xd4,0x7e,0xea,0xfe,0x54,0x5c,0x00}},
    {0x6aa0, 8, {0x56,0xfa,0x74,0x9a,0xfe,0x38,0xd6,0x00}},
    {0x6aa2, 8, {0x48,0xd4,0x7e,0xea,0xfe,0x54,0x6a,0x00}},
    {0x6aa3, 8, {0x48,0xfe,0x54,0xea,0xfe,0x76,0x7e,0x00}},
    {0x6aaa, 8, {0x6a,0xd4,0x76,0xc8,0xfe,0x5c,0x6a,0x00}},
    {0x6aac, 8, {0x54,0xfe,0x54,0xfe,0xda,0x6c,0x5a,0x00}},
    {0x6aae, 8, {0x48,0xdc,0x7e,0xc8,0xfe,0x74,0x4c,0x00}},
    {0x6ab3, 8, {0x48,0xfe,0x6a,0xf4,0xdc,0x5c,0x62,0x00}},
    {0x6ab8, 8, {0x48,0xfe,0x7a,0xdc,0xfe,0x48,0x58,0x00}},
    {0x6abb, 8, {0x74,0xe6,0x60,0xf6,0xc0,0x5c,0x7e,0x00}},
    {0x6ac1, 8, {0x48,0xfe,0x6a,0xd4,0xfc,0x4a,0x7e,0x00}},
    {0x6ac2, 8, {0x76,0xd2,0x40,0xd4,0xde,0x74,0x5e,0x00}},
    {0x6ac3, 8, {0x7e,0xec,0x7e,0xec,0xec,0x72,0x7e,0x00}},
    {0x6ad1, 8, {0x5c,0xdc,0x5c,0xc0,0xf6,0x76,0x76,0x00}},
    {0x6ad3, 8, {0x4c,0xf4,0x5c,0xdc,0xea,0x5c,0x5c,0x00}},
    {0x6ada, 8, {0x76,0xf6,0x6e,0xea,0xfe,0x72,0x7e,0x00}},
    {0x6adb, 8, {0x64,0xf6,0x52,0xf6,0xf6,0x64,0x74,0x00}},
    {0x6ade, 8, {0x52,0xe6,0x5e,0xec,0xd6,0x7a,0x56,0x00}},
    {0x6adf, 8, {0x5a,0xec,0x5a,0xec,0xfe,0x5c,0x6a,0x00}},
    {0x6ae8, 8, {0x44,0xe6,0x5c,0xd6,0xd0,0x6c,0x5e,0x00}},
    {0x6aea, 8, {0x7e,0xf4,0x7e,0xf4,0xe0,0x54,0x7e,0x00}},
    {0x6afa, 8, {0x5c,0xfe,0x6a,0xc8,0xc0,0x6a,0x6a,0x00}},
    {0x6afb, 8, {0x76,0xf6,0x6a,0xd0,0xfe,0x54,0x7a,0x00}},
    {0x6b04, 8, {0x76,0xf6,0x6a,0xfe,0xea,0x7e,0x6a,0x00}},
    {0x6b05, 8, {0x56,0xea,0x6e,0xfe,0xdc,0x7e,0x58,0x00}},
    {0x6b0a, 8, {0x54,0xfe,0x76,0xd4,0xde,0x74,0x5e,0x00}},
    {0x6b12, 8, {0x54,0xb8,0x54,0xee,0x7c,0x38,0xd6,0x00}},
    {0x6b16, 8, {0x74,0xe6,0x76,0xdc,0xdc,0x5c,0x66,0x00}},
    {0x6b1d, 8, {0x54,0xee,0x54,0xfe,0x76,0x62,0xf6,0x00}},
    {0x6b1f, 8, {0x6e,0xfe,0x6e,0xd6,0xfe,0x74,0x7a,0x00}},
    {0x6b20, 8, {0x40,0x7e,0x52,0x90,0x10,0x28,0xc6,0x00}},
    {0x6b21, 8, {0x90,0x1e,0x2a,0x08,0x88,0x94,0xa2,0x00}},
    {0x6b23, 8, {0x14,0x66,0x4a,0x74,0x54,0x54,0x9a,0x00}},
    {0x6b27, 8, {0xe8,0x8e,0xd6,0xa4,0xd4,0x84,0xea,0x00}},
    {0x6b32, 8, {0x54,0x86,0x2a,0x54,0x84,0x74,0x7a,0x00}},
    {0x6b37, 8, {0x54,0x26,0x5a,0xf4,0x24,0x7c,0xaa,0x00}},
    {0x6b38, 8, {0x44,0x96,0xfa,0x44,0xf4,0x24,0xda,0x00}},
    {0x6b39, 8, {0x24,0xf6,0x2a,0x54,0xf4,0x14,0x5a,0x00}},
    {0x6b3a, 8, {0x54,0xfe,0x52,0x74,0xfc,0x04,0x9a,0x00}},
    {0x6b3d, 8, {0x48,0xae,0xf6,0x44,0xe4,0x64,0xda,0x00}},
    {0x6b3e, 8, {0x48,0xee,0x56,0xe4,0x04,0xe4,0x5a,0x00}},
    {0x6b43, 8, {0x14,0x66,0xfa,0x24,0xf4,0xb4,0xfa,0x00}},
    {0x6b47, 8, {0x74,0x56,0x7a,0x74,0x94,0xd4,0x3a,0x00}},
    {0x6b49, 8, {0x54,0xf6,0x7a,0x34,0xf4,0x74,0xaa,0x00}},
    {0x6b4c, 8, {0xe8,0x2e,0xb6,0xe4,0x24,0xa4,0x7a,0x00}},
    {0x6b4e, 8, {0x54,0xf6,0x5a,0xf4,0xf4,0x24,0xda,0x00}},
    {0x6b50, 8, {0xf4,0xb6,0xba,0x84,0xdc,0xdc,0xfa,0x00}},
    {0x6b53, 8, {0x44,0x76,0xaa,0x74,0xe4,0x64,0x7a,0x00}},
    {0x6b54, 8, {0x24,0x36,0xea,0xb4,0xa4,0xb4,0xea,0x00}},
    {0x6b59, 8, {0x24,0x56,0xaa,0xf4,0x54,0xf4,0x5a,0x00}},
    {0x6b5b, 8, {0x24,0x56,0xfa,0xac,0xfc,0x54,0xaa,0x00}},
    {0x6b5f, 8, {0x54,0xb6,0xba,0xb4,0xf4,0x04,0x9a,0x00}},
    {0x6b61, 8, {0x54,0xf6,0xda,0x64,0x74,0xe4,0x7a,0x00}},
    {0x6b62, 8, {0x10,0x10,0x5c,0x50,0x50,0x50,0xfe,0x00}},
    {0x6b63, 8, {0xfe,0x10,0x10,0x5c,0x50,0x50,0xfe,0x00}},
    {0x6b64, 8, {0x28,0x28,0xba,0xac,0xa8,0xba,0xce,0x00}},
    {0x6b66, 8, {0x6a,0x08,0xfe,0x14,0x5c,0x52,0xfa,0x00}},
    {0x6b69, 8, {0x10,0x5c,0x50,0xfe,0x54,0x9a,0x70,0x00}},
    {0x6b6a, 8, {0xfe,0x34,0xd2,0x7c,0x1c,0x50,0xfe,0x00}},
    {0x6b6f, 8, {0x10,0x5e,0xfc,0x76,0x5a,0x76,0x7e,0x00}},
    {0x6b73, 8, {0x10,0x5c,0x50,0xfe,0x46,0x74,0xaa,0x00}},
    {0x6b74, 8, {0x7e,0x54,0x7e,0x54,0x46,0x54,0xbe,0x00}},
    {0x6b78, 8, {0x4c,0xc6,0xac,0xfe,0x76,0xce,0xea,0x00}},
    {0x6b79, 8, {0xfe,0x10,0x1c,0x64,0x18,0x10,0x60,0x00}},
    {0x6b7b, 8, {0xfe,0x48,0x6a,0xac,0x68,0x4a,0x8e,0x00}},
    {0x6b7f, 8, {0xee,0x4a,0x74,0xae,0x6a,0x44,0x9a,0x00}},
    {0x6b80, 8, {0xe2,0x4c,0x64,0xbe,0x64,0x44,0x9a,0x00}},
    {0x6b83, 8, {0xe4,0x4e,0x6a,0xbe,0x64,0x44,0x9a,0x00}},
    {0x6b84, 8, {0xe8,0x54,0x6a,0xa4,0x6a,0x44,0x98,0x00}},
    {0x6b86, 8, {0xe4,0x44,0x6a,0xbe,0x60,0x4e,0x8e,0x00}},
    {0x6b89, 8, {0xe8,0x4e,0x76,0xbe,0x76,0x5e,0x82,0x00}},
    {0x6b8a, 8, {0xf8,0x5c,0x68,0xbe,0x68,0x5c,0xaa,0x00}},
    {0x6b8b, 8, {0xea,0x5e,0x68,0xbc,0x6a,0x44,0x9a,0x00}},
    {0x6b8d, 8, {0xec,0x5a,0x60,0xac,0x64,0x5e,0x88,0x00}},
    {0x6b95, 8, {0xe4,0x5e,0x6a,0xbe,0x60,0x4e,0x8e,0x00}},
    {0x6b96, 8, {0xe4,0x5e,0x64,0xb6,0x76,0x50,0x9e,0x00}},
    {0x6b98, 8, {0xea,0x5e,0x64,0xaa,0x7e,0x44,0x9a,0x00}},
    {0x6b9e, 8, {0xec,0x4c,0x7e,0xb2,0x7e,0x40,0x92,0x00}},
    {0x6ba4, 8, {0xf0,0x5e,0x6c,0xac,0x6e,0x56,0x8a,0x00}},
    {0x6baa, 8, {0xe4,0x5e,0x64,0xbe,0x72,0x4c,0x9e,0x00}},
    {0x6bab, 8, {0xfa,0x5a,0x6c,0xac,0x6c,0x5e,0x84,0x00}},
    {0x6baf, 8, {0xe8,0x7e,0x6a,0xb4,0x7c,0x5c,0xa2,0x00}},
    {0x6bb1, 8, {0xf6,0x54,0x7e,0xb4,0x7e,0x54,0xba,0x00}},
    {0x6bb2, 8, {0xee,0x54,0x7e,0xb4,0x7e,0x54,0xba,0x00}},
    {0x6bb3, 8, {0x38,0x2a,0xce,0x78,0x28,0x10,0xee,0x00}},
    {0x6bb4, 8, {0xee,0x8a,0xd0,0xae,0xda,0x84,0xea,0x00}},
    {0x6bb5, 8, {0x2e,0x4a,0x60,0x4e,0x6a,0xc4,0x5a,0x00}},
    {0x6bb7, 8, {0x2e,0xca,0xe0,0xee,0x8a,0xe4,0xaa,0x00}},
    {0x6bba, 8, {0x5e,0x2a,0xd0,0x2e,0xfa,0x74,0xaa,0x00}},
    {0x6bbb, 8, {0x4e,0xea,0x40,0xfe,0x9a,0x64,0xba,0x00}},
    {0x6bbc, 8, {0x4e,0xfa,0x60,0x9e,0xfa,0x64,0xba,0x00}},
    {0x6bbf, 8, {0x7e,0x4a,0x70,0x6e,0x7a,0x44,0xaa,0x00}},
    {0x6bc0, 8, {0x4e,0xba,0x90,0xfe,0x6a,0x34,0xca,0x00}},
    {0x6bc5, 8, {0x2e,0xfa,0x50,0xfe,0x6a,0xb4,0x6a,0x00}},
    {0x6bc6, 8, {0xfe,0xba,0xb0,0x8e,0xda,0xd4,0xfa,0x00}},
    {0x6bcb, 8, {0x3c,0x34,0x34,0xfe,0x54,0x7e,0x0c,0x00}},
    {0x6bcd, 8, {0x3c,0x34,0x24,0xfe,0x54,0x7e,0x0c,0x00}},
    {0x6bce, 8, {0x40,0x7e,0xb4,0xfe,0x54,0x7e,0x0c,0x00}},
    {0x6bd2, 8, {0x10,0x7c,0x10,0xfe,0x54,0xfe,0x7c,0x00}},
    {0x6bd3, 8, {0x84,0xfe,0x68,0x6e,0xb0,0xea,0x2a,0x00}},
    {0x6bd4, 8, {0x48,0x48,0x7a,0x4c,0x48,0x7a,0xce,0x00}},
    {0x6bd8, 8, {0x7c,0x54,0x7c,0x48,0x6e,0x48,0xee,0x00}},
    {0x6bdb, 8, {0x0c,0x70,0x1e,0xf0,0x1e,0xf0,0x1e,0x00}},
    {0x6bdf, 8, {0x10,0x54,0x9a,0x70,0x1c,0xf2,0x1e,0x00}},
    {0x6beb, 8, {0x10,0xfe,0x44,0xfe,0xba,0x7c,0x1e,0x00}},
    {0x6bec, 8, {0x24,0xde,0x64,0xd6,0x6c,0xd6,0x7e,0x00}},
    {0x6bef, 8, {0x24,0xd6,0x64,0xda,0x64,0xda,0x7e,0x00}},
    {0x6bf3, 8, {0x38,0x1e,0xf0,0x1c,0x66,0xcc,0x66,0x00}},
    {0x6c08, 8, {0x22,0xfc,0xd6,0xfc,0x66,0x74,0xe6,0x00}},
    {0x6c0f, 8, {0x0c,0x70,0x50,0x7e,0x48,0x44,0xe2,0x00}},
    {0x6c11, 8, {0x7c,0x44,0x7c,0x50,0x7e,0x48,0xe6,0x00}},
    {0x6c13, 8, {0x5e,0xf2,0x9e,0x94,0x9e,0x74,0x1a,0x00}},
    {0x6c14, 8, {0x40,0x7e,0xb8,0x7c,0x04,0x04,0x02,0x00}},
    {0x6c17, 8, {0x40,0x7e,0xb8,0x7c,0x54,0x24,0xd2,0x00}},
    {0x6c1b, 8, {0x40,0x7e,0xb8,0x7c,0x8c,0x34,0x52,0x00}},
    {0x6c23, 8, {0x40,0x7e,0xb8,0x7c,0xac,0x74,0xaa,0x00}},
    {0x6c24, 8, {0x40,0x7e,0xb8,0xfc,0x5c,0x6c,0x7a,0x00}},
    {0x6c34, 8, {0x10,0x12,0xf4,0x38,0x54,0x92,0x30,0x00}},
    {0x6c37, 8, {0x50,0x12,0xf4,0x38,0x54,0x92,0x30,0x00}},
    {0x6c38, 8, {0x30,0x00,0x32,0xd4,0x58,0x94,0x32,0x00}},
    {0x6c3e, 8, {0xbc,0x24,0xa4,0x2c,0xa0,0xa2,0x9e,0x00}},
    {0x6c40, 8, {0xbe,0x08,0x88,0x08,0x88,0x88,0x98,0x00}},
    {0x6c41, 8, {0x88,0x08,0xbe,0x08,0x88,0x88,0x88,0x00}},
    {0x6c42, 8, {0x14,0xfe,0x10,0x54,0x38,0xd4,0x32,0x00}},
    {0x6c4e, 8, {0xbc,0x24,0xb4,0x2c,0xa4,0xa4,0xc6,0x00}},
    {0x6c50, 8, {0x88,0x0e,0x92,0x2a,0x84,0x88,0xb0,0x00}},
    {0x6c55, 8, {0x88,0x08,0xaa,0x2a,0xaa,0xaa,0xbe,0x00}},
    {0x6c57, 8, {0x9c,0x08,0x88,0x3e,0x88,0x88,0x88,0x00}},
    {0x6c5a, 8, {0xbe,0x10,0xbe,0x10,0x9e,0x82,0x86,0x00}},
    {0x6c5d, 8, {0x88,0x08,0xbe,0x14,0x98,0x8c,0xb2,0x00}},
    {0x6c5e, 8, {0x7c,0x10,0xfe,0x10,0xda,0x54,0xb2,0x00}},
    {0x6c5f, 8, {0x80,0x3e,0x88,0x08,0x88,0x88,0xbe,0x00}},
    {0x6c60, 8, {0x84,0x14,0x9e,0x36,0x94,0x92,0x9e,0x00}},
    {0x6c62, 8, {0x88,0x08,0x9c,0x08,0x88,0x88,0xbe,0x00}},
    {0x6c68, 8, {0xbe,0x22,0xa2,0x3e,0xa2,0xa2,0xbe,0x00}},
    {0x6c6a, 8, {0xbe,0x08,0x88,0x1c,0x88,0x88,0xbe,0x00}},
    {0x6c70, 8, {0x88,0x3e,0x88,0x14,0x94,0xa2,0xaa,0x00}},
    {0x6c72, 8, {0xbc,0x14,0x96,0x12,0xaa,0xa4,0xda,0x00}},
    {0x6c73, 8, {0xbe,0x20,0xbe,0x2a,0xaa,0xa4,0xda,0x00}},
    {0x6c7a, 8, {0x88,0x1c,0x8c,0x3e,0x88,0x88,0xb6,0x00}},
    {0x6c7d, 8, {0xa0,0x3e,0xd8,0x3c,0x84,0x84,0x82,0x00}},
    {0x6c7e, 8, {0x94,0x14,0xa2,0x1c,0x94,0x94,0xac,0x00}},
    {0x6c81, 8, {0x90,0x08,0x90,0x34,0xb2,0xd4,0x9c,0x00}},
    {0x6c82, 8, {0x84,0x38,0xa0,0x3e,0xa4,0xa4,0xc4,0x00}},
    {0x6c83, 8, {0x84,0x18,0x88,0x3e,0x88,0x88,0xb6,0x00}},
    {0x6c88, 8, {0x88,0x3e,0xaa,0x0c,0x8c,0x94,0xa6,0x00}},
    {0x6c8c, 8, {0x88,0x3e,0x88,0x2a,0xbe,0x88,0x8e,0x00}},
    {0x6c8d, 8, {0xbe,0x08,0x8e,0x12,0x9c,0x84,0xbe,0x00}},
    {0x6c90, 8, {0x88,0x3e,0x88,0x1c,0x9c,0xaa,0x88,0x00}},
    {0x6c92, 8, {0x9e,0x12,0xa6,0x1c,0x94,0x88,0xb6,0x00}},
    {0x6c93, 8, {0x10,0xf4,0x38,0xd6,0x7c,0x44,0x7c,0x00}},
    {0x6c96, 8, {0x88,0x3e,0xaa,0x2a,0xbe,0x88,0x88,0x00}},
    {0x6c99, 8, {0x88,0x1c,0x9a,0x28,0x8a,0x84,0x98,0x00}},
    {0x6c9a, 8, {0x88,0x08,0xac,0x28,0xa8,0xa8,0xfe,0x00}},
    {0x6c9b, 8, {0x88,0x3e,0x88,0x3e,0xaa,0xaa,0x88,0x00}},
    {0x6ca1, 8, {0x9c,0x14,0xa6,0x1c,0x94,0x88,0xb6,0x00}},
    {0x6ca2, 8, {0xbe,0x22,0xbe,0x28,0xa8,0xa4,0xc2,0x00}},
    {0x6cab, 8, {0x88,0x3e,0x88,0x1c,0x88,0x9c,0xaa,0x00}},
    {0x6cae, 8, {0xbc,0x24,0xbc,0x24,0xbc,0xa4,0xfe,0x00}},
    {0x6cb1, 8, {0x88,0x3e,0xa2,0x14,0x98,0x92,0x9e,0x00}},
    {0x6cb3, 8, {0xbe,0x02,0xba,0x2a,0xba,0x82,0x86,0x00}},
    {0x6cb8, 8, {0x94,0x3e,0x9e,0x34,0xbe,0x96,0xa4,0x00}},
    {0x6cb9, 8, {0x88,0x3e,0xaa,0x3e,0xaa,0xaa,0xbe,0x00}},
    {0x6cba, 8, {0xbe,0x2a,0xaa,0x3e,0xaa,0xaa,0xbe,0x00}},
    {0x6cbb, 8, {0x88,0x08,0x94,0x3a,0x80,0x9c,0x9c,0x00}},
    {0x6cbc, 8, {0xbe,0x0a,0x92,0x26,0x9e,0x92,0x9e,0x00}},
    {0x6cbd, 8, {0x88,0x08,0xbe,0x08,0x9c,0x94,0x9c,0x00}},
    {0x6cbe, 8, {0x88,0x08,0x8e,0x08,0xbe,0xa2,0xbe,0x00}},
    {0x6cbf, 8, {0x94,0x14,0x94,0x22,0x9c,0x94,0x9c,0x00}},
    {0x6cc1, 8, {0xbe,0x22,0xa2,0x3e,0x94,0x94,0xa6,0x00}},
    {0x6cc4, 8, {0xaa,0x2a,0xbe,0x2a,0xae,0xa0,0xbe,0x00}},
    {0x6cc5, 8, {0xbe,0x22,0xaa,0x2a,0xb6,0xa2,0xbe,0x00}},
    {0x6cc9, 8, {0x10,0x7c,0x44,0x7c,0xda,0x54,0xb2,0x00}},
    {0x6cca, 8, {0x88,0x3e,0xa2,0x3e,0xa2,0xa2,0xbe,0x00}},
    {0x6ccc, 8, {0x90,0x0a,0x92,0x34,0xba,0x90,0xae,0x00}},
    {0x6cd3, 8, {0xb4,0x14,0xb4,0x24,0xb8,0x9a,0xbe,0x00}},
    {0x6cd5, 8, {0x88,0x1c,0x88,0x3e,0x88,0x94,0xba,0x00}},
    {0x6cd7, 8, {0xbe,0x36,0xb6,0x36,0xa2,0xa2,0xbe,0x00}},
    {0x6cd9, 8, {0xbe,0x1c,0xaa,0x08,0xbe,0x88,0x88,0x00}},
    {0x6cdb, 8, {0xbc,0x08,0xbc,0x04,0xa8,0xb0,0xce,0x00}},
    {0x6cdd, 8, {0x84,0x38,0xa0,0x3e,0xac,0xa6,0xc4,0x00}},
    {0x6ce1, 8, {0x90,0x1e,0xba,0x0a,0x9a,0x90,0x9e,0x00}},
    {0x6ce2, 8, {0x88,0x3e,0xaa,0x3c,0xb4,0xc8,0xb6,0x00}},
    {0x6ce3, 8, {0x88,0x3e,0x94,0x14,0x94,0x98,0xbe,0x00}},
    {0x6ce5, 8, {0xbe,0x22,0xbe,0x28,0xae,0xa8,0xce,0x00}},
    {0x6ce8, 8, {0x90,0x08,0xbe,0x08,0x9c,0x88,0xbe,0x00}},
    {0x6cea, 8, {0xbe,0x22,0xbe,0x22,0xbe,0xa2,0xbe,0x00}},
    {0x6cef, 8, {0xbe,0x22,0xbe,0x28,0xbe,0xa4,0xb2,0x00}},
    {0x6cf0, 8, {0x10,0x7c,0x38,0xee,0x54,0x38,0xd6,0x00}},
    {0x6cf1, 8, {0x88,0x1c,0x94,0x3e,0x88,0x88,0xb6,0x00}},
    {0x6cf3, 8, {0x98,0x00,0x98,0x6a,0xac,0xca,0x98,0x00}},
    {0x6d0b, 8, {0x94,0x3e,0x88,0x1c,0x88,0xbe,0x88,0x00}},
    {0x6d0c, 8, {0xba,0x16,0x9e,0x2e,0x9a,0x92,0xa6,0x00}},
    {0x6d12, 8, {0xbe,0x14,0xbe,0x36,0xb6,0xa2,0xbe,0x00}},
    {0x6d17, 8, {0x98,0x1e,0xa8,0x3e,0x94,0x94,0xa6,0x00}},
    {0x6d19, 8, {0x98,0x1c,0xa8,0x3e,0x88,0x9c,0xaa,0x00}},
    {0x6d1b, 8, {0x8c,0x14,0x88,0x14,0xa2,0x9c,0x9c,0x00}},
    {0x6d1e, 8, {0xbe,0x22,0xba,0x22,0xba,0xba,0xa6,0x00}},
    {0x6d1f, 8, {0x88,0x7e,0xbc,0x28,0xbe,0x8a,0xb6,0x00}},
    {0x6d25, 8, {0x88,0x3c,0x8e,0x3c,0x88,0xbe,0x88,0x00}},
    {0x6d29, 8, {0x88,0x3c,0xac,0x3c,0x8a,0x84,0xba,0x00}},
    {0x6d2a, 8, {0x94,0x3e,0x94,0x14,0xbe,0x80,0xa2,0x00}},
    {0x6d2b, 8, {0x90,0x3c,0xac,0x2c,0xac,0xac,0xfe,0x00}},
    {0x6d32, 8, {0xaa,0x2a,0xfe,0x7e,0xaa,0xaa,0xca,0x00}},
    {0x6d33, 8, {0xa0,0x2e,0xfa,0x5a,0xea,0xba,0xce,0x00}},
    {0x6d35, 8, {0x90,0x1e,0xb6,0x1e,0x96,0x9e,0x82,0x00}},
    {0x6d36, 8, {0x90,0x1e,0xb6,0x0a,0x96,0x9e,0x82,0x00}},
    {0x6d38, 8, {0x88,0x2a,0x88,0x3e,0x94,0x94,0xa6,0x00}},
    {0x6d3b, 8, {0x84,0x18,0xbe,0x08,0x9c,0x94,0x9c,0x00}},
    {0x6d3d, 8, {0x88,0x14,0xae,0x00,0x9c,0x94,0x9c,0x00}},
    {0x6d3e, 8, {0x84,0x38,0xa6,0x38,0xb6,0xb4,0xd2,0x00}},
    {0x6d41, 8, {0x88,0x3e,0x94,0x3a,0x98,0x9a,0xaa,0x00}},
    {0x6d44, 8, {0x8c,0x34,0x9e,0x7e,0x8a,0xbe,0x98,0x00}},
    {0x6d45, 8, {0x8a,0x3e,0x88,0x3c,0x8a,0x84,0xba,0x00}},
    {0x6d59, 8, {0x92,0x3c,0x98,0x1e,0xba,0x9a,0xb2,0x00}},
    {0x6d5a, 8, {0x92,0x3e,0x94,0x26,0x9c,0xa8,0x96,0x00}},
    {0x6d5c, 8, {0x84,0x18,0x9e,0x14,0xbe,0x80,0xa2,0x00}},
    {0x6d63, 8, {0x88,0x3e,0xae,0x00,0xbe,0x94,0xa6,0x00}},
    {0x6d64, 8, {0x88,0x3e,0xaa,0x1e,0xa8,0x92,0xbe,0x00}},
    {0x6d66, 8, {0x8a,0x3e,0x88,0x3e,0xaa,0xbe,0xaa,0x00}},
    {0x6d69, 8, {0x98,0x1c,0xa8,0x3e,0x80,0x9c,0x9c,0x00}},
    {0x6d6a, 8, {0x88,0x3c,0xa4,0x3c,0xaa,0xa4,0xb2,0x00}},
    {0x6d6c, 8, {0xbe,0x2a,0xbe,0x2a,0xbe,0x88,0xbe,0x00}},
    {0x6d6e, 8, {0x8e,0x34,0x80,0x1c,0x84,0xbe,0x88,0x00}},
    {0x6d74, 8, {0x94,0x22,0x88,0x14,0xa2,0x9c,0x9c,0x00}},
    {0x6d77, 8, {0xa0,0x3e,0x9c,0x7e,0xb4,0xbe,0x8c,0x00}},
    {0x6d78, 8, {0x9c,0x04,0x9c,0x3e,0xb6,0x88,0xb6,0x00}},
    {0x6d79, 8, {0x88,0x3e,0x9c,0x1c,0xaa,0x88,0xb6,0x00}},
    {0x6d85, 8, {0xbe,0x22,0xbe,0x08,0x9c,0x88,0xbe,0x00}},
    {0x6d88, 8, {0xaa,0x08,0xbe,0x22,0xbe,0xa2,0xa6,0x00}},
    {0x6d8c, 8, {0xbe,0x04,0xbe,0x2a,0xbe,0xaa,0xaa,0x00}},
    {0x6d8e, 8, {0xb2,0x1c,0xa6,0x14,0xbe,0x90,0xae,0x00}},
    {0x6d93, 8, {0x9c,0x1c,0x80,0x3e,0xa2,0xbe,0xa2,0x00}},
    {0x6d95, 8, {0x94,0x3e,0x8a,0x3e,0xa8,0x9e,0xaa,0x00}},
    {0x6d99, 8, {0xbe,0x12,0x9e,0x14,0x9e,0xa4,0x9a,0x00}},
    {0x6d9b, 8, {0x88,0x1c,0xbe,0x14,0xfe,0xa4,0xd4,0x00}},
    {0x6d9c, 8, {0x88,0x3e,0x88,0x3e,0xa2,0x94,0xa6,0x00}},
    {0x6daf, 8, {0xbe,0x24,0xae,0x24,0xae,0xa4,0xde,0x00}},
    {0x6db2, 8, {0x88,0x3e,0x90,0x16,0xba,0x94,0x9a,0x00}},
    {0x6db5, 8, {0xbe,0x18,0xaa,0x3e,0xbe,0xaa,0xbe,0x00}},
    {0x6db8, 8, {0xbe,0x2a,0xbe,0x2a,0xb6,0xbe,0xbe,0x00}},
    {0x6dbc, 8, {0x88,0x3e,0x94,0x1c,0x88,0xaa,0x98,0x00}},
    {0x6dc0, 8, {0x84,0x3e,0xae,0x04,0x96,0x94,0xae,0x00}},
    {0x6dc5, 8, {0x92,0x3c,0x98,0x3e,0xba,0x9a,0x92,0x00}},
    {0x6dc6, 8, {0xb4,0x08,0x94,0x7e,0xb4,0xdc,0x94,0x00}},
    {0x6dc7, 8, {0x94,0x3e,0x94,0x1c,0xbe,0x80,0xa2,0x00}},
    {0x6dcb, 8, {0x94,0x7e,0x94,0x3c,0xbe,0xd4,0x94,0x00}},
    {0x6dcc, 8, {0x94,0x2a,0x88,0x3e,0xa2,0xae,0xae,0x00}},
    {0x6dd1, 8, {0xae,0x32,0xaa,0x7a,0xa4,0xf4,0xaa,0x00}},
    {0x6dd2, 8, {0x88,0x3e,0x8c,0x1c,0xbe,0x94,0xba,0x00}},
    {0x6dd5, 8, {0x88,0x1c,0xbe,0x14,0xa6,0x88,0xbe,0x00}},
    {0x6dd8, 8, {0x90,0x1e,0xaa,0x1e,0x8a,0xae,0xbe,0x00}},
    {0x6dd9, 8, {0x88,0x3e,0xae,0x00,0xbe,0x88,0xaa,0x00}},
    {0x6dde, 8, {0xaa,0x7a,0xa0,0x74,0xe4,0xaa,0xae,0x00}},
    {0x6de1, 8, {0xaa,0x14,0xa2,0x08,0xaa,0x94,0xa2,0x00}},
    {0x6de4, 8, {0x94,0x7a,0xa0,0x3c,0xaa,0xcc,0x9a,0x00}},
    {0x6de6, 8, {0x88,0x14,0xbe,0x08,0xbe,0x9c,0xbe,0x00}},
    {0x6de8, 8, {0x9c,0x2a,0x9c,0x0c,0xbe,0x8c,0x98,0x00}},
    {0x6dea, 8, {0x88,0x14,0xae,0x00,0xbe,0xbe,0xaa,0x00}},
    {0x6deb, 8, {0x86,0x38,0xaa,0x00,0xbe,0x88,0xbe,0x00}},
    {0x6dec, 8, {0x88,0x3e,0x94,0x14,0xaa,0xbe,0x88,0x00}},
    {0x6dee, 8, {0x94,0x1e,0xb4,0x1e,0x94,0x94,0x9e,0x00}},
    {0x6df1, 8, {0xbe,0x22,0x94,0x26,0xbe,0x9c,0xaa,0x00}},
    {0x6df3, 8, {0x88,0x3e,0x94,0x1c,0x84,0xbe,0x88,0x00}},
    {0x6df5, 8, {0xaa,0x2a,0xbe,0x22,0xbe,0xaa,0xca,0x00}},
    {0x6df7, 8, {0xbe,0x22,0xbe,0x24,0xb6,0xa4,0xb6,0x00}},
    {0x6df9, 8, {0x88,0x3e,0x94,0x2a,0x9c,0x9c,0x86,0x00}},
    {0x6dfa, 8, {0x8a,0x3e,0x84,0x1a,0xbe,0x84,0x9a,0x00}},
    {0x6dfb, 8, {0x84,0x18,0xbe,0x14,0xa2,0x88,0xaa,0x00}},
    {0x6e05, 8, {0x88,0x1c,0x88,0x3e,0x94,0x9c,0x94,0x00}},
    {0x6e07, 8, {0x9c,0x14,0x9c,0x1e,0xb2,0x9a,0x86,0x00}},
    {0x6e08, 8, {0x88,0x3e,0x94,0x08,0xb6,0x9c,0xa4,0x00}},
    {0x6e09, 8, {0x88,0x2c,0xa8,0x7e,0xaa,0x8c,0xb8,0x00}},
    {0x6e0a, 8, {0xaa,0x3e,0xaa,0x3e,0xaa,0xbe,0xca,0x00}},
    {0x6e0b, 8, {0x84,0x16,0x94,0x3e,0xa2,0x94,0xa2,0x00}},
    {0x6e13, 8, {0x86,0x38,0xaa,0x1c,0xbe,0x88,0xb6,0x00}},
    {0x6e15, 8, {0xaa,0x06,0xbe,0x16,0xba,0x92,0xaa,0x00}},
    {0x6e19, 8, {0x9c,0x24,0x9c,0x1c,0xbe,0x88,0xb6,0x00}},
    {0x6e1a, 8, {0x8a,0x1c,0x88,0x3e,0x90,0xae,0x8e,0x00}},
    {0x6e1b, 8, {0x84,0x3e,0xa4,0x3c,0xa6,0xbc,0xda,0x00}},
    {0x6e1d, 8, {0xb8,0x14,0xae,0x00,0xba,0xbc,0xaa,0x00}},
    {0x6e1f, 8, {0x88,0x3e,0x94,0x7e,0xde,0x88,0x98,0x00}},
    {0x6e20, 8, {0xbe,0x3c,0xa4,0x3e,0xfe,0x38,0xd6,0x00}},
    {0x6e21, 8, {0x88,0x3e,0xac,0x3e,0xaa,0xa4,0xda,0x00}},
    {0x6e23, 8, {0x88,0x3e,0x9c,0x2a,0x9c,0x9c,0xbe,0x00}},
    {0x6e24, 8, {0x94,0x3e,0xfe,0x4e,0x96,0xba,0x92,0x00}},
    {0x6e25, 8, {0xbe,0x22,0xbe,0x34,0xba,0xc8,0xbe,0x00}},
    {0x6e26, 8, {0x9c,0x14,0x94,0x3e,0xa2,0xba,0xba,0x00}},
    {0x6e29, 8, {0xbc,0x24,0xbc,0x00,0xbc,0xac,0xfe,0x00}},
    {0x6e2b, 8, {0xaa,0x3e,0xae,0x20,0xbe,0x9c,0xaa,0x00}},
    {0x6e2c, 8, {0xba,0x2e,0xbe,0x2e,0xba,0x82,0xaa,0x00}},
    {0x6e2d, 8, {0xbe,0x2a,0xbe,0x3e,0x94,0x9c,0x94,0x00}},
    {0x6e2e, 8, {0x94,0x3e,0x94,0x3e,0x82,0x9a,0x9a,0x00}},
    {0x6e2f, 8, {0x94,0x3e,0x94,0x7e,0xaa,0xd0,0x9c,0x00}},
    {0x6e38, 8, {0xa8,0x7e,0xae,0x32,0xd4,0x9e,0xb4,0x00}},
    {0x6e3a, 8, {0xba,0x2e,0xbe,0x2a,0xb8,0xaa,0xbc,0x00}},
    {0x6e3e, 8, {0xbe,0x2a,0xbe,0x1c,0x9c,0xbe,0x88,0x00}},
    {0x6e43, 8, {0x8e,0x34,0x9e,0x34,0x9e,0x94,0xa4,0x00}},
    {0x6e4a, 8, {0x88,0x3e,0x9c,0x7e,0xaa,0xc8,0x94,0x00}},
    {0x6e4d, 8, {0xaa,0x3e,0x80,0x3e,0x90,0xbe,0xaa,0x00}},
    {0x6e4e, 8, {0xbe,0x08,0xbe,0x36,0xbe,0xb6,0xbe,0x00}},
    {0x6e56, 8, {0xae,0x7a,0xae,0x7a,0xde,0xfa,0x8a,0x00}},
    {0x6e58, 8, {0xae,0x7a,0xae,0x7a,0xee,0xaa,0xae,0x00}},
    {0x6e5b, 8, {0x94,0x3e,0x94,0x14,0xbe,0xa8,0xbe,0x00}},
    {0x6e5f, 8, {0x88,0x1c,0x94,0x1c,0xbe,0x88,0xbe,0x00}},
    {0x6e67, 8, {0x9e,0x04,0x9e,0x1a,0xbe,0x8a,0xb6,0x00}},
    {0x6e6b, 8, {0xb4,0x14,0xbe,0x1c,0xb4,0xb4,0x9a,0x00}},
    {0x6e6e, 8, {0xbe,0x14,0xbe,0x36,0xbe,0x88,0xbe,0x00}},
    {0x6e6f, 8, {0x9c,0x14,0xbe,0x10,0x9e,0xaa,0x96,0x00}},
    {0x6e72, 8, {0x9c,0x2a,0x80,0x1e,0x8a,0x94,0xaa,0x00}},
    {0x6e76, 8, {0x88,0x1c,0x94,0x1c,0xba,0x9c,0xaa,0x00}},
    {0x6e7e, 8, {0x88,0x3e,0x94,0x36,0x9c,0x9e,0x82,0x00}},
    {0x6e7f, 8, {0xbe,0x22,0xbe,0x14,0xb6,0x94,0xbe,0x00}},
    {0x6e80, 8, {0x94,0x3e,0x94,0x7e,0xaa,0xbe,0xa2,0x00}},
    {0x6e82, 8, {0x92,0x7e,0xb6,0x3e,0x92,0xba,0xd6,0x00}},
    {0x6e8c, 8, {0xba,0x14,0xa2,0x1c,0xbe,0x94,0xa6,0x00}},
    {0x6e8f, 8, {0x88,0x3e,0xac,0x26,0xbc,0xaa,0xce,0x00}},
    {0x6e90, 8, {0xbe,0x24,0xae,0x2e,0xa4,0xb6,0xcc,0x00}},
    {0x6e96, 8, {0x94,0x1e,0xb4,0x1e,0x90,0xfe,0x10,0x00}},
    {0x6e98, 8, {0x88,0x1c,0xbe,0x14,0xba,0x9c,0xbe,0x00}},
    {0x6e9c, 8, {0x8e,0x36,0xa6,0x3a,0x9c,0x9c,0x9c,0x00}},
    {0x6e9d, 8, {0x94,0x3e,0x94,0x3e,0x9c,0xbe,0x94,0x00}},
    {0x6e9f, 8, {0xbe,0x22,0x9c,0x14,0xbe,0x80,0xa2,0x00}},
    {0x6ea2, 8, {0x94,0x3e,0x94,0x22,0x9c,0x9c,0xbe,0x00}},
    {0x6ea5, 8, {0x8a,0x3e,0x9c,0x14,0xbe,0x94,0x8c,0x00}},
    {0x6eaa, 8, {0x9c,0x2a,0x90,0x08,0xbe,0x88,0xb6,0x00}},
    {0x6eaf, 8, {0xae,0x7a,0x9e,0x5a,0xfe,0x9a,0xa2,0x00}},
    {0x6eb2, 8, {0x96,0x2a,0xaa,0x3e,0x94,0x88,0xb6,0x00}},
    {0x6eb6, 8, {0x88,0x3e,0xb6,0x08,0x94,0xae,0x8c,0x00}},
    {0x6eb7, 8, {0xbe,0x3e,0xaa,0x36,0xae,0xba,0xbe,0x00}},
    {0x6eba, 8, {0xb6,0x12,0xb6,0x24,0xb6,0xda,0xb6,0x00}},
    {0x6ebd, 8, {0xbe,0x2c,0xbe,0x54,0xbe,0x94,0x8c,0x00}},
    {0x6ec2, 8, {0x88,0x3e,0x94,0x3e,0xaa,0x8c,0x94,0x00}},
    {0x6ec4, 8, {0x88,0x14,0xba,0x18,0x90,0xac,0x8c,0x00}},
    {0x6ec5, 8, {0x84,0x7e,0xfc,0x54,0xfe,0xd4,0xaa,0x00}},
    {0x6ec9, 8, {0x9c,0x1c,0xaa,0x08,0xbe,0x94,0xa6,0x00}},
    {0x6ecb, 8, {0x94,0x3e,0x92,0x24,0x92,0xa4,0xb6,0x00}},
    {0x6ecc, 8, {0xa8,0x3e,0xf4,0x7a,0xb4,0xbe,0xa4,0x00}},
    {0x6ed1, 8, {0x9c,0x14,0xbe,0x22,0x9c,0x9c,0x94,0x00}},
    {0x6ed3, 8, {0x88,0x7e,0xca,0x3e,0x94,0xfe,0x88,0x00}},
    {0x6ed4, 8, {0x9c,0x2a,0x80,0x16,0xa2,0xb6,0xbe,0x00}},
    {0x6ed5, 8, {0xf4,0xaa,0xfe,0xb4,0xea,0xbc,0xaa,0x00}},
    {0x6edd, 8, {0x88,0x3e,0x94,0x3e,0x9c,0x9c,0x86,0x00}},
    {0x6ede, 8, {0x94,0x3e,0x94,0x3e,0xaa,0x9c,0x94,0x00}},
    {0x6eec, 8, {0xbe,0x1e,0x94,0x1e,0x9e,0xa8,0x8e,0x00}},
    {0x6eef, 8, {0x94,0x3e,0x94,0x2a,0xbe,0xaa,0x88,0x00}},
    {0x6ef2, 8, {0x94,0x3a,0x94,0x3e,0xaa,0x84,0x98,0x00}},
    {0x6ef4, 8, {0x88,0x3e,0x94,0x3e,0xaa,0xb6,0xbe,0x00}},
    {0x6ef7, 8, {0x88,0x0e,0xbc,0x36,0xaa,0xb6,0xbe,0x00}},
    {0x6ef8, 8, {0xa8,0x3e,0x8c,0x34,0x8e,0xb4,0xb4,0x00}},
    {0x6efe, 8, {0x88,0x7e,0x94,0x3a,0x98,0xb4,0x9a,0x00}},
    {0x6eff, 8, {0x94,0x3e,0x94,0x3e,0xbe,0xbe,0xaa,0x00}},
    {0x6f01, 8, {0x8c,0x34,0x9e,0x1a,0x9e,0x80,0xaa,0x00}},
    {0x6f02, 8, {0xbe,0x1c,0x9c,0x00,0xbe,0x88,0xaa,0x00}},
    {0x6f06, 8, {0x88,0x3e,0x9c,0x2a,0x9c,0xac,0xda,0x00}},
    {0x6f09, 8, {0x88,0x3e,0xac,0x3c,0xa0,0xb4,0xde,0x00}},
    {0x6f0f, 8, {0xbe,0x3e,0xa0,0x3e,0xa8,0xde,0x9a,0x00}},
    {0x6f11, 8, {0xae,0x36,0xb6,0x3e,0xa4,0xb4,0xaa,0x00}},
    {0x6f13, 8, {0x88,0x3e,0x94,0x1c,0xbe,0xae,0xba,0x00}},
    {0x6f14, 8, {0x88,0x3e,0xa2,0x1c,0xaa,0x9c,0xa2,0x00}},
    {0x6f15, 8, {0x94,0x3e,0x94,0x3e,0xbe,0x94,0x9c,0x00}},
    {0x6f20, 8, {0x94,0x3e,0x9c,0x14,0xbe,0x88,0xb6,0x00}},
    {0x6f22, 8, {0x94,0x7e,0xaa,0x3e,0xfe,0x88,0xb6,0x00}},
    {0x6f23, 8, {0xa4,0x1e,0x8c,0x2c,0xbe,0xa4,0xbe,0x00}},
    {0x6f2b, 8, {0x9c,0x14,0xbe,0x3e,0x94,0x88,0xb6,0x00}},
    {0x6f2c, 8, {0x88,0x1c,0x88,0x3e,0x9c,0x9c,0xa2,0x00}},
    {0x6f31, 8, {0x94,0x7e,0xba,0x3c,0x94,0xb4,0xda,0x00}},
    {0x6f32, 8, {0xb6,0x14,0xb6,0x24,0xbe,0x9c,0xba,0x00}},
    {0x6f38, 8, {0xb2,0x1c,0xb8,0x3e,0x9a,0xba,0x92,0x00}},
    {0x6f3e, 8, {0x94,0x3e,0x9c,0x08,0xba,0x9c,0xaa,0x00}},
    {0x6f3f, 8, {0xa6,0xea,0x7e,0xa4,0x74,0x38,0xd6,0x00}},
    {0x6f41, 8, {0x9e,0xe4,0x8e,0x7a,0xee,0x70,0xaa,0x00}},
    {0x6f45, 8, {0x90,0x1e,0xa8,0x1e,0xb4,0x94,0x9e,0x00}},
    {0x6f54, 8, {0x96,0x3e,0x96,0x3a,0xbe,0x88,0xaa,0x00}},
    {0x6f58, 8, {0xbe,0x14,0xbe,0x1c,0xaa,0x9c,0x9c,0x00}},
    {0x6f5b, 8, {0x94,0x1e,0xbe,0x14,0xaa,0x9c,0x9c,0x00}},
    {0x6f5c, 8, {0x94,0x3e,0x94,0x2a,0x9c,0x94,0x9c,0x00}},
    {0x6f5f, 8, {0x94,0x24,0xbc,0x10,0xbe,0xc2,0xaa,0x00}},
    {0x6f64, 8, {0xf6,0x76,0xde,0x4a,0xde,0xca,0xde,0x00}},
    {0x6f66, 8, {0x88,0x3e,0x94,0x3e,0x94,0x88,0xaa,0x00}},
    {0x6f6d, 8, {0xbe,0x1c,0x80,0x1c,0x94,0xbe,0x88,0x00}},
    {0x6f6e, 8, {0xbe,0x1a,0xbe,0x3a,0x9e,0xba,0x92,0x00}},
    {0x6f6f, 8, {0x9c,0x0e,0xbc,0x16,0xbe,0x94,0x8c,0x00}},
    {0x6f70, 8, {0x88,0x3e,0xaa,0x7e,0x9c,0x9c,0xa2,0x00}},
    {0x6f74, 8, {0xa4,0x1e,0xb4,0x1e,0xb8,0x96,0xa6,0x00}},
    {0x6f78, 8, {0x94,0x3e,0x94,0x2a,0x9c,0x9c,0x94,0x00}},
    {0x6f7a, 8, {0xbe,0x3e,0xa4,0x28,0xbe,0xaa,0xd4,0x00}},
    {0x6f7c, 8, {0x88,0x3e,0x94,0x3e,0x9c,0x88,0xbe,0x00}},
    {0x6f80, 8, {0xbe,0x16,0xaa,0x24,0xb6,0xa4,0xf6,0x00}},
    {0x6f81, 8, {0x84,0x16,0x94,0x7e,0xb6,0xa4,0xf6,0x00}},
    {0x6f82, 8, {0x94,0x3e,0xbe,0x06,0xbe,0x94,0xba,0x00}},
    {0x6f84, 8, {0xba,0x14,0xa2,0x1c,0x54,0x88,0xbe,0x00}},
    {0x6f86, 8, {0x88,0x1c,0xbe,0x36,0xbe,0x94,0xa6,0x00}},
    {0x6f8e, 8, {0x92,0x3c,0x92,0x3c,0xa8,0x92,0xbc,0x00}},
    {0x6f91, 8, {0xbe,0x14,0xb6,0x36,0xbe,0xaa,0xbe,0x00}},
    {0x6f97, 8, {0xb6,0x36,0xa2,0x2e,0xae,0xae,0xa2,0x00}},
    {0x6fa1, 8, {0x9c,0x14,0xbe,0x2a,0xbe,0x9c,0xaa,0x00}},
    {0x6fa3, 8, {0xb4,0x1a,0xb0,0x3e,0x94,0xbe,0x94,0x00}},
    {0x6fa4, 8, {0xbe,0x3e,0x88,0x3e,0x94,0xbe,0x88,0x00}},
    {0x6faa, 8, {0x9c,0x3e,0xaa,0x14,0xbe,0x8a,0x88,0x00}},
    {0x6fb1, 8, {0xbe,0x2a,0xb8,0x36,0xba,0xc4,0xaa,0x00}},
    {0x6fb3, 8, {0x88,0x1e,0x9e,0x1a,0xbe,0x88,0xb6,0x00}},
    {0x6fb9, 8, {0x8c,0x14,0xbe,0x36,0xac,0xbe,0xcc,0x00}},
    {0x6fc0, 8, {0x94,0x36,0xba,0x7a,0x9a,0xac,0xda,0x00}},
    {0x6fc1, 8, {0xbe,0x2a,0x9e,0x22,0x9a,0x9e,0xba,0x00}},
    {0x6fc2, 8, {0x88,0x3e,0xbc,0x2e,0xbc,0xdc,0xaa,0x00}},
    {0x6fc3, 8, {0x94,0x3e,0xbe,0x00,0xbe,0xb4,0xda,0x00}},
    {0x6fc6, 8, {0x88,0x3e,0x94,0x3e,0x94,0x9c,0xa2,0x00}},
    {0x6fd4, 8, {0xbe,0x1c,0xaa,0x3e,0xaa,0xbe,0xaa,0x00}},
    {0x6fd5, 8, {0xbe,0x3e,0x92,0x24,0xb6,0x80,0xaa,0x00}},
    {0x6fd8, 8, {0x88,0x3e,0xba,0x1c,0xbe,0x88,0x98,0x00}},
    {0x6fdb, 8, {0x94,0x3e,0x94,0x7e,0xda,0xac,0x9a,0x00}},
    {0x6fdf, 8, {0x88,0x3e,0x94,0x2a,0x94,0x9c,0xa4,0x00}},
    {0x6fe0, 8, {0x88,0x3e,0x94,0x7e,0xda,0xac,0x9a,0x00}},
    {0x6fe1, 8, {0x9c,0x3e,0xaa,0x1c,0x88,0xbe,0xaa,0x00}},
    {0x6fe4, 8, {0x88,0x1c,0xbe,0x08,0xbe,0xb4,0x8c,0x00}},
    {0x6feb, 8, {0xb4,0x26,0xa0,0x36,0x80,0x9c,0xbe,0x00}},
    {0x6fec, 8, {0x88,0x0e,0xbe,0x2a,0x94,0xae,0x8c,0x00}},
    {0x6fee, 8, {0xaa,0x3e,0xf4,0x7e,0xbc,0xa8,0xb6,0x00}},
    {0x6fef, 8, {0xb6,0x12,0xb6,0x14,0x9e,0xb4,0x9e,0x00}},
    {0x6ff1, 8, {0x88,0x3e,0xaa,0x34,0x9c,0x9c,0xa2,0x00}},
    {0x6ff3, 8, {0xa8,0x3e,0xbe,0x14,0xaa,0x9c,0x9c,0x00}},
    {0x6ff6, 8, {0xee,0x6e,0xda,0x7e,0xca,0xd6,0xde,0x00}},
    {0x6ffa, 8, {0xb4,0x3e,0xb4,0x3a,0xbe,0x84,0xaa,0x00}},
    {0x6ffe, 8, {0x88,0x0e,0xb8,0x2e,0xac,0xba,0xd6,0x00}},
    {0x7001, 8, {0x94,0x3e,0x88,0x7e,0xbc,0xda,0x94,0x00}},
    {0x7009, 8, {0x88,0x3e,0xae,0x14,0x9e,0xa2,0x96,0x00}},
    {0x700b, 8, {0x88,0x3e,0xaa,0x14,0xbe,0x9e,0xac,0x00}},
    {0x700f, 8, {0x96,0x2e,0xb6,0x0a,0x96,0xaa,0x9e,0x00}},
    {0x7011, 8, {0xbe,0x3e,0x94,0x3e,0xaa,0x9c,0xaa,0x00}},
    {0x7015, 8, {0xae,0x34,0xae,0x7a,0xae,0x90,0xea,0x00}},
    {0x7018, 8, {0x88,0x0e,0xb8,0x2e,0xa0,0xac,0xde,0x00}},
    {0x701a, 8, {0xb4,0x1a,0xb0,0x3e,0x96,0xba,0x92,0x00}},
    {0x701b, 8, {0x88,0x7e,0xa0,0x3e,0xb4,0xac,0xd6,0x00}},
    {0x701d, 8, {0xbe,0x34,0xbe,0x34,0xa0,0xd4,0xbe,0x00}},
    {0x701e, 8, {0xa6,0x7a,0xa4,0x7e,0xd6,0xfe,0xd4,0x00}},
    {0x701f, 8, {0x94,0x3e,0x9c,0x76,0xa2,0xb6,0xd6,0x00}},
    {0x7026, 8, {0xb4,0x1e,0xb4,0x5e,0xb8,0xd6,0xa6,0x00}},
    {0x7027, 8, {0x96,0x7c,0xae,0x7a,0xae,0xbc,0xae,0x00}},
    {0x702c, 8, {0xae,0x74,0xfe,0x7a,0xae,0xf0,0xaa,0x00}},
    {0x7030, 8, {0xbe,0x14,0xba,0x2e,0xba,0x9e,0xba,0x00}},
    {0x7032, 8, {0x94,0x2e,0xfe,0x56,0xfe,0xd4,0xaa,0x00}},
    {0x703e, 8, {0xb6,0x36,0xaa,0x3e,0xaa,0xbe,0xaa,0x00}},
    {0x704c, 8, {0x94,0x3e,0xb6,0x14,0x9e,0xb4,0x9e,0x00}},
    {0x7051, 8, {0xb6,0x2a,0xbe,0x2c,0xbe,0xe4,0xb6,0x00}},
    {0x7058, 8, {0xda,0x7c,0xae,0x7c,0xfe,0xac,0xde,0x00}},
    {0x7063, 8, {0x9a,0x2c,0x9a,0x3e,0x9c,0x9e,0x82,0x00}},
    {0x706b, 8, {0x10,0x10,0x54,0x58,0x10,0x28,0xc6,0x00}},
    {0x706f, 8, {0x5e,0x44,0xe4,0xc4,0x44,0x64,0x8c,0x00}},
    {0x7070, 8, {0x7e,0x48,0x6a,0x6c,0x48,0x54,0xa2,0x00}},
    {0x7078, 8, {0x3c,0x44,0x18,0xe6,0x54,0x28,0xc6,0x00}},
    {0x707c, 8, {0x50,0x5e,0xe2,0xd2,0x4a,0x62,0x86,0x00}},
    {0x707d, 8, {0x4a,0x94,0x4a,0x10,0x54,0x28,0xc6,0x00}},
    {0x7089, 8, {0x5e,0x40,0xde,0xd2,0x5e,0x50,0xa0,0x00}},
    {0x708a, 8, {0x50,0x5e,0xea,0xc8,0x48,0x54,0xa2,0x00}},
    {0x708e, 8, {0x10,0x54,0x28,0xc6,0x54,0x28,0xc6,0x00}},
    {0x7092, 8, {0x48,0x5c,0xfa,0xc8,0x4a,0x64,0x98,0x00}},
    {0x7099, 8, {0x1c,0x64,0x18,0xe0,0x54,0x28,0xc6,0x00}},
    {0x70ac, 8, {0x5e,0x50,0xfe,0xd2,0x5e,0x70,0x9e,0x00}},
    {0x70ad, 8, {0x92,0xfe,0x48,0x6a,0x6c,0x48,0xb6,0x00}},
    {0x70ae, 8, {0x48,0x4e,0xf2,0xce,0x4e,0x68,0x8e,0x00}},
    {0x70af, 8, {0x7e,0x62,0xfe,0xf6,0x7e,0x62,0xa6,0x00}},
    {0x70b3, 8, {0x7e,0x48,0xfe,0xea,0x76,0x62,0xa6,0x00}},
    {0x70b8, 8, {0x50,0x5e,0xe8,0xce,0x48,0x6e,0x88,0x00}},
    {0x70b9, 8, {0x10,0x1c,0x10,0x7c,0x7c,0x00,0xaa,0x00}},
    {0x70ba, 8, {0x28,0x78,0x1c,0x24,0x7e,0x82,0x56,0x00}},
    {0x70c8, 8, {0xf2,0x4a,0x6a,0xa2,0x46,0x00,0xaa,0x00}},
    {0x70cb, 8, {0x28,0x7e,0xc8,0x5c,0x6a,0x00,0xaa,0x00}},
    {0x70cf, 8, {0x10,0x7c,0x44,0x7c,0x7e,0x02,0xaa,0x00}},
    {0x70d9, 8, {0x4c,0x54,0xc8,0xd4,0x62,0x5c,0x9c,0x00}},
    {0x70dd, 8, {0x7c,0x08,0xd2,0x54,0x92,0x7c,0xaa,0x00}},
    {0x70df, 8, {0x7e,0x6a,0xfe,0xea,0x76,0x62,0xbe,0x00}},
    {0x70f1, 8, {0x7e,0x76,0xe2,0xfe,0x76,0x7e,0xa2,0x00}},
    {0x70f9, 8, {0x10,0xfe,0x44,0x7c,0x08,0x00,0xaa,0x00}},
    {0x70fd, 8, {0x4c,0x54,0xc8,0xf6,0x48,0x7e,0x88,0x00}},
    {0x7109, 8, {0xfe,0x1c,0x50,0xfe,0x7e,0x02,0xaa,0x00}},
    {0x7114, 8, {0x4e,0x52,0xe4,0xd6,0x56,0x76,0x96,0x00}},
    {0x7119, 8, {0x48,0x7e,0xd4,0xfe,0x40,0x5c,0x9c,0x00}},
    {0x711a, 8, {0x24,0xfe,0x6c,0xb6,0x54,0x28,0xc6,0x00}},
    {0x711c, 8, {0x7e,0x62,0xfe,0xe4,0x76,0x64,0xb6,0x00}},
    {0x7121, 8, {0x80,0xfe,0x54,0xfe,0x54,0xfe,0xaa,0x00}},
    {0x7126, 8, {0x28,0x3e,0x7c,0xa8,0x3e,0x00,0xaa,0x00}},
    {0x7136, 8, {0x74,0x5e,0xb4,0x24,0xca,0x00,0xaa,0x00}},
    {0x713c, 8, {0x48,0x5c,0xfe,0xd4,0x7e,0x54,0xa6,0x00}},
    {0x7149, 8, {0x48,0x7e,0xdc,0xdc,0x48,0x5c,0xaa,0x00}},
    {0x714c, 8, {0x48,0x5c,0xd4,0xdc,0x7e,0x48,0xbe,0x00}},
    {0x714e, 8, {0x44,0xfe,0x54,0x74,0x54,0x00,0xaa,0x00}},
    {0x7155, 8, {0xf6,0xa6,0x96,0xa4,0xf6,0x00,0xaa,0x00}},
    {0x7156, 8, {0x5c,0x6a,0xc0,0xde,0x4a,0x54,0xaa,0x00}},
    {0x7159, 8, {0x5e,0x4c,0xfe,0xde,0x5e,0x64,0x9e,0x00}},
    {0x7162, 8, {0xaa,0x44,0xfe,0xbe,0x14,0x7c,0x12,0x00}},
    {0x7164, 8, {0x54,0x7e,0xd4,0xdc,0x7e,0x5c,0xaa,0x00}},
    {0x7165, 8, {0x5c,0x64,0xdc,0xdc,0x7e,0x48,0xb6,0x00}},
    {0x7166, 8, {0xe8,0xae,0xf2,0xae,0xee,0x00,0xaa,0x00}},
    {0x7167, 8, {0xfe,0xaa,0xf2,0xae,0xee,0x00,0xaa,0x00}},
    {0x7169, 8, {0x5e,0x48,0xfe,0xd2,0x5e,0x60,0x92,0x00}},
    {0x716c, 8, {0x5c,0x54,0xfe,0xd0,0x5e,0x6a,0x96,0x00}},
    {0x716e, 8, {0x14,0x7c,0x18,0xfe,0x5c,0x00,0xaa,0x00}},
    {0x717d, 8, {0x7e,0x5c,0xd0,0xde,0x5a,0x56,0xaa,0x00}},
    {0x7184, 8, {0x48,0x5c,0xdc,0xdc,0x40,0x72,0xae,0x00}},
    {0x7188, 8, {0x76,0x76,0x76,0x74,0xb6,0x00,0xaa,0x00}},
    {0x718a, 8, {0x54,0xf6,0x50,0x74,0x56,0x00,0xaa,0x00}},
    {0x718f, 8, {0x38,0xfe,0x7c,0x7c,0xfe,0x00,0xaa,0x00}},
    {0x7194, 8, {0x48,0x7e,0xf6,0xc8,0x54,0x6e,0x8c,0x00}},
    {0x7195, 8, {0x5c,0x48,0xfe,0xdc,0x54,0x5c,0xa2,0x00}},
    {0x7199, 8, {0xf6,0xa6,0xd6,0xa4,0xf6,0x00,0xaa,0x00}},
    {0x719f, 8, {0x28,0xfc,0x5c,0x7c,0xae,0x00,0xaa,0x00}},
    {0x71a8, 8, {0x72,0x7e,0x6a,0xa6,0x54,0x28,0xc6,0x00}},
    {0x71ac, 8, {0x24,0x76,0xfa,0x64,0xaa,0x00,0xaa,0x00}},
    {0x71b1, 8, {0x28,0x6c,0xf4,0x6c,0xb6,0x00,0xaa,0x00}},
    {0x71b9, 8, {0x10,0xfe,0x38,0xfe,0x44,0x7c,0xaa,0x00}},
    {0x71be, 8, {0x56,0x7c,0xde,0xfc,0x46,0x5c,0xba,0x00}},
    {0x71c3, 8, {0x54,0x5e,0xec,0xd4,0x6a,0x40,0xaa,0x00}},
    {0x71c8, 8, {0x7a,0x54,0xe2,0xdc,0x54,0x48,0xbe,0x00}},
    {0x71c9, 8, {0x54,0x7e,0xee,0xf6,0x5e,0x74,0x9a,0x00}},
    {0x71ce, 8, {0x48,0x7e,0xd4,0xfe,0x54,0x48,0xaa,0x00}},
    {0x71d0, 8, {0x6a,0x5c,0xea,0xc0,0x74,0x5e,0xa4,0x00}},
    {0x71d2, 8, {0x48,0x5c,0xfe,0xf6,0x7e,0x54,0xa6,0x00}},
    {0x71d4, 8, {0x7e,0x54,0xfe,0xdc,0x6a,0x5c,0x9c,0x00}},
    {0x71d5, 8, {0x28,0xfe,0xde,0x54,0xde,0x00,0xaa,0x00}},
    {0x71d7, 8, {0x76,0x76,0xe2,0xee,0x6e,0x76,0xa2,0x00}},
    {0x71df, 8, {0xaa,0x44,0xfe,0xba,0x10,0x7c,0x7c,0x00}},
    {0x71e0, 8, {0x48,0x5e,0xde,0xda,0x7e,0x48,0xb6,0x00}},
    {0x71e5, 8, {0x5c,0x54,0xfe,0xea,0x7e,0x5c,0xaa,0x00}},
    {0x71e6, 8, {0x58,0x56,0xea,0xd4,0x6a,0x5c,0xaa,0x00}},
    {0x71e7, 8, {0x6c,0x52,0xee,0xcc,0x56,0x6c,0xbe,0x00}},
    {0x71ec, 8, {0x5e,0x6a,0xf8,0xd6,0x7a,0x54,0xba,0x00}},
    {0x71ed, 8, {0x7e,0x6a,0xde,0xe2,0x5a,0x5e,0xba,0x00}},
    {0x71ee, 8, {0x54,0xee,0x54,0xba,0x28,0x10,0xee,0x00}},
    {0x71f5, 8, {0x64,0x4e,0xde,0xea,0x5e,0x64,0xbe,0x00}},
    {0x71f9, 8, {0xee,0x44,0xaa,0x66,0x54,0x28,0xc6,0x00}},
    {0x71fb, 8, {0x5c,0x7e,0xdc,0xdc,0x7e,0x40,0xaa,0x00}},
    {0x71fc, 8, {0x48,0x5c,0xee,0xdc,0x6a,0x5c,0xbe,0x00}},
    {0x71ff, 8, {0x76,0x52,0xc0,0xd4,0x5e,0x74,0x9e,0x00}},
    {0x7206, 8, {0x7e,0x7e,0xd4,0xfe,0x6a,0x5c,0xaa,0x00}},
    {0x720d, 8, {0x5a,0x6c,0xda,0xec,0x7e,0x5c,0xaa,0x00}},
    {0x7210, 8, {0x44,0x46,0xdc,0xd6,0x50,0x6c,0x9e,0x00}},
    {0x721b, 8, {0x76,0x76,0xea,0xfe,0x6a,0x7e,0xaa,0x00}},
    {0x7228, 8, {0x2c,0x54,0xfe,0xaa,0x7c,0x92,0x28,0x00}},
    {0x722a, 8, {0x0c,0x70,0x54,0x54,0x54,0x54,0x92,0x00}},
    {0x722c, 8, {0x10,0x66,0x76,0x74,0x76,0x70,0xae,0x00}},
    {0x722d, 8, {0x7c,0x52,0xbc,0x14,0xfe,0x1c,0x30,0x00}},
    {0x7230, 8, {0x7c,0x52,0xbc,0x7e,0x34,0x48,0xb6,0x00}},
    {0x7232, 8, {0x7c,0x52,0xbc,0x24,0x3e,0x42,0xaa,0x00}},
    {0x7235, 8, {0xfe,0x54,0x7e,0x7e,0x66,0x52,0xf6,0x00}},
    {0x7236, 8, {0x28,0xc6,0x28,0x28,0x10,0x28,0xc6,0x00}},
    {0x723a, 8, {0x28,0xc6,0x38,0xc6,0x74,0xf6,0x14,0x00}},
    {0x723b, 8, {0x64,0x18,0x64,0x28,0x28,0x10,0xee,0x00}},
    {0x723c, 8, {0xbc,0x54,0xbc,0x14,0xbc,0x54,0xbe,0x00}},
    {0x723d, 8, {0x10,0xfe,0x54,0x38,0x54,0x28,0xc6,0x00}},
    {0x723e, 8, {0xfe,0x54,0xfe,0xb6,0xda,0xb6,0xda,0x00}},
    {0x723f, 8, {0x24,0x24,0x3c,0x04,0x7c,0x24,0x44,0x00}},
    {0x7240, 8, {0xa8,0xbe,0xe8,0x3c,0xfc,0x6a,0xa8,0x00}},
    {0x7246, 8, {0xa8,0xbe,0xf4,0x2a,0xfe,0x76,0xbe,0x00}},
    {0x7247, 8, {0x48,0x48,0x7e,0x40,0x7c,0x44,0x84,0x00}},
    {0x7248, 8, {0xae,0xa8,0xee,0x8a,0xea,0xb4,0xaa,0x00}},
    {0x724b, 8, {0xaa,0xbe,0xe4,0x8a,0xfe,0xa4,0xaa,0x00}},
    {0x724c, 8, {0xa8,0xbe,0xfa,0x9e,0xec,0xbe,0xa4,0x00}},
    {0x7252, 8, {0xaa,0xbe,0xf6,0x90,0xfe,0xbc,0xaa,0x00}},
    {0x7258, 8, {0xa4,0xbe,0xfa,0x9e,0xec,0xac,0xb2,0x00}},
    {0x7259, 8, {0x7c,0x48,0x48,0xfe,0x28,0xc8,0x18,0x00}},
    {0x725b, 8, {0x50,0x7c,0x90,0x10,0xfe,0x10,0x10,0x00}},
    {0x725d, 8, {0x68,0x78,0xaa,0x3c,0xe8,0x2a,0x2e,0x00}},
    {0x725f, 8, {0x10,0x24,0xfa,0x3c,0x50,0xfe,0x10,0x00}},
    {0x7261, 8, {0x64,0x74,0xae,0x34,0xe4,0x24,0x2e,0x00}},
    {0x7262, 8, {0x10,0xfe,0xd2,0x7c,0x90,0xfe,0x10,0x00}},
    {0x7267, 8, {0xd0,0xde,0xf4,0x54,0xd4,0x48,0x76,0x00}},
    {0x7269, 8, {0xd0,0xde,0xee,0x4e,0xd6,0x6a,0x56,0x00}},
    {0x7272, 8, {0xd8,0xde,0xe8,0x48,0xdc,0x48,0x7e,0x00}},
    {0x7274, 8, {0xc2,0xfc,0xd4,0x5e,0xf4,0x52,0x5e,0x00}},
    {0x7279, 8, {0xc8,0xdc,0xc8,0x7e,0xc4,0x7e,0x54,0x00}},
    {0x727d, 8, {0x10,0xfe,0x64,0xfe,0xba,0x7c,0x10,0x00}},
    {0x727e, 8, {0xdc,0xc8,0xfc,0x54,0xfe,0x54,0x5c,0x00}},
    {0x7280, 8, {0x7e,0x7e,0x44,0x76,0x5c,0x7e,0x84,0x00}},
    {0x7281, 8, {0x6a,0xfa,0x6a,0xb2,0x3c,0xfe,0x10,0x00}},
    {0x7282, 8, {0x68,0xfe,0x76,0xaa,0x3c,0xfe,0x10,0x00}},
    {0x7287, 8, {0x50,0x7c,0xfe,0x48,0x6c,0xfe,0x24,0x00}},
    {0x7292, 8, {0xc8,0xfe,0xd4,0x5c,0xfe,0x62,0x6a,0x00}},
    {0x7296, 8, {0xaa,0x44,0xfe,0xb2,0x3c,0xfe,0x10,0x00}},
    {0x72a0, 8, {0xd4,0xfe,0xc8,0x7e,0xd6,0x7c,0x52,0x00}},
    {0x72a2, 8, {0xc8,0xfe,0xf6,0x7e,0xdc,0x5c,0x62,0x00}},
    {0x72a7, 8, {0xd4,0xfe,0xc8,0x7e,0xd6,0x4c,0x5a,0x00}},
    {0x72ac, 8, {0x14,0x10,0xfe,0x10,0x10,0x28,0xc6,0x00}},
    {0x72af, 8, {0xbe,0x52,0xb2,0x76,0xb0,0x32,0xde,0x00}},
    {0x72b2, 8, {0xa4,0x5e,0xa4,0x66,0xac,0x34,0xcc,0x00}},
    {0x72b6, 8, {0x4a,0x48,0xfe,0x48,0xc8,0x54,0x62,0x00}},
    {0x72b9, 8, {0xaa,0x5e,0xa8,0x6c,0xac,0x2c,0xd6,0x00}},
    {0x72c2, 8, {0xae,0x44,0xa4,0x6e,0xa4,0x24,0xde,0x00}},
    {0x72c3, 8, {0xbc,0x54,0xd4,0x7e,0xd4,0x54,0xbe,0x00}},
    {0x72c4, 8, {0xa4,0x44,0xb6,0x74,0xa4,0x24,0xda,0x00}},
    {0x72c6, 8, {0xa4,0x5e,0xb6,0x76,0xbe,0x24,0xc4,0x00}},
    {0x72ce, 8, {0xbe,0x6a,0xfe,0x6a,0xfe,0x48,0x88,0x00}},
    {0x72d0, 8, {0xa2,0x5c,0xd4,0x54,0xd4,0x56,0xaa,0x00}},
    {0x72d2, 8, {0x94,0x7e,0xde,0x74,0xfe,0x56,0xa4,0x00}},
    {0x72d7, 8, {0xa8,0x4e,0xb2,0x6e,0xae,0x22,0xc6,0x00}},
    {0x72d9, 8, {0xbc,0x54,0xdc,0x54,0xdc,0x54,0xbe,0x00}},
    {0x72db, 8, {0xa8,0x5e,0xd2,0x5e,0xd2,0x52,0x9e,0x00}},
    {0x72e0, 8, {0xbe,0x52,0xde,0x52,0xde,0x54,0x9a,0x00}},
    {0x72e1, 8, {0x88,0x7e,0xd4,0x62,0xd4,0x48,0xb6,0x00}},
    {0x72e2, 8, {0xac,0x54,0xc8,0x54,0xe2,0x5c,0x9c,0x00}},
    {0x72e9, 8, {0xa8,0x5e,0xd2,0x44,0xfe,0x54,0x8c,0x00}},
    {0x72ec, 8, {0xa8,0x5e,0xba,0x7e,0xa8,0x2a,0xde,0x00}},
    {0x72ed, 8, {0xa8,0x7e,0xc8,0x6a,0xfe,0x48,0xb6,0x00}},
    {0x72f7, 8, {0xac,0x4c,0xa0,0x7e,0xb2,0x3e,0xd2,0x00}},
    {0x72f8, 8, {0xbe,0x6a,0xfe,0x6a,0xfe,0x48,0xbe,0x00}},
    {0x72f9, 8, {0x88,0x7e,0xdc,0x5c,0xea,0x48,0xb6,0x00}},
    {0x72fc, 8, {0xa4,0x5e,0xd2,0x5e,0xda,0x54,0x9a,0x00}},
    {0x72fd, 8, {0xbe,0x52,0xbe,0x72,0xbe,0x20,0xd2,0x00}},
    {0x730a, 8, {0x96,0x62,0xf6,0x62,0xfe,0x54,0xa6,0x00}},
    {0x7316, 8, {0xac,0x4c,0xbe,0x72,0xbe,0x32,0xde,0x00}},
    {0x7317, 8, {0x88,0x7e,0xc8,0x54,0xfe,0x44,0x94,0x00}},
    {0x731b, 8, {0xac,0x44,0xfe,0x48,0xdc,0x5c,0xbe,0x00}},
    {0x731c, 8, {0xa8,0x5c,0xc8,0x7e,0xdc,0x5c,0x94,0x00}},
    {0x731d, 8, {0x88,0x7e,0xd4,0x54,0xea,0x7e,0x88,0x00}},
    {0x731f, 8, {0xaa,0x44,0xbe,0x6a,0xbe,0x2a,0xca,0x00}},
    {0x7325, 8, {0xbe,0x56,0xbe,0x60,0xbe,0x34,0xda,0x00}},
    {0x7329, 8, {0xae,0x4a,0xae,0x74,0xae,0x24,0xde,0x00}},
    {0x732a, 8, {0xaa,0x5c,0xc8,0x7e,0xd0,0x6e,0x8e,0x00}},
    {0x732b, 8, {0x94,0x7e,0xd4,0x7e,0xfe,0x6a,0xbe,0x00}},
    {0x732e, 8, {0x26,0xf4,0x2e,0xf4,0xd4,0xf4,0xba,0x00}},
    {0x732f, 8, {0xaa,0x7e,0xc0,0x7e,0xd0,0x7e,0xaa,0x00}},
    {0x7334, 8, {0xac,0x64,0xfe,0x68,0xfe,0x64,0xba,0x00}},
    {0x7336, 8, {0x94,0x7e,0xd4,0x7e,0xf6,0x62,0xbe,0x00}},
    {0x7337, 8, {0x56,0xf4,0x6e,0xf4,0xd4,0x94,0xfa,0x00}},
    {0x733e, 8, {0x9c,0x54,0xfe,0x62,0xdc,0x5c,0x94,0x00}},
    {0x733f, 8, {0xa8,0x5c,0xbe,0x72,0xbe,0x34,0xda,0x00}},
    {0x7344, 8, {0xb6,0x5c,0xa6,0x7c,0xa4,0x3c,0xda,0x00}},
    {0x7345, 8, {0xae,0x74,0xbe,0x6e,0xbe,0x34,0xc4,0x00}},
    {0x734e, 8, {0xa6,0xea,0x7e,0xa4,0xfe,0x10,0xee,0x00}},
    {0x734f, 8, {0x94,0x7e,0xdc,0x54,0xfe,0x48,0xb6,0x00}},
    {0x7357, 8, {0xbe,0x68,0xd6,0x6e,0xf4,0x54,0xaa,0x00}},
    {0x7363, 8, {0xd6,0x74,0x7e,0x04,0xf4,0x54,0x7a,0x00}},
    {0x7368, 8, {0xbe,0x6a,0xde,0x62,0xda,0x5e,0xba,0x00}},
    {0x736a, 8, {0xa8,0x54,0xfe,0x6a,0xfe,0x54,0x9c,0x00}},
    {0x7370, 8, {0xa8,0x7e,0xfa,0x5c,0xfe,0x48,0x98,0x00}},
    {0x7372, 8, {0x94,0x7e,0xdc,0x5e,0xd4,0x48,0xb6,0x00}},
    {0x7375, 8, {0xaa,0x54,0xde,0x56,0xda,0x5e,0xaa,0x00}},
    {0x7378, 8, {0xf6,0xf4,0x7e,0x74,0xf4,0x54,0x7a,0x00}},
    {0x737a, 8, {0x96,0x7a,0xf0,0x7e,0xde,0x70,0x9a,0x00}},
    {0x737b, 8, {0x26,0x34,0xee,0xb4,0xe4,0xf4,0xda,0x00}},
    {0x7384, 8, {0x10,0xfe,0x20,0x68,0x10,0x24,0xfa,0x00}},
    {0x7387, 8, {0x10,0xfe,0x54,0x20,0x54,0xfe,0x10,0x00}},
    {0x7389, 8, {0xfe,0x10,0x10,0x7c,0x10,0x14,0xfe,0x00}},
    {0x738b, 8, {0xfe,0x10,0x10,0x7c,0x10,0x10,0xfe,0x00}},
    {0x7396, 8, {0xe8,0x4e,0x52,0xe4,0x44,0xea,0x12,0x00}},
    {0x73a9, 8, {0xdc,0x40,0x7e,0xd4,0x54,0xd4,0x26,0x00}},
    {0x73b2, 8, {0xe8,0x54,0x6e,0xc0,0x7e,0xca,0x08,0x00}},
    {0x73b3, 8, {0xd6,0x64,0x6e,0xe4,0x64,0xe4,0x22,0x00}},
    {0x73bb, 8, {0xc8,0x7e,0x6a,0xfc,0x74,0xe8,0x36,0x00}},
    {0x73c0, 8, {0xe8,0x5e,0x72,0xde,0x72,0xd2,0x1e,0x00}},
    {0x73c2, 8, {0xfe,0x42,0x5e,0xf6,0x5e,0xe2,0x06,0x00}},
    {0x73c8, 8, {0xd0,0x7e,0x5a,0xda,0x6a,0xce,0x18,0x00}},
    {0x73ca, 8, {0xde,0x5a,0x5a,0xfe,0x5a,0xda,0x12,0x00}},
    {0x73cd, 8, {0xe8,0x54,0x6a,0xc4,0x6a,0xc4,0x18,0x00}},
    {0x73ce, 8, {0xd0,0x5e,0x68,0xdc,0x5a,0xea,0x18,0x00}},
    {0x73de, 8, {0xec,0x54,0x48,0xd4,0x62,0xdc,0x1c,0x00}},
    {0x73e0, 8, {0xd8,0x5c,0x68,0xfe,0x48,0xdc,0x2a,0x00}},
    {0x73e5, 8, {0xfe,0x54,0x5c,0xdc,0x54,0xfe,0x04,0x00}},
    {0x73ea, 8, {0xe8,0x5c,0x48,0xfe,0x5c,0xc8,0x3e,0x00}},
    {0x73ed, 8, {0xe6,0x4c,0x6c,0xee,0x4c,0xd4,0x2e,0x00}},
    {0x73ee, 8, {0xfe,0x62,0x7e,0xea,0x7e,0xfe,0x2a,0x00}},
    {0x73f1, 8, {0xea,0x44,0x48,0xfe,0x54,0xcc,0x32,0x00}},
    {0x73f8, 8, {0xdc,0x48,0x7c,0xd4,0x7e,0xd4,0x1c,0x00}},
    {0x73fe, 8, {0xfe,0x52,0x5e,0xf2,0x5e,0xec,0x16,0x00}},
    {0x7403, 8, {0xca,0x7e,0x48,0xea,0x5c,0xea,0x18,0x00}},
    {0x7405, 8, {0xe4,0x5e,0x72,0xde,0x7a,0xd4,0x1a,0x00}},
    {0x7406, 8, {0xfe,0x6a,0x7e,0xea,0x7e,0xc8,0x3e,0x00}},
    {0x7409, 8, {0xc8,0x7e,0x54,0xfa,0x58,0xda,0x2a,0x00}},
    {0x7422, 8, {0xfe,0x50,0x5a,0xec,0x5c,0xea,0x18,0x00}},
    {0x7425, 8, {0xe4,0x46,0x5c,0xf6,0x50,0xec,0x16,0x00}},
    {0x7432, 8, {0xd4,0x76,0x54,0xf6,0x54,0xf6,0x14,0x00}},
    {0x7433, 8, {0xd4,0x7e,0x54,0xfc,0x7e,0xd4,0x14,0x00}},
    {0x7434, 8, {0xee,0x44,0xee,0x38,0xc6,0x38,0x08,0x00}},
    {0x7435, 8, {0xee,0x44,0xee,0x48,0x6e,0x48,0xee,0x00}},
    {0x7436, 8, {0xee,0x44,0xfe,0x54,0x7c,0x42,0x3e,0x00}},
    {0x743a, 8, {0xe4,0x4e,0x64,0xce,0x64,0xe8,0x2e,0x00}},
    {0x743f, 8, {0xfe,0x6a,0x7e,0xdc,0x5c,0xfe,0x08,0x00}},
    {0x7441, 8, {0xfe,0x62,0x6e,0xd4,0x5c,0xd4,0x1c,0x00}},
    {0x7455, 8, {0xf6,0x72,0x66,0xfe,0x6a,0xf4,0x2a,0x00}},
    {0x7459, 8, {0xea,0x54,0x6a,0xde,0x76,0xda,0x1e,0x00}},
    {0x745a, 8, {0xd6,0x7e,0x56,0xfe,0x6e,0xfe,0x0a,0x00}},
    {0x745b, 8, {0xd4,0x7e,0x54,0xea,0x7e,0xc8,0x36,0x00}},
    {0x745c, 8, {0xd8,0x54,0x6e,0xc0,0x5a,0xdc,0x1a,0x00}},
    {0x745e, 8, {0xea,0x7e,0x40,0xfe,0x50,0xfe,0x2a,0x00}},
    {0x745f, 8, {0xee,0x44,0xee,0x28,0xb2,0x20,0xde,0x00}},
    {0x7460, 8, {0xce,0x76,0x66,0xfa,0x5c,0xdc,0x1c,0x00}},
    {0x7463, 8, {0xd4,0x6a,0x5c,0xd4,0x5c,0xdc,0x22,0x00}},
    {0x7464, 8, {0xec,0x54,0x48,0xde,0x64,0xd6,0x1e,0x00}},
    {0x7469, 8, {0xaa,0x44,0xfe,0x92,0x7c,0x14,0xfe,0x00}},
    {0x746a, 8, {0xfe,0x68,0x7c,0xe8,0x7e,0xc2,0x2a,0x00}},
    {0x746f, 8, {0xd6,0x7e,0x6c,0xfe,0x66,0xec,0x34,0x00}},
    {0x7470, 8, {0xd0,0x7e,0x6a,0xfe,0x6a,0xdc,0x2e,0x00}},
    {0x7473, 8, {0xd4,0x7e,0x48,0xfe,0x5e,0xd4,0x2e,0x00}},
    {0x7476, 8, {0xe6,0x5a,0x48,0xfe,0x48,0xea,0x3e,0x00}},
    {0x747e, 8, {0xd4,0x7e,0x54,0xfe,0x7e,0xc8,0x3e,0x00}},
    {0x7483, 8, {0xc8,0x7e,0x54,0xdc,0x7e,0xee,0x3a,0x00}},
    {0x748b, 8, {0xc8,0x7e,0x54,0xfe,0x5c,0xfe,0x08,0x00}},
    {0x749e, 8, {0xea,0x7e,0x54,0xfe,0x5c,0xc8,0x36,0x00}},
    {0x74a2, 8, {0xfe,0x54,0x76,0xf6,0x7e,0xea,0x3e,0x00}},
    {0x74a7, 8, {0x64,0x6e,0xca,0x64,0xfe,0x3c,0xfe,0x00}},
    {0x74b0, 8, {0xfe,0x6a,0x7e,0xd4,0x5c,0xea,0x08,0x00}},
    {0x74bd, 8, {0xfe,0x54,0xfe,0xb6,0xda,0x7c,0xfe,0x00}},
    {0x74ca, 8, {0xec,0x56,0x4e,0xee,0x5a,0xe4,0x1a,0x00}},
    {0x74cf, 8, {0xd6,0x7c,0x6e,0xfa,0x6e,0xfc,0x2e,0x00}},
    {0x74d4, 8, {0xf6,0x76,0x6a,0xd0,0x7e,0xd4,0x3a,0x00}},
    {0x74dc, 8, {0x0c,0x70,0x54,0x54,0x54,0x54,0xba,0x00}},
    {0x74e0, 8, {0x42,0xfc,0x54,0xb4,0x54,0x3a,0x6a,0x00}},
    {0x74e2, 8, {0xf2,0x7c,0x74,0x14,0xf4,0x36,0xaa,0x00}},
    {0x74e3, 8, {0x54,0xfe,0xba,0x74,0xfe,0x74,0xb4,0x00}},
    {0x74e6, 8, {0xfe,0x20,0x38,0x28,0x58,0x4a,0xee,0x00}},
    {0x74e7, 8, {0xf4,0x44,0x6e,0x64,0x64,0x64,0xde,0x00}},
    {0x74e9, 8, {0xf2,0x4c,0x64,0x6e,0x64,0x64,0xde,0x00}},
    {0x74ee, 8, {0x28,0xc6,0x20,0xfe,0x3c,0x24,0xf6,0x00}},
    {0x74f0, 8, {0xf4,0x4a,0x60,0x6e,0x66,0x6a,0xde,0x00}},
    {0x74f1, 8, {0xf2,0x4c,0x66,0x6c,0x64,0x66,0xde,0x00}},
    {0x74f2, 8, {0xe4,0x5e,0x64,0x76,0x7c,0x66,0xbe,0x00}},
    {0x74f6, 8, {0xbe,0x50,0xfc,0x74,0xfc,0x74,0xba,0x00}},
    {0x74f7, 8, {0x90,0x1e,0x2a,0x94,0xfe,0x24,0xf6,0x00}},
    {0x74f8, 8, {0xee,0x44,0x6a,0x6e,0x6a,0x6e,0xde,0x00}},
    {0x7503, 8, {0x14,0xee,0x74,0xaa,0xfe,0x24,0xf6,0x00}},
    {0x7504, 8, {0xfe,0x48,0xec,0xec,0xec,0x4c,0xfa,0x00}},
    {0x7505, 8, {0xee,0x48,0x6e,0x6e,0x74,0x6e,0xde,0x00}},
    {0x750c, 8, {0xfe,0xb8,0xbc,0x8c,0xdc,0xdc,0xfa,0x00}},
    {0x750d, 8, {0x28,0xfe,0x54,0xfe,0xbe,0x24,0xf6,0x00}},
    {0x750e, 8, {0x5e,0xe8,0x6c,0x6c,0xec,0x2c,0xba,0x00}},
    {0x7511, 8, {0xbe,0x10,0xfc,0xf4,0x1c,0xd4,0xfa,0x00}},
    {0x7513, 8, {0x64,0x6e,0xca,0x64,0xfe,0x24,0xf6,0x00}},
    {0x7515, 8, {0x10,0xfe,0x5c,0x9e,0xfe,0x24,0xf6,0x00}},
    {0x7518, 8, {0x44,0xfe,0x44,0x7c,0x44,0x44,0x7c,0x00}},
    {0x751a, 8, {0x28,0xfe,0x28,0x38,0xfe,0x54,0x7e,0x00}},
    {0x751c, 8, {0x2a,0xde,0xea,0x4e,0xea,0xaa,0xee,0x00}},
    {0x751e, 8, {0x54,0xfe,0xba,0x44,0xfe,0x44,0x7c,0x00}},
    {0x751f, 8, {0x50,0x7e,0x90,0x10,0x7c,0x10,0xfe,0x00}},
    {0x7523, 8, {0x10,0xfe,0x24,0x7e,0x5c,0x48,0xbe,0x00}},
    {0x7525, 8, {0xde,0xf6,0x5e,0xf6,0x5e,0xea,0x16,0x00}},
    {0x7526, 8, {0xec,0x4e,0xf4,0xee,0xc4,0x5e,0xbe,0x00}},
    {0x7528, 8, {0x7e,0x52,0x7e,0x52,0x7e,0x52,0x96,0x00}},
    {0x752b, 8, {0x14,0xfe,0x10,0x7c,0x54,0x7c,0x54,0x00}},
    {0x752c, 8, {0x7e,0x04,0x7e,0x52,0x7e,0x52,0x56,0x00}},
    {0x7530, 8, {0xfe,0x92,0x92,0xfe,0x92,0x92,0xfe,0x00}},
    {0x7531, 8, {0x10,0xfe,0x92,0xfe,0x92,0x92,0xfe,0x00}},
    {0x7532, 8, {0xfe,0x92,0xfe,0x92,0xfe,0x10,0x10,0x00}},
    {0x7533, 8, {0x10,0xfe,0x92,0xfe,0x92,0xfe,0x10,0x00}},
    {0x7537, 8, {0x7c,0x54,0x7c,0x54,0xfe,0x22,0xc6,0x00}},
    {0x7538, 8, {0x40,0x7e,0xd6,0x7e,0x56,0x7e,0x02,0x00}},
    {0x753a, 8, {0xf0,0xbe,0xf4,0xb4,0xb4,0xf4,0x0c,0x00}},
    {0x753b, 8, {0xfe,0x10,0xba,0xba,0xba,0x82,0xfe,0x00}},
    {0x753c, 8, {0x7c,0x54,0x7c,0x54,0xfe,0x10,0x30,0x00}},
    {0x7544, 8, {0x52,0x04,0x7e,0x52,0x7e,0x52,0x7e,0x00}},
    {0x7546, 8, {0x44,0xe4,0x04,0xe4,0xe8,0xea,0xfe,0x00}},
    {0x7549, 8, {0x04,0xee,0xe4,0xfe,0xe4,0xe4,0x1a,0x00}},
    {0x754a, 8, {0x0a,0xfe,0xea,0xea,0xfe,0xea,0x12,0x00}},
    {0x754b, 8, {0x08,0xee,0xfa,0xea,0xea,0xe4,0x1a,0x00}},
    {0x754c, 8, {0x7c,0x54,0x7c,0x54,0x7c,0xaa,0x48,0x00}},
    {0x754d, 8, {0x04,0xea,0xf0,0xea,0xea,0xea,0x12,0x00}},
    {0x754f, 8, {0x7c,0x54,0x7c,0x54,0xfe,0x48,0xe6,0x00}},
    {0x7551, 8, {0x5e,0x56,0xf6,0xde,0x56,0x76,0x9e,0x00}},
    {0x7554, 8, {0x04,0xf6,0xe4,0xfe,0xe4,0xfe,0x04,0x00}},
    {0x7559, 8, {0x2e,0xc6,0x96,0xea,0x7c,0x54,0x7c,0x00}},
    {0x755a, 8, {0x28,0x74,0xfe,0x44,0xbe,0x34,0x3c,0x00}},
    {0x755b, 8, {0x08,0xf4,0xea,0xe4,0xea,0xe4,0x18,0x00}},
    {0x755c, 8, {0x10,0xfe,0x60,0x12,0xfe,0x54,0x7c,0x00}},
    {0x755d, 8, {0x48,0xee,0x12,0xe4,0xe4,0xea,0xf2,0x00}},
    {0x7560, 8, {0x10,0x7c,0x44,0x7c,0xfe,0x92,0xfe,0x00}},
    {0x7562, 8, {0x7c,0x54,0x7c,0xfe,0x54,0xfe,0x10,0x00}},
    {0x7564, 8, {0x08,0xfc,0xe8,0xfe,0xe4,0xfe,0x14,0x00}},
    {0x7565, 8, {0x06,0xea,0xe4,0xea,0xf0,0xee,0x0e,0x00}},
    {0x7566, 8, {0x04,0xee,0xe4,0xfe,0xee,0xe4,0x1e,0x00}},
    {0x7567, 8, {0x7c,0x54,0x7c,0x28,0x10,0xee,0x38,0x00}},
    {0x7569, 8, {0x08,0xfe,0xe8,0xfa,0xf4,0xf4,0x1a,0x00}},
    {0x756a, 8, {0xfe,0x54,0xfe,0x38,0xd6,0x7c,0x7c,0x00}},
    {0x756b, 8, {0x10,0x7c,0x16,0x7c,0xfe,0x54,0xfe,0x00}},
    {0x756d, 8, {0x04,0xea,0xfe,0xe4,0xfe,0xe4,0x16,0x00}},
    {0x7570, 8, {0x7c,0x54,0x7c,0x28,0xfe,0x00,0xc6,0x00}},
    {0x7573, 8, {0x7c,0x54,0x7c,0xfe,0xba,0x28,0xfe,0x00}},
    {0x7574, 8, {0x08,0xfc,0xfe,0xf4,0xfe,0xe4,0x14,0x00}},
    {0x7576, 8, {0x54,0xfe,0xaa,0x38,0x7c,0x54,0x7c,0x00}},
    {0x7577, 8, {0x3e,0xd4,0xea,0xfe,0xea,0xd4,0x2a,0x00}},
    {0x7578, 8, {0x04,0xfe,0xe4,0xea,0xfe,0xe2,0x0a,0x00}},
    {0x757f, 8, {0x54,0x98,0x54,0xfc,0x0a,0xe4,0xea,0x00}},
    {0x7582, 8, {0x38,0xba,0x44,0xfe,0xba,0x28,0xfe,0x00}},
    {0x7586, 8, {0xfe,0x2c,0x6c,0x5e,0xec,0x6c,0xde,0x00}},
    {0x7587, 8, {0x08,0xfc,0xfe,0xe8,0xfe,0xf4,0x0c,0x00}},
    {0x7589, 8, {0x38,0x38,0xee,0xfe,0xaa,0x50,0xfe,0x00}},
    {0x758a, 8, {0x38,0x38,0xee,0xfe,0xba,0x28,0xfe,0x00}},
    {0x758b, 8, {0xfe,0x12,0x10,0x5c,0x50,0x50,0xbe,0x00}},
    {0x758e, 8, {0xe8,0x3e,0x5a,0x7e,0xc8,0xdc,0xea,0x00}},
    {0x758f, 8, {0xe8,0x3e,0x54,0x7a,0xd8,0xda,0xea,0x00}},
    {0x7591, 8, {0x9e,0xe4,0x9e,0x6a,0xec,0x58,0xb6,0x00}},
    {0x7594, 8, {0x08,0x7e,0xc0,0x7e,0xc8,0x48,0x98,0x00}},
    {0x759a, 8, {0x08,0x7e,0xcc,0x54,0xc4,0x48,0xb6,0x00}},
    {0x759d, 8, {0x08,0x7e,0xc0,0x48,0xea,0x6a,0xbe,0x00}},
    {0x75a3, 8, {0x08,0x7e,0xc8,0x7e,0xcc,0x4c,0xb6,0x00}},
    {0x75a5, 8, {0x08,0x7e,0xc8,0x54,0xf6,0x54,0xa4,0x00}},
    {0x75ab, 8, {0x08,0x7e,0xdc,0x54,0xee,0x4c,0xb6,0x00}},
    {0x75b1, 8, {0x08,0x7e,0xd0,0x5e,0xee,0x48,0x8e,0x00}},
    {0x75b2, 8, {0x08,0x7e,0xc4,0x5e,0xda,0x54,0xaa,0x00}},
    {0x75b3, 8, {0x08,0x7e,0xd4,0x7e,0xd4,0x54,0x9c,0x00}},
    {0x75b5, 8, {0x08,0x7e,0xd4,0x5e,0xf4,0x7c,0xb6,0x00}},
    {0x75b8, 8, {0x08,0x7e,0xdc,0x54,0xdc,0x40,0xbe,0x00}},
    {0x75b9, 8, {0x08,0x7e,0xc8,0x54,0xea,0x44,0x98,0x00}},
    {0x75bc, 8, {0x08,0x7e,0xcc,0x54,0xcc,0x72,0x88,0x00}},
    {0x75bd, 8, {0x08,0x7e,0xdc,0x54,0xdc,0x54,0xbe,0x00}},
    {0x75be, 8, {0x08,0x7e,0xd0,0x5c,0xfe,0x48,0xb6,0x00}},
    {0x75c2, 8, {0x08,0x7e,0xd0,0x7e,0xda,0x5a,0xae,0x00}},
    {0x75c3, 8, {0x08,0x7e,0xc8,0x7e,0xd0,0x4a,0xbe,0x00}},
    {0x75c5, 8, {0x08,0x7e,0xdc,0x7e,0xea,0x76,0xa2,0x00}},
    {0x75c7, 8, {0x08,0x7e,0xde,0x44,0xd6,0x54,0xbe,0x00}},
    {0x75ca, 8, {0x08,0x7e,0xc8,0x54,0xfe,0x48,0xbe,0x00}},
    {0x75cd, 8, {0x08,0x7e,0xfc,0x58,0xde,0x4a,0xb6,0x00}},
    {0x75d2, 8, {0x08,0x7e,0xd4,0x7e,0xc8,0x7e,0x88,0x00}},
    {0x75d4, 8, {0x08,0x7e,0xdc,0x48,0xfe,0x54,0x8c,0x00}},
    {0x75d5, 8, {0x08,0x7e,0xdc,0x54,0xdc,0x54,0x9a,0x00}},
    {0x75d8, 8, {0x08,0x7e,0xc0,0x5e,0xd2,0x4c,0x9e,0x00}},
    {0x75d9, 8, {0x08,0x7e,0xca,0x54,0xfe,0x48,0xbe,0x00}},
    {0x75db, 8, {0x08,0x7e,0xc4,0x7e,0xea,0x7e,0xaa,0x00}},
    {0x75de, 8, {0x08,0x7e,0xde,0x4c,0xd6,0x6c,0x8c,0x00}},
    {0x75e2, 8, {0x08,0x7e,0xc8,0x76,0xd6,0x7a,0x96,0x00}},
    {0x75e3, 8, {0x08,0x7e,0xdc,0x48,0xdc,0x72,0xae,0x00}},
    {0x75e9, 8, {0x08,0x7e,0xdc,0x7e,0xd4,0x48,0xb6,0x00}},
    {0x75f0, 8, {0x08,0x7e,0xea,0x48,0xf6,0x48,0xb6,0x00}},
    {0x75f2, 8, {0x08,0x7e,0xd4,0x7e,0xfe,0x7e,0x94,0x00}},
    {0x75f3, 8, {0x08,0x7e,0xd4,0x7e,0xd4,0x7e,0x94,0x00}},
    {0x75f4, 8, {0x08,0x7e,0xd0,0x5e,0xf6,0x56,0xa8,0x00}},
    {0x75fa, 8, {0x08,0x7e,0xda,0x5e,0xcc,0x5e,0x84,0x00}},
    {0x75fc, 8, {0x08,0x7e,0xea,0x7e,0xea,0x76,0xbe,0x00}},
    {0x75fe, 8, {0x08,0x7e,0xf2,0x6e,0xfe,0x72,0xa6,0x00}},
    {0x75ff, 8, {0x08,0x7e,0xdc,0x6a,0xfe,0x54,0xba,0x00}},
    {0x7601, 8, {0x08,0x7e,0xfe,0x54,0xea,0x7e,0x88,0x00}},
    {0x7609, 8, {0x08,0x7e,0xc8,0x54,0xfa,0x5c,0x9a,0x00}},
    {0x760b, 8, {0x08,0x7e,0xe4,0x7c,0xfc,0x6c,0xda,0x00}},
    {0x760d, 8, {0x08,0x7e,0xd4,0x5c,0xfe,0x56,0xaa,0x00}},
    {0x761f, 8, {0x08,0x7e,0xd6,0x5a,0xde,0x4c,0x9e,0x00}},
    {0x7620, 8, {0x08,0x7e,0xf6,0x48,0xf6,0x5c,0x94,0x00}},
    {0x7621, 8, {0x08,0x7e,0xc8,0x54,0xfa,0x5c,0xac,0x00}},
    {0x7622, 8, {0x08,0x7e,0xd0,0x7e,0xfa,0x74,0xba,0x00}},
    {0x7624, 8, {0x08,0x7e,0xd6,0x66,0xfa,0x5c,0x9c,0x00}},
    {0x7627, 8, {0x08,0x7e,0xcc,0x58,0xd6,0x5c,0xa6,0x00}},
    {0x7630, 8, {0x08,0x7e,0xdc,0x5c,0xfe,0x48,0xaa,0x00}},
    {0x7634, 8, {0x08,0x7e,0xd4,0x7e,0xdc,0x7e,0x88,0x00}},
    {0x763b, 8, {0x08,0x7e,0xdc,0x7e,0xfe,0x54,0xba,0x00}},
    {0x7642, 8, {0x08,0x7e,0xd4,0x7e,0xd4,0x48,0xaa,0x00}},
    {0x7646, 8, {0x08,0x7e,0xea,0x54,0xfe,0x6e,0x94,0x00}},
    {0x7647, 8, {0x08,0x7e,0xf6,0x62,0xee,0x6e,0xb6,0x00}},
    {0x7648, 8, {0x08,0x7e,0xfa,0x5c,0xea,0x54,0xaa,0x00}},
    {0x764c, 8, {0x08,0x7e,0xdc,0x76,0xf6,0x6a,0xbe,0x00}},
    {0x7652, 8, {0x08,0x7e,0xc8,0x76,0xf4,0x52,0xae,0x00}},
    {0x7656, 8, {0x08,0x7e,0xf4,0x7e,0xea,0x7e,0xb4,0x00}},
    {0x7658, 8, {0x08,0x7e,0xd4,0x7e,0xdc,0x7e,0xae,0x00}},
    {0x765c, 8, {0x08,0x7e,0xf0,0x6e,0xfa,0x44,0xaa,0x00}},
    {0x7661, 8, {0x08,0x7e,0xe6,0x7a,0xfe,0x54,0xaa,0x00}},
    {0x7662, 8, {0x08,0x7e,0xd4,0x7e,0xdc,0x7a,0x94,0x00}},
    {0x7667, 8, {0x08,0x7e,0xde,0x5a,0xd0,0x54,0xae,0x00}},
    {0x7668, 8, {0x08,0x7e,0xdc,0x6a,0xdc,0x78,0x9e,0x00}},
    {0x7669, 8, {0x08,0x7e,0xf2,0x76,0xe6,0x70,0xaa,0x00}},
    {0x766a, 8, {0x08,0x7e,0xf4,0x5e,0xf6,0x70,0x9a,0x00}},
    {0x766c, 8, {0x08,0x7e,0xd0,0x7a,0xf4,0x4e,0xb4,0x00}},
    {0x7670, 8, {0x08,0x7e,0xd6,0x6c,0xd6,0x74,0xbe,0x00}},
    {0x7672, 8, {0x08,0x7e,0xe6,0x76,0xf6,0x40,0xaa,0x00}},
    {0x7676, 8, {0x00,0x74,0xaa,0x44,0x82,0x00,0x00,0x00}},
    {0x7678, 8, {0x74,0xaa,0x44,0xba,0x7c,0x10,0xee,0x00}},
    {0x767a, 8, {0x74,0xaa,0x44,0xba,0x7c,0x28,0xce,0x00}},
    {0x767b, 8, {0x74,0xaa,0x44,0xba,0x28,0x10,0xfe,0x00}},
    {0x767c, 8, {0x74,0xaa,0x44,0xae,0x4a,0x24,0x6a,0x00}},
    {0x767d, 8, {0x10,0x7e,0x42,0x7e,0x42,0x42,0x7e,0x00}},
    {0x767e, 8, {0xfe,0x10,0x7c,0x44,0x7c,0x44,0x7c,0x00}},
    {0x7680, 8, {0x10,0x7c,0x44,0x7c,0x70,0x42,0x3e,0x00}},
    {0x7683, 8, {0x10,0x7c,0x44,0x7c,0x7c,0x2a,0xce,0x00}},
    {0x7684, 8, {0x48,0xee,0xb2,0xea,0xa6,0xe2,0x06,0x00}},
    {0x7686, 8, {0x48,0x6e,0x48,0xee,0x10,0x7c,0x7c,0x00}},
    {0x7687, 8, {0x10,0x7c,0x44,0x7c,0xfe,0x10,0xfe,0x00}},
    {0x7688, 8, {0x5e,0xf0,0xbe,0xfa,0xba,0xe4,0x1a,0x00}},
    {0x768b, 8, {0x10,0x7c,0x44,0xfe,0x54,0xba,0x10,0x00}},
    {0x768e, 8, {0x44,0xfe,0xaa,0xf0,0xaa,0xe4,0x1a,0x00}},
    {0x7690, 8, {0x10,0x7c,0x7c,0xd6,0x10,0xfe,0x10,0x00}},
    {0x7693, 8, {0x4c,0xee,0xb4,0xfe,0xa0,0xee,0x0e,0x00}},
    {0x7696, 8, {0x44,0xfe,0xb6,0xe0,0xbe,0xec,0x16,0x00}},
    {0x7699, 8, {0x2e,0xf8,0x6e,0xb4,0x10,0x7c,0x7c,0x00}},
    {0x769a, 8, {0x56,0xfe,0xa0,0xfe,0xb2,0xec,0x1e,0x00}},
    {0x76ae, 8, {0x08,0x7e,0x4a,0x7c,0x54,0x48,0xb6,0x00}},
    {0x76b0, 8, {0x48,0xee,0xd2,0xee,0xae,0xc8,0xae,0x00}},
    {0x76b4, 8, {0x54,0xfe,0x5c,0x8e,0x3a,0x5c,0xaa,0x00}},
    {0x76b7, 8, {0x44,0xfe,0x56,0xbe,0xda,0x74,0xda,0x00}},
    {0x76b8, 8, {0xf4,0xbe,0xfc,0x6e,0x6a,0xfc,0x2a,0x00}},
    {0x76b9, 8, {0x5e,0xf6,0xde,0xec,0xac,0xde,0xa4,0x00}},
    {0x76ba, 8, {0x44,0x7e,0xb6,0x5e,0x7a,0xb4,0x5a,0x00}},
    {0x76bf, 8, {0x00,0x7c,0x54,0x54,0x54,0x54,0xfe,0x00}},
    {0x76c2, 8, {0x7c,0x10,0xfe,0x30,0x7c,0x54,0xfe,0x00}},
    {0x76c3, 8, {0xfe,0x10,0x34,0xd2,0x7c,0x54,0xfe,0x00}},
    {0x76c6, 8, {0x28,0x44,0xfa,0x28,0x7c,0x54,0xfe,0x00}},
    {0x76c8, 8, {0xf8,0x2e,0x52,0xaa,0x7c,0x54,0xfe,0x00}},
    {0x76ca, 8, {0x44,0xfe,0x44,0x82,0x7c,0x54,0xfe,0x00}},
    {0x76cd, 8, {0x10,0x7c,0xfe,0x24,0xfa,0x7c,0xfe,0x00}},
    {0x76d2, 8, {0x10,0x28,0xfe,0x38,0x7c,0x54,0xfe,0x00}},
    {0x76d6, 8, {0x44,0xfe,0x10,0xfe,0x7c,0x54,0xfe,0x00}},
    {0x76d7, 8, {0x90,0x1e,0x2a,0x94,0x7c,0x54,0xfe,0x00}},
    {0x76db, 8, {0x04,0x7e,0x64,0xaa,0x7c,0x54,0xfe,0x00}},
    {0x76dc, 8, {0x90,0x1e,0xaa,0x14,0xbc,0x34,0xfe,0x00}},
    {0x76de, 8, {0x14,0xfc,0x32,0xcc,0x32,0x7c,0xfe,0x00}},
    {0x76df, 8, {0xee,0xaa,0xee,0x12,0x7c,0x54,0xfe,0x00}},
    {0x76e1, 8, {0x10,0x7c,0x16,0x7c,0xaa,0x7c,0xfe,0x00}},
    {0x76e3, 8, {0xe8,0xce,0xd0,0xe6,0x7c,0x54,0xfe,0x00}},
    {0x76e4, 8, {0x6e,0x6a,0xf4,0xaa,0x7c,0x54,0xfe,0x00}},
    {0x76e5, 8, {0x56,0xba,0xd6,0xba,0xd6,0x7c,0xfe,0x00}},
    {0x76e7, 8, {0x08,0x0e,0x78,0x4e,0x5c,0x5c,0xbe,0x00}},
    {0x76ea, 8, {0x9c,0x14,0xbe,0x16,0xaa,0x7c,0xfe,0x00}},
    {0x76ee, 8, {0x7e,0x42,0x7e,0x42,0x7e,0x42,0x7e,0x00}},
    {0x76f2, 8, {0x10,0xfe,0x40,0x7c,0x7c,0x44,0x7c,0x00}},
    {0x76f4, 8, {0x10,0xfe,0x10,0xbc,0xa4,0xbc,0xfe,0x00}},
    {0x76f8, 8, {0x2e,0xfa,0x2e,0x7a,0x6e,0xaa,0x2e,0x00}},
    {0x76fb, 8, {0xe4,0xaa,0xfe,0xa8,0xee,0xa2,0xe6,0x00}},
    {0x76fe, 8, {0x06,0x78,0x7e,0x48,0x5c,0x5c,0x9c,0x00}},
    {0x7701, 8, {0x10,0x54,0x92,0x3c,0xe4,0x3c,0x3c,0x00}},
    {0x7704, 8, {0xee,0xa4,0xf6,0xb6,0xfe,0xa2,0xe6,0x00}},
    {0x7707, 8, {0xe8,0xbc,0xfa,0xa8,0xea,0xa4,0xf8,0x00}},
    {0x7708, 8, {0xe8,0xbe,0xfa,0xa8,0xec,0xac,0xf6,0x00}},
    {0x7709, 8, {0x7e,0x4a,0x7e,0x52,0x5e,0x52,0x9e,0x00}},
    {0x770b, 8, {0x0c,0x70,0x3c,0xfe,0x7c,0xa4,0x3c,0x00}},
    {0x770c, 8, {0x3c,0xa4,0xbc,0xa4,0xfe,0x10,0x92,0x00}},
    {0x771b, 8, {0xe8,0xbc,0xe8,0xbe,0xe8,0xbc,0xea,0x00}},
    {0x771e, 8, {0x40,0x7c,0x38,0xb8,0xfe,0x00,0xc6,0x00}},
    {0x771f, 8, {0x10,0xfe,0x38,0x38,0xfe,0x00,0xc6,0x00}},
    {0x7720, 8, {0xfe,0xb2,0xfe,0xb4,0xfe,0xb4,0xfa,0x00}},
    {0x7724, 8, {0xfe,0xb2,0xfe,0xb4,0xf6,0xb4,0xe6,0x00}},
    {0x7725, 8, {0x24,0xb6,0xa4,0xf6,0x7c,0x7c,0x7c,0x00}},
    {0x7726, 8, {0xf4,0xb4,0xfe,0xb4,0xf4,0xbc,0xf6,0x00}},
    {0x7729, 8, {0xe4,0xbe,0xe8,0xba,0xe4,0xaa,0xfe,0x00}},
    {0x7737, 8, {0x54,0x92,0x28,0xfe,0x44,0xba,0x38,0x00}},
    {0x7738, 8, {0xe8,0xb2,0xfe,0xae,0xf4,0xbe,0xe4,0x00}},
    {0x773a, 8, {0xf4,0xb6,0xf4,0xb6,0xf4,0xb4,0xe6,0x00}},
    {0x773c, 8, {0xfe,0xb2,0xfe,0xb2,0xfe,0xb4,0xfa,0x00}},
    {0x7740, 8, {0x44,0xfe,0x10,0xfe,0x5c,0x5c,0x9c,0x00}},
    {0x7747, 8, {0xea,0xbe,0xe6,0xbe,0xf4,0xae,0xf6,0x00}},
    {0x775a, 8, {0xfe,0xb4,0xfe,0xb4,0xfe,0xb4,0xee,0x00}},
    {0x775b, 8, {0xe4,0xae,0xe4,0xbe,0xee,0xae,0xea,0x00}},
    {0x7761, 8, {0xee,0xa4,0xfe,0xac,0xfe,0xa4,0xee,0x00}},
    {0x7763, 8, {0x2e,0x3a,0xf4,0xaa,0x7c,0x44,0x7c,0x00}},
    {0x7765, 8, {0xe8,0xbe,0xfa,0xbe,0xec,0xbe,0xe4,0x00}},
    {0x7766, 8, {0xe8,0xbc,0xfe,0xb4,0xe6,0xa8,0xfe,0x00}},
    {0x7768, 8, {0xe8,0xb6,0xfa,0xb2,0xfe,0xac,0xf6,0x00}},
    {0x776b, 8, {0xe4,0xbe,0xe6,0xbc,0xe6,0xac,0xf6,0x00}},
    {0x7779, 8, {0xe4,0xae,0xe4,0xbe,0xe8,0xb6,0xe6,0x00}},
    {0x777e, 8, {0x10,0x7c,0x54,0xfe,0x28,0xfe,0x10,0x00}},
    {0x777f, 8, {0x10,0x1c,0xfe,0xaa,0x7c,0xba,0x38,0x00}},
    {0x778b, 8, {0xe8,0xae,0xec,0xbc,0xfe,0xa0,0xf2,0x00}},
    {0x778e, 8, {0xe4,0xbe,0xf6,0xae,0xe4,0xbe,0xee,0x00}},
    {0x7791, 8, {0xfe,0xb2,0xec,0xac,0xfe,0xa0,0xf2,0x00}},
    {0x779e, 8, {0xea,0xbe,0xea,0xbe,0xfe,0xbe,0xf6,0x00}},
    {0x77a0, 8, {0xea,0xbc,0xf6,0xbc,0xfe,0xa8,0xfe,0x00}},
    {0x77a5, 8, {0x96,0x6a,0xf4,0xaa,0x7c,0x7c,0x7c,0x00}},
    {0x77ac, 8, {0xfe,0xb4,0xfe,0xa2,0xf4,0xbe,0xe4,0x00}},
    {0x77ad, 8, {0xe8,0xbe,0xf4,0xbe,0xf4,0xa8,0xea,0x00}},
    {0x77b0, 8, {0xfc,0xb6,0xfe,0xae,0xee,0xbc,0xea,0x00}},
    {0x77b3, 8, {0xe4,0xbe,0xea,0xbe,0xee,0xa4,0xfe,0x00}},
    {0x77b6, 8, {0xe4,0xbe,0xf6,0xbe,0xec,0xac,0xf2,0x00}},
    {0x77b9, 8, {0xfe,0xb4,0xfe,0xb2,0xec,0xb4,0xea,0x00}},
    {0x77bb, 8, {0xec,0xb4,0xfe,0xba,0xf4,0xbe,0xec,0x00}},
    {0x77bc, 8, {0xe8,0xb4,0xfe,0xaa,0xfe,0xb4,0xea,0x00}},
    {0x77bd, 8, {0x44,0xee,0x4a,0xa4,0xca,0x7c,0x7c,0x00}},
    {0x77bf, 8, {0x6c,0x6c,0x3e,0x68,0xbc,0x28,0x3e,0x00}},
    {0x77c7, 8, {0xf4,0xbe,0xf4,0xbe,0xfa,0xac,0xfa,0x00}},
    {0x77cd, 8, {0x6c,0x6c,0x78,0xbe,0x28,0x10,0xee,0x00}},
    {0x77d7, 8, {0x10,0x7c,0x18,0x58,0xfe,0xcc,0xee,0x00}},
    {0x77da, 8, {0xfe,0xbe,0xea,0xbc,0xfe,0xae,0xfa,0x00}},
    {0x77db, 8, {0x7c,0x14,0x08,0xfe,0x2a,0xc8,0x18,0x00}},
    {0x77dc, 8, {0xe8,0x34,0x4e,0xe0,0x7e,0xa4,0x68,0x00}},
    {0x77e2, 8, {0x40,0x7c,0x90,0xfe,0x10,0x28,0xc6,0x00}},
    {0x77e3, 8, {0x10,0x24,0xfa,0x20,0x7c,0x10,0xee,0x00}},
    {0x77e5, 8, {0x40,0x7e,0xaa,0x7a,0x2a,0x5a,0x8e,0x00}},
    {0x77e7, 8, {0x9a,0xea,0x5a,0xf2,0x5a,0x6a,0x9a,0x00}},
    {0x77e9, 8, {0x4e,0x78,0xae,0x7a,0x2e,0x58,0x8e,0x00}},
    {0x77ed, 8, {0x9e,0xe0,0x5e,0xf2,0x5e,0x6c,0x9e,0x00}},
    {0x77ee, 8, {0x9c,0xfe,0x5c,0xea,0x7e,0x54,0xba,0x00}},
    {0x77ef, 8, {0x9c,0xfe,0x54,0xea,0x7e,0x62,0xaa,0x00}},
    {0x77f3, 8, {0xfe,0x20,0x20,0x7c,0xa4,0x24,0x3c,0x00}},
    {0x77fc, 8, {0xe0,0x5e,0x44,0x84,0x64,0x64,0x1e,0x00}},
    {0x7802, 8, {0xe8,0x5c,0x5a,0x88,0x6a,0x64,0x18,0x00}},
    {0x780c, 8, {0xe6,0x56,0x5e,0x96,0x7e,0x66,0x0a,0x00}},
    {0x7812, 8, {0xf4,0x54,0x5e,0x94,0x74,0x7c,0x16,0x00}},
    {0x7814, 8, {0xfe,0x4a,0x4a,0x9e,0x6a,0x6a,0x12,0x00}},
    {0x7815, 8, {0xe8,0x5c,0x4c,0x96,0x68,0x7e,0x08,0x00}},
    {0x7820, 8, {0xee,0x4a,0x4e,0x8a,0x6e,0x6a,0x1e,0x00}},
    {0x7825, 8, {0xe2,0x5c,0x54,0x9e,0x74,0x72,0x1e,0x00}},
    {0x7826, 8, {0x24,0xb6,0xa4,0xfe,0x40,0xbc,0x3c,0x00}},
    {0x7827, 8, {0xe8,0x48,0x4e,0x88,0x7e,0x72,0x1e,0x00}},
    {0x7832, 8, {0xe8,0x4e,0x56,0x82,0x6e,0x68,0x0e,0x00}},
    {0x7834, 8, {0xe4,0x5e,0x56,0x9e,0x7a,0x74,0x0a,0x00}},
    {0x783a, 8, {0xfe,0x50,0x5e,0x94,0x76,0x6a,0x0a,0x00}},
    {0x783f, 8, {0xe4,0x5e,0x50,0x94,0x74,0x6a,0x0e,0x00}},
    {0x7845, 8, {0xe4,0x4e,0x44,0x9e,0x6e,0x64,0x1e,0x00}},
    {0x785d, 8, {0xf6,0x44,0x5e,0x92,0x7e,0x72,0x16,0x00}},
    {0x786b, 8, {0xe4,0x5e,0x48,0x9e,0x60,0x6a,0x1a,0x00}},
    {0x786c, 8, {0xfe,0x4e,0x4e,0x84,0x6c,0x64,0x1a,0x00}},
    {0x786f, 8, {0xfe,0x52,0x5e,0x92,0x7e,0x6c,0x16,0x00}},
    {0x7872, 8, {0xd4,0x62,0x48,0x94,0x62,0x6c,0x0c,0x00}},
    {0x7874, 8, {0xd4,0x7e,0x44,0x94,0x76,0x74,0x16,0x00}},
    {0x787c, 8, {0xfe,0x6a,0x7e,0xaa,0x7e,0x6a,0x16,0x00}},
    {0x7881, 8, {0x28,0x7c,0x28,0xfe,0x44,0xba,0x58,0x00}},
    {0x7886, 8, {0x84,0x1e,0x94,0x2a,0xfe,0x64,0xbc,0x00}},
    {0x7887, 8, {0xe4,0x5e,0x56,0x84,0x6e,0x6c,0x16,0x00}},
    {0x788c, 8, {0xce,0x54,0x7e,0x88,0x6a,0x7c,0x2a,0x00}},
    {0x788d, 8, {0xec,0x4c,0x5e,0x84,0x7e,0x74,0x0c,0x00}},
    {0x788e, 8, {0xc8,0x7e,0x54,0x94,0x6a,0x7e,0x08,0x00}},
    {0x7891, 8, {0xe8,0x5e,0x5a,0x9e,0x6c,0x7e,0x04,0x00}},
    {0x7893, 8, {0xf4,0x5e,0x54,0x9e,0x74,0x74,0x1e,0x00}},
    {0x7895, 8, {0xe8,0x5e,0x48,0x94,0x7e,0x64,0x14,0x00}},
    {0x7897, 8, {0xe4,0x5e,0x52,0x8e,0x76,0x6c,0x16,0x00}},
    {0x789a, 8, {0xe4,0x5e,0x4a,0x9e,0x60,0x6e,0x0e,0x00}},
    {0x78a3, 8, {0xfc,0x54,0x5c,0x9e,0x72,0x7a,0x06,0x00}},
    {0x78a7, 8, {0xe4,0x4e,0xea,0x4e,0xfe,0x64,0xbc,0x00}},
    {0x78a9, 8, {0xfe,0x48,0x5e,0x92,0x7e,0x60,0x12,0x00}},
    {0x78aa, 8, {0xd4,0x7e,0x54,0x94,0x7e,0x68,0x3e,0x00}},
    {0x78af, 8, {0xea,0x54,0x4a,0x9e,0x76,0x7a,0x1e,0x00}},
    {0x78b5, 8, {0xe4,0x46,0x4c,0x8c,0x6c,0x6c,0x12,0x00}},
    {0x78ba, 8, {0xe4,0x5e,0x56,0x8c,0x7e,0x6c,0x0e,0x00}},
    {0x78bc, 8, {0xfe,0x54,0x5e,0x94,0x7e,0x62,0x16,0x00}},
    {0x78be, 8, {0xfe,0x62,0x7e,0xac,0x7e,0x74,0x1a,0x00}},
    {0x78c1, 8, {0xea,0x5e,0x4a,0x94,0x6a,0x74,0x1e,0x00}},
    {0x78c5, 8, {0xc8,0x7e,0x54,0xbe,0x6a,0x6c,0x14,0x00}},
    {0x78c6, 8, {0xee,0x4a,0x5e,0x92,0x6e,0x6e,0x0a,0x00}},
    {0x78ca, 8, {0x7e,0x3c,0x54,0x1c,0xfe,0x6e,0xb6,0x00}},
    {0x78cb, 8, {0xea,0x5e,0x44,0x9e,0x6e,0x74,0x0e,0x00}},
    {0x78d0, 8, {0x6e,0x6a,0xf4,0xaa,0xfe,0x64,0xbc,0x00}},
    {0x78d1, 8, {0xf6,0x5e,0x40,0x9e,0x72,0x6c,0x1e,0x00}},
    {0x78d4, 8, {0xea,0x56,0x4e,0x92,0x7e,0x5c,0x2a,0x00}},
    {0x78da, 8, {0xe4,0x5e,0x4c,0x8e,0x7e,0x6a,0x06,0x00}},
    {0x78e7, 8, {0xe4,0x5e,0x44,0x9e,0x6c,0x6c,0x12,0x00}},
    {0x78e8, 8, {0x08,0x7e,0x54,0x7e,0x54,0x5e,0xac,0x00}},
    {0x78ec, 8, {0x2e,0xfa,0x64,0x8a,0xfe,0x64,0xbc,0x00}},
    {0x78ef, 8, {0xd2,0x64,0x52,0x9c,0x76,0x74,0x2a,0x00}},
    {0x78f4, 8, {0xfa,0x4c,0x52,0x8e,0x6a,0x64,0x1e,0x00}},
    {0x78fd, 8, {0xe4,0x4e,0x5e,0x9a,0x7e,0x6c,0x16,0x00}},
    {0x7901, 8, {0xea,0x4e,0x5c,0x8c,0x6e,0x60,0x16,0x00}},
    {0x7907, 8, {0xe8,0x5e,0x5e,0x9a,0x7e,0x64,0x1a,0x00}},
    {0x790e, 8, {0xea,0x5e,0x4a,0x94,0x6e,0x6c,0x16,0x00}},
    {0x7911, 8, {0xea,0x5c,0x76,0x9c,0x7e,0x6a,0x3e,0x00}},
    {0x7912, 8, {0xea,0x5e,0x44,0x9e,0x6a,0x7c,0x0a,0x00}},
    {0x7919, 8, {0xe6,0x7a,0x66,0x9c,0x7e,0x54,0x2a,0x00}},
    {0x7926, 8, {0xe4,0x5e,0x56,0x9e,0x76,0x60,0x0a,0x00}},
    {0x792a, 8, {0xfe,0x54,0x5e,0x9e,0x74,0x6e,0x0a,0x00}},
    {0x792b, 8, {0xda,0x6c,0x5a,0xac,0x7e,0x5c,0x2a,0x00}},
    {0x792c, 8, {0x54,0xee,0x54,0xee,0x7c,0xba,0x58,0x00}},
    {0x793a, 8, {0x7c,0x00,0xfe,0x10,0x54,0x92,0x30,0x00}},
    {0x793c, 8, {0x48,0xe8,0x28,0x48,0xe8,0x4a,0x4e,0x00}},
    {0x793e, 8, {0x44,0xe4,0x2e,0x44,0xe4,0x44,0x5e,0x00}},
    {0x7940, 8, {0xfe,0x12,0xf2,0x5e,0xf0,0xd2,0x5e,0x00}},
    {0x7941, 8, {0x4e,0xea,0x2c,0x4a,0xea,0x4c,0x48,0x00}},
    {0x7947, 8, {0x42,0xfc,0x34,0x5e,0xf4,0x54,0x5a,0x00}},
    {0x7948, 8, {0x42,0xec,0x28,0x4e,0xea,0x4a,0x52,0x00}},
    {0x7949, 8, {0x44,0xe4,0x36,0x54,0xf4,0x54,0x5e,0x00}},
    {0x7950, 8, {0x48,0xfe,0x28,0x4e,0xfa,0x4a,0x4e,0x00}},
    {0x7953, 8, {0xea,0x1e,0xe8,0x4a,0xea,0xd4,0x4a,0x00}},
    {0x7955, 8, {0xd0,0x0a,0xd2,0x74,0xfa,0xd0,0x6e,0x00}},
    {0x7956, 8, {0x5c,0xf4,0x3c,0x54,0xfc,0x54,0x7e,0x00}},
    {0x7957, 8, {0xe2,0x1c,0xf4,0x5e,0xf4,0xd2,0x5e,0x00}},
    {0x795a, 8, {0xe8,0x0e,0xf8,0x4e,0xe8,0xce,0x48,0x00}},
    {0x795d, 8, {0x5e,0xf2,0x32,0x5e,0xec,0x4c,0x56,0x00}},
    {0x795e, 8, {0x48,0xfe,0x2a,0x7e,0xea,0x7e,0x48,0x00}},
    {0x795f, 8, {0x54,0x7c,0x92,0xfe,0x7c,0x54,0xb2,0x00}},
    {0x7960, 8, {0xde,0x02,0xda,0x42,0xda,0xda,0x46,0x00}},
    {0x7962, 8, {0x48,0xee,0x34,0x4c,0xee,0x56,0x4c,0x00}},
    {0x7965, 8, {0x4a,0xfe,0x24,0x4e,0xe4,0x5e,0x44,0x00}},
    {0x7968, 8, {0xfe,0x54,0x7c,0x00,0xfe,0x54,0xb2,0x00}},
    {0x796d, 8, {0x76,0x52,0xac,0x44,0xba,0x54,0xb2,0x00}},
    {0x7977, 8, {0x48,0xfc,0x3e,0x54,0xfe,0x64,0x54,0x00}},
    {0x797a, 8, {0xd4,0x3e,0xd4,0x5c,0xfe,0xc0,0x62,0x00}},
    {0x797f, 8, {0xce,0x14,0xfe,0x48,0xea,0xdc,0x6a,0x00}},
    {0x7980, 8, {0x10,0xfe,0x6c,0x7c,0xfe,0x54,0xb2,0x00}},
    {0x7981, 8, {0x24,0xfe,0x6c,0xb6,0xfe,0x54,0xb2,0x00}},
    {0x7984, 8, {0x5c,0xe4,0x3e,0x48,0xea,0x5c,0x6a,0x00}},
    {0x7985, 8, {0x5a,0xe4,0x3e,0x5e,0xe4,0x5e,0x44,0x00}},
    {0x798a, 8, {0xd6,0x3e,0xfa,0x50,0xfe,0xc8,0x76,0x00}},
    {0x798d, 8, {0x4e,0xea,0x2a,0x5e,0xf2,0x5a,0x5a,0x00}},
    {0x798e, 8, {0x44,0xe6,0x2c,0x4c,0xec,0x4c,0x52,0x00}},
    {0x798f, 8, {0x5e,0xec,0x2c,0x40,0xfe,0x56,0x5e,0x00}},
    {0x799d, 8, {0xdc,0x1c,0xe6,0x4c,0xf4,0xc8,0x76,0x00}},
    {0x79a6, 8, {0x66,0xbe,0x56,0xdc,0x7c,0x54,0xb2,0x00}},
    {0x79a7, 8, {0xc8,0x3e,0xdc,0x54,0xfe,0xd4,0x5c,0x00}},
    {0x79aa, 8, {0xf6,0x36,0xdc,0x5c,0xdc,0xfe,0x48,0x00}},
    {0x79ae, 8, {0xea,0x1e,0xfe,0x5e,0xf2,0xcc,0x5e,0x00}},
    {0x79b0, 8, {0x5e,0xec,0x3e,0x56,0xfa,0x56,0x5a,0x00}},
    {0x79b3, 8, {0xc8,0x3e,0xf6,0x5c,0xfe,0xf4,0x5a,0x00}},
    {0x79b9, 8, {0x0c,0xf0,0x7c,0x54,0xfe,0x9a,0xb6,0x00}},
    {0x79ba, 8, {0x7c,0x54,0x7c,0x54,0xfe,0x9a,0xb6,0x00}},
    {0x79bd, 8, {0x10,0xee,0x54,0x6c,0xfe,0xaa,0xb6,0x00}},
    {0x79be, 8, {0x0c,0x70,0xfe,0x10,0x38,0xd6,0x10,0x00}},
    {0x79bf, 8, {0x38,0xfe,0x38,0xd6,0x28,0x2a,0xce,0x00}},
    {0x79c0, 8, {0x38,0xfe,0x38,0xd6,0x78,0x2c,0xc4,0x00}},
    {0x79c1, 8, {0x74,0x24,0xf4,0x24,0x78,0xaa,0x2e,0x00}},
    {0x79c9, 8, {0x38,0xfe,0x7c,0x1e,0x7c,0x38,0xd6,0x00}},
    {0x79cb, 8, {0xc8,0x48,0xea,0x6c,0xc8,0xd4,0x62,0x00}},
    {0x79d1, 8, {0xe4,0x54,0xe4,0x54,0xc6,0xfc,0x44,0x00}},
    {0x79d2, 8, {0xc8,0x5c,0xda,0x68,0xca,0xc4,0x58,0x00}},
    {0x79d5, 8, {0xd4,0x54,0xde,0x54,0xd4,0xdc,0x76,0x00}},
    {0x79d8, 8, {0xd0,0x4a,0xd2,0x74,0xfa,0xd0,0x6e,0x00}},
    {0x79df, 8, {0xdc,0x54,0xdc,0x54,0xdc,0xd4,0x7e,0x00}},
    {0x79e1, 8, {0xea,0x5e,0xe8,0x4a,0xea,0xd4,0x4a,0x00}},
    {0x79e3, 8, {0xc8,0x7e,0xc8,0x5c,0xc8,0xdc,0x6a,0x00}},
    {0x79e4, 8, {0xfe,0x48,0xea,0x48,0xfe,0xc8,0x48,0x00}},
    {0x79e6, 8, {0x10,0x7c,0x38,0xfe,0x54,0x38,0xd6,0x00}},
    {0x79e7, 8, {0xc8,0x5c,0xd4,0x7e,0xc8,0xc8,0x76,0x00}},
    {0x79e9, 8, {0xd8,0x5c,0xe8,0x7e,0xc8,0xd4,0x62,0x00}},
    {0x79ec, 8, {0xfe,0x50,0xfe,0x52,0xfe,0xd0,0x5e,0x00}},
    {0x79f0, 8, {0xd0,0x5e,0xe8,0x5c,0xda,0xea,0x58,0x00}},
    {0x79fb, 8, {0xec,0x54,0xe8,0x56,0xea,0xc4,0x58,0x00}},
    {0x7a00, 8, {0xd4,0x48,0xd4,0x7e,0xc8,0xde,0x6a,0x00}},
    {0x7a08, 8, {0xdc,0x54,0xdc,0x7e,0xc8,0xfe,0x48,0x00}},
    {0x7a0b, 8, {0xdc,0x54,0xfe,0x48,0xdc,0xc8,0x7e,0x00}},
    {0x7a0d, 8, {0xd4,0x6a,0xd4,0x5c,0xd4,0xdc,0x54,0x00}},
    {0x7a0e, 8, {0xd4,0x7e,0xe2,0x7e,0xd4,0xd4,0x66,0x00}},
    {0x7a14, 8, {0xc8,0x54,0xee,0x5c,0xc4,0xf2,0x6e,0x00}},
    {0x7a17, 8, {0xc8,0x7e,0xea,0x7e,0xd4,0xfe,0x44,0x00}},
    {0x7a18, 8, {0xd4,0x7e,0xd4,0x5c,0xfe,0xc0,0x62,0x00}},
    {0x7a19, 8, {0xe4,0x5e,0xe4,0x56,0xf6,0xd0,0x5e,0x00}},
    {0x7a1a, 8, {0xf4,0x5e,0xf4,0x5e,0xf4,0xd4,0x5e,0x00}},
    {0x7a1c, 8, {0xc8,0x5c,0xc8,0x7e,0xd4,0xe8,0x56,0x00}},
    {0x7a1f, 8, {0x10,0xfe,0x6c,0x7c,0xfe,0x38,0xd6,0x00}},
    {0x7a20, 8, {0xfe,0x6a,0xfe,0x6a,0xf6,0xfe,0x62,0x00}},
    {0x7a2e, 8, {0xc4,0x58,0xfe,0x5c,0xdc,0xc8,0x7e,0x00}},
    {0x7a31, 8, {0xdc,0x6a,0xc8,0x5c,0xdc,0xfe,0x54,0x00}},
    {0x7a32, 8, {0xe6,0x58,0xea,0x40,0xf6,0xd6,0x56,0x00}},
    {0x7a37, 8, {0xdc,0x5c,0xe6,0x4c,0xf4,0xc8,0x76,0x00}},
    {0x7a3b, 8, {0xdc,0x6a,0xc0,0x56,0xe2,0xf6,0x7e,0x00}},
    {0x7a3c, 8, {0xc8,0x7e,0xe2,0x5c,0xda,0xec,0x5a,0x00}},
    {0x7a3d, 8, {0xca,0x7e,0xd8,0x6e,0xd0,0xde,0x5e,0x00}},
    {0x7a3e, 8, {0x10,0xfe,0x38,0xee,0xba,0x38,0xd6,0x00}},
    {0x7a3f, 8, {0xc8,0x7e,0xd4,0x5c,0xfe,0xe2,0x6a,0x00}},
    {0x7a40, 8, {0x2e,0xfa,0x20,0xfe,0xaa,0x74,0xaa,0x00}},
    {0x7a42, 8, {0xc8,0x7e,0xdc,0x5c,0xc0,0xf2,0x6e,0x00}},
    {0x7a43, 8, {0xc8,0x7e,0xf6,0x48,0xd4,0xee,0x4c,0x00}},
    {0x7a46, 8, {0xc8,0x5c,0xdc,0x6a,0xcc,0xc2,0x5c,0x00}},
    {0x7a49, 8, {0xfe,0x7e,0xe4,0x76,0xec,0xfe,0x44,0x00}},
    {0x7a4d, 8, {0xc8,0x5c,0xc8,0x7e,0xdc,0xdc,0x62,0x00}},
    {0x7a4e, 8, {0x8e,0xe4,0x8e,0x6a,0xfe,0x70,0xaa,0x00}},
    {0x7a4f, 8, {0xc6,0x78,0xea,0x5c,0xdc,0xf2,0x6e,0x00}},
    {0x7a50, 8, {0xec,0x54,0xec,0x5e,0xf6,0xdc,0x46,0x00}},
    {0x7a57, 8, {0xc8,0x7e,0xdc,0x5a,0xc0,0xf2,0x6e,0x00}},
    {0x7a61, 8, {0xc8,0x7e,0xd4,0x6a,0xfe,0xf6,0x7e,0x00}},
    {0x7a62, 8, {0xc4,0x56,0xd4,0x7e,0xd6,0xd4,0x6a,0x00}},
    {0x7a63, 8, {0xc8,0x7e,0xd4,0x76,0xfe,0xd4,0x5a,0x00}},
    {0x7a69, 8, {0xdc,0x6a,0xdc,0x4e,0xdc,0xf2,0x6e,0x00}},
    {0x7a6b, 8, {0xd4,0x7e,0xdc,0x5e,0xd4,0xc8,0x76,0x00}},
    {0x7a70, 8, {0xc8,0x7e,0xf6,0x5c,0xfe,0xf4,0x5a,0x00}},
    {0x7a74, 8, {0x10,0xfe,0x82,0x28,0x28,0x44,0x82,0x00}},
    {0x7a76, 8, {0x10,0xfe,0xaa,0x4c,0xf8,0x2a,0xce,0x00}},
    {0x7a79, 8, {0x10,0xfe,0xaa,0x4c,0x78,0x7e,0x02,0x00}},
    {0x7a7a, 8, {0x10,0xfe,0xaa,0x4c,0x38,0x10,0xfe,0x00}},
    {0x7a7d, 8, {0x10,0xfe,0xaa,0x4c,0x7e,0xfe,0x24,0x00}},
    {0x7a7f, 8, {0x10,0xfe,0xaa,0x4c,0x38,0xfe,0x48,0x00}},
    {0x7a81, 8, {0x10,0xfe,0xaa,0x4c,0xfe,0x10,0xee,0x00}},
    {0x7a83, 8, {0x10,0xfe,0xaa,0x4c,0xee,0x46,0x6a,0x00}},
    {0x7a84, 8, {0x10,0xfe,0xaa,0x4c,0x78,0x9e,0x10,0x00}},
    {0x7a88, 8, {0x10,0xfe,0xaa,0x44,0x2e,0x46,0xea,0x00}},
    {0x7a92, 8, {0x10,0xfe,0xaa,0x5c,0x7a,0x10,0xfe,0x00}},
    {0x7a93, 8, {0x10,0xfe,0xaa,0x4c,0x30,0xca,0xba,0x00}},
    {0x7a95, 8, {0x10,0xfe,0xb6,0x6c,0xea,0x28,0xce,0x00}},
    {0x7a96, 8, {0x10,0xfe,0xb6,0x3c,0x50,0xfe,0x38,0x00}},
    {0x7a97, 8, {0x10,0xfe,0xb6,0x7c,0x5c,0x6c,0x7c,0x00}},
    {0x7a98, 8, {0x10,0xfe,0xb6,0x3c,0xfe,0x32,0xde,0x00}},
    {0x7a9f, 8, {0x10,0xfe,0xb6,0x7c,0x7c,0x6a,0xbe,0x00}},
    {0x7aa9, 8, {0x10,0xfe,0xb6,0x7c,0x4c,0xfe,0xba,0x00}},
    {0x7aaa, 8, {0x10,0xfe,0xaa,0x4c,0xbe,0x08,0xbe,0x00}},
    {0x7aae, 8, {0x10,0xfe,0xb6,0x74,0xd6,0x32,0xd6,0x00}},
    {0x7aaf, 8, {0x10,0xfe,0xaa,0x7c,0x10,0xfe,0xaa,0x00}},
    {0x7ab0, 8, {0x10,0xfe,0xb6,0x68,0x3c,0xea,0x3e,0x00}},
    {0x7ab6, 8, {0x10,0xfe,0xba,0x6c,0xfe,0x28,0xf6,0x00}},
    {0x7aba, 8, {0x10,0xfe,0xaa,0x4e,0xee,0x4c,0xb6,0x00}},
    {0x7abf, 8, {0x10,0xfe,0xb6,0xcc,0xf6,0xc8,0xbe,0x00}},
    {0x7ac3, 8, {0x10,0xfe,0xaa,0x5c,0x7c,0x7c,0x0e,0x00}},
    {0x7ac4, 8, {0x10,0xfe,0xae,0x44,0x7c,0x54,0xda,0x00}},
    {0x7ac5, 8, {0x10,0xfe,0xb6,0x66,0xea,0x64,0xaa,0x00}},
    {0x7ac7, 8, {0x10,0xfe,0xb6,0x7c,0x7c,0x38,0xc6,0x00}},
    {0x7ac8, 8, {0x10,0xfe,0xaa,0x5c,0x6c,0x6c,0x3e,0x00}},
    {0x7aca, 8, {0x10,0xfe,0xb6,0x64,0xee,0x7e,0xaa,0x00}},
    {0x7acb, 8, {0x10,0xfe,0x44,0x24,0x28,0x28,0xfe,0x00}},
    {0x7acd, 8, {0x44,0xe4,0xbe,0xa4,0x44,0xe4,0x04,0x00}},
    {0x7acf, 8, {0x42,0xec,0xa4,0xbe,0x44,0xe4,0x04,0x00}},
    {0x7ad2, 8, {0x10,0x7c,0x28,0xfe,0x74,0x54,0x74,0x00}},
    {0x7ad3, 8, {0x46,0xf8,0xae,0xb8,0x4e,0xf8,0x0e,0x00}},
    {0x7ad5, 8, {0x4a,0xea,0xb0,0xae,0x4a,0xea,0x16,0x00}},
    {0x7ad9, 8, {0x48,0xe8,0xae,0xa8,0x5e,0xf2,0x1e,0x00}},
    {0x7ada, 8, {0x44,0xfe,0xb2,0xae,0x44,0xe4,0x0c,0x00}},
    {0x7adc, 8, {0x10,0x7c,0x28,0xfe,0x54,0x7c,0x0e,0x00}},
    {0x7add, 8, {0x44,0xfe,0xaa,0xaa,0x4a,0xec,0x1e,0x00}},
    {0x7adf, 8, {0x10,0x7c,0x28,0xfe,0x38,0x3a,0xce,0x00}},
    {0x7ae0, 8, {0x10,0x7c,0x28,0xfe,0x44,0xfe,0x10,0x00}},
    {0x7ae1, 8, {0x5e,0xe8,0xbe,0xb2,0x5e,0xf2,0x1e,0x00}},
    {0x7ae2, 8, {0x48,0xf2,0xbe,0xa8,0x5e,0xe4,0x1a,0x00}},
    {0x7ae3, 8, {0x52,0xfe,0xb4,0xa6,0x5c,0xe8,0x16,0x00}},
    {0x7ae5, 8, {0x10,0x7c,0x28,0xfe,0x7c,0x10,0xfe,0x00}},
    {0x7ae6, 8, {0x48,0xfe,0xba,0xbe,0x48,0xdc,0x2a,0x00}},
    {0x7aea, 8, {0xee,0xca,0xe4,0x1a,0x7c,0x28,0xfe,0x00}},
    {0x7aed, 8, {0x5c,0xf4,0xbc,0xae,0x72,0xda,0x06,0x00}},
    {0x7aef, 8, {0x6a,0xfe,0xa0,0xbe,0x50,0xfe,0x2a,0x00}},
    {0x7af0, 8, {0x5e,0xf0,0xbe,0xbe,0x6e,0xc4,0x1e,0x00}},
    {0x7af6, 8, {0x24,0xfe,0x5a,0xfe,0x5a,0x6c,0xb6,0x00}},
    {0x7af8, 8, {0x24,0xfe,0x5a,0xfe,0x7e,0x6c,0xb6,0x00}},
    {0x7af9, 8, {0x48,0x6e,0xb4,0x24,0x24,0x24,0x2c,0x00}},
    {0x7afa, 8, {0x48,0x6e,0xb4,0x00,0x7c,0x00,0xfe,0x00}},
    {0x7aff, 8, {0x48,0x6e,0xb4,0x7c,0x10,0xfe,0x10,0x00}},
    {0x7b02, 8, {0x48,0x6e,0xb4,0x20,0x7c,0x24,0xd6,0x00}},
    {0x7b04, 8, {0x48,0x6e,0xb4,0x7c,0x28,0xfe,0x48,0x00}},
    {0x7b06, 8, {0x48,0x6e,0xfc,0x54,0x7c,0x42,0x3e,0x00}},
    {0x7b08, 8, {0x48,0x6e,0xb4,0x7c,0x14,0x28,0xd6,0x00}},
    {0x7b0a, 8, {0x48,0x6e,0xbc,0x70,0x54,0x54,0x92,0x00}},
    {0x7b0b, 8, {0x48,0x6e,0xbc,0x16,0xfc,0x20,0xc0,0x00}},
    {0x7b0f, 8, {0x48,0x6e,0xb4,0x7e,0x6a,0xaa,0x56,0x00}},
    {0x7b11, 8, {0x48,0x6e,0xb4,0x10,0xfe,0x10,0xee,0x00}},
    {0x7b18, 8, {0x48,0x6e,0xb4,0x1c,0x10,0x7c,0x7c,0x00}},
    {0x7b19, 8, {0x48,0x6e,0xb4,0x7e,0xbc,0x10,0xfe,0x00}},
    {0x7b1b, 8, {0x48,0x6e,0xb4,0x10,0x7c,0x54,0x7c,0x00}},
    {0x7b1e, 8, {0x48,0x6e,0xb4,0x20,0xfe,0x44,0x7c,0x00}},
    {0x7b20, 8, {0x48,0x6e,0xb4,0x10,0x7c,0x28,0xfe,0x00}},
    {0x7b25, 8, {0x48,0x6e,0xb4,0x7e,0x02,0x72,0x76,0x00}},
    {0x7b26, 8, {0x48,0x6e,0xb4,0x5e,0xc4,0x54,0x4c,0x00}},
    {0x7b28, 8, {0x48,0x6e,0xb4,0xfe,0x54,0xba,0x10,0x00}},
    {0x7b2c, 8, {0x48,0x6e,0xb4,0x7c,0x50,0x3e,0xd2,0x00}},
    {0x7b33, 8, {0x48,0x6e,0xb4,0x40,0xfe,0x5a,0xbe,0x00}},
    {0x7b35, 8, {0x48,0x6e,0xb4,0x3c,0xa4,0x22,0x9e,0x00}},
    {0x7b36, 8, {0x48,0x6e,0xb4,0x20,0x7c,0x10,0xee,0x00}},
    {0x7b39, 8, {0x48,0x6e,0xb4,0x2c,0xfe,0x2c,0x3e,0x00}},
    {0x7b45, 8, {0x48,0x6e,0xbc,0x50,0xfe,0x28,0xce,0x00}},
    {0x7b46, 8, {0x48,0x6e,0xb4,0x7e,0x14,0xfe,0x10,0x00}},
    {0x7b48, 8, {0x48,0x6e,0xb4,0x78,0x10,0xfe,0x38,0x00}},
    {0x7b49, 8, {0x48,0x6e,0xb4,0x18,0xfe,0x28,0x18,0x00}},
    {0x7b4b, 8, {0x48,0x6e,0xb4,0x68,0x7e,0x6a,0xb6,0x00}},
    {0x7b4c, 8, {0x48,0x6e,0xf4,0x28,0xfe,0x10,0xfe,0x00}},
    {0x7b4d, 8, {0x48,0x6e,0xbe,0x6a,0xba,0x2a,0x3a,0x00}},
    {0x7b4f, 8, {0x48,0x6e,0xb4,0x46,0xdc,0x44,0x5a,0x00}},
    {0x7b50, 8, {0x48,0x6e,0xb4,0x7e,0x5c,0x48,0x7e,0x00}},
    {0x7b51, 8, {0x48,0x6e,0xb4,0x00,0xec,0x4c,0xf6,0x00}},
    {0x7b52, 8, {0x48,0x6e,0xb4,0xfe,0x82,0xba,0xba,0x00}},
    {0x7b54, 8, {0x48,0x6e,0xb4,0x38,0xc6,0x38,0x38,0x00}},
    {0x7b56, 8, {0x48,0x6e,0xb4,0xfe,0x92,0x38,0xd6,0x00}},
    {0x7b5d, 8, {0x48,0x6e,0xbc,0x48,0xfe,0x1c,0x30,0x00}},
    {0x7b65, 8, {0x48,0x6e,0xbc,0x38,0x10,0x7c,0x7c,0x00}},
    {0x7b67, 8, {0x48,0x6e,0xb4,0x38,0x38,0x3a,0xce,0x00}},
    {0x7b6c, 8, {0x48,0x6e,0xbe,0x44,0x76,0x54,0xaa,0x00}},
    {0x7b6e, 8, {0x48,0x6e,0xbc,0x54,0xba,0x10,0xfe,0x00}},
    {0x7b70, 8, {0x48,0x6e,0xb4,0x4e,0xd8,0x4e,0x48,0x00}},
    {0x7b71, 8, {0x48,0x6e,0xb4,0x66,0xea,0x64,0x4a,0x00}},
    {0x7b74, 8, {0x48,0x6e,0xbc,0x54,0xba,0x10,0xee,0x00}},
    {0x7b75, 8, {0x48,0x6e,0xb4,0x46,0x94,0x5e,0xbe,0x00}},
    {0x7b7a, 8, {0x48,0x6e,0xb4,0x7e,0x5c,0x4a,0x7e,0x00}},
    {0x7b86, 8, {0x48,0x6e,0xfc,0x54,0x6e,0x48,0xee,0x00}},
    {0x7b87, 8, {0x48,0x6e,0xb4,0xfe,0x92,0xaa,0xfe,0x00}},
    {0x7b8b, 8, {0x48,0x6e,0xb4,0x1a,0xfc,0x1a,0x66,0x00}},
    {0x7b8d, 8, {0x48,0x6e,0xbc,0x5e,0xde,0x54,0xde,0x00}},
    {0x7b8f, 8, {0x48,0x6e,0xb8,0x54,0xfe,0x1c,0x30,0x00}},
    {0x7b92, 8, {0x48,0x6e,0xbc,0xfe,0x92,0x7c,0x54,0x00}},
    {0x7b94, 8, {0x48,0x6e,0xb4,0x08,0xbe,0x22,0xbe,0x00}},
    {0x7b95, 8, {0x48,0x6e,0xb4,0x7c,0x28,0xfe,0x44,0x00}},
    {0x7b97, 8, {0x48,0x6e,0xb4,0x7c,0x44,0xfe,0x48,0x00}},
    {0x7b98, 8, {0x48,0x6e,0xb4,0xfe,0xba,0xd6,0xfe,0x00}},
    {0x7b99, 8, {0x48,0x6e,0xb4,0x6e,0x6a,0x6c,0xaa,0x00}},
    {0x7b9a, 8, {0x48,0x6e,0xb4,0x2a,0x5a,0xb2,0x36,0x00}},
    {0x7b9c, 8, {0x48,0x6e,0xfe,0xaa,0x4c,0x38,0xfe,0x00}},
    {0x7b9d, 8, {0x48,0x6e,0xb4,0x54,0xfe,0x54,0xdc,0x00}},
    {0x7b9f, 8, {0x48,0x6e,0xbc,0x3c,0x6e,0x48,0xee,0x00}},
    {0x7ba1, 8, {0x48,0x6e,0xb4,0xfe,0xb2,0x3c,0x3c,0x00}},
    {0x7baa, 8, {0x48,0x6e,0xb4,0x54,0x7c,0xfe,0x10,0x00}},
    {0x7bad, 8, {0x48,0x6e,0xb4,0xfe,0x54,0x74,0x54,0x00}},
    {0x7bb1, 8, {0x48,0x6e,0xb4,0x2a,0xfe,0x7a,0xae,0x00}},
    {0x7bb4, 8, {0x48,0x6e,0xb4,0x7e,0x46,0x74,0xba,0x00}},
    {0x7bb8, 8, {0x48,0x6e,0xb4,0x18,0xfe,0x34,0xdc,0x00}},
    {0x7bc0, 8, {0x48,0x6e,0xb4,0xee,0xea,0x9a,0xe8,0x00}},
    {0x7bc1, 8, {0x48,0x6e,0xb8,0x28,0x7c,0x10,0xfe,0x00}},
    {0x7bc4, 8, {0x48,0x6e,0xb4,0xfe,0x6a,0xf8,0x2e,0x00}},
    {0x7bc6, 8, {0x48,0x6e,0xbc,0x28,0xfe,0x2c,0xda,0x00}},
    {0x7bc7, 8, {0x48,0x6e,0xb4,0xfe,0x78,0x5e,0x9a,0x00}},
    {0x7bc9, 8, {0x48,0x6e,0xb4,0x4c,0xee,0x38,0xd6,0x00}},
    {0x7bcb, 8, {0x48,0x6e,0xb4,0x7e,0x68,0x54,0x7e,0x00}},
    {0x7bcc, 8, {0x48,0x6e,0xbc,0x44,0xde,0x48,0x56,0x00}},
    {0x7bcf, 8, {0x48,0x6e,0xb4,0x58,0xfe,0x54,0x7a,0x00}},
    {0x7bdd, 8, {0x48,0x6e,0xb4,0xfe,0x7c,0xfe,0x44,0x00}},
    {0x7be0, 8, {0x48,0x6e,0xb4,0x48,0xfe,0x5c,0x6a,0x00}},
    {0x7be4, 8, {0x48,0x6e,0xbc,0x50,0x7e,0x02,0xaa,0x00}},
    {0x7be5, 8, {0x48,0x6e,0xfe,0x54,0xfe,0x38,0xd6,0x00}},
    {0x7be6, 8, {0x48,0x6e,0xfc,0x7c,0x7e,0x48,0xee,0x00}},
    {0x7be9, 8, {0x48,0x6e,0xbe,0xe4,0x9e,0xf6,0xe4,0x00}},
    {0x7bed, 8, {0x48,0x6e,0xb4,0x28,0xfe,0x38,0x0e,0x00}},
    {0x7bf3, 8, {0x48,0x6e,0xb8,0x38,0xfe,0x7c,0x10,0x00}},
    {0x7bf6, 8, {0x48,0x7e,0x9c,0x50,0xfe,0x02,0xaa,0x00}},
    {0x7bf7, 8, {0x48,0x6e,0xb4,0x0c,0xde,0x44,0xbe,0x00}},
    {0x7c00, 8, {0x48,0x6e,0xb8,0xfe,0x7c,0x7c,0xc6,0x00}},
    {0x7c07, 8, {0x48,0x6e,0xb4,0xe8,0x4e,0x64,0xaa,0x00}},
    {0x7c0d, 8, {0x48,0x6e,0xb8,0x7c,0xfe,0x28,0xf6,0x00}},
    {0x7c11, 8, {0x48,0x6e,0xb8,0xee,0x38,0xe8,0x36,0x00}},
    {0x7c12, 8, {0x48,0x6e,0xb4,0x38,0xfe,0x5a,0xb4,0x00}},
    {0x7c13, 8, {0x48,0x6e,0xb4,0x72,0x54,0x72,0xb4,0x00}},
    {0x7c14, 8, {0x48,0x6e,0xb8,0xfe,0x38,0xe8,0x36,0x00}},
    {0x7c17, 8, {0x48,0x6e,0xb6,0x4a,0xfe,0x38,0xd6,0x00}},
    {0x7c1f, 8, {0x48,0x6e,0xfc,0x7c,0x28,0xfe,0x10,0x00}},
    {0x7c21, 8, {0x48,0x6e,0xb4,0xee,0xee,0xba,0xba,0x00}},
    {0x7c23, 8, {0x48,0x6e,0xfc,0x54,0xfe,0x7c,0xc6,0x00}},
    {0x7c27, 8, {0x48,0x6e,0xb4,0xfe,0x54,0x7c,0xc6,0x00}},
    {0x7c2a, 8, {0x48,0x6e,0xbc,0x6c,0xb6,0x7c,0x7c,0x00}},
    {0x7c2b, 8, {0x48,0x6e,0xbc,0x6e,0x42,0x6e,0xaa,0x00}},
    {0x7c37, 8, {0x48,0x6e,0xfc,0x66,0x5c,0x7e,0x9c,0x00}},
    {0x7c38, 8, {0x48,0x6e,0xb4,0x5e,0xfa,0x14,0xaa,0x00}},
    {0x7c3d, 8, {0x48,0x6e,0xb8,0xc6,0x6c,0x6c,0x92,0x00}},
    {0x7c3e, 8, {0x48,0x6e,0xbe,0x5a,0x7e,0x5c,0xaa,0x00}},
    {0x7c3f, 8, {0x48,0x6e,0xb4,0x1c,0xbe,0x14,0x8c,0x00}},
    {0x7c40, 8, {0x48,0x6e,0xb8,0x56,0xda,0x4c,0xcc,0x00}},
    {0x7c43, 8, {0x48,0x6e,0xb4,0x6e,0x60,0x38,0xfe,0x00}},
    {0x7c4c, 8, {0x48,0x6e,0xfc,0x38,0xfe,0x64,0x6c,0x00}},
    {0x7c4d, 8, {0x48,0x6e,0xb4,0x3e,0xf4,0x7e,0xac,0x00}},
    {0x7c4f, 8, {0x48,0x6e,0xbc,0xec,0x5e,0x6c,0xb2,0x00}},
    {0x7c50, 8, {0x48,0x6e,0xb4,0xec,0xba,0xfc,0xaa,0x00}},
    {0x7c54, 8, {0x48,0x6e,0xb4,0x76,0xfa,0x54,0xea,0x00}},
    {0x7c56, 8, {0x48,0x6e,0xb4,0x68,0xfe,0x74,0xea,0x00}},
    {0x7c58, 8, {0x48,0x6e,0xb4,0xfe,0xae,0xfc,0xaa,0x00}},
    {0x7c5f, 8, {0x48,0x6e,0xf4,0x7e,0x2e,0x70,0xaa,0x00}},
    {0x7c60, 8, {0x48,0x6e,0xf4,0x56,0xfa,0x74,0x56,0x00}},
    {0x7c64, 8, {0x48,0x6e,0xb4,0x58,0xfe,0x74,0xea,0x00}},
    {0x7c65, 8, {0x48,0x6e,0xb4,0x28,0xfe,0x7c,0x54,0x00}},
    {0x7c6c, 8, {0x48,0x6e,0xfc,0x5c,0xee,0xbc,0xee,0x00}},
    {0x7c73, 8, {0x54,0x10,0xfe,0x10,0x38,0xd6,0x10,0x00}},
    {0x7c75, 8, {0xa4,0x44,0xfe,0x44,0xe4,0xc4,0x44,0x00}},
    {0x7c7e, 8, {0xbe,0x4a,0xea,0x5a,0xee,0xca,0x56,0x00}},
    {0x7c81, 8, {0xa2,0x4c,0xe4,0x5e,0xe4,0xc4,0x44,0x00}},
    {0x7c82, 8, {0x3c,0x44,0x38,0xd6,0x7c,0x38,0xd6,0x00}},
    {0x7c83, 8, {0xb4,0x54,0xfe,0x54,0xf4,0xdc,0x56,0x00}},
    {0x7c89, 8, {0xb4,0x54,0xe2,0x5c,0xd4,0xd4,0x6c,0x00}},
    {0x7c8b, 8, {0xa8,0x7c,0xd4,0x66,0xc8,0xfe,0x48,0x00}},
    {0x7c8d, 8, {0xa2,0x5c,0xe6,0x5c,0xe6,0xdc,0x46,0x00}},
    {0x7c90, 8, {0xae,0x40,0xee,0x4a,0xee,0xc8,0x50,0x00}},
    {0x7c92, 8, {0xa8,0x7e,0xd4,0x54,0xd4,0xd8,0x7e,0x00}},
    {0x7c95, 8, {0xa8,0x5e,0xf2,0x5e,0xf2,0xd2,0x5e,0x00}},
    {0x7c97, 8, {0xbc,0x54,0xdc,0x54,0xdc,0xd4,0x7e,0x00}},
    {0x7c98, 8, {0xa8,0x48,0xee,0x48,0xfe,0xd2,0x5e,0x00}},
    {0x7c9b, 8, {0x10,0x7c,0x16,0xfc,0x56,0x7a,0x96,0x00}},
    {0x7c9f, 8, {0xfe,0x7c,0x10,0x54,0xfe,0x38,0xd6,0x00}},
    {0x7ca1, 8, {0xbe,0x52,0xde,0x52,0xde,0xde,0x52,0x00}},
    {0x7ca2, 8, {0x90,0x1e,0x2a,0x94,0xfe,0x38,0xd6,0x00}},
    {0x7ca4, 8, {0x10,0x7c,0x5c,0x74,0xfe,0x04,0x1c,0x00}},
    {0x7ca5, 8, {0xd6,0x7a,0xd6,0xbc,0xd6,0x7a,0xd6,0x00}},
    {0x7ca7, 8, {0xa4,0x5e,0xf4,0x5e,0xf4,0xd4,0x6e,0x00}},
    {0x7ca8, 8, {0xbe,0x48,0xde,0x52,0xde,0xd2,0x5e,0x00}},
    {0x7cab, 8, {0xbe,0x50,0xfe,0x6a,0xea,0xea,0x6a,0x00}},
    {0x7cad, 8, {0xa4,0x4a,0xee,0x40,0xee,0xca,0x4e,0x00}},
    {0x7cae, 8, {0xa4,0x5e,0xf2,0x5e,0xfa,0xd4,0x5a,0x00}},
    {0x7cb1, 8, {0xbc,0x14,0x96,0x2c,0xfe,0x38,0xd6,0x00}},
    {0x7cb2, 8, {0x2e,0x3a,0xd4,0x6a,0xfe,0x38,0xd6,0x00}},
    {0x7cb3, 8, {0xbe,0x5c,0xdc,0x48,0xd8,0xc8,0x76,0x00}},
    {0x7cb9, 8, {0xa8,0x7e,0xd4,0x54,0xea,0xfe,0x48,0x00}},
    {0x7cbd, 8, {0x88,0x7e,0xee,0x40,0xfe,0xc8,0x6a,0x00}},
    {0x7cbe, 8, {0xa8,0x5c,0xc8,0x7e,0xd4,0xdc,0x54,0x00}},
    {0x7cc0, 8, {0x94,0x7e,0xc4,0x54,0xf6,0xd4,0x56,0x00}},
    {0x7cc2, 8, {0x94,0x7e,0xd4,0x54,0xfe,0xe8,0x7e,0x00}},
    {0x7cc5, 8, {0x9c,0x7e,0xda,0x68,0xfe,0xdc,0x6a,0x00}},
    {0x7cca, 8, {0x96,0x7e,0xd6,0x7e,0xee,0xfe,0x4a,0x00}},
    {0x7cce, 8, {0xbe,0x50,0xfe,0x5e,0xee,0xc4,0x5e,0x00}},
    {0x7cd2, 8, {0x94,0x7e,0xd4,0x7e,0xe0,0xde,0x56,0x00}},
    {0x7cd6, 8, {0xa4,0x7e,0xec,0x66,0xfc,0xea,0x4e,0x00}},
    {0x7cd8, 8, {0x88,0x7e,0xe2,0x5c,0xda,0xec,0x5a,0x00}},
    {0x7cdc, 8, {0x08,0x7e,0x7e,0x54,0x7e,0x5c,0xaa,0x00}},
    {0x7cde, 8, {0x54,0xfe,0x54,0xba,0x38,0xfe,0x44,0x00}},
    {0x7cdf, 8, {0x94,0x7e,0xd4,0x7e,0xfe,0xd4,0x5c,0x00}},
    {0x7ce0, 8, {0x88,0x7e,0xee,0x6c,0xfa,0xec,0x5a,0x00}},
    {0x7ce2, 8, {0x94,0x7e,0xdc,0x54,0xfe,0xc8,0x76,0x00}},
    {0x7ce7, 8, {0xbc,0x54,0xfe,0x5c,0xdc,0xc8,0x7e,0x00}},
    {0x7cef, 8, {0x9c,0x7e,0xea,0x5c,0xc8,0xfe,0x6a,0x00}},
    {0x7cf2, 8, {0xbe,0x54,0xfe,0x5e,0xd4,0xee,0x4a,0x00}},
    {0x7cf4, 8, {0x5e,0x4a,0xa0,0x4a,0xee,0xdc,0x4e,0x00}},
    {0x7cf6, 8, {0xbe,0xea,0xe0,0x4a,0xee,0xdc,0x4e,0x00}},
    {0x7cf8, 8, {0x10,0x64,0x18,0x24,0xfa,0x10,0x92,0x00}},
    {0x7cfa, 8, {0x48,0x88,0x48,0xa8,0x48,0xea,0x4e,0x00}},
    {0x7cfb, 8, {0x7c,0x10,0x60,0x14,0xfa,0x10,0x92,0x00}},
    {0x7cfe, 8, {0x44,0x94,0x54,0x94,0x56,0xfc,0x44,0x00}},
    {0x7d00, 8, {0x5e,0x82,0x42,0xbe,0x50,0xf2,0x5e,0x00}},
    {0x7d02, 8, {0x44,0xbe,0x44,0x94,0x4c,0xe4,0x4c,0x00}},
    {0x7d04, 8, {0x48,0x8e,0x52,0xaa,0x46,0xe2,0x46,0x00}},
    {0x7d05, 8, {0x40,0x9e,0x44,0xa4,0x44,0xe4,0x5e,0x00}},
    {0x7d06, 8, {0x5e,0x84,0x44,0xbe,0x44,0xe4,0x4c,0x00}},
    {0x7d0a, 8, {0x10,0xfe,0x28,0x10,0xee,0x38,0x92,0x00}},
    {0x7d0b, 8, {0x48,0xbe,0x54,0x94,0x48,0xd4,0x62,0x00}},
    {0x7d0d, 8, {0x48,0xbe,0x6a,0xaa,0x76,0xe2,0x66,0x00}},
    {0x7d10, 8, {0x7c,0x94,0x54,0xbe,0x54,0xd4,0x7e,0x00}},
    {0x7d14, 8, {0x48,0xbe,0x48,0xaa,0x7e,0xc8,0x4e,0x00}},
    {0x7d15, 8, {0x54,0x94,0x5e,0x94,0x54,0xdc,0x76,0x00}},
    {0x7d17, 8, {0x48,0x9c,0x5a,0xa8,0x4a,0xe4,0x58,0x00}},
    {0x7d18, 8, {0x48,0xbe,0x48,0x92,0x54,0xea,0x5e,0x00}},
    {0x7d19, 8, {0x42,0x9c,0x54,0xbe,0x54,0xf4,0x5a,0x00}},
    {0x7d1a, 8, {0x7c,0x94,0x56,0x92,0x5a,0xe4,0x5a,0x00}},
    {0x7d1b, 8, {0x54,0x94,0x62,0x9c,0x54,0xd4,0x6c,0x00}},
    {0x7d1c, 8, {0x4e,0x80,0x5e,0xa4,0x44,0xea,0x5e,0x00}},
    {0x7d20, 8, {0x10,0x7c,0xfe,0x24,0xfa,0x10,0x92,0x00}},
    {0x7d21, 8, {0x44,0x9e,0x48,0xae,0x4a,0xea,0x56,0x00}},
    {0x7d22, 8, {0x10,0x7c,0x10,0xfe,0xaa,0x30,0x92,0x00}},
    {0x7d2b, 8, {0x24,0xb6,0xa4,0xf6,0x7a,0x10,0x92,0x00}},
    {0x7d2c, 8, {0x48,0xbe,0x6a,0xbe,0x6a,0xea,0x7e,0x00}},
    {0x7d2e, 8, {0x28,0xf8,0x7a,0xae,0x7c,0x10,0x92,0x00}},
    {0x7d2f, 8, {0x7c,0x54,0x7c,0x24,0xfa,0x10,0x92,0x00}},
    {0x7d30, 8, {0x5e,0x96,0x56,0xbe,0x56,0xf6,0x5e,0x00}},
    {0x7d32, 8, {0x6a,0xaa,0x7e,0xaa,0x6e,0xe0,0x7e,0x00}},
    {0x7d33, 8, {0x48,0xbe,0x6a,0xbe,0x6a,0xfe,0x48,0x00}},
    {0x7d35, 8, {0x44,0x9e,0x52,0xae,0x44,0xe4,0x4c,0x00}},
    {0x7d39, 8, {0x5e,0x8a,0x52,0xa6,0x5e,0xf2,0x5e,0x00}},
    {0x7d3a, 8, {0x54,0xbe,0x54,0x9c,0x54,0xd4,0x5c,0x00}},
    {0x7d3f, 8, {0x48,0x88,0x54,0xba,0x40,0xdc,0x5c,0x00}},
    {0x7d42, 8, {0x4c,0x94,0x48,0xb6,0x48,0xe0,0x4c,0x00}},
    {0x7d43, 8, {0x48,0xbe,0x50,0xb4,0x48,0xd4,0x7a,0x00}},
    {0x7d44, 8, {0x5c,0x94,0x5c,0xb4,0x5c,0xd4,0x7e,0x00}},
    {0x7d45, 8, {0x7e,0xa2,0x7e,0xb6,0x7e,0xe2,0x66,0x00}},
    {0x7d46, 8, {0x54,0xa2,0x48,0xbe,0x48,0xfe,0x48,0x00}},
    {0x7d4b, 8, {0x44,0x9e,0x50,0x94,0x54,0xea,0x4e,0x00}},
    {0x7d4c, 8, {0x7c,0x94,0x48,0xb6,0x5c,0xc8,0x7e,0x00}},
    {0x7d4e, 8, {0x56,0x80,0x56,0xb2,0x52,0xf2,0x56,0x00}},
    {0x7d4f, 8, {0x48,0xbc,0x6c,0xbc,0x4a,0xe4,0x5a,0x00}},
    {0x7d50, 8, {0x48,0xbe,0x48,0x9c,0x40,0xdc,0x5c,0x00}},
    {0x7d56, 8, {0x48,0xaa,0x48,0xbe,0x54,0xd4,0x66,0x00}},
    {0x7d5b, 8, {0x2c,0x74,0xe8,0x74,0x7e,0x48,0x6a,0x00}},
    {0x7d5e, 8, {0x48,0xbe,0x54,0xa2,0x54,0xc8,0x76,0x00}},
    {0x7d61, 8, {0x4c,0x94,0x48,0x94,0x62,0xdc,0x5c,0x00}},
    {0x7d62, 8, {0x50,0x9e,0x76,0xbe,0x56,0xfe,0x42,0x00}},
    {0x7d63, 8, {0x54,0x80,0x7e,0x94,0x7e,0xd4,0x64,0x00}},
    {0x7d66, 8, {0x48,0x94,0x6e,0x80,0x5c,0xd4,0x5c,0x00}},
    {0x7d68, 8, {0x44,0xbe,0x54,0xbc,0x56,0xd4,0x4a,0x00}},
    {0x7d6e, 8, {0x2e,0xfa,0x5a,0xee,0x7c,0x10,0x92,0x00}},
    {0x7d71, 8, {0x48,0xbe,0x54,0xba,0x54,0xd4,0x66,0x00}},
    {0x7d72, 8, {0x44,0x88,0x44,0xaa,0x44,0xee,0x44,0x00}},
    {0x7d73, 8, {0x4c,0x94,0x48,0xb6,0x4c,0xfe,0x44,0x00}},
    {0x7d75, 8, {0x48,0x94,0x6e,0x80,0x7e,0xd4,0x7a,0x00}},
    {0x7d76, 8, {0x4c,0x94,0x5e,0xba,0x5e,0xf0,0x5e,0x00}},
    {0x7d79, 8, {0x4c,0x8c,0x40,0xbe,0x52,0xfe,0x52,0x00}},
    {0x7d7d, 8, {0x5e,0x92,0x5e,0xa8,0x5e,0xf2,0x5e,0x00}},
    {0x7d89, 8, {0x5c,0xbe,0x5c,0xaa,0x7c,0xd6,0x62,0x00}},
    {0x7d8f, 8, {0x5c,0xaa,0x40,0x88,0x7e,0xd4,0x7a,0x00}},
    {0x7d93, 8, {0x5e,0x8a,0x54,0xaa,0x5e,0xe4,0x5e,0x00}},
    {0x7d99, 8, {0x5a,0x94,0x5e,0xb4,0x5a,0xf0,0x5e,0x00}},
    {0x7d9a, 8, {0x48,0xbe,0x48,0xbe,0x62,0xd4,0x66,0x00}},
    {0x7d9b, 8, {0x5e,0x96,0x4a,0x96,0x40,0xd2,0x6e,0x00}},
    {0x7d9c, 8, {0x48,0xbe,0x6e,0x80,0x7e,0xc8,0x6a,0x00}},
    {0x7d9f, 8, {0x7e,0x92,0x5e,0x94,0x5e,0xe4,0x5a,0x00}},
    {0x7da2, 8, {0x7e,0xaa,0x7e,0xaa,0x76,0xfe,0x62,0x00}},
    {0x7da3, 8, {0x54,0xaa,0x7e,0x94,0x6a,0xd0,0x5c,0x00}},
    {0x7dab, 8, {0x4a,0x9e,0x44,0xaa,0x5e,0xe4,0x5a,0x00}},
    {0x7dac, 8, {0x7e,0x94,0x7e,0xa2,0x5c,0xc8,0x76,0x00}},
    {0x7dad, 8, {0x54,0x9e,0x54,0xbe,0x54,0xf4,0x5e,0x00}},
    {0x7dae, 8, {0xf6,0x5a,0x74,0x8a,0x7c,0x10,0x92,0x00}},
    {0x7daf, 8, {0x50,0x9e,0x6a,0x9e,0x4a,0xee,0x7e,0x00}},
    {0x7db0, 8, {0x44,0x9e,0x52,0xac,0x4e,0xea,0x4e,0x00}},
    {0x7db1, 8, {0x7e,0xa2,0x76,0xaa,0x76,0xfe,0x62,0x00}},
    {0x7db2, 8, {0x7e,0xa2,0x76,0xfe,0x6a,0xee,0x62,0x00}},
    {0x7db4, 8, {0x7e,0x94,0x6a,0xbe,0x6a,0xd4,0x6a,0x00}},
    {0x7db5, 8, {0x5c,0xaa,0x40,0x88,0x7e,0xdc,0x6a,0x00}},
    {0x7db8, 8, {0x48,0x94,0x6e,0x80,0x5e,0xfe,0x56,0x00}},
    {0x7dba, 8, {0x48,0xbe,0x48,0x94,0x7e,0xc4,0x54,0x00}},
    {0x7dbb, 8, {0x44,0xbe,0x6e,0x84,0x56,0xd4,0x6e,0x00}},
    {0x7dbd, 8, {0x48,0x8e,0x5c,0x94,0x5c,0xfe,0x48,0x00}},
    {0x7dbe, 8, {0x48,0x9c,0x48,0xbe,0x54,0xe8,0x56,0x00}},
    {0x7dbf, 8, {0x48,0x9c,0x54,0x9c,0x7e,0xea,0x48,0x00}},
    {0x7dc7, 8, {0x4a,0x94,0x4a,0xbe,0x5e,0xf6,0x5e,0x00}},
    {0x7dca, 8, {0xee,0xca,0xe4,0x2a,0xfe,0x10,0x92,0x00}},
    {0x7dcb, 8, {0x54,0xb6,0x54,0xb6,0x54,0xf6,0x54,0x00}},
    {0x7dcf, 8, {0x54,0xa2,0x54,0xba,0x40,0xf2,0x6e,0x00}},
    {0x7dd1, 8, {0x5c,0x84,0x7e,0x88,0x6a,0xdc,0x6a,0x00}},
    {0x7dd2, 8, {0x4a,0x9c,0x48,0xbe,0x50,0xee,0x4e,0x00}},
    {0x7dd5, 8, {0x48,0xbe,0x54,0x88,0x76,0xdc,0x64,0x00}},
    {0x7dd8, 8, {0x44,0xbe,0x64,0xbc,0x66,0xfc,0x5a,0x00}},
    {0x7dda, 8, {0x48,0x9c,0x54,0x9c,0x7a,0xdc,0x6a,0x00}},
    {0x7ddc, 8, {0x2e,0x74,0x58,0x74,0xfe,0xae,0x24,0x00}},
    {0x7ddd, 8, {0x5c,0x94,0x7e,0x9c,0x54,0xfe,0x44,0x00}},
    {0x7dde, 8, {0x5e,0xaa,0x70,0xae,0x7a,0xe4,0x6a,0x00}},
    {0x7de0, 8, {0x48,0xbe,0x54,0xbe,0x6a,0xdc,0x54,0x00}},
    {0x7de1, 8, {0x5e,0x92,0x5e,0xb4,0x5a,0xee,0x4e,0x00}},
    {0x7de4, 8, {0x6a,0xbe,0x6e,0xa0,0x7e,0xdc,0x6a,0x00}},
    {0x7de8, 8, {0x7e,0x94,0x5c,0x90,0x5e,0xee,0x4a,0x00}},
    {0x7de9, 8, {0x46,0xb8,0x6a,0x9e,0x4a,0xd4,0x6a,0x00}},
    {0x7dec, 8, {0x5e,0x88,0x5e,0xb6,0x5e,0xf6,0x5e,0x00}},
    {0x7def, 8, {0x48,0x9e,0x4a,0xbe,0x54,0xfe,0x44,0x00}},
    {0x7df2, 8, {0x7a,0xae,0x7e,0xaa,0x78,0xea,0x7c,0x00}},
    {0x7df4, 8, {0x48,0xbe,0x5c,0x9c,0x48,0xdc,0x6a,0x00}},
    {0x7dfb, 8, {0x7c,0x96,0x66,0xbe,0x56,0xfc,0x4a,0x00}},
    {0x7e01, 8, {0x5c,0x84,0x7e,0x90,0x5a,0xec,0x5a,0x00}},
    {0x7e04, 8, {0x5c,0x94,0x5e,0xba,0x56,0xdc,0x46,0x00}},
    {0x7e05, 8, {0x44,0xbe,0x7c,0xb4,0x6e,0xf4,0x6a,0x00}},
    {0x7e09, 8, {0x7e,0xa4,0x76,0xbe,0x5c,0xd4,0x5c,0x00}},
    {0x7e0a, 8, {0x54,0xa2,0x5c,0x94,0x62,0xdc,0x7e,0x00}},
    {0x7e0b, 8, {0x52,0x86,0x56,0xa4,0x56,0xf6,0x5e,0x00}},
    {0x7e12, 8, {0x54,0xbe,0x48,0xbe,0x5e,0xd4,0x6e,0x00}},
    {0x7e1b, 8, {0x4a,0xbe,0x5c,0x9c,0x7e,0xd4,0x4c,0x00}},
    {0x7e1e, 8, {0x48,0xbe,0x54,0x9c,0x7e,0xe2,0x6a,0x00}},
    {0x7e1f, 8, {0x5e,0x9c,0x5a,0xac,0x7e,0xd4,0x4c,0x00}},
    {0x7e21, 8, {0x48,0xbe,0x6a,0xbe,0x54,0xfe,0x48,0x00}},
    {0x7e22, 8, {0xf4,0xaa,0xfe,0xb4,0xfa,0xa8,0xaa,0x00}},
    {0x7e23, 8, {0x6e,0xe4,0xe8,0x84,0xfe,0x24,0xb6,0x00}},
    {0x7e26, 8, {0x5a,0xae,0x54,0xb6,0x54,0xdc,0x56,0x00}},
    {0x7e2b, 8, {0x56,0x8a,0x44,0xba,0x5e,0xd4,0x6e,0x00}},
    {0x7e2e, 8, {0x48,0xbe,0x62,0x9e,0x74,0xd6,0x56,0x00}},
    {0x7e31, 8, {0x54,0xaa,0x50,0xb4,0x56,0xdc,0x56,0x00}},
    {0x7e32, 8, {0x7e,0xaa,0x7e,0x90,0x7e,0xc8,0x6a,0x00}},
    {0x7e35, 8, {0x5c,0x94,0x7e,0xbe,0x54,0xc8,0x76,0x00}},
    {0x7e37, 8, {0x48,0x9c,0x76,0x9c,0x7e,0xd4,0x7a,0x00}},
    {0x7e39, 8, {0x7e,0x9c,0x5c,0x80,0x7e,0xc8,0x6a,0x00}},
    {0x7e3a, 8, {0x54,0x8e,0x5c,0xac,0x5e,0xf4,0x5e,0x00}},
    {0x7e3b, 8, {0x08,0x7e,0x7e,0x54,0x7a,0x48,0xaa,0x00}},
    {0x7e3d, 8, {0x48,0x9e,0x5e,0xbe,0x40,0xf2,0x6e,0x00}},
    {0x7e3e, 8, {0x48,0x9c,0x48,0xbe,0x5c,0xdc,0x62,0x00}},
    {0x7e41, 8, {0x86,0xfa,0x74,0xea,0x7c,0x10,0x92,0x00}},
    {0x7e43, 8, {0x6a,0xbe,0x40,0xb6,0x76,0xf6,0x5a,0x00}},
    {0x7e46, 8, {0x76,0x92,0x48,0x94,0x6a,0xc4,0x58,0x00}},
    {0x7e4a, 8, {0x56,0xbc,0x56,0xbc,0x56,0xdc,0x72,0x00}},
    {0x7e4b, 8, {0x2e,0xfa,0x74,0xea,0x7c,0x10,0x92,0x00}},
    {0x7e4d, 8, {0x48,0xbc,0x4e,0xbc,0x5a,0xde,0x6a,0x00}},
    {0x7e54, 8, {0x56,0xbc,0x5e,0xbc,0x46,0xdc,0x5a,0x00}},
    {0x7e55, 8, {0x54,0xbe,0x48,0xbe,0x54,0xfe,0x5c,0x00}},
    {0x7e56, 8, {0x54,0xbe,0x5a,0xba,0x5a,0xdc,0x5a,0x00}},
    {0x7e59, 8, {0x7e,0x94,0x7e,0x9c,0x6a,0xdc,0x5c,0x00}},
    {0x7e5a, 8, {0x48,0xbe,0x54,0xbe,0x54,0xc8,0x6a,0x00}},
    {0x7e5d, 8, {0x76,0xb6,0x62,0xae,0x6e,0xf6,0x62,0x00}},
    {0x7e5e, 8, {0x48,0x9c,0x7e,0xb6,0x7e,0xd4,0x66,0x00}},
    {0x7e66, 8, {0x7e,0x9a,0x74,0xae,0x7e,0xd4,0x7e,0x00}},
    {0x7e67, 8, {0x5c,0xbe,0x6a,0x80,0x7e,0xd4,0x7a,0x00}},
    {0x7e69, 8, {0x7e,0xb6,0x54,0xb6,0x76,0xd4,0x5e,0x00}},
    {0x7e6a, 8, {0x48,0x94,0x7e,0xaa,0x7e,0xd4,0x5c,0x00}},
    {0x7e6d, 8, {0x28,0xfe,0x28,0xfe,0xb6,0xde,0xb6,0x00}},
    {0x7e70, 8, {0x5c,0x94,0x7e,0xaa,0x7e,0xdc,0x6a,0x00}},
    {0x7e79, 8, {0x7e,0xbe,0x48,0xbe,0x54,0xfe,0x48,0x00}},
    {0x7e7b, 8, {0x5c,0xbe,0x6a,0x9c,0x48,0xfe,0x6a,0x00}},
    {0x7e7c, 8, {0x6a,0xb4,0x6a,0xbe,0x6a,0xf4,0x7e,0x00}},
    {0x7e7d, 8, {0x48,0xbe,0x6a,0xb4,0x5c,0xdc,0x62,0x00}},
    {0x7e7f, 8, {0x74,0xa6,0x60,0xb6,0x40,0xdc,0x7e,0x00}},
    {0x7e82, 8, {0x48,0x6e,0xbc,0x38,0xe6,0x38,0x92,0x00}},
    {0x7e83, 8, {0x48,0xbe,0x54,0xaa,0x54,0xdc,0x64,0x00}},
    {0x7e88, 8, {0x56,0xbc,0x56,0xbe,0x46,0xf8,0x5a,0x00}},
    {0x7e89, 8, {0x54,0xbe,0x54,0xaa,0x5c,0xdc,0x62,0x00}},
    {0x7e8c, 8, {0x48,0xbe,0x76,0xbe,0x5c,0xdc,0x62,0x00}},
    {0x7e8e, 8, {0x56,0x94,0x7e,0x94,0x7e,0xd4,0x7a,0x00}},
    {0x7e8f, 8, {0x48,0xbe,0x6c,0xbe,0x76,0xe8,0x5e,0x00}},
    {0x7e90, 8, {0x56,0xbc,0x6e,0x86,0x6e,0xd0,0x6a,0x00}},
    {0x7e92, 8, {0x5e,0x9c,0x50,0x9a,0x50,0xe4,0x5e,0x00}},
    {0x7e93, 8, {0x76,0xb6,0x6a,0x90,0x7e,0xd4,0x7a,0x00}},
    {0x7e94, 8, {0x4c,0x96,0x4e,0xac,0x56,0xec,0x56,0x00}},
    {0x7e96, 8, {0x6e,0x94,0x7e,0x94,0x7e,0xd4,0x7a,0x00}},
    {0x7e9b, 8, {0x10,0x7c,0xfe,0x7c,0xea,0xee,0x54,0x00}},
    {0x7e9c, 8, {0x74,0xa6,0x76,0x9c,0x5c,0xdc,0x66,0x00}},
    {0x7f36, 8, {0x20,0x3c,0x50,0xfe,0x10,0x54,0x7c,0x00}},
    {0x7f38, 8, {0x40,0x7e,0xa4,0xf4,0x24,0xb4,0xfe,0x00}},
    {0x7f3a, 8, {0x44,0x7e,0xa6,0xfe,0x24,0xb4,0xfa,0x00}},
    {0x7f45, 8, {0x84,0xe6,0x5c,0xf6,0x5e,0xf4,0xec,0x00}},
    {0x7f4c, 8, {0x6c,0x6c,0x92,0x3c,0xfe,0x54,0x7c,0x00}},
    {0x7f4d, 8, {0x38,0x38,0xee,0xfe,0xfe,0x54,0x7c,0x00}},
    {0x7f4e, 8, {0x8c,0xec,0x5e,0xf6,0x4c,0xd4,0xfa,0x00}},
    {0x7f50, 8, {0x94,0xfe,0x76,0xd4,0x5e,0xf4,0xde,0x00}},
    {0x7f51, 8, {0xfe,0x82,0xd6,0xaa,0xaa,0xd6,0x82,0x00}},
    {0x7f54, 8, {0xfe,0xaa,0xfe,0x92,0xfe,0xa2,0xba,0x00}},
    {0x7f55, 8, {0xfe,0xaa,0x4c,0x38,0x10,0xfe,0x10,0x00}},
    {0x7f58, 8, {0xfe,0xaa,0xfe,0x00,0xfe,0x34,0xd2,0x00}},
    {0x7f5f, 8, {0xfe,0xaa,0xfe,0x10,0xfe,0x44,0x7c,0x00}},
    {0x7f60, 8, {0xfe,0xaa,0xfe,0x44,0x7e,0x48,0xe6,0x00}},
    {0x7f67, 8, {0xfe,0xaa,0xfe,0x24,0xfe,0x6c,0xb6,0x00}},
    {0x7f68, 8, {0xfe,0xaa,0xfe,0x54,0xba,0x38,0x0e,0x00}},
    {0x7f69, 8, {0xfe,0xaa,0xfe,0x1c,0x78,0xfe,0x10,0x00}},
    {0x7f6a, 8, {0xfe,0xfe,0x28,0xee,0x28,0xee,0x48,0x00}},
    {0x7f6b, 8, {0xfe,0xaa,0xfe,0x48,0xec,0x4a,0xe8,0x00}},
    {0x7f6e, 8, {0xfe,0xaa,0xfe,0x24,0xbc,0xa4,0xfe,0x00}},
    {0x7f70, 8, {0xfe,0xaa,0xfe,0x6a,0x0a,0xe2,0xe6,0x00}},
    {0x7f72, 8, {0xfe,0xaa,0xfe,0x38,0xfe,0x34,0xdc,0x00}},
    {0x7f75, 8, {0xfe,0xaa,0xfe,0x50,0x7e,0x02,0xaa,0x00}},
    {0x7f77, 8, {0xfe,0xaa,0xfe,0x54,0xf6,0x74,0x56,0x00}},
    {0x7f78, 8, {0xfe,0xaa,0xfe,0xc4,0x3e,0xd4,0xcc,0x00}},
    {0x7f79, 8, {0xfe,0xaa,0xfe,0x54,0xde,0xd4,0x5e,0x00}},
    {0x7f82, 8, {0xfe,0xaa,0xfe,0x8c,0x5e,0xfe,0x52,0x00}},
    {0x7f83, 8, {0xfe,0xaa,0xfe,0x38,0xfe,0x7e,0xb4,0x00}},
    {0x7f85, 8, {0xfe,0xaa,0xfe,0x94,0x5e,0xf4,0x5e,0x00}},
    {0x7f86, 8, {0xfe,0xaa,0xfe,0x74,0x56,0x00,0xaa,0x00}},
    {0x7f87, 8, {0xfe,0xaa,0xfe,0xac,0x5e,0xe4,0x54,0x00}},
    {0x7f88, 8, {0xfe,0xaa,0xfe,0xac,0x4e,0xe2,0x56,0x00}},
    {0x7f8a, 8, {0x44,0xfe,0x10,0x7c,0x10,0xfe,0x10,0x00}},
    {0x7f8c, 8, {0x44,0xfe,0x7c,0x10,0xfe,0x28,0xce,0x00}},
    {0x7f8e, 8, {0x44,0xfe,0x7c,0x10,0xfe,0x10,0xee,0x00}},
    {0x7f94, 8, {0x44,0xfe,0x7c,0x10,0xfe,0x00,0xaa,0x00}},
    {0x7f9a, 8, {0xa8,0x54,0xee,0x40,0xfe,0x4a,0x88,0x00}},
    {0x7f9d, 8, {0xa2,0x5c,0xf4,0x5e,0xf4,0x52,0x9e,0x00}},
    {0x7f9e, 8, {0x44,0xfe,0x10,0xfe,0x7c,0x54,0xbe,0x00}},
    {0x7fa3, 8, {0x3c,0xfe,0x32,0xde,0x38,0xfe,0x10,0x00}},
    {0x7fa4, 8, {0xfa,0x5e,0xf4,0x5e,0x64,0xfe,0x74,0x00}},
    {0x7fa8, 8, {0x44,0xfe,0x10,0xfe,0x9c,0x08,0xb6,0x00}},
    {0x7fa9, 8, {0x44,0xfe,0x10,0xfe,0x2a,0xfc,0x2a,0x00}},
    {0x7fae, 8, {0x44,0xfe,0x7c,0xaa,0x7c,0x10,0xee,0x00}},
    {0x7faf, 8, {0xbc,0x54,0xfc,0x5e,0xf2,0x5a,0x86,0x00}},
    {0x7fb2, 8, {0x44,0xfe,0x10,0xfe,0x6a,0x3c,0x6a,0x00}},
    {0x7fb6, 8, {0xa4,0x5e,0xfa,0x5e,0xec,0x4c,0x9e,0x00}},
    {0x7fb8, 8, {0x10,0xfe,0x40,0x7c,0x6e,0x7e,0xb6,0x00}},
    {0x7fb9, 8, {0x44,0xfe,0x7c,0xaa,0x7c,0x38,0xee,0x00}},
    {0x7fbd, 8, {0xfe,0x12,0x5a,0x12,0x36,0xda,0x36,0x00}},
    {0x7fc1, 8, {0x28,0xc6,0x20,0xfe,0x5a,0x36,0xda,0x00}},
    {0x7fc5, 8, {0x5e,0xea,0x5e,0xea,0xbe,0x4a,0xbe,0x00}},
    {0x7fc6, 8, {0xee,0x22,0x78,0x2a,0x4e,0xfe,0x10,0x00}},
    {0x7fca, 8, {0x5e,0xea,0xbe,0xaa,0x5e,0xea,0x0a,0x00}},
    {0x7fcc, 8, {0xfe,0x5a,0x36,0xda,0x7c,0x28,0xfe,0x00}},
    {0x7fd2, 8, {0xfe,0x5a,0x36,0xda,0x20,0x7c,0x7c,0x00}},
    {0x7fd4, 8, {0xbe,0x4a,0xde,0x6a,0xde,0x6a,0x8a,0x00}},
    {0x7fd5, 8, {0x10,0x28,0xfe,0x38,0xee,0x66,0xaa,0x00}},
    {0x7fe0, 8, {0xfe,0x5a,0x36,0xfe,0x54,0xfe,0x10,0x00}},
    {0x7fe1, 8, {0x28,0xee,0x28,0xfe,0x5a,0xb6,0x5a,0x00}},
    {0x7fe6, 8, {0x44,0xfe,0x74,0x54,0xee,0x66,0xaa,0x00}},
    {0x7fe9, 8, {0xde,0x0a,0xde,0x8a,0xfe,0xea,0xaa,0x00}},
    {0x7feb, 8, {0xf6,0x50,0xfe,0x54,0x24,0x74,0x7a,0x00}},
    {0x7ff0, 8, {0xe8,0x54,0xe2,0xbe,0x4a,0xde,0x6a,0x00}},
    {0x7ff3, 8, {0xfe,0xca,0xf4,0xaa,0xfe,0x66,0xaa,0x00}},
    {0x7ff9, 8, {0x5e,0xea,0xfe,0xaa,0xfe,0x6a,0xbe,0x00}},
    {0x7ffb, 8, {0xfe,0x6a,0xfe,0x6a,0xbe,0x7e,0x6a,0x00}},
    {0x7ffc, 8, {0xfe,0x5a,0x36,0x58,0xfe,0x00,0xc6,0x00}},
    {0x8000, 8, {0x2e,0xb6,0x2e,0xf4,0x6e,0x7c,0x8e,0x00}},
    {0x8001, 8, {0x12,0x7c,0x18,0xfe,0x3c,0xd0,0x1e,0x00}},
    {0x8003, 8, {0x12,0x7c,0x18,0xfe,0x30,0xde,0x02,0x00}},
    {0x8004, 8, {0x14,0x78,0x30,0xde,0x3c,0xf0,0x1e,0x00}},
    {0x8005, 8, {0x12,0x7c,0x18,0xfe,0x20,0xdc,0x1c,0x00}},
    {0x8006, 8, {0x14,0x78,0xfe,0x30,0xde,0x3c,0x3c,0x00}},
    {0x800b, 8, {0x14,0x78,0x30,0xde,0x7c,0x10,0xfe,0x00}},
    {0x800c, 8, {0xfe,0x10,0xfe,0xaa,0xaa,0xaa,0xaa,0x00}},
    {0x8010, 8, {0xfa,0x46,0xfa,0xae,0xae,0xaa,0xaa,0x00}},
    {0x8012, 8, {0x14,0xf8,0x7c,0x10,0xfe,0x38,0xd6,0x00}},
    {0x8015, 8, {0x54,0xfe,0x54,0xd4,0x7e,0xd4,0x64,0x00}},
    {0x8017, 8, {0x44,0xf8,0x4e,0xf8,0x4e,0xf8,0x4e,0x00}},
    {0x8018, 8, {0x6e,0xc0,0x5e,0xe4,0x44,0xea,0x5e,0x00}},
    {0x8019, 8, {0x7e,0xd6,0x56,0xfe,0x50,0xf2,0x5e,0x00}},
    {0x801c, 8, {0x7c,0xd4,0x5c,0xf0,0x5e,0xf2,0x5e,0x00}},
    {0x8021, 8, {0x64,0xfc,0x6e,0xfe,0x6e,0xfa,0x4a,0x00}},
    {0x8028, 8, {0x5e,0xdc,0x5a,0xec,0x7e,0xd4,0x4c,0x00}},
    {0x8033, 8, {0xfe,0x24,0x3c,0x3c,0x24,0xfe,0x04,0x00}},
    {0x8036, 8, {0xfe,0x56,0x74,0x76,0x56,0xf4,0x14,0x00}},
    {0x803b, 8, {0xe4,0x64,0x76,0x74,0x74,0xf4,0x3e,0x00}},
    {0x803d, 8, {0xe8,0x7e,0x7a,0x68,0x6c,0xec,0x36,0x00}},
    {0x803f, 8, {0xe4,0x64,0x76,0x74,0x64,0xe4,0x3a,0x00}},
    {0x8046, 8, {0xe8,0x74,0x6e,0x60,0x7e,0xea,0x28,0x00}},
    {0x804a, 8, {0xe8,0x76,0x76,0x76,0x7e,0xec,0x34,0x00}},
    {0x8052, 8, {0xe2,0x6c,0x7e,0x64,0x6e,0xea,0x2e,0x00}},
    {0x8056, 8, {0xfe,0x6a,0xfe,0x10,0x7c,0x10,0xfe,0x00}},
    {0x8058, 8, {0xe4,0x6e,0x6e,0x7e,0x6c,0xe2,0x26,0x00}},
    {0x805a, 8, {0xfe,0x6a,0xf4,0x2a,0x54,0x38,0xd6,0x00}},
    {0x805e, 8, {0xee,0xee,0x82,0xfe,0xba,0xfa,0x8a,0x00}},
    {0x805f, 8, {0x40,0x7e,0xaa,0x5e,0x24,0xfe,0x04,0x00}},
    {0x8061, 8, {0xea,0x72,0x68,0x7e,0x60,0xfa,0x36,0x00}},
    {0x8062, 8, {0xe4,0x7e,0x6e,0x64,0x76,0xf4,0x2e,0x00}},
    {0x8068, 8, {0xea,0x74,0x6a,0x6c,0x7e,0xec,0x34,0x00}},
    {0x806f, 8, {0xea,0x74,0x6a,0x74,0x7e,0xee,0x34,0x00}},
    {0x8070, 8, {0xe8,0x7e,0x7e,0x7e,0x60,0xfa,0x36,0x00}},
    {0x8072, 8, {0x2e,0xfa,0x64,0x8a,0x3c,0xfe,0x04,0x00}},
    {0x8073, 8, {0x54,0xaa,0x4c,0xfe,0x24,0xfe,0x04,0x00}},
    {0x8074, 8, {0xe4,0x7e,0x6e,0x6e,0x60,0xfa,0x36,0x00}},
    {0x8076, 8, {0x7c,0x38,0xfe,0xee,0x66,0xee,0x22,0x00}},
    {0x8077, 8, {0xf6,0x7c,0x6e,0x7c,0x66,0xf4,0x3a,0x00}},
    {0x8079, 8, {0xe4,0x7e,0x7a,0x6c,0x7e,0xe4,0x2c,0x00}},
    {0x807d, 8, {0xe4,0x7e,0x6e,0xfe,0x60,0xfa,0x36,0x00}},
    {0x807e, 8, {0x26,0xfc,0x52,0xf6,0x5c,0xfe,0x04,0x00}},
    {0x807f, 8, {0x10,0x7c,0x16,0xfc,0x10,0xfe,0x10,0x00}},
    {0x8084, 8, {0x84,0xee,0x86,0x6e,0xe4,0x5e,0xa4,0x00}},
    {0x8085, 8, {0x10,0x7c,0x3e,0xec,0x42,0x6e,0xaa,0x00}},
    {0x8086, 8, {0x74,0x4e,0x66,0x4e,0xf4,0x5e,0xf4,0x00}},
    {0x8087, 8, {0xfe,0x5a,0x74,0x8a,0x7c,0xfe,0x10,0x00}},
    {0x8089, 8, {0x10,0xfe,0x92,0xaa,0x92,0xaa,0x86,0x00}},
    {0x808b, 8, {0xe8,0xbe,0xea,0xaa,0xea,0xaa,0xb6,0x00}},
    {0x808c, 8, {0xfc,0xb4,0xf4,0xb4,0xf4,0xb4,0xa6,0x00}},
    {0x8093, 8, {0x10,0xfe,0x40,0x7c,0x44,0x7c,0x44,0x00}},
    {0x8096, 8, {0x52,0x34,0x7e,0x42,0x7e,0x42,0x46,0x00}},
    {0x8098, 8, {0xe4,0xbe,0xe4,0xb4,0xec,0xa4,0xac,0x00}},
    {0x809a, 8, {0xe4,0xa4,0xee,0xa4,0xe4,0xa4,0xbe,0x00}},
    {0x809b, 8, {0xe0,0xae,0xe4,0xa4,0xe4,0xa4,0xbe,0x00}},
    {0x809d, 8, {0xee,0xa4,0xe4,0xbe,0xe4,0xa4,0xa4,0x00}},
    {0x80a1, 8, {0xee,0xaa,0xe0,0xae,0xea,0xa4,0xba,0x00}},
    {0x80a2, 8, {0xe4,0xbe,0xe4,0xae,0xea,0xa4,0xba,0x00}},
    {0x80a5, 8, {0xfe,0xaa,0xea,0xbe,0xe0,0xa2,0xbe,0x00}},
    {0x80a9, 8, {0xfe,0x44,0x7c,0x5c,0x54,0x5c,0x94,0x00}},
    {0x80aa, 8, {0xe4,0xbe,0xe8,0xae,0xea,0xaa,0xb6,0x00}},
    {0x80ac, 8, {0xea,0xbe,0xe8,0xac,0xec,0xac,0xb6,0x00}},
    {0x80ad, 8, {0xec,0xa4,0xfe,0xb6,0xfa,0xb2,0xb6,0x00}},
    {0x80af, 8, {0x10,0x5c,0x50,0xfe,0x44,0x7c,0x44,0x00}},
    {0x80b1, 8, {0xe8,0xbe,0xe8,0xb2,0xe4,0xaa,0xbe,0x00}},
    {0x80b2, 8, {0x10,0xfe,0x24,0xfa,0x44,0x7c,0x44,0x00}},
    {0x80b4, 8, {0x64,0x18,0x24,0xfe,0x64,0xbc,0x24,0x00}},
    {0x80ba, 8, {0xe4,0xbe,0xe4,0xbe,0xf6,0xb6,0xa4,0x00}},
    {0x80c3, 8, {0xfe,0x92,0xfe,0x7c,0x44,0x7c,0x44,0x00}},
    {0x80c4, 8, {0x10,0xfe,0x92,0xfe,0x44,0x7c,0x44,0x00}},
    {0x80c6, 8, {0xee,0xaa,0xee,0xaa,0xee,0xa0,0xae,0x00}},
    {0x80cc, 8, {0x28,0xee,0x28,0xfe,0x44,0x7c,0x44,0x00}},
    {0x80ce, 8, {0xe4,0xa4,0xea,0xbe,0xe0,0xae,0xae,0x00}},
    {0x80d6, 8, {0xea,0xb0,0xe4,0xbe,0xe4,0xbe,0xa4,0x00}},
    {0x80d9, 8, {0xe8,0xae,0xf8,0xae,0xe8,0xae,0xa8,0x00}},
    {0x80da, 8, {0xfe,0xa4,0xec,0xb6,0xe4,0xa4,0xbe,0x00}},
    {0x80db, 8, {0xfe,0xb6,0xfe,0xb6,0xfe,0xa4,0xa4,0x00}},
    {0x80dd, 8, {0xe2,0xbc,0xf4,0xbe,0xf4,0xb2,0xbe,0x00}},
    {0x80de, 8, {0xe8,0xae,0xf6,0xa2,0xee,0xa8,0xae,0x00}},
    {0x80e1, 8, {0x4e,0xea,0x4e,0xea,0xae,0xea,0x16,0x00}},
    {0x80e4, 8, {0x54,0x64,0x54,0x7c,0x6c,0x7c,0xae,0x00}},
    {0x80e5, 8, {0xfe,0x1a,0x50,0xbe,0x44,0x7c,0x44,0x00}},
    {0x80ef, 8, {0xe4,0xbe,0xec,0xba,0xec,0xa2,0xa6,0x00}},
    {0x80f1, 8, {0xe4,0xb6,0xe4,0xbe,0xec,0xac,0xb6,0x00}},
    {0x80f4, 8, {0xfe,0xb2,0xfe,0xb2,0xfe,0xbe,0xb2,0x00}},
    {0x80f8, 8, {0xe8,0xae,0xf6,0xaa,0xf6,0xbe,0xa2,0x00}},
    {0x80fc, 8, {0xea,0xa0,0xfe,0xaa,0xfe,0xaa,0xb2,0x00}},
    {0x80fd, 8, {0x24,0x56,0xf4,0x76,0x56,0x74,0x56,0x00}},
    {0x8102, 8, {0xea,0xac,0xea,0xae,0xe0,0xae,0xae,0x00}},
    {0x8105, 8, {0x10,0x7c,0x24,0xfe,0x56,0xbc,0x24,0x00}},
    {0x8106, 8, {0xec,0xb4,0xfe,0xbe,0xfa,0xb8,0xae,0x00}},
    {0x8107, 8, {0xe8,0xbe,0xea,0xa0,0xea,0xbe,0xaa,0x00}},
    {0x8108, 8, {0xe4,0xb8,0xe6,0xb8,0xf6,0xb4,0xb2,0x00}},
    {0x8109, 8, {0xec,0xa0,0xec,0xbe,0xec,0xb6,0xac,0x00}},
    {0x810a, 8, {0xd6,0x10,0xd6,0x38,0xc6,0x7c,0x44,0x00}},
    {0x811a, 8, {0xee,0xbe,0xee,0xbe,0xee,0xb4,0xbc,0x00}},
    {0x811b, 8, {0xfe,0xaa,0xf4,0xaa,0xfe,0xa4,0xbe,0x00}},
    {0x8123, 8, {0x7e,0x7c,0x68,0xb6,0x7c,0x7c,0x44,0x00}},
    {0x8129, 8, {0x2c,0x74,0xe8,0x7e,0x74,0x7c,0x54,0x00}},
    {0x812f, 8, {0xea,0xbe,0xe8,0xbe,0xfa,0xbe,0xba,0x00}},
    {0x8131, 8, {0xea,0xbe,0xf2,0xbe,0xec,0xac,0xb6,0x00}},
    {0x8133, 8, {0xea,0xa2,0xf4,0xaa,0xf6,0xb2,0xbe,0x00}},
    {0x8139, 8, {0xee,0xa8,0xec,0xa8,0xfe,0xac,0xaa,0x00}},
    {0x813e, 8, {0xe8,0xbe,0xfa,0xbe,0xec,0xbe,0xa4,0x00}},
    {0x8146, 8, {0xea,0xbe,0xfa,0xbe,0xfe,0xa0,0xb2,0x00}},
    {0x814b, 8, {0xe4,0xbe,0xe8,0xae,0xfa,0xac,0xaa,0x00}},
    {0x814e, 8, {0xee,0xca,0xe4,0x0a,0x7c,0x7c,0x44,0x00}},
    {0x8150, 8, {0x08,0x7e,0x54,0x6c,0x7e,0x6a,0xb6,0x00}},
    {0x8151, 8, {0xe4,0xbe,0xf0,0xba,0xfe,0xba,0xaa,0x00}},
    {0x8153, 8, {0xec,0xbe,0xec,0xbe,0xec,0xbe,0xac,0x00}},
    {0x8154, 8, {0xe4,0xbe,0xfa,0xa0,0xee,0xa4,0xbe,0x00}},
    {0x8155, 8, {0xe4,0xbe,0xf2,0xae,0xf6,0xac,0xb6,0x00}},
    {0x815f, 8, {0xe4,0xbe,0xf2,0xac,0xfa,0xa4,0xbe,0x00}},
    {0x8165, 8, {0xee,0xaa,0xee,0xb4,0xee,0xa4,0xbe,0x00}},
    {0x8166, 8, {0xea,0xb4,0xea,0xbe,0xf6,0xba,0xbe,0x00}},
    {0x816b, 8, {0xe2,0xac,0xfe,0xae,0xee,0xa4,0xbe,0x00}},
    {0x816e, 8, {0xfe,0xb6,0xfe,0xbe,0xe0,0xba,0xb6,0x00}},
    {0x8170, 8, {0xfe,0xac,0xec,0xa8,0xfe,0xac,0xba,0x00}},
    {0x8171, 8, {0xfa,0xae,0xea,0xb6,0xea,0xa8,0xb6,0x00}},
    {0x8174, 8, {0xe8,0xb6,0xfe,0xb6,0xfe,0xa4,0xba,0x00}},
    {0x8178, 8, {0xee,0xaa,0xfe,0xa8,0xee,0xb6,0xaa,0x00}},
    {0x8179, 8, {0xf0,0xbe,0xec,0xac,0xf4,0xa8,0xb6,0x00}},
    {0x817a, 8, {0xe8,0xbc,0xf4,0xbc,0xfa,0xbc,0xaa,0x00}},
    {0x817f, 8, {0xf6,0xa6,0xe6,0xb4,0xfa,0xb0,0xbe,0x00}},
    {0x8180, 8, {0xe8,0xbe,0xf4,0xbe,0xea,0xac,0xb4,0x00}},
    {0x8182, 8, {0x48,0xee,0x7c,0xaa,0x7c,0x7c,0x44,0x00}},
    {0x8183, 8, {0xfe,0xb6,0xfa,0xbe,0xe0,0xac,0xbe,0x00}},
    {0x8188, 8, {0xfe,0xac,0xec,0xbe,0xf2,0xbe,0xb6,0x00}},
    {0x818a, 8, {0xea,0xbe,0xfc,0xb4,0xfe,0xb4,0xac,0x00}},
    {0x818f, 8, {0x10,0xfe,0x44,0xfe,0xba,0x7c,0x44,0x00}},
    {0x8193, 8, {0xe8,0xae,0xfc,0xac,0xee,0xb6,0xaa,0x00}},
    {0x8195, 8, {0xfe,0xaa,0xfe,0xba,0xe6,0xb2,0xbe,0x00}},
    {0x819a, 8, {0x08,0x0e,0x78,0x5e,0x5e,0x5e,0x92,0x00}},
    {0x819c, 8, {0xea,0xbe,0xec,0xac,0xfe,0xa4,0xba,0x00}},
    {0x819d, 8, {0xe4,0xbe,0xec,0xb6,0xec,0xb6,0xac,0x00}},
    {0x81a0, 8, {0xfe,0xaa,0xe4,0xaa,0xf4,0xa2,0xac,0x00}},
    {0x81a3, 8, {0xe4,0xbe,0xf6,0xa8,0xee,0xa4,0xae,0x00}},
    {0x81a4, 8, {0xec,0xbe,0xf6,0xa0,0xec,0xa6,0xac,0x00}},
    {0x81a8, 8, {0xea,0xbc,0xea,0xbc,0xf8,0xaa,0xbc,0x00}},
    {0x81a9, 8, {0xe4,0xbe,0xf4,0xa4,0xfc,0xbc,0xaa,0x00}},
    {0x81b0, 8, {0xfe,0xac,0xfe,0xac,0xf6,0xac,0xac,0x00}},
    {0x81b3, 8, {0xea,0xbe,0xe4,0xbe,0xea,0xbe,0xae,0x00}},
    {0x81b5, 8, {0xf4,0xbe,0xf4,0xb4,0xea,0xbe,0xa8,0x00}},
    {0x81b8, 8, {0xf4,0xae,0xf4,0xae,0xe6,0xb6,0xbe,0x00}},
    {0x81ba, 8, {0x08,0x7e,0x6c,0x6e,0x5e,0x5e,0x92,0x00}},
    {0x81bd, 8, {0xec,0xb4,0xfe,0xb6,0xfc,0xbe,0xac,0x00}},
    {0x81be, 8, {0xe8,0xb4,0xfe,0xaa,0xfe,0xac,0xac,0x00}},
    {0x81bf, 8, {0xea,0xbe,0xfe,0xa0,0xfe,0xb4,0xba,0x00}},
    {0x81c0, 8, {0x7e,0x7a,0x54,0xaa,0x7c,0x7c,0x44,0x00}},
    {0x81c2, 8, {0x64,0x6e,0xca,0x64,0x7c,0x7c,0x44,0x00}},
    {0x81c6, 8, {0xe8,0xbe,0xf4,0xbe,0xec,0xba,0xb6,0x00}},
    {0x81c8, 8, {0xea,0xbe,0xec,0xae,0xf2,0xba,0xa6,0x00}},
    {0x81c9, 8, {0xe8,0xb4,0xfe,0xaa,0xfe,0xb4,0xaa,0x00}},
    {0x81cd, 8, {0xe8,0xbe,0xf4,0xaa,0xf4,0xbc,0xa4,0x00}},
    {0x81d1, 8, {0xec,0xbe,0xf6,0xae,0xe4,0xbe,0xb6,0x00}},
    {0x81d3, 8, {0xf4,0xbe,0xe4,0xbe,0xf4,0xb4,0xba,0x00}},
    {0x81d8, 8, {0xea,0xb4,0xee,0xae,0xfa,0xb6,0xba,0x00}},
    {0x81d9, 8, {0xea,0xbe,0xee,0xaa,0xfe,0xa0,0xb6,0x00}},
    {0x81da, 8, {0xe4,0xa6,0xfc,0xb6,0xf0,0xac,0xbe,0x00}},
    {0x81df, 8, {0xf4,0xbe,0xf4,0xbe,0xec,0xbc,0xba,0x00}},
    {0x81e0, 8, {0x54,0xb8,0x54,0xee,0xfe,0x92,0xaa,0x00}},
    {0x81e3, 8, {0xfe,0x90,0xfc,0x84,0xfc,0x90,0xfe,0x00}},
    {0x81e5, 8, {0xf4,0xa4,0xf4,0x94,0xf4,0xa4,0xfa,0x00}},
    {0x81e7, 8, {0x04,0xbe,0xe4,0x3c,0xf6,0xb4,0x5a,0x00}},
    {0x81e8, 8, {0xf4,0xa6,0xfe,0x96,0xf0,0xae,0xfe,0x00}},
    {0x81ea, 8, {0x10,0x7e,0x42,0x7a,0x5e,0x42,0x7e,0x00}},
    {0x81ed, 8, {0x10,0x7c,0x44,0x7c,0xfe,0x10,0xee,0x00}},
    {0x81f3, 8, {0xfe,0x28,0x74,0x10,0x7c,0x10,0xfe,0x00}},
    {0x81f4, 8, {0xf4,0x26,0x5a,0xfa,0x6a,0x34,0xca,0x00}},
    {0x81fa, 8, {0x10,0xfe,0x38,0xfe,0xaa,0x74,0xfe,0x00}},
    {0x81fb, 8, {0xe8,0x5e,0xac,0x7e,0xea,0x5c,0xea,0x00}},
    {0x81fc, 8, {0x20,0xce,0x82,0xee,0x82,0x82,0xfe,0x00}},
    {0x81fe, 8, {0x56,0x92,0xd6,0x92,0xd6,0x28,0xc6,0x00}},
    {0x8201, 8, {0x2c,0x44,0x6c,0x7c,0x28,0xfe,0x48,0x00}},
    {0x8202, 8, {0x10,0x7c,0x38,0xfe,0x54,0xa6,0x3c,0x00}},
    {0x8205, 8, {0x2c,0x44,0x7c,0x54,0xfe,0x22,0xc6,0x00}},
    {0x8207, 8, {0x66,0xba,0xce,0xaa,0xfe,0x00,0xc6,0x00}},
    {0x8208, 8, {0x46,0xba,0xee,0xba,0xfe,0x00,0xc6,0x00}},
    {0x8209, 8, {0x2c,0x54,0x5c,0xfe,0x54,0xba,0x10,0x00}},
    {0x820a, 8, {0x28,0xfe,0x7c,0xa8,0x3e,0x6c,0x7c,0x00}},
    {0x820c, 8, {0x0c,0x70,0xfe,0x10,0x7c,0x44,0x7c,0x00}},
    {0x820d, 8, {0x10,0x28,0xfe,0x10,0xfe,0x44,0x7c,0x00}},
    {0x820e, 8, {0x10,0x28,0xd6,0x38,0xfe,0x44,0x7c,0x00}},
    {0x8210, 8, {0x22,0xdc,0xf4,0x5e,0xf4,0xb4,0xfa,0x00}},
    {0x8212, 8, {0x5e,0xaa,0x44,0xfe,0x46,0xa4,0xec,0x00}},
    {0x8216, 8, {0x4a,0xbe,0x48,0xfe,0x6a,0xbe,0xea,0x00}},
    {0x8217, 8, {0x4a,0xbe,0x48,0xfe,0x2a,0xfe,0xea,0x00}},
    {0x8218, 8, {0x44,0xbe,0x52,0xec,0x4e,0xaa,0xee,0x00}},
    {0x821b, 8, {0x44,0x7e,0x54,0xb4,0x1e,0x24,0xc4,0x00}},
    {0x821c, 8, {0xfe,0x54,0xfe,0xb2,0x5c,0x2e,0xc4,0x00}},
    {0x821e, 8, {0x80,0xfe,0x54,0xfe,0x54,0xbe,0x44,0x00}},
    {0x821f, 8, {0x10,0x7c,0x54,0x44,0xfe,0x54,0x94,0x00}},
    {0x8229, 8, {0x54,0xf4,0xa2,0xa8,0xe8,0xb4,0xba,0x00}},
    {0x822a, 8, {0x48,0xfe,0xa0,0xbc,0xf4,0xb4,0xa6,0x00}},
    {0x822b, 8, {0x44,0xfe,0xa8,0xae,0xea,0xaa,0xb6,0x00}},
    {0x822c, 8, {0x4e,0xea,0xa0,0xae,0xea,0xa4,0xba,0x00}},
    {0x822e, 8, {0x5e,0xe0,0xae,0xaa,0xee,0xa8,0xb0,0x00}},
    {0x8233, 8, {0x48,0xfe,0xaa,0xbe,0xea,0xaa,0xbe,0x00}},
    {0x8235, 8, {0x44,0xfe,0xb2,0xa8,0xee,0xa8,0xae,0x00}},
    {0x8236, 8, {0x48,0xfe,0xb2,0xbe,0xf2,0xb2,0xbe,0x00}},
    {0x8237, 8, {0x44,0xfe,0xa8,0xba,0xe4,0xaa,0xbe,0x00}},
    {0x8238, 8, {0x5e,0xe2,0xbe,0xb6,0xfe,0xa2,0xa6,0x00}},
    {0x8239, 8, {0x4a,0xea,0xaa,0xb0,0xee,0xaa,0xae,0x00}},
    {0x8240, 8, {0x5c,0xea,0xa0,0xac,0xe4,0xbe,0xa8,0x00}},
    {0x8247, 8, {0x72,0xdc,0xe4,0xde,0xf4,0xde,0xee,0x00}},
    {0x8258, 8, {0x48,0xf6,0xb6,0xbe,0xea,0xa4,0xba,0x00}},
    {0x8259, 8, {0x44,0xea,0xbc,0xac,0xe8,0xb6,0xa6,0x00}},
    {0x825a, 8, {0x4a,0xfe,0xaa,0xbe,0xfe,0xaa,0xae,0x00}},
    {0x825d, 8, {0x4c,0xfe,0xb6,0xa0,0xec,0xa6,0xac,0x00}},
    {0x825f, 8, {0x44,0xfe,0xaa,0xbe,0xee,0xa4,0xbe,0x00}},
    {0x8262, 8, {0x48,0xfe,0xb4,0xaa,0xfe,0xb6,0xbe,0x00}},
    {0x8264, 8, {0x4a,0xfe,0xa4,0xbe,0xea,0xbc,0xaa,0x00}},
    {0x8266, 8, {0x54,0xf6,0xb0,0xb6,0xe0,0xac,0xbe,0x00}},
    {0x8268, 8, {0x54,0xfe,0xb4,0xbe,0xfa,0xac,0xba,0x00}},
    {0x826a, 8, {0x4c,0xf4,0xac,0xac,0xfa,0xac,0xac,0x00}},
    {0x826b, 8, {0x44,0xe6,0xbc,0xb6,0xf0,0xac,0xbe,0x00}},
    {0x826e, 8, {0x7c,0x44,0x7c,0x44,0x7c,0x48,0xe6,0x00}},
    {0x826f, 8, {0x10,0x7c,0x44,0x7c,0x54,0x48,0xe6,0x00}},
    {0x8271, 8, {0xbe,0xf2,0x5e,0xf2,0xfe,0x54,0xba,0x00}},
    {0x8272, 8, {0x38,0xc8,0x7c,0x54,0x7c,0x42,0x3e,0x00}},
    {0x8276, 8, {0x56,0xfa,0xf4,0x9e,0xee,0x78,0xee,0x00}},
    {0x8277, 8, {0xb6,0xfa,0xf4,0xfe,0x9e,0x78,0xee,0x00}},
    {0x8278, 8, {0x24,0xb6,0xb6,0xb6,0xfe,0x24,0x44,0x00}},
    {0x827e, 8, {0x28,0xfe,0x28,0x00,0x28,0x10,0xee,0x00}},
    {0x828b, 8, {0x28,0xfe,0x28,0x7c,0x10,0xfe,0x30,0x00}},
    {0x828d, 8, {0x28,0xfe,0x28,0x7e,0xa2,0x12,0x06,0x00}},
    {0x8292, 8, {0x28,0xfe,0x10,0xfe,0x40,0x40,0x3e,0x00}},
    {0x8299, 8, {0x28,0xfe,0x10,0x7c,0xfe,0x10,0xee,0x00}},
    {0x829d, 8, {0x28,0xfe,0x10,0x7c,0x08,0x50,0xbe,0x00}},
    {0x829f, 8, {0x28,0xfe,0x44,0xbe,0x28,0x10,0xee,0x00}},
    {0x82a5, 8, {0x28,0xfe,0x10,0x28,0xee,0x28,0x48,0x00}},
    {0x82a6, 8, {0x28,0xfe,0x28,0xfe,0x44,0x7c,0x80,0x00}},
    {0x82ab, 8, {0x28,0xfe,0x7c,0x00,0xfe,0x28,0xce,0x00}},
    {0x82ac, 8, {0x28,0xfe,0x28,0x44,0xbe,0x14,0x6c,0x00}},
    {0x82ad, 8, {0x28,0xfe,0x7c,0x54,0x7c,0x42,0x3e,0x00}},
    {0x82af, 8, {0x28,0xfe,0x28,0x20,0x64,0x6a,0xba,0x00}},
    {0x82b1, 8, {0x28,0xfe,0x28,0x4a,0xcc,0x4a,0x4e,0x00}},
    {0x82b3, 8, {0x28,0xfe,0x10,0xfe,0x20,0x3c,0xc4,0x00}},
    {0x82b8, 8, {0x28,0xfe,0x28,0x7c,0xfe,0x24,0xfa,0x00}},
    {0x82b9, 8, {0x28,0xfe,0x2c,0x70,0x7e,0x48,0x88,0x00}},
    {0x82bb, 8, {0x40,0x7e,0xb2,0x66,0x7e,0xb2,0x66,0x00}},
    {0x82bd, 8, {0x28,0xfe,0x7c,0x48,0xfe,0x28,0xd8,0x00}},
    {0x82c5, 8, {0x28,0xfe,0x10,0xda,0x2a,0x52,0x86,0x00}},
    {0x82d1, 8, {0x28,0xfe,0x28,0x7e,0xda,0x28,0xce,0x00}},
    {0x82d2, 8, {0x28,0xfe,0x54,0x7c,0x54,0xfe,0x44,0x00}},
    {0x82d3, 8, {0x28,0xfe,0x10,0x28,0xfe,0x12,0x10,0x00}},
    {0x82d4, 8, {0x28,0xfe,0x10,0x24,0xfa,0x44,0x7c,0x00}},
    {0x82d7, 8, {0x28,0xfe,0x28,0x7c,0x7c,0x54,0x7c,0x00}},
    {0x82d9, 8, {0x28,0xfe,0x10,0xfe,0x24,0x28,0xfe,0x00}},
    {0x82db, 8, {0x28,0xfe,0x28,0xfe,0x74,0x54,0x74,0x00}},
    {0x82dc, 8, {0x28,0xfe,0x7c,0x44,0x7c,0x44,0x7c,0x00}},
    {0x82de, 8, {0x28,0xfe,0x7a,0xaa,0x3a,0x20,0x3e,0x00}},
    {0x82df, 8, {0x28,0xfe,0x28,0x7e,0x82,0x32,0x36,0x00}},
    {0x82e1, 8, {0x28,0xfe,0x54,0x4c,0x64,0x8c,0x32,0x00}},
    {0x82e3, 8, {0x28,0xfe,0x7e,0x44,0x7c,0x40,0x7e,0x00}},
    {0x82e5, 8, {0x28,0xfe,0x20,0xfe,0x40,0xbc,0x3c,0x00}},
    {0x82e6, 8, {0x28,0xfe,0x28,0xfe,0x10,0x7c,0x7c,0x00}},
    {0x82e7, 8, {0x28,0xfe,0x28,0xfe,0xba,0x10,0x30,0x00}},
    {0x82eb, 8, {0x28,0xfe,0x10,0x1c,0x10,0x7c,0x7c,0x00}},
    {0x82f1, 8, {0x28,0xfe,0x28,0x54,0xfe,0x10,0xee,0x00}},
    {0x82f3, 8, {0x28,0xfe,0x18,0x68,0x18,0xe6,0x10,0x00}},
    {0x82f4, 8, {0x28,0xfe,0x7c,0x44,0x7c,0x44,0xfe,0x00}},
    {0x82f9, 8, {0x28,0xfe,0x38,0x54,0x10,0xfe,0x10,0x00}},
    {0x82fa, 8, {0x28,0xfe,0x34,0xfe,0x54,0x7e,0x0c,0x00}},
    {0x82fb, 8, {0x28,0xfe,0x24,0x5e,0xc4,0x54,0x4c,0x00}},
    {0x8302, 8, {0x28,0xfe,0x28,0x7e,0x4a,0x44,0x9a,0x00}},
    {0x8303, 8, {0x28,0xfe,0xbc,0x24,0xac,0x22,0x9e,0x00}},
    {0x8304, 8, {0x28,0xfe,0x28,0x40,0xfe,0x5a,0xbe,0x00}},
    {0x8305, 8, {0x28,0xfe,0x7c,0x08,0xfe,0x52,0xb0,0x00}},
    {0x8306, 8, {0x28,0xfe,0x2e,0xca,0xaa,0xea,0x48,0x00}},
    {0x8309, 8, {0x28,0xfe,0x10,0xfe,0x7c,0x38,0xd6,0x00}},
    {0x830e, 8, {0x28,0xfe,0x28,0x10,0xee,0x10,0x7c,0x00}},
    {0x8316, 8, {0x28,0xfe,0x18,0x68,0x10,0xee,0x38,0x00}},
    {0x8317, 8, {0x28,0xfe,0x1c,0x64,0x1e,0xf2,0x1e,0x00}},
    {0x8318, 8, {0x28,0xfe,0x7c,0x24,0xfe,0x5a,0xb6,0x00}},
    {0x831c, 8, {0x28,0xfe,0x28,0xfe,0x6c,0x44,0x7c,0x00}},
    {0x8323, 8, {0x28,0xfe,0x1c,0x54,0xfe,0x10,0xee,0x00}},
    {0x8328, 8, {0x28,0xfe,0x10,0x9e,0x2a,0x08,0xb6,0x00}},
    {0x832b, 8, {0x28,0xfe,0x88,0x3e,0x90,0x10,0x9e,0x00}},
    {0x832f, 8, {0x28,0xfe,0x24,0x5e,0xc4,0x44,0x5a,0x00}},
    {0x8331, 8, {0x28,0xfe,0x3c,0x50,0xfe,0x38,0xd6,0x00}},
    {0x8332, 8, {0x28,0xfe,0x44,0x88,0x44,0xaa,0xee,0x00}},
    {0x8334, 8, {0x28,0xfe,0xfe,0xba,0xaa,0xba,0xfe,0x00}},
    {0x8335, 8, {0x28,0xfe,0x92,0xba,0x92,0xaa,0xfe,0x00}},
    {0x8336, 8, {0x28,0xfe,0x10,0x28,0xfe,0x10,0x92,0x00}},
    {0x8338, 8, {0x28,0xfe,0x28,0xfe,0x24,0xfe,0x04,0x00}},
    {0x8339, 8, {0x28,0xfe,0x20,0xfe,0x5a,0x2a,0xde,0x00}},
    {0x8340, 8, {0x28,0xfe,0x3e,0x6a,0xba,0x2a,0x3a,0x00}},
    {0x8345, 8, {0x28,0xfe,0x10,0x28,0xfe,0x44,0x7c,0x00}},
    {0x8349, 8, {0x28,0xfe,0x7c,0x44,0x7c,0xfe,0x10,0x00}},
    {0x834a, 8, {0x28,0xfe,0xf0,0x5a,0xfa,0x52,0x96,0x00}},
    {0x834f, 8, {0x28,0xfe,0x3c,0x48,0xfe,0x48,0x5c,0x00}},
    {0x8350, 8, {0x28,0xfe,0x2c,0x44,0xfe,0x48,0x58,0x00}},
    {0x8352, 8, {0x28,0xfe,0x40,0x7c,0x00,0x54,0x96,0x00}},
    {0x8358, 8, {0x28,0xfe,0x40,0xc8,0x7e,0xc8,0x5c,0x00}},
    {0x8373, 8, {0x28,0xfe,0x28,0xfe,0x44,0x38,0xfe,0x00}},
    {0x8375, 8, {0x28,0xfe,0x7c,0x14,0x6c,0xc2,0xba,0x00}},
    {0x8377, 8, {0x28,0xfe,0x28,0x5e,0xc2,0x5a,0x5a,0x00}},
    {0x837b, 8, {0x28,0xfe,0xa4,0x56,0xb4,0x24,0xda,0x00}},
    {0x837c, 8, {0x28,0xfe,0x38,0xd6,0x7c,0x54,0xb2,0x00}},
    {0x8385, 8, {0x28,0xfe,0x24,0x5e,0xca,0x4c,0x5e,0x00}},
    {0x8387, 8, {0x28,0xfe,0x74,0x5e,0x76,0x56,0xea,0x00}},
    {0x8389, 8, {0x28,0xfe,0x70,0x2a,0xfa,0x72,0xa6,0x00}},
    {0x838a, 8, {0x28,0xfe,0x20,0xa4,0xfe,0x64,0xae,0x00}},
    {0x838e, 8, {0x28,0xfe,0x88,0x1c,0xaa,0x04,0x98,0x00}},
    {0x8393, 8, {0x28,0xfe,0x74,0xbe,0x54,0x7e,0x0c,0x00}},
    {0x8396, 8, {0x28,0xfe,0x4a,0x94,0xfe,0x10,0xfe,0x00}},
    {0x839a, 8, {0x28,0xfe,0xdc,0x46,0x94,0x5e,0xbe,0x00}},
    {0x839e, 8, {0x28,0xfe,0xba,0x00,0xfe,0x28,0xce,0x00}},
    {0x839f, 8, {0x28,0xfe,0x24,0xda,0x08,0x7c,0x7c,0x00}},
    {0x83a0, 8, {0x28,0xfe,0x38,0xd6,0x78,0x2c,0xc4,0x00}},
    {0x83a2, 8, {0x28,0xfe,0x54,0x54,0xba,0x10,0xee,0x00}},
    {0x83a8, 8, {0x28,0xfe,0x7c,0x44,0x7c,0x48,0xe6,0x00}},
    {0x83aa, 8, {0x28,0xfe,0x6a,0xfc,0x2a,0xe4,0x2a,0x00}},
    {0x83ab, 8, {0x28,0xfe,0x7c,0x44,0xfe,0x10,0xee,0x00}},
    {0x83b1, 8, {0x28,0xfe,0x54,0x10,0xfe,0x38,0xd6,0x00}},
    {0x83b5, 8, {0x28,0xfe,0x7c,0x54,0x7c,0x2a,0xce,0x00}},
    {0x83bd, 8, {0x28,0xfe,0x28,0xc6,0x28,0xfe,0x48,0x00}},
    {0x83c1, 8, {0x28,0xfe,0x38,0xfe,0x54,0x7c,0x44,0x00}},
    {0x83c5, 8, {0x28,0xfe,0x28,0xfe,0xb2,0x3c,0x3c,0x00}},
    {0x83ca, 8, {0x28,0xfe,0x40,0x7e,0xd6,0x3a,0x56,0x00}},
    {0x83cc, 8, {0x28,0xfe,0x28,0xfe,0xba,0xd6,0xfe,0x00}},
    {0x83ce, 8, {0x28,0xfe,0x44,0x7c,0x6e,0x48,0xee,0x00}},
    {0x83d3, 8, {0x28,0xfe,0x7c,0x54,0xfe,0x38,0xd6,0x00}},
    {0x83d6, 8, {0x28,0xfe,0x7c,0x44,0xfe,0x82,0xfe,0x00}},
    {0x83d8, 8, {0x28,0xfe,0x54,0xe2,0x48,0xd4,0x7a,0x00}},
    {0x83dc, 8, {0x28,0xfe,0x54,0x08,0xfe,0x38,0xd6,0x00}},
    {0x83df, 8, {0x28,0xfe,0x3c,0xd4,0x7c,0x2a,0xce,0x00}},
    {0x83e0, 8, {0x28,0xfe,0x84,0x1e,0x9a,0x14,0xaa,0x00}},
    {0x83e9, 8, {0x28,0xfe,0x7c,0x28,0xfe,0x44,0x7c,0x00}},
    {0x83eb, 8, {0x28,0xfe,0x7c,0x54,0xfe,0x10,0xfe,0x00}},
    {0x83ef, 8, {0x28,0xfe,0x54,0xfe,0x54,0xfe,0x10,0x00}},
    {0x83f0, 8, {0x28,0xfe,0xde,0x54,0x94,0x56,0xea,0x00}},
    {0x83f1, 8, {0x28,0xfe,0x38,0xfc,0x6e,0x98,0x66,0x00}},
    {0x83f2, 8, {0x28,0xfe,0x28,0xee,0x28,0xee,0x48,0x00}},
    {0x83f4, 8, {0x28,0xfe,0x28,0xd6,0x7c,0x7c,0x0e,0x00}},
    {0x83f7, 8, {0x28,0xfe,0x3c,0xfe,0x92,0x7c,0x54,0x00}},
    {0x83fb, 8, {0x28,0xfe,0x24,0xfe,0x6c,0xb6,0x24,0x00}},
    {0x83fd, 8, {0x28,0xfe,0x30,0x2e,0xfa,0x24,0xaa,0x00}},
    {0x8403, 8, {0x28,0xfe,0x44,0x44,0xaa,0xfe,0x10,0x00}},
    {0x8404, 8, {0x28,0xfe,0x7e,0x52,0xba,0x56,0x7e,0x00}},
    {0x8407, 8, {0x28,0xfe,0x3c,0x20,0xfe,0x28,0x76,0x00}},
    {0x840b, 8, {0x28,0xfe,0x14,0x7c,0xfe,0x28,0xf6,0x00}},
    {0x840c, 8, {0x28,0xfe,0xaa,0xee,0xaa,0xee,0x12,0x00}},
    {0x840d, 8, {0x28,0xfe,0xbe,0x1c,0xaa,0x3e,0x88,0x00}},
    {0x840e, 8, {0x28,0xfe,0x38,0x54,0xfe,0x28,0xf6,0x00}},
    {0x8413, 8, {0x28,0xfe,0x10,0xfe,0xba,0x28,0xfe,0x00}},
    {0x8420, 8, {0x28,0xfe,0x7e,0x5a,0x7e,0x5a,0xb6,0x00}},
    {0x8422, 8, {0x28,0xfe,0x9e,0x2a,0x9a,0x10,0x9e,0x00}},
    {0x8429, 8, {0x28,0xfe,0x24,0xd6,0x54,0xe4,0x5a,0x00}},
    {0x842a, 8, {0x28,0xfe,0x24,0xcc,0x64,0xde,0x44,0x00}},
    {0x842c, 8, {0x28,0xfe,0x54,0x7c,0xfe,0x9a,0xb6,0x00}},
    {0x8431, 8, {0x28,0xfe,0x28,0xfe,0xba,0x38,0xfe,0x00}},
    {0x8435, 8, {0x28,0xfe,0x5c,0x54,0xfe,0xaa,0xba,0x00}},
    {0x8438, 8, {0x28,0xfe,0x56,0x92,0xd6,0x10,0xee,0x00}},
    {0x843c, 8, {0x28,0xfe,0x6c,0x38,0xfe,0x04,0x1c,0x00}},
    {0x843d, 8, {0x28,0xfe,0x8c,0x34,0x88,0x36,0x9c,0x00}},
    {0x8446, 8, {0x28,0xfe,0x54,0xdc,0x7e,0x5c,0x6a,0x00}},
    {0x8449, 8, {0x28,0xfe,0x5c,0x40,0xfe,0x38,0xd6,0x00}},
    {0x844e, 8, {0x28,0xfe,0x48,0xbc,0x4c,0xfe,0x48,0x00}},
    {0x8457, 8, {0x28,0xfe,0x3c,0x18,0xfe,0x34,0xdc,0x00}},
    {0x845b, 8, {0x28,0xfe,0x44,0x7c,0x7e,0xa2,0x36,0x00}},
    {0x8461, 8, {0x28,0xfe,0x7e,0x92,0x7a,0x7a,0x5a,0x00}},
    {0x8462, 8, {0x28,0xfe,0x7c,0x28,0xd6,0x7c,0xfe,0x00}},
    {0x8463, 8, {0x28,0xfe,0x38,0xfe,0x54,0x7c,0xfe,0x00}},
    {0x8466, 8, {0x28,0xfe,0x24,0xfe,0x48,0xfe,0x08,0x00}},
    {0x8469, 8, {0x28,0xfe,0x4e,0xae,0xe8,0xaa,0xee,0x00}},
    {0x846b, 8, {0x28,0xfe,0x4e,0xea,0x4e,0xaa,0xf6,0x00}},
    {0x846c, 8, {0x28,0xfe,0x6c,0xa8,0x4e,0xfe,0x48,0x00}},
    {0x846d, 8, {0x28,0xfe,0xa6,0xee,0x8a,0xe4,0x8a,0x00}},
    {0x846e, 8, {0x28,0xfe,0x6c,0x5e,0x6a,0xc4,0x5a,0x00}},
    {0x846f, 8, {0x28,0xfe,0x48,0x8e,0x52,0xea,0x46,0x00}},
    {0x8471, 8, {0x28,0xfe,0x7c,0xac,0x54,0xca,0xba,0x00}},
    {0x8475, 8, {0x28,0xfe,0xea,0x44,0xba,0x10,0xee,0x00}},
    {0x8477, 8, {0x28,0xfe,0x92,0x7c,0x54,0xfe,0x10,0x00}},
    {0x8479, 8, {0x28,0xfe,0x48,0xee,0x5a,0x68,0xae,0x00}},
    {0x847a, 8, {0x28,0xfe,0x44,0xfe,0x24,0xfe,0x04,0x00}},
    {0x8482, 8, {0x28,0xfe,0x24,0xfe,0x92,0x7c,0x54,0x00}},
    {0x8484, 8, {0x28,0xfe,0xe6,0x0c,0xf4,0x6c,0xbe,0x00}},
    {0x848b, 8, {0x28,0xfe,0x6a,0xc4,0x7e,0xd4,0x4c,0x00}},
    {0x8490, 8, {0x28,0xfe,0x10,0x7c,0x7c,0x2a,0xce,0x00}},
    {0x8494, 8, {0x28,0xfe,0x1c,0xc8,0xfe,0xd4,0x0c,0x00}},
    {0x8499, 8, {0x28,0xfe,0x28,0xfe,0xda,0x2c,0xda,0x00}},
    {0x849c, 8, {0x28,0xfe,0x66,0xee,0x44,0xee,0x44,0x00}},
    {0x849f, 8, {0x28,0xfe,0x4e,0xf2,0xae,0x4e,0xe2,0x00}},
    {0x84a1, 8, {0x28,0xfe,0x24,0xfe,0xa2,0x3c,0xc4,0x00}},
    {0x84ad, 8, {0x28,0xfe,0x72,0xa6,0x7e,0xb2,0x66,0x00}},
    {0x84b2, 8, {0x28,0xfe,0x88,0x3e,0xaa,0x3e,0xaa,0x00}},
    {0x84b8, 8, {0x28,0xfe,0x32,0xd4,0x52,0xfe,0xaa,0x00}},
    {0x84b9, 8, {0x28,0xfe,0x7c,0x2e,0xf8,0x6c,0xaa,0x00}},
    {0x84bb, 8, {0x28,0xfe,0x22,0xee,0x88,0x66,0xaa,0x00}},
    {0x84bc, 8, {0x28,0xfe,0x44,0xba,0x38,0x5c,0x9c,0x00}},
    {0x84bf, 8, {0x28,0xfe,0x7c,0x28,0xfe,0xaa,0xba,0x00}},
    {0x84c1, 8, {0x28,0xfe,0x38,0xfe,0x54,0x38,0xd6,0x00}},
    {0x84c4, 8, {0x28,0xfe,0x60,0x12,0xfe,0x54,0x7c,0x00}},
    {0x84c6, 8, {0x28,0xfe,0x54,0x7e,0x48,0x7e,0xaa,0x00}},
    {0x84c9, 8, {0x28,0xfe,0xaa,0x54,0x28,0xfe,0x38,0x00}},
    {0x84ca, 8, {0x28,0xfe,0x28,0xc6,0xfe,0x66,0xaa,0x00}},
    {0x84cb, 8, {0x28,0xfe,0x34,0xfa,0x7c,0x54,0xfe,0x00}},
    {0x84cd, 8, {0x28,0xfe,0x78,0x30,0xde,0x3c,0x3c,0x00}},
    {0x84d0, 8, {0x28,0xfe,0x7c,0x5a,0x7e,0xa8,0x18,0x00}},
    {0x84d1, 8, {0x28,0xfe,0x38,0xee,0x38,0xe8,0x36,0x00}},
    {0x84d6, 8, {0x28,0xfe,0x6c,0x54,0x7e,0x48,0xee,0x00}},
    {0x84d9, 8, {0x28,0xfe,0x54,0x6a,0x5c,0x48,0xbe,0x00}},
    {0x84da, 8, {0x28,0xfe,0x2c,0x6a,0xf4,0x62,0x4c,0x00}},
    {0x84ec, 8, {0x28,0xfe,0x4c,0x34,0xda,0x48,0xbe,0x00}},
    {0x84ee, 8, {0x28,0xfe,0x4c,0x0c,0xde,0x44,0xbe,0x00}},
    {0x84f4, 8, {0x28,0xfe,0x38,0x34,0xfe,0x28,0x18,0x00}},
    {0x84fc, 8, {0x28,0xfe,0x6c,0x38,0xd6,0x08,0x30,0x00}},
    {0x84ff, 8, {0x28,0xfe,0x82,0x5e,0xc8,0x5e,0x5e,0x00}},
    {0x8500, 8, {0x28,0xfe,0x26,0xfc,0x56,0xfe,0x74,0x00}},
    {0x8506, 8, {0x28,0xfe,0x9c,0x3e,0x94,0x28,0x96,0x00}},
    {0x8511, 8, {0x28,0xfe,0x54,0x7e,0x4a,0x64,0x8a,0x00}},
    {0x8513, 8, {0x28,0xfe,0x38,0x7c,0x6c,0x10,0xee,0x00}},
    {0x8514, 8, {0x28,0xfe,0x42,0xba,0x32,0x7a,0x7a,0x00}},
    {0x8515, 8, {0x28,0xfe,0x6c,0xb6,0xfe,0x7c,0x54,0x00}},
    {0x8517, 8, {0x28,0xfe,0x54,0x7e,0x5c,0x40,0xaa,0x00}},
    {0x8518, 8, {0x28,0xfe,0x24,0xfa,0x54,0x8a,0x30,0x00}},
    {0x851a, 8, {0x28,0xfe,0x72,0x7e,0x4a,0x72,0xa6,0x00}},
    {0x851f, 8, {0x28,0xfe,0x48,0xee,0x5e,0x64,0xaa,0x00}},
    {0x8521, 8, {0x28,0xfe,0x6a,0x44,0xba,0x54,0xb2,0x00}},
    {0x8526, 8, {0x28,0xfe,0x10,0x78,0x7e,0x02,0xaa,0x00}},
    {0x852c, 8, {0x28,0xfe,0xe4,0x3e,0x50,0xde,0xea,0x00}},
    {0x852d, 8, {0x28,0xfe,0xc8,0x94,0xfe,0xd4,0xba,0x00}},
    {0x8535, 8, {0x28,0xfe,0x28,0x7c,0x76,0x74,0xba,0x00}},
    {0x853d, 8, {0x28,0xfe,0x94,0x66,0xda,0xb4,0xda,0x00}},
    {0x8540, 8, {0x28,0xfe,0x24,0xfe,0xb6,0x6c,0xb6,0x00}},
    {0x8541, 8, {0x28,0xfe,0x1c,0xee,0x4a,0xfe,0x2c,0x00}},
    {0x8543, 8, {0x28,0xfe,0x54,0xfe,0x54,0xba,0x38,0x00}},
    {0x8548, 8, {0x28,0xfe,0x54,0x7c,0x28,0xfe,0x10,0x00}},
    {0x8549, 8, {0x28,0xfe,0x7c,0xa8,0x3e,0x00,0xaa,0x00}},
    {0x854a, 8, {0x28,0xfe,0x54,0xca,0x78,0xca,0xb6,0x00}},
    {0x854b, 8, {0x28,0xfe,0x5c,0xfe,0x26,0xb4,0xfe,0x00}},
    {0x854e, 8, {0x28,0xfe,0x38,0xee,0xfe,0xaa,0xba,0x00}},
    {0x8555, 8, {0x28,0xfe,0xac,0x52,0xbe,0x36,0xde,0x00}},
    {0x8557, 8, {0x28,0xfe,0xec,0xb4,0x48,0xf6,0xdc,0x00}},
    {0x8558, 8, {0x28,0xfe,0x7c,0xee,0xfe,0x28,0xce,0x00}},
    {0x855a, 8, {0x28,0xfe,0x38,0x6c,0xfe,0x04,0x1c,0x00}},
    {0x8563, 8, {0x28,0xfe,0x54,0xfe,0xb6,0x5e,0xe4,0x00}},
    {0x8568, 8, {0x28,0xfe,0x68,0x5e,0x76,0x54,0xaa,0x00}},
    {0x8569, 8, {0x28,0xfe,0x94,0x1c,0x9e,0x2a,0x96,0x00}},
    {0x856a, 8, {0x28,0xfe,0x40,0xfe,0x54,0xfe,0xaa,0x00}},
    {0x856d, 8, {0x28,0xfe,0x3c,0xee,0x42,0x6e,0xaa,0x00}},
    {0x8577, 8, {0x28,0xfe,0x6e,0x26,0xf6,0x30,0x6a,0x00}},
    {0x857e, 8, {0x28,0xfe,0x7c,0xb6,0x7c,0x54,0x7c,0x00}},
    {0x8580, 8, {0x28,0xfe,0xaa,0x36,0xbe,0x1c,0xbe,0x00}},
    {0x8584, 8, {0x28,0xfe,0x9c,0x1c,0xbe,0x14,0x8c,0x00}},
    {0x8587, 8, {0x28,0xfe,0x5e,0x86,0x7e,0xd4,0x6a,0x00}},
    {0x8588, 8, {0x28,0xfe,0x7c,0xd6,0x7c,0x44,0x7c,0x00}},
    {0x858a, 8, {0x28,0xfe,0x62,0xaa,0x6a,0x02,0xa6,0x00}},
    {0x8590, 8, {0x28,0xfe,0x2c,0xde,0x6a,0xd4,0x4a,0x00}},
    {0x8591, 8, {0x28,0xfe,0x7c,0x38,0x7c,0x38,0xfe,0x00}},
    {0x8594, 8, {0x28,0xfe,0x54,0xba,0xfe,0x6c,0x7c,0x00}},
    {0x8597, 8, {0x28,0xfe,0xfe,0xaa,0xba,0xd6,0xfe,0x00}},
    {0x8599, 8, {0x28,0xfe,0x4a,0x6c,0xde,0x4c,0xae,0x00}},
    {0x859b, 8, {0x28,0xfe,0xe4,0xfe,0x8a,0xfe,0xe4,0x00}},
    {0x859c, 8, {0x28,0xfe,0x64,0x7e,0xca,0x7e,0x64,0x00}},
    {0x85a4, 8, {0x28,0xfe,0xf6,0x54,0xb6,0x54,0xbe,0x00}},
    {0x85a6, 8, {0x28,0xfe,0x54,0x7c,0x5e,0x42,0xaa,0x00}},
    {0x85a8, 8, {0x28,0xfe,0x54,0xfe,0xbe,0x68,0xce,0x00}},
    {0x85a9, 8, {0x28,0xfe,0xcc,0x9e,0xdc,0xd4,0xae,0x00}},
    {0x85aa, 8, {0x28,0xfe,0x5c,0x28,0xfe,0x7a,0xa2,0x00}},
    {0x85ab, 8, {0x28,0xfe,0x38,0xfe,0x54,0xfe,0xaa,0x00}},
    {0x85ac, 8, {0x28,0xfe,0xba,0x6c,0xfe,0x38,0xd6,0x00}},
    {0x85ae, 8, {0x28,0xfe,0xb6,0x6a,0xba,0x54,0xea,0x00}},
    {0x85af, 8, {0x28,0xfe,0x54,0x7e,0x38,0xfe,0x5c,0x00}},
    {0x85b9, 8, {0x28,0xfe,0x38,0xfe,0xaa,0x74,0xfe,0x00}},
    {0x85ba, 8, {0x28,0xfe,0x6c,0xba,0x44,0x7c,0x84,0x00}},
    {0x85c1, 8, {0x28,0xfe,0x38,0xee,0xba,0x38,0xd6,0x00}},
    {0x85c9, 8, {0x28,0xfe,0x74,0x3e,0xf4,0x7e,0xac,0x00}},
    {0x85cd, 8, {0x28,0xfe,0x68,0x4e,0x60,0x38,0xfe,0x00}},
    {0x85cf, 8, {0x28,0xfe,0x04,0xbe,0xfc,0x74,0xda,0x00}},
    {0x85d0, 8, {0x28,0xfe,0x24,0xce,0x6a,0xac,0x76,0x00}},
    {0x85d5, 8, {0x28,0xfe,0x4c,0xec,0x5e,0xf6,0x5a,0x00}},
    {0x85dc, 8, {0x28,0xfe,0x6a,0xb6,0x28,0xfe,0x54,0x00}},
    {0x85dd, 8, {0x28,0xfe,0x2c,0x76,0xfe,0x24,0xfa,0x00}},
    {0x85e4, 8, {0x28,0xfe,0x2a,0xf4,0xaa,0xfc,0xaa,0x00}},
    {0x85e5, 8, {0x28,0xfe,0x7a,0xac,0xfe,0x38,0xd6,0x00}},
    {0x85e9, 8, {0x28,0xfe,0x9c,0x3e,0x94,0x2e,0x8c,0x00}},
    {0x85ea, 8, {0x28,0xfe,0xf6,0x7a,0xfa,0x54,0xea,0x00}},
    {0x85f7, 8, {0x28,0xfe,0x4c,0xde,0x08,0xde,0xee,0x00}},
    {0x85f9, 8, {0x28,0xfe,0x5c,0xd4,0x1e,0xf2,0xda,0x00}},
    {0x85fa, 8, {0x28,0xfe,0xc6,0xaa,0xbe,0xea,0xbe,0x00}},
    {0x85fb, 8, {0x28,0xfe,0x94,0x2a,0xbe,0x1c,0xaa,0x00}},
    {0x85fe, 8, {0x28,0xfe,0x7a,0x76,0x26,0x70,0xaa,0x00}},
    {0x8602, 8, {0x28,0xfe,0x64,0xda,0xb6,0x38,0xd6,0x00}},
    {0x8606, 8, {0x28,0xfe,0x0c,0x78,0x4e,0x5c,0xbe,0x00}},
    {0x8607, 8, {0x28,0xfe,0x6c,0xbe,0x6c,0x16,0xa4,0x00}},
    {0x860a, 8, {0x28,0xfe,0x56,0x9a,0x5e,0xec,0x5e,0x00}},
    {0x860b, 8, {0x28,0xfe,0x2e,0xb6,0xe6,0x10,0x6a,0x00}},
    {0x8613, 8, {0x28,0xfe,0x2c,0xd4,0x5c,0xdc,0x6a,0x00}},
    {0x8616, 8, {0x28,0xfe,0x6a,0x4e,0x7c,0x38,0xd6,0x00}},
    {0x8617, 8, {0x28,0xfe,0x6a,0xce,0x7c,0x38,0xd6,0x00}},
    {0x861a, 8, {0x28,0xfe,0x6a,0xbe,0x64,0x7e,0xa4,0x00}},
    {0x8622, 8, {0x28,0xfe,0xfc,0x56,0xfa,0x74,0x56,0x00}},
    {0x862d, 8, {0x28,0xfe,0xee,0x92,0xfe,0xba,0xd6,0x00}},
    {0x862f, 8, {0x28,0xfe,0x94,0x1e,0xaa,0x7c,0xfe,0x00}},
    {0x8630, 8, {0x28,0xfe,0x4c,0x9e,0x5a,0xe4,0x5a,0x00}},
    {0x863f, 8, {0x28,0xfe,0xfe,0x94,0x5e,0xf4,0x5e,0x00}},
    {0x864d, 8, {0x10,0x1c,0x7e,0x52,0x7c,0x52,0x9e,0x00}},
    {0x864e, 8, {0x08,0x0e,0x78,0x4e,0x40,0x54,0xa6,0x00}},
    {0x8650, 8, {0x08,0x0e,0x78,0x4e,0x5e,0x50,0x9e,0x00}},
    {0x8654, 8, {0x08,0x0e,0x78,0x5e,0x54,0x48,0xb6,0x00}},
    {0x8655, 8, {0x08,0x0e,0x78,0x5e,0x6c,0x54,0xae,0x00}},
    {0x865a, 8, {0x08,0x0e,0x78,0x4e,0x40,0x54,0xbe,0x00}},
    {0x865c, 8, {0x08,0x0e,0x78,0x5e,0x7e,0x4a,0xb6,0x00}},
    {0x865e, 8, {0x08,0x0e,0x78,0x4e,0x6c,0x7e,0x94,0x00}},
    {0x865f, 8, {0xc8,0xce,0x38,0xee,0xa0,0x6c,0xd6,0x00}},
    {0x8667, 8, {0x2e,0x34,0xee,0xb4,0xf6,0xe2,0xf6,0x00}},
    {0x866b, 8, {0x10,0x7c,0x54,0x54,0x7c,0x14,0xfa,0x00}},
    {0x8671, 8, {0xfc,0x24,0xfc,0xac,0xfc,0x24,0xfa,0x00}},
    {0x8679, 8, {0x40,0xee,0xa4,0xe4,0x44,0x64,0xde,0x00}},
    {0x867b, 8, {0x44,0xfe,0xb0,0xf0,0x50,0x70,0xce,0x00}},
    {0x868a, 8, {0x48,0xfe,0xd4,0xd4,0x48,0x54,0xe2,0x00}},
    {0x868b, 8, {0x58,0xe8,0xbe,0xea,0x76,0x62,0xe6,0x00}},
    {0x868c, 8, {0x44,0xfe,0xa4,0xee,0x44,0x7e,0xc4,0x00}},
    {0x8693, 8, {0x5a,0xea,0xba,0xf2,0x5a,0x6a,0xda,0x00}},
    {0x8695, 8, {0xfe,0x10,0xee,0x54,0x7c,0x14,0xfa,0x00}},
    {0x86a3, 8, {0x54,0xd4,0xa2,0xc8,0x48,0x54,0xfa,0x00}},
    {0x86a4, 8, {0x7c,0x24,0x38,0xd6,0x7c,0x14,0xfa,0x00}},
    {0x86a9, 8, {0x54,0x7c,0xfe,0x54,0x7c,0x14,0xfa,0x00}},
    {0x86aa, 8, {0x44,0xf4,0xa4,0xf4,0x46,0x7c,0xc4,0x00}},
    {0x86ab, 8, {0x48,0xee,0xb2,0xee,0x4e,0x68,0xce,0x00}},
    {0x86af, 8, {0x44,0xd8,0xd0,0xde,0x54,0x54,0xfe,0x00}},
    {0x86b0, 8, {0x44,0xfe,0xb6,0xfe,0x56,0x76,0xde,0x00}},
    {0x86b6, 8, {0x4a,0xfe,0xaa,0xee,0x4a,0x6a,0xce,0x00}},
    {0x86c4, 8, {0x44,0xe4,0xbe,0xe4,0x4e,0x6a,0xce,0x00}},
    {0x86c6, 8, {0x5c,0xf4,0xbc,0xf4,0x5c,0x54,0xfe,0x00}},
    {0x86c7, 8, {0x44,0xfe,0xb2,0xe8,0x4e,0x68,0xce,0x00}},
    {0x86c9, 8, {0x48,0xf4,0xae,0xe0,0x5e,0x6a,0xc8,0x00}},
    {0x86cb, 8, {0xfe,0x1a,0x50,0xbe,0x38,0x14,0xfa,0x00}},
    {0x86cd, 8, {0x54,0xfe,0x92,0x7c,0x7c,0x14,0xfa,0x00}},
    {0x86ce, 8, {0x5e,0xf0,0xbe,0xf4,0x56,0x6a,0xca,0x00}},
    {0x86d4, 8, {0x5e,0xf2,0xbe,0xfa,0x5e,0x72,0xde,0x00}},
    {0x86d9, 8, {0x44,0xee,0xa4,0xfe,0x4e,0x64,0xde,0x00}},
    {0x86db, 8, {0x58,0xdc,0xe8,0xfe,0x48,0x5c,0xea,0x00}},
    {0x86de, 8, {0x42,0xec,0xbe,0xe4,0x4e,0x6a,0xce,0x00}},
    {0x86df, 8, {0x48,0xfe,0xd4,0xe2,0x54,0x48,0xf6,0x00}},
    {0x86e4, 8, {0x44,0xea,0xb6,0xe0,0x4e,0x6a,0xce,0x00}},
    {0x86e9, 8, {0xec,0x4c,0xf6,0x38,0x38,0x14,0xfa,0x00}},
    {0x86ec, 8, {0x28,0x7c,0xfe,0x7c,0xba,0x14,0xfa,0x00}},
    {0x86ed, 8, {0x5e,0xe8,0xbe,0xe4,0x4e,0x64,0xde,0x00}},
    {0x86ee, 8, {0x10,0xfe,0x28,0xba,0x38,0x14,0xfa,0x00}},
    {0x86ef, 8, {0x4a,0xdc,0xc8,0xfe,0x54,0x68,0xce,0x00}},
    {0x86f8, 8, {0x56,0xe4,0xbe,0xf2,0x5e,0x72,0xd6,0x00}},
    {0x86f9, 8, {0x5e,0xe4,0xbe,0xf6,0x5e,0x76,0xd6,0x00}},
    {0x86fb, 8, {0x54,0xe2,0xbe,0xf2,0x5e,0x6c,0xd6,0x00}},
    {0x86fe, 8, {0x4e,0xf4,0xbe,0xd4,0x56,0x7c,0xd2,0x00}},
    {0x8700, 8, {0xfe,0xaa,0x7e,0xba,0x3a,0x16,0xfa,0x00}},
    {0x8702, 8, {0x4c,0xf4,0xa8,0xf6,0x48,0x7e,0xc8,0x00}},
    {0x8703, 8, {0x7e,0x7c,0x68,0xb6,0x38,0x3c,0xfa,0x00}},
    {0x8706, 8, {0x5e,0xf2,0xbe,0xf2,0x5e,0x6c,0xd6,0x00}},
    {0x8708, 8, {0x46,0xf6,0xbc,0xe4,0x5e,0x68,0xd6,0x00}},
    {0x8709, 8, {0x5c,0xea,0xa0,0xec,0x44,0x7e,0xc8,0x00}},
    {0x870a, 8, {0x7a,0xd6,0xfe,0xd6,0x7a,0x72,0xd6,0x00}},
    {0x870d, 8, {0x48,0xd4,0xbe,0xc8,0x7e,0x48,0xea,0x00}},
    {0x8711, 8, {0xc2,0x5c,0x86,0x54,0xfe,0x3c,0xfa,0x00}},
    {0x8712, 8, {0x72,0xdc,0xe6,0xd4,0x7e,0x50,0xee,0x00}},
    {0x8718, 8, {0x60,0xfe,0xd6,0xfe,0x56,0x56,0xe8,0x00}},
    {0x871a, 8, {0x28,0xee,0x28,0xee,0x78,0x3c,0xfa,0x00}},
    {0x871c, 8, {0x10,0xfe,0xaa,0x7c,0xb8,0x14,0xfa,0x00}},
    {0x8725, 8, {0x52,0xfc,0xd8,0xfe,0x7a,0x5a,0xd2,0x00}},
    {0x8729, 8, {0x7e,0xea,0xbe,0xea,0x76,0x7e,0xe2,0x00}},
    {0x8734, 8, {0x5e,0xf2,0xbe,0xe8,0x4e,0x56,0xea,0x00}},
    {0x8737, 8, {0x54,0xea,0xbe,0xd4,0x6a,0x50,0xdc,0x00}},
    {0x873b, 8, {0x44,0xee,0xa4,0xfe,0x4e,0x6e,0xca,0x00}},
    {0x873f, 8, {0x48,0xfe,0xa2,0xde,0x6a,0x58,0xee,0x00}},
    {0x8749, 8, {0x6a,0xc4,0xbe,0xfe,0x48,0x7e,0xc8,0x00}},
    {0x874b, 8, {0x6a,0xc4,0xbe,0xea,0x7e,0x6a,0xca,0x00}},
    {0x874c, 8, {0x7a,0xd6,0xba,0xd6,0x72,0x7e,0xd2,0x00}},
    {0x874e, 8, {0x5c,0xd4,0xdc,0xde,0x72,0x5a,0xc6,0x00}},
    {0x8753, 8, {0x78,0xd4,0xee,0xc0,0x5a,0x5c,0xda,0x00}},
    {0x8755, 8, {0x48,0xbe,0x5a,0xde,0xc8,0xaa,0xde,0x00}},
    {0x8757, 8, {0x44,0xee,0xaa,0xee,0x5e,0x64,0xde,0x00}},
    {0x8759, 8, {0x5e,0xea,0xae,0xe8,0x5e,0x6e,0xca,0x00}},
    {0x875f, 8, {0x7e,0xea,0xbe,0xfe,0x54,0x5c,0xd4,0x00}},
    {0x8760, 8, {0x5e,0xec,0xac,0xe0,0x5e,0x76,0xde,0x00}},
    {0x8763, 8, {0x54,0xfe,0xd6,0xda,0x6c,0x4e,0xdc,0x00}},
    {0x8766, 8, {0x76,0xf2,0xa6,0xfe,0x6a,0x74,0xea,0x00}},
    {0x8768, 8, {0x7c,0x14,0xfc,0x22,0x6c,0x6c,0xda,0x00}},
    {0x876a, 8, {0x5c,0xf4,0xbe,0xd0,0x5e,0x6a,0xd6,0x00}},
    {0x876e, 8, {0x50,0xfe,0xac,0xec,0x54,0x48,0xf6,0x00}},
    {0x8774, 8, {0x56,0xfe,0xd6,0xfe,0x6e,0x7e,0xca,0x00}},
    {0x8776, 8, {0x6a,0xfe,0xae,0xe0,0x7e,0x5c,0xea,0x00}},
    {0x8778, 8, {0x4e,0xea,0xaa,0xfe,0x52,0x7a,0xda,0x00}},
    {0x877f, 8, {0x4c,0xec,0xae,0xfa,0x56,0x5c,0xe6,0x00}},
    {0x8782, 8, {0x56,0xfe,0xac,0xfe,0x66,0x74,0xc4,0x00}},
    {0x878d, 8, {0xf4,0x6e,0x6a,0xfe,0x94,0xf6,0xbe,0x00}},
    {0x879f, 8, {0x5e,0xf2,0xac,0xec,0x5e,0x60,0xd2,0x00}},
    {0x87a2, 8, {0xaa,0x44,0xfe,0xba,0x38,0x14,0xfa,0x00}},
    {0x87ab, 8, {0x66,0xfa,0x74,0xaa,0x38,0x3c,0xfa,0x00}},
    {0x87af, 8, {0x26,0x6a,0xf4,0x6a,0xb8,0x3c,0xfa,0x00}},
    {0x87b3, 8, {0x6a,0xdc,0xf6,0xdc,0x7e,0x48,0xfe,0x00}},
    {0x87ba, 8, {0x7e,0xea,0xbe,0xd0,0x7e,0x48,0xea,0x00}},
    {0x87bb, 8, {0x48,0xdc,0xf6,0xdc,0x7e,0x54,0xfa,0x00}},
    {0x87bd, 8, {0x18,0x68,0x38,0xd6,0x6c,0x6c,0xda,0x00}},
    {0x87c0, 8, {0x48,0xfe,0xea,0xd4,0x6a,0x7e,0xc8,0x00}},
    {0x87c4, 8, {0x28,0x7c,0xec,0x76,0x38,0x3c,0xfa,0x00}},
    {0x87c6, 8, {0x54,0xfe,0xdc,0xd4,0x7e,0x48,0xf6,0x00}},
    {0x87c7, 8, {0x28,0xfe,0x38,0xfc,0x7e,0x94,0x7a,0x00}},
    {0x87cb, 8, {0x7e,0xd4,0xfe,0xdc,0x6a,0x50,0xee,0x00}},
    {0x87d0, 8, {0x6a,0xdc,0xb6,0xdc,0x7e,0x6a,0xc8,0x00}},
    {0x87d2, 8, {0x54,0xfe,0xd4,0xe2,0x54,0x7e,0xd4,0x00}},
    {0x87e0, 8, {0x7e,0xd4,0xfe,0xdc,0x6a,0x5c,0xdc,0x00}},
    {0x87ef, 8, {0x48,0xdc,0xbe,0xf6,0x7e,0x54,0xe6,0x00}},
    {0x87f2, 8, {0x10,0x7c,0x7c,0xfa,0x6c,0x6c,0xda,0x00}},
    {0x87f6, 8, {0x7e,0xda,0xbe,0xc8,0x5c,0x48,0xfe,0x00}},
    {0x87f7, 8, {0x6a,0xdc,0xb6,0xdc,0x7e,0x6a,0xfe,0x00}},
    {0x87f9, 8, {0x6e,0xa6,0x6a,0x7e,0xbc,0x14,0xfa,0x00}},
    {0x87fb, 8, {0x54,0xfe,0xc8,0xfe,0x56,0x7c,0xd2,0x00}},
    {0x87fe, 8, {0x4c,0xd4,0xbe,0xf6,0x6c,0x7e,0xcc,0x00}},
    {0x8805, 8, {0x7e,0xf6,0xd4,0xf6,0x76,0x54,0xde,0x00}},
    {0x880d, 8, {0x7c,0xee,0xfa,0xdc,0x6c,0x74,0xca,0x00}},
    {0x880e, 8, {0x54,0xfe,0xd4,0xea,0x4c,0x7e,0xd4,0x00}},
    {0x880f, 8, {0x5e,0xea,0xd8,0xda,0x5e,0x5e,0xea,0x00}},
    {0x8811, 8, {0x6a,0xd4,0xbe,0xea,0x5c,0x5c,0xea,0x00}},
    {0x8815, 8, {0x5c,0xfe,0xea,0xdc,0x48,0x7e,0xea,0x00}},
    {0x8816, 8, {0x54,0xfe,0xdc,0xde,0x54,0x48,0xf6,0x00}},
    {0x8821, 8, {0x1c,0xfe,0x2c,0xda,0x6c,0x6c,0xda,0x00}},
    {0x8822, 8, {0x38,0xfe,0x5c,0x9a,0x6c,0x6c,0xda,0x00}},
    {0x8823, 8, {0x5e,0xf4,0xbe,0xfe,0x54,0x6e,0xca,0x00}},
    {0x8827, 8, {0x10,0xfe,0x7c,0xba,0x6c,0x6c,0xda,0x00}},
    {0x8831, 8, {0x10,0x7c,0x7e,0x6c,0xda,0x7c,0xfe,0x00}},
    {0x8836, 8, {0xfe,0x6c,0xb6,0x38,0x6c,0x6c,0xda,0x00}},
    {0x8839, 8, {0x10,0xfe,0x54,0xba,0x7c,0x6c,0xda,0x00}},
    {0x883b, 8, {0x54,0xb8,0x54,0xee,0x7c,0x3c,0xfa,0x00}},
    {0x8840, 8, {0x20,0x7c,0x54,0x54,0x54,0x54,0xfe,0x00}},
    {0x8842, 8, {0x3e,0x6a,0x7a,0x6a,0x6e,0x6a,0xd6,0x00}},
    {0x8844, 8, {0x3e,0x6a,0x6a,0x7e,0x6a,0x6a,0xde,0x00}},
    {0x8846, 8, {0x10,0x7c,0xfe,0x50,0x9a,0x54,0x92,0x00}},
    {0x884c, 8, {0x5c,0x80,0x7e,0xc4,0x44,0x44,0x4c,0x00}},
    {0x884d, 8, {0x56,0x80,0x56,0xc2,0x52,0x52,0x56,0x00}},
    {0x8852, 8, {0x56,0xb8,0x56,0xea,0x52,0x7a,0x46,0x00}},
    {0x8853, 8, {0x56,0xb8,0x56,0xfa,0x7a,0x52,0x56,0x00}},
    {0x8857, 8, {0x56,0xb8,0x56,0xfa,0x52,0x7a,0x46,0x00}},
    {0x8859, 8, {0x5e,0x88,0x5e,0xda,0x42,0x5a,0x5a,0x00}},
    {0x885b, 8, {0x56,0xb8,0x5e,0xea,0x52,0x7a,0x56,0x00}},
    {0x885d, 8, {0x4e,0xb0,0x56,0xfa,0x7a,0x52,0x7a,0x00}},
    {0x885e, 8, {0x56,0xb8,0x5e,0xea,0x7a,0x7a,0x56,0x00}},
    {0x8861, 8, {0x5e,0xa8,0x56,0xfa,0x7a,0x52,0x6a,0x00}},
    {0x8862, 8, {0x76,0xb4,0x42,0xd6,0x5e,0x7a,0x5e,0x00}},
    {0x8863, 8, {0x10,0xfe,0x10,0x2a,0xec,0x24,0x72,0x00}},
    {0x8868, 8, {0x10,0x7c,0x10,0xfc,0x2a,0xe4,0x32,0x00}},
    {0x886b, 8, {0x42,0xec,0x22,0x4c,0xe0,0x62,0x4c,0x00}},
    {0x8870, 8, {0x10,0xfe,0x38,0xee,0x38,0xe8,0x36,0x00}},
    {0x8872, 8, {0x4c,0xe4,0x3e,0x56,0xfa,0x72,0x56,0x00}},
    {0x8875, 8, {0x5e,0xf2,0x32,0x5e,0xf2,0x72,0x5e,0x00}},
    {0x8877, 8, {0x10,0xfe,0x54,0x7c,0x2a,0xe4,0x32,0x00}},
    {0x887d, 8, {0x42,0xec,0x24,0x5e,0xe4,0x64,0x4e,0x00}},
    {0x887e, 8, {0x10,0x28,0xfe,0x08,0xfe,0x68,0xb6,0x00}},
    {0x887f, 8, {0x48,0xf4,0x2e,0x40,0xfe,0x64,0x48,0x00}},
    {0x8881, 8, {0x10,0x7c,0xfe,0x44,0x7c,0x68,0xb6,0x00}},
    {0x8882, 8, {0x44,0xee,0x26,0x5e,0xe4,0x64,0x5a,0x00}},
    {0x8888, 8, {0x40,0xfe,0x5a,0xbe,0xfe,0x68,0xb6,0x00}},
    {0x888b, 8, {0x2a,0x5e,0xc4,0x52,0xfe,0x68,0xb6,0x00}},
    {0x888d, 8, {0x48,0xee,0x32,0x4e,0xee,0x68,0x4e,0x00}},
    {0x8892, 8, {0x4e,0xea,0x2e,0x4a,0xee,0x60,0x5e,0x00}},
    {0x8896, 8, {0x44,0xfe,0x36,0x5e,0xf6,0x76,0x5e,0x00}},
    {0x8897, 8, {0x48,0xf4,0x2a,0x44,0xea,0x64,0x58,0x00}},
    {0x8899, 8, {0x48,0xfe,0x32,0x5e,0xf2,0x72,0x5e,0x00}},
    {0x889e, 8, {0x10,0xfe,0x44,0xba,0x38,0xe8,0x36,0x00}},
    {0x88a2, 8, {0x4a,0xf0,0x24,0x5e,0xe4,0x7e,0x44,0x00}},
    {0x88a4, 8, {0x10,0xfe,0x78,0x3e,0xd2,0x68,0xb6,0x00}},
    {0x88ab, 8, {0x44,0xfe,0x36,0x5e,0xfa,0x74,0x5a,0x00}},
    {0x88ae, 8, {0x48,0xee,0x34,0x4c,0xee,0x76,0x4c,0x00}},
    {0x88b0, 8, {0x3c,0x34,0xfe,0x54,0xfe,0x68,0xb6,0x00}},
    {0x88b1, 8, {0x56,0xe4,0x2e,0x64,0xe4,0x64,0x6a,0x00}},
    {0x88b4, 8, {0x44,0xfe,0x2c,0x5a,0xec,0x62,0x46,0x00}},
    {0x88b5, 8, {0x52,0xec,0x24,0x6e,0xe4,0x64,0x6e,0x00}},
    {0x88b7, 8, {0x44,0xea,0x2e,0x40,0xee,0x6a,0x4e,0x00}},
    {0x88bf, 8, {0x44,0xee,0x24,0x5e,0xee,0x64,0x5e,0x00}},
    {0x88c1, 8, {0x28,0x7a,0x28,0xfe,0x66,0xd4,0x6a,0x00}},
    {0x88c2, 8, {0xf2,0x6a,0xaa,0x42,0xfe,0x68,0xb6,0x00}},
    {0x88c3, 8, {0x48,0xee,0x28,0x5e,0xec,0x6a,0x48,0x00}},
    {0x88c4, 8, {0x56,0xe0,0x36,0x52,0xf2,0x72,0x56,0x00}},
    {0x88c5, 8, {0x48,0xfe,0x48,0xdc,0xfe,0x68,0xb6,0x00}},
    {0x88cf, 8, {0x10,0xfe,0x54,0x7c,0xfe,0x68,0xb6,0x00}},
    {0x88d4, 8, {0x10,0xfe,0x68,0xb6,0xfe,0xda,0x9a,0x00}},
    {0x88d5, 8, {0x54,0xe2,0x28,0x54,0xe2,0x6c,0x4c,0x00}},
    {0x88d8, 8, {0x14,0xfe,0x58,0xb4,0xfe,0x68,0xb6,0x00}},
    {0x88d9, 8, {0x5e,0xea,0x3e,0x4a,0xec,0x7e,0x4e,0x00}},
    {0x88dc, 8, {0x4a,0xfe,0x28,0x5e,0xfa,0x7e,0x5a,0x00}},
    {0x88dd, 8, {0xa4,0xfe,0x64,0xae,0xfe,0x68,0xb6,0x00}},
    {0x88df, 8, {0x88,0x2a,0x8c,0x30,0xfe,0x68,0xb6,0x00}},
    {0x88e1, 8, {0x5e,0xf6,0x3e,0x56,0xfe,0x64,0x5e,0x00}},
    {0x88e8, 8, {0x48,0xfe,0x3a,0x5e,0xec,0x7e,0x44,0x00}},
    {0x88f2, 8, {0x5e,0xe4,0x3e,0x56,0xfe,0x7e,0x56,0x00}},
    {0x88f3, 8, {0x54,0xfe,0xaa,0x38,0xfe,0x68,0xb6,0x00}},
    {0x88f4, 8, {0x28,0xee,0xee,0x28,0xfe,0x68,0xb6,0x00}},
    {0x88f8, 8, {0x7e,0xea,0x3e,0x48,0xfe,0x5c,0x6a,0x00}},
    {0x88f9, 8, {0x10,0xfe,0x38,0x7c,0xb2,0x68,0xb6,0x00}},
    {0x88fc, 8, {0x5e,0xf2,0x3e,0x48,0xee,0x76,0x4a,0x00}},
    {0x88fd, 8, {0x62,0x7a,0xaa,0x72,0xfe,0x68,0xb6,0x00}},
    {0x88fe, 8, {0x5e,0xfe,0x34,0x5e,0xf4,0x6a,0x4e,0x00}},
    {0x8902, 8, {0x54,0xfc,0x34,0x5e,0xf4,0x7c,0x44,0x00}},
    {0x8904, 8, {0x48,0xfe,0x2c,0x5c,0xfe,0x6c,0x5a,0x00}},
    {0x8907, 8, {0x50,0xfe,0x2c,0x4c,0xf4,0x68,0x56,0x00}},
    {0x890a, 8, {0x5e,0xea,0x2e,0x48,0xee,0x7e,0x4a,0x00}},
    {0x890c, 8, {0x5e,0xf6,0x3e,0x4c,0xec,0x7e,0x44,0x00}},
    {0x8910, 8, {0x5c,0xf4,0x3c,0x5e,0xf2,0x7a,0x46,0x00}},
    {0x8912, 8, {0x10,0xfe,0x54,0xdc,0x2a,0xe4,0x32,0x00}},
    {0x8913, 8, {0x5c,0xf4,0x3c,0x68,0xfe,0x7c,0x6a,0x00}},
    {0x891d, 8, {0x5a,0xe4,0x3e,0x5e,0xe4,0x7e,0x44,0x00}},
    {0x891e, 8, {0x5e,0xf6,0x3a,0x5e,0xe0,0x6c,0x5e,0x00}},
    {0x8925, 8, {0x5e,0xfc,0x3a,0x6c,0xfe,0x74,0x4c,0x00}},
    {0x892a, 8, {0x56,0xe6,0x36,0x44,0xea,0x70,0x5e,0x00}},
    {0x892b, 8, {0x7e,0xe6,0x3c,0x76,0xf0,0x6c,0x56,0x00}},
    {0x8936, 8, {0x5e,0xea,0x3e,0x4a,0xe4,0x6e,0x4e,0x00}},
    {0x8938, 8, {0x48,0xfc,0x36,0x5c,0xfe,0x54,0x7a,0x00}},
    {0x893b, 8, {0x10,0xfe,0xfc,0x6c,0xf6,0x68,0xb6,0x00}},
    {0x8941, 8, {0x5a,0xec,0x3e,0x56,0xfe,0x6c,0x5e,0x00}},
    {0x8943, 8, {0x10,0xfe,0x54,0x9c,0x6a,0xe4,0x32,0x00}},
    {0x8944, 8, {0x10,0xfe,0x6c,0x38,0xfe,0x68,0xb6,0x00}},
    {0x894c, 8, {0x5a,0xfa,0x2c,0x4c,0xec,0x7e,0x44,0x00}},
    {0x894d, 8, {0x4a,0xee,0x34,0x5e,0xfe,0x5c,0x6a,0x00}},
    {0x8956, 8, {0x48,0xfe,0x36,0x5a,0xfe,0x64,0x5a,0x00}},
    {0x895e, 8, {0x64,0x6e,0xca,0x64,0xfe,0x68,0xb6,0x00}},
    {0x895f, 8, {0x52,0xf6,0x32,0x5c,0xfe,0x48,0x6a,0x00}},
    {0x8960, 8, {0x6a,0xfc,0x36,0x5c,0xfe,0x6a,0x7e,0x00}},
    {0x8964, 8, {0x54,0xf6,0x30,0x56,0xe0,0x6c,0x5e,0x00}},
    {0x8966, 8, {0x5c,0xfe,0x2a,0x5c,0xe8,0x7e,0x6a,0x00}},
    {0x896a, 8, {0x4a,0xfe,0x2c,0x5e,0xf6,0x74,0x5a,0x00}},
    {0x896d, 8, {0x56,0xfc,0x36,0x5e,0xe6,0x78,0x5a,0x00}},
    {0x896f, 8, {0x56,0xfe,0x2e,0x56,0xfe,0x74,0x5a,0x00}},
    {0x8972, 8, {0x26,0xfc,0x56,0xfa,0xfe,0x68,0xb6,0x00}},
    {0x8974, 8, {0x76,0xf6,0x2a,0x7e,0xea,0x7e,0x6a,0x00}},
    {0x8977, 8, {0x56,0xea,0x2e,0x7e,0xdc,0x7e,0x58,0x00}},
    {0x897e, 8, {0x00,0xfe,0x28,0xfe,0xaa,0xba,0x82,0x00}},
    {0x897f, 8, {0xfe,0x28,0xfe,0xaa,0xce,0x82,0xfe,0x00}},
    {0x8981, 8, {0xfe,0x54,0x7c,0x10,0xfe,0x28,0xf6,0x00}},
    {0x8983, 8, {0xfe,0x7c,0x54,0x38,0x28,0xfe,0x10,0x00}},
    {0x8986, 8, {0xfe,0x54,0x7c,0x8c,0x54,0xc8,0x76,0x00}},
    {0x8987, 8, {0xfe,0x54,0x7c,0xae,0x4a,0xee,0x52,0x00}},
    {0x8988, 8, {0xfe,0x7c,0x54,0xee,0xfa,0x64,0xaa,0x00}},
    {0x898a, 8, {0xfe,0x7c,0x54,0xae,0x4c,0xe2,0x56,0x00}},
    {0x898b, 8, {0x7c,0x44,0x7c,0x44,0x7c,0x2a,0xce,0x00}},
    {0x898f, 8, {0x5e,0xf2,0x5e,0xf2,0x5e,0x6c,0x96,0x00}},
    {0x8993, 8, {0x7c,0x52,0xbc,0x24,0x3c,0x2a,0xce,0x00}},
    {0x8996, 8, {0x5e,0xf2,0x3e,0x52,0xfe,0x4c,0x56,0x00}},
    {0x8997, 8, {0xee,0x2a,0xee,0x2a,0xee,0xec,0x36,0x00}},
    {0x8998, 8, {0x5e,0x52,0x7e,0x52,0xfe,0xac,0xf6,0x00}},
    {0x899a, 8, {0x54,0xfe,0xaa,0x38,0x28,0x3a,0xce,0x00}},
    {0x89a1, 8, {0xfe,0x2a,0x7e,0x7a,0xae,0x34,0xca,0x00}},
    {0x89a6, 8, {0xee,0x5a,0xbe,0x0a,0xde,0xec,0xd6,0x00}},
    {0x89a7, 8, {0xe8,0xce,0xe6,0x38,0x38,0x3a,0xce,0x00}},
    {0x89a9, 8, {0x2e,0x7a,0x2e,0xfa,0x4e,0xb4,0x3a,0x00}},
    {0x89aa, 8, {0x2e,0xfa,0x5e,0x2a,0xfe,0x74,0xaa,0x00}},
    {0x89ac, 8, {0xae,0xfa,0x0e,0xfa,0x5e,0x2c,0xf6,0x00}},
    {0x89af, 8, {0x5e,0xfa,0x5e,0xfa,0x7e,0xf4,0x5a,0x00}},
    {0x89b2, 8, {0x5e,0xfa,0x5e,0xfa,0xfe,0x2c,0xf6,0x00}},
    {0x89b3, 8, {0x4e,0x7a,0xae,0x7a,0xee,0x6c,0x76,0x00}},
    {0x89ba, 8, {0x2c,0x54,0xfe,0xba,0x28,0x3a,0xce,0x00}},
    {0x89bd, 8, {0xe8,0xce,0xee,0x38,0x38,0x3a,0xce,0x00}},
    {0x89bf, 8, {0x2e,0xfa,0xde,0xfa,0x6e,0x6c,0x96,0x00}},
    {0x89c0, 8, {0x5e,0xfa,0xde,0x6a,0x7e,0xec,0x76,0x00}},
    {0x89d2, 8, {0x38,0xc8,0x7e,0x52,0x7e,0x42,0x86,0x00}},
    {0x89da, 8, {0x62,0xbc,0x74,0x74,0x74,0x76,0xaa,0x00}},
    {0x89dc, 8, {0x24,0xb6,0xa4,0xfe,0x54,0x7c,0x84,0x00}},
    {0x89dd, 8, {0x62,0xbc,0x74,0x7e,0x74,0x72,0xbe,0x00}},
    {0x89e3, 8, {0x6e,0xa6,0x7a,0x7e,0x74,0x5e,0xb4,0x00}},
    {0x89e6, 8, {0x68,0xbe,0x6a,0x7e,0x68,0x6a,0xbe,0x00}},
    {0x89e7, 8, {0x6a,0xbe,0x64,0x6e,0x64,0x7e,0xa4,0x00}},
    {0x89f4, 8, {0x68,0xae,0x7c,0x6c,0x6e,0x76,0xaa,0x00}},
    {0x89f8, 8, {0x7e,0xb6,0x6e,0x72,0x6e,0x6e,0xba,0x00}},
    {0x8a00, 8, {0x38,0xfe,0x00,0x38,0x00,0x7c,0x7c,0x00}},
    {0x8a02, 8, {0x5e,0xe4,0x04,0xc4,0x04,0xe4,0xec,0x00}},
    {0x8a03, 8, {0x48,0xe8,0x08,0xcc,0x0a,0xe8,0xe8,0x00}},
    {0x8a08, 8, {0x44,0xe4,0x1e,0xc4,0x04,0xe4,0xe4,0x00}},
    {0x8a0a, 8, {0xbc,0xd4,0x1c,0xb4,0x14,0xd4,0xe6,0x00}},
    {0x8a0c, 8, {0x40,0xde,0x04,0xc4,0x04,0xc4,0xde,0x00}},
    {0x8a0e, 8, {0x44,0xde,0x04,0xd4,0x0c,0xc4,0xcc,0x00}},
    {0x8a10, 8, {0x5c,0xc8,0x08,0xbe,0x08,0xc8,0xc8,0x00}},
    {0x8a13, 8, {0x52,0xda,0x1a,0xda,0x1a,0xd2,0xe2,0x00}},
    {0x8a16, 8, {0x50,0xde,0x2c,0xc4,0x08,0xd2,0xce,0x00}},
    {0x8a17, 8, {0x44,0xd8,0x08,0xbe,0x08,0xca,0xce,0x00}},
    {0x8a18, 8, {0x5e,0xe2,0x02,0xde,0x10,0xd2,0xde,0x00}},
    {0x8a1b, 8, {0x4c,0xd4,0x36,0xd4,0x14,0xd4,0xd6,0x00}},
    {0x8a1d, 8, {0x5e,0xd4,0x14,0xbe,0x0c,0xf4,0xcc,0x00}},
    {0x8a1f, 8, {0x54,0xd4,0x22,0xc8,0x08,0xd4,0xfa,0x00}},
    {0x8a23, 8, {0x48,0xdc,0x0c,0xbe,0x08,0xc8,0xf6,0x00}},
    {0x8a25, 8, {0x58,0xc8,0x3e,0xea,0x36,0xe2,0xe6,0x00}},
    {0x8a2a, 8, {0x48,0xfe,0x10,0xde,0x12,0xd2,0xe6,0x00}},
    {0x8a2d, 8, {0x5c,0xd4,0x26,0xdc,0x14,0xc8,0xf6,0x00}},
    {0x8a31, 8, {0x50,0xdc,0x28,0xc8,0x3e,0xc8,0xc8,0x00}},
    {0x8a33, 8, {0x5e,0xd2,0x1e,0xd4,0x14,0xd2,0xe2,0x00}},
    {0x8a34, 8, {0x44,0xd8,0x10,0xde,0x1c,0xd6,0xe4,0x00}},
    {0x8a36, 8, {0x5e,0xc2,0x1e,0xd6,0x1e,0xc2,0xc6,0x00}},
    {0x8a3a, 8, {0x48,0xd4,0x2a,0xc4,0x0a,0xc4,0xd8,0x00}},
    {0x8a3b, 8, {0x50,0xc8,0x3e,0xc8,0x1c,0xc8,0xfe,0x00}},
    {0x8a3c, 8, {0x5e,0xe4,0x04,0xd6,0x14,0xd4,0xfe,0x00}},
    {0x8a41, 8, {0x48,0xc8,0x3e,0xc8,0x1c,0xd4,0xdc,0x00}},
    {0x8a46, 8, {0x42,0xdc,0x14,0xde,0x14,0xd2,0xde,0x00}},
    {0x8a48, 8, {0xfe,0xaa,0xfe,0x38,0xfe,0x44,0x7c,0x00}},
    {0x8a50, 8, {0x50,0xde,0x28,0xce,0x08,0xce,0xc8,0x00}},
    {0x8a51, 8, {0x48,0xfe,0x22,0xd4,0x18,0xd2,0xde,0x00}},
    {0x8a52, 8, {0x48,0xc8,0x14,0xba,0x00,0xdc,0xdc,0x00}},
    {0x8a54, 8, {0x5e,0xea,0x12,0xc6,0x1e,0xd2,0xde,0x00}},
    {0x8a55, 8, {0xbe,0xc8,0x2a,0xc8,0x3e,0xc8,0xc8,0x00}},
    {0x8a5b, 8, {0x5c,0xd4,0x1c,0xd4,0x1c,0xd4,0xfe,0x00}},
    {0x8a5e, 8, {0x5e,0xe2,0x1a,0xc2,0x1a,0xda,0xc6,0x00}},
    {0x8a60, 8, {0x58,0xc0,0x18,0xba,0x1c,0xea,0xd8,0x00}},
    {0x8a62, 8, {0x50,0xde,0x36,0xde,0x16,0xde,0xc2,0x00}},
    {0x8a63, 8, {0x52,0xdc,0x12,0xde,0x00,0xde,0xde,0x00}},
    {0x8a66, 8, {0x4a,0xc8,0x3e,0xc4,0x3c,0xd4,0xfa,0x00}},
    {0x8a69, 8, {0x48,0xdc,0x08,0xbe,0x04,0xfe,0xd4,0x00}},
    {0x8a6b, 8, {0x48,0xfe,0x26,0x98,0x3e,0xc8,0xce,0x00}},
    {0x8a6c, 8, {0x42,0xdc,0x10,0xde,0x10,0xd6,0xe6,0x00}},
    {0x8a6d, 8, {0x4c,0xf4,0x1e,0xde,0x1a,0xd8,0xee,0x00}},
    {0x8a6e, 8, {0x48,0xd4,0x3e,0xc8,0x1c,0xc8,0xfe,0x00}},
    {0x8a70, 8, {0x48,0xfe,0x08,0xdc,0x00,0xdc,0xdc,0x00}},
    {0x8a71, 8, {0x44,0xd8,0x3e,0xc8,0x1c,0xd4,0xdc,0x00}},
    {0x8a72, 8, {0x44,0xde,0x08,0xd4,0x0a,0xc4,0xda,0x00}},
    {0x8a73, 8, {0x94,0xfe,0x08,0xdc,0x08,0xfe,0xc8,0x00}},
    {0x8a7c, 8, {0x50,0xfe,0x10,0xa4,0x16,0xc4,0xda,0x00}},
    {0x8a82, 8, {0x54,0xf6,0x14,0xb6,0x14,0xd4,0xe6,0x00}},
    {0x8a84, 8, {0x4a,0xfc,0x1e,0xc8,0x3e,0xdc,0xea,0x00}},
    {0x8a85, 8, {0x58,0xdc,0x28,0xbe,0x08,0xdc,0xea,0x00}},
    {0x8a87, 8, {0x48,0xfe,0x14,0xaa,0x1c,0xc2,0xc6,0x00}},
    {0x8a89, 8, {0x54,0xfe,0x44,0xba,0x00,0x7c,0x7c,0x00}},
    {0x8a8c, 8, {0x48,0xfe,0x08,0xdc,0x00,0xd2,0xee,0x00}},
    {0x8a8d, 8, {0x5e,0xd6,0x0a,0xd6,0x00,0xd2,0xee,0x00}},
    {0x8a91, 8, {0xae,0xd4,0x34,0x9e,0x34,0xd4,0xee,0x00}},
    {0x8a93, 8, {0x44,0xd8,0x5e,0xd4,0x64,0xfe,0x38,0x00}},
    {0x8a95, 8, {0xb2,0xdc,0x26,0x94,0x3e,0xd0,0xee,0x00}},
    {0x8a98, 8, {0x5c,0xfe,0x1c,0xaa,0x3c,0xd6,0xe2,0x00}},
    {0x8a9a, 8, {0x54,0xea,0x14,0xdc,0x14,0xdc,0xd4,0x00}},
    {0x8a9e, 8, {0x5c,0xc8,0x3c,0xd4,0x3e,0xd4,0xdc,0x00}},
    {0x8aa0, 8, {0x44,0xfe,0x24,0xbc,0x2e,0xf4,0xea,0x00}},
    {0x8aa1, 8, {0x44,0xfe,0x14,0xbc,0x16,0xd4,0xca,0x00}},
    {0x8aa3, 8, {0xbe,0xc8,0x1c,0xdc,0x2a,0xc8,0xfe,0x00}},
    {0x8aa4, 8, {0x46,0xd6,0x1c,0xc4,0x1e,0xc0,0xd2,0x00}},
    {0x8aa5, 8, {0x58,0xdc,0x28,0xbe,0x08,0xdc,0xdc,0x00}},
    {0x8aa6, 8, {0x5e,0xc4,0x3e,0xea,0x3e,0xea,0xea,0x00}},
    {0x8aa8, 8, {0x50,0xde,0x2c,0xcc,0x36,0xdc,0xc4,0x00}},
    {0x8aac, 8, {0x94,0xfe,0x22,0xbe,0x14,0xd4,0xe6,0x00}},
    {0x8aad, 8, {0x48,0xfe,0x08,0xbe,0x22,0xd4,0xe6,0x00}},
    {0x8ab0, 8, {0x54,0xde,0x34,0xde,0x14,0xd4,0xde,0x00}},
    {0x8ab2, 8, {0xbe,0xea,0x3e,0xc8,0x3e,0xdc,0xea,0x00}},
    {0x8ab9, 8, {0x54,0xf6,0x14,0xb6,0x14,0xf6,0xd4,0x00}},
    {0x8abc, 8, {0x44,0xde,0x12,0xcc,0x0c,0xcc,0xde,0x00}},
    {0x8abf, 8, {0xbe,0xea,0x3e,0xaa,0x36,0xfe,0xe2,0x00}},
    {0x8ac2, 8, {0x4e,0xd2,0x04,0xd6,0x12,0xd6,0xde,0x00}},
    {0x8ac4, 8, {0x48,0xfe,0x14,0xdc,0x04,0xfe,0xc8,0x00}},
    {0x8ac7, 8, {0xaa,0xd4,0x22,0xc8,0x2a,0xd4,0xe2,0x00}},
    {0x8acb, 8, {0x48,0xdc,0x08,0xbe,0x14,0xdc,0xd4,0x00}},
    {0x8acc, 8, {0x48,0xfe,0x1c,0xdc,0x08,0xdc,0xea,0x00}},
    {0x8acd, 8, {0x5c,0xea,0x1c,0xcc,0x3e,0xcc,0xd8,0x00}},
    {0x8acf, 8, {0xb8,0xde,0x1a,0xda,0x1c,0xfa,0xc8,0x00}},
    {0x8ad2, 8, {0x48,0xfe,0x14,0xdc,0x08,0xea,0xd8,0x00}},
    {0x8ad6, 8, {0x48,0xd4,0x2e,0xc0,0x3e,0xfe,0xea,0x00}},
    {0x8ada, 8, {0x44,0xfe,0x2e,0x84,0x16,0xd4,0xee,0x00}},
    {0x8adb, 8, {0x50,0xee,0x3a,0xaa,0x3e,0xc8,0xf6,0x00}},
    {0x8adc, 8, {0xaa,0xfe,0x2e,0xa0,0x3e,0xdc,0xea,0x00}},
    {0x8ade, 8, {0xbe,0xd4,0x1c,0xd0,0x1e,0xde,0xea,0x00}},
    {0x8ae0, 8, {0x44,0xde,0x16,0xc0,0x0c,0xcc,0xde,0x00}},
    {0x8ae1, 8, {0x54,0xea,0x0c,0xc4,0x1c,0xdc,0xfe,0x00}},
    {0x8ae2, 8, {0xbe,0xea,0x3e,0xdc,0x1c,0xfe,0xc8,0x00}},
    {0x8ae4, 8, {0x5a,0xda,0x0c,0xde,0x0c,0xc2,0xc6,0x00}},
    {0x8ae6, 8, {0x48,0xfe,0x14,0xbe,0x2a,0xdc,0xd4,0x00}},
    {0x8ae7, 8, {0xa4,0xf6,0x24,0xb6,0x08,0xdc,0xdc,0x00}},
    {0x8aeb, 8, {0x48,0xfe,0x1e,0xde,0x08,0xdc,0xea,0x00}},
    {0x8aed, 8, {0x48,0xd4,0x2e,0xc0,0x1a,0xda,0xda,0x00}},
    {0x8aee, 8, {0xa8,0xce,0x16,0xc4,0x2a,0xde,0xde,0x00}},
    {0x8af1, 8, {0x48,0xde,0x0a,0xbe,0x14,0xfe,0xc4,0x00}},
    {0x8af3, 8, {0x48,0xfe,0x14,0xbe,0x00,0xdc,0xdc,0x00}},
    {0x8af7, 8, {0xbe,0xea,0x3e,0xbe,0x2a,0xee,0xda,0x00}},
    {0x8af8, 8, {0x4a,0xdc,0x08,0xbe,0x10,0xee,0xce,0x00}},
    {0x8afa, 8, {0x48,0xfe,0x14,0xbe,0x28,0xe2,0xec,0x00}},
    {0x8afe, 8, {0x94,0xfe,0x10,0xbe,0x10,0xee,0xce,0x00}},
    {0x8b00, 8, {0x94,0xfe,0x14,0xdc,0x3e,0xdc,0xea,0x00}},
    {0x8b01, 8, {0x5c,0xd4,0x1c,0xde,0x32,0xda,0xc6,0x00}},
    {0x8b02, 8, {0xbe,0xea,0x3e,0xbe,0x14,0xdc,0xd4,0x00}},
    {0x8b04, 8, {0xf6,0xa4,0xfe,0xac,0xf2,0xac,0xac,0x00}},
    {0x8b07, 8, {0x10,0xfe,0xaa,0x7c,0xba,0x7c,0x7c,0x00}},
    {0x8b0c, 8, {0x5e,0xe4,0x14,0xde,0x04,0xd4,0xcc,0x00}},
    {0x8b0e, 8, {0xaa,0xc4,0x1e,0xac,0x36,0xe4,0xfe,0x00}},
    {0x8b10, 8, {0x48,0xd2,0x34,0xda,0x2e,0xdc,0xfe,0x00}},
    {0x8b14, 8, {0x44,0xe6,0x1c,0xd6,0x1e,0xd8,0xee,0x00}},
    {0x8b16, 8, {0x5c,0xdc,0x26,0xcc,0x14,0xc8,0xf6,0x00}},
    {0x8b17, 8, {0x48,0xfe,0x14,0xbe,0x2a,0xcc,0xd4,0x00}},
    {0x8b19, 8, {0x94,0xfe,0x1c,0xce,0x3c,0xdc,0xea,0x00}},
    {0x8b1a, 8, {0x54,0xe2,0x1c,0xd4,0x22,0xdc,0xfe,0x00}},
    {0x8b1b, 8, {0x94,0xfe,0x14,0xbe,0x1c,0xfe,0xd4,0x00}},
    {0x8b1d, 8, {0x52,0xfe,0x2a,0xbe,0x2e,0xda,0xea,0x00}},
    {0x8b20, 8, {0x4c,0xd4,0x08,0xde,0x24,0xd6,0xde,0x00}},
    {0x8b21, 8, {0x46,0xda,0x08,0xde,0x08,0xea,0xfe,0x00}},
    {0x8b26, 8, {0x2e,0xfa,0x64,0x8a,0xfe,0x44,0x7c,0x00}},
    {0x8b28, 8, {0x94,0xfe,0x1c,0xd4,0x3e,0xc8,0xf6,0x00}},
    {0x8b2b, 8, {0x48,0xfe,0x14,0xbe,0x2a,0xf6,0xfe,0x00}},
    {0x8b2c, 8, {0xb6,0xd2,0x08,0xd4,0x2a,0xc4,0xd8,0x00}},
    {0x8b33, 8, {0xbe,0xec,0x2c,0xa0,0x36,0xf6,0xfe,0x00}},
    {0x8b39, 8, {0x94,0xfe,0x14,0xbe,0x3e,0xc8,0xfe,0x00}},
    {0x8b3e, 8, {0x5c,0xd4,0x3e,0xbe,0x14,0xc8,0xf6,0x00}},
    {0x8b41, 8, {0x94,0xfe,0x1c,0xbe,0x1c,0xfe,0xc8,0x00}},
    {0x8b49, 8, {0xba,0xd4,0x22,0xdc,0x14,0xc8,0xfe,0x00}},
    {0x8b4c, 8, {0x5c,0xea,0x1c,0xd4,0x3e,0xc2,0xea,0x00}},
    {0x8b4e, 8, {0x5c,0xfe,0x1a,0xa8,0x3e,0xf6,0xea,0x00}},
    {0x8b4f, 8, {0x52,0xe4,0x12,0xbc,0x16,0xd4,0xea,0x00}},
    {0x8b56, 8, {0x54,0xde,0x3e,0x94,0x2a,0xdc,0xdc,0x00}},
    {0x8b58, 8, {0x56,0xfc,0x1e,0xbc,0x06,0xdc,0xda,0x00}},
    {0x8b5a, 8, {0xbe,0xdc,0x00,0xdc,0x14,0xfe,0xc8,0x00}},
    {0x8b5b, 8, {0x94,0xfe,0x14,0xaa,0x1c,0xd4,0xdc,0x00}},
    {0x8b5c, 8, {0x94,0xfe,0x14,0xb6,0x14,0xfe,0xdc,0x00}},
    {0x8b5f, 8, {0x5c,0xd4,0x3e,0xaa,0x3e,0xdc,0xea,0x00}},
    {0x8b66, 8, {0x56,0xfa,0x74,0x9a,0x30,0xfe,0x38,0x00}},
    {0x8b6b, 8, {0x4c,0xd4,0x3e,0xb6,0x2c,0xfe,0xcc,0x00}},
    {0x8b6c, 8, {0x64,0x6e,0xca,0x7c,0x00,0x7c,0x7c,0x00}},
    {0x8b6f, 8, {0xbe,0xfe,0x08,0xbe,0x14,0xfe,0xc8,0x00}},
    {0x8b70, 8, {0x94,0xfe,0x08,0xbe,0x16,0xfc,0xd2,0x00}},
    {0x8b71, 8, {0x44,0xfe,0x7c,0xd6,0x10,0xd6,0xd6,0x00}},
    {0x8b72, 8, {0x48,0xfe,0x14,0xb6,0x3e,0xd4,0xda,0x00}},
    {0x8b74, 8, {0xa4,0xde,0x36,0x9e,0x2c,0xee,0xfe,0x00}},
    {0x8b77, 8, {0x94,0xfe,0x1c,0xde,0x14,0xc8,0xf6,0x00}},
    {0x8b7d, 8, {0x2c,0x54,0x5c,0xfe,0x44,0xba,0x38,0x00}},
    {0x8b80, 8, {0x48,0xfe,0x36,0xbe,0x1c,0xdc,0xe2,0x00}},
    {0x8b83, 8, {0x94,0xfe,0x14,0xaa,0x1c,0xdc,0xe2,0x00}},
    {0x8b8a, 8, {0x54,0xb8,0x54,0x7e,0xa4,0x18,0xe6,0x00}},
    {0x8b8c, 8, {0x94,0xfe,0x1c,0xd4,0x3e,0xc0,0xea,0x00}},
    {0x8b8e, 8, {0x52,0x7c,0xe6,0x7c,0x66,0x7c,0x7e,0x00}},
    {0x8b90, 8, {0x54,0x76,0xec,0x76,0xfe,0x44,0x7c,0x00}},
    {0x8b92, 8, {0x4c,0xf6,0x1e,0xdc,0x36,0xcc,0xf6,0x00}},
    {0x8b93, 8, {0x48,0xfe,0x36,0xdc,0x3e,0xf4,0xda,0x00}},
    {0x8b96, 8, {0xae,0xd4,0x3e,0xd4,0x3e,0xd4,0xfa,0x00}},
    {0x8b99, 8, {0x94,0xfe,0x36,0xd4,0x1e,0xf4,0xde,0x00}},
    {0x8b9a, 8, {0xa8,0xfe,0x14,0xaa,0x1c,0xdc,0xe2,0x00}},
    {0x8c37, 8, {0x28,0x44,0x10,0x28,0xc6,0x38,0x38,0x00}},
    {0x8c3a, 8, {0x5e,0x8a,0x2a,0x5e,0x86,0x7a,0x76,0x00}},
    {0x8c3f, 8, {0x6a,0xd0,0x24,0x5a,0xf0,0x26,0xd6,0x00}},
    {0x8c41, 8, {0x2a,0xf0,0xb4,0x7a,0x20,0xf6,0x76,0x00}},
    {0x8c46, 8, {0xfe,0x00,0x7c,0x44,0x7c,0x28,0xfe,0x00}},
    {0x8c48, 8, {0x54,0x7c,0x00,0xfe,0x44,0x38,0xfe,0x00}},
    {0x8c4a, 8, {0x28,0x7c,0x7c,0xfe,0x44,0x38,0xfe,0x00}},
    {0x8c4c, 8, {0xe4,0x1e,0xf2,0xae,0x56,0xec,0x16,0x00}},
    {0x8c4e, 8, {0xee,0xc4,0xea,0xfe,0x44,0x38,0xfe,0x00}},
    {0x8c50, 8, {0x54,0x7c,0x7c,0xfe,0x44,0x38,0xfe,0x00}},
    {0x8c55, 8, {0xfe,0x20,0x34,0xd8,0x2c,0xca,0x30,0x00}},
    {0x8c5a, 8, {0xfe,0xa8,0xec,0xb6,0xec,0xb6,0xac,0x00}},
    {0x8c61, 8, {0x38,0xc8,0x3c,0x3c,0xda,0x2c,0xda,0x00}},
    {0x8c62, 8, {0x54,0x92,0x38,0x7c,0xda,0x2c,0xda,0x00}},
    {0x8c6a, 8, {0x10,0xfe,0x44,0xfe,0xda,0x2c,0xda,0x00}},
    {0x8c6b, 8, {0xec,0x34,0x5c,0xfc,0x5a,0x6c,0xda,0x00}},
    {0x8c6c, 8, {0xea,0x5c,0xa8,0x7e,0xb4,0x2e,0xce,0x00}},
    {0x8c78, 8, {0x08,0x34,0x78,0x14,0x6c,0x14,0x68,0x00}},
    {0x8c79, 8, {0x28,0xce,0x72,0xaa,0x66,0xa2,0x46,0x00}},
    {0x8c7a, 8, {0x24,0xde,0x64,0xa6,0x6c,0xb4,0x4c,0x00}},
    {0x8c7c, 8, {0x34,0xd4,0x7e,0xb4,0x74,0xbc,0x56,0x00}},
    {0x8c82, 8, {0x2e,0xc6,0x6a,0xa0,0x6e,0xaa,0x4e,0x00}},
    {0x8c85, 8, {0x34,0xde,0x74,0xbc,0x7e,0xb4,0x54,0x00}},
    {0x8c89, 8, {0x26,0xca,0x64,0xaa,0x70,0xae,0x4e,0x00}},
    {0x8c8a, 8, {0x3e,0xc8,0x7e,0xb2,0x7e,0xb2,0x5e,0x00}},
    {0x8c8c, 8, {0x28,0xde,0x72,0xbe,0x72,0xac,0x56,0x00}},
    {0x8c8d, 8, {0x3e,0xd6,0x7e,0xb6,0x7e,0xa4,0x5e,0x00}},
    {0x8c8e, 8, {0x28,0xd6,0x7a,0xb2,0x7e,0xac,0x56,0x00}},
    {0x8c94, 8, {0x28,0xde,0x76,0xba,0x7e,0xb4,0x5e,0x00}},
    {0x8c98, 8, {0x2a,0xde,0x6e,0xaa,0x7e,0xa4,0x5a,0x00}},
    {0x8c9d, 8, {0x7c,0x44,0x7c,0x44,0x7c,0x00,0xc6,0x00}},
    {0x8c9e, 8, {0x10,0x1e,0x7c,0x44,0x7c,0x7c,0xc6,0x00}},
    {0x8ca0, 8, {0x38,0xc8,0x7c,0x44,0x7c,0x7c,0xc6,0x00}},
    {0x8ca1, 8, {0xe4,0xbe,0xe4,0xa6,0xec,0x14,0xac,0x00}},
    {0x8ca2, 8, {0x7c,0x10,0xfe,0x7c,0x44,0x7c,0xc6,0x00}},
    {0x8ca7, 8, {0x28,0x44,0xfa,0x28,0x7c,0x7c,0xc6,0x00}},
    {0x8ca8, 8, {0x28,0x4e,0xc8,0x4e,0x3c,0x3c,0xc6,0x00}},
    {0x8ca9, 8, {0xee,0xa8,0xee,0xaa,0xea,0x14,0xaa,0x00}},
    {0x8caa, 8, {0x10,0x28,0xfe,0x08,0x7c,0x7c,0xc6,0x00}},
    {0x8cab, 8, {0x7c,0xd6,0x7c,0x7c,0x44,0x7c,0xc6,0x00}},
    {0x8cac, 8, {0x10,0x7c,0x10,0xfe,0x44,0x7c,0xc6,0x00}},
    {0x8cad, 8, {0x06,0x78,0x7e,0x5c,0x54,0x5c,0xa2,0x00}},
    {0x8cae, 8, {0x6a,0x08,0xfe,0x68,0x64,0x64,0x92,0x00}},
    {0x8caf, 8, {0xe4,0xbe,0xf2,0xae,0xe4,0x04,0xac,0x00}},
    {0x8cb0, 8, {0x54,0xfe,0x54,0x7e,0x44,0x7c,0xc6,0x00}},
    {0x8cb2, 8, {0x24,0xb6,0xa4,0xfe,0x44,0x7c,0xc6,0x00}},
    {0x8cb3, 8, {0x0a,0xfe,0x68,0x08,0x64,0x64,0x92,0x00}},
    {0x8cb4, 8, {0x10,0x7c,0x54,0xfe,0x44,0x7c,0xc6,0x00}},
    {0x8cb6, 8, {0xee,0xa4,0xfe,0xa2,0xf4,0x18,0xa6,0x00}},
    {0x8cb7, 8, {0xfe,0xaa,0xfe,0x7c,0x44,0x7c,0xc6,0x00}},
    {0x8cb8, 8, {0x2a,0x5e,0xc4,0x42,0x3c,0x3c,0xc6,0x00}},
    {0x8cbb, 8, {0x28,0xfe,0x2a,0xfe,0xc4,0x7c,0xc6,0x00}},
    {0x8cbc, 8, {0xe8,0xa8,0xee,0xa8,0xfe,0x12,0xbe,0x00}},
    {0x8cbd, 8, {0xe4,0xa4,0xea,0xbe,0xe0,0x0e,0xae,0x00}},
    {0x8cbf, 8, {0x2e,0xc6,0xea,0x7c,0x44,0x7c,0xc6,0x00}},
    {0x8cc0, 8, {0x40,0xfe,0x5a,0xbe,0x24,0x3c,0xc6,0x00}},
    {0x8cc1, 8, {0x10,0xfe,0x54,0xfe,0x44,0x7c,0xc6,0x00}},
    {0x8cc2, 8, {0xe6,0xaa,0xe4,0xaa,0xf0,0x0e,0xae,0x00}},
    {0x8cc3, 8, {0x24,0x58,0xfe,0x48,0x3c,0x3c,0xc6,0x00}},
    {0x8cc4, 8, {0xe8,0xbe,0xe8,0xae,0xfa,0x0e,0xaa,0x00}},
    {0x8cc7, 8, {0x90,0x1e,0x2a,0x94,0x7c,0x7c,0xc6,0x00}},
    {0x8cc8, 8, {0xfe,0x54,0x7c,0x7c,0x44,0x7c,0xc6,0x00}},
    {0x8cca, 8, {0xc4,0xfe,0xd4,0xfc,0xd6,0x04,0xaa,0x00}},
    {0x8ccd, 8, {0xe4,0xbe,0xf4,0xbe,0xf4,0x14,0xae,0x00}},
    {0x8cce, 8, {0xea,0xbe,0xe8,0xbc,0xea,0x04,0xaa,0x00}},
    {0x8cd1, 8, {0xfe,0xb0,0xf6,0xb0,0xfe,0x14,0xba,0x00}},
    {0x8cd3, 8, {0x10,0xfe,0xba,0x54,0x78,0x38,0xc6,0x00}},
    {0x8cda, 8, {0x10,0xfe,0x54,0xaa,0x7c,0x7c,0xc6,0x00}},
    {0x8cdb, 8, {0x44,0xee,0x44,0xaa,0x7c,0x7c,0xc6,0x00}},
    {0x8cdc, 8, {0xfe,0xb2,0xfe,0xa8,0xee,0x16,0xaa,0x00}},
    {0x8cde, 8, {0x54,0xfe,0xaa,0x7c,0x44,0x7c,0xc6,0x00}},
    {0x8ce0, 8, {0xe4,0xbe,0xea,0xbe,0xe0,0x0e,0xae,0x00}},
    {0x8ce2, 8, {0xee,0xca,0xe4,0x0a,0x7c,0x7c,0xc6,0x00}},
    {0x8ce3, 8, {0x10,0xfe,0x54,0x7c,0x44,0x7c,0xc6,0x00}},
    {0x8ce4, 8, {0xea,0xbe,0xe4,0xaa,0xfe,0x04,0xaa,0x00}},
    {0x8ce6, 8, {0xf6,0xc4,0xfe,0xd4,0xdc,0x34,0xba,0x00}},
    {0x8cea, 8, {0x24,0x48,0x6e,0xbc,0x24,0x3c,0xc6,0x00}},
    {0x8ced, 8, {0xe4,0xae,0xe4,0xbe,0xe8,0x16,0xa6,0x00}},
    {0x8cfa, 8, {0xd4,0xfe,0xdc,0xce,0xfc,0x1c,0xaa,0x00}},
    {0x8cfb, 8, {0xea,0xbe,0xfc,0xb4,0xfe,0x14,0xac,0x00}},
    {0x8cfc, 8, {0xd4,0xfe,0xd4,0xfe,0xdc,0x3e,0x94,0x00}},
    {0x8cfd, 8, {0x10,0xfe,0xaa,0x7c,0xc6,0x7c,0xc6,0x00}},
    {0x8d04, 8, {0x28,0x7c,0xec,0x76,0x3c,0x3c,0xc6,0x00}},
    {0x8d05, 8, {0x26,0x6a,0xf4,0x6a,0xbc,0x3c,0xc6,0x00}},
    {0x8d07, 8, {0x5a,0xe4,0xbe,0x54,0xbe,0x3c,0xc6,0x00}},
    {0x8d08, 8, {0xd4,0xfe,0xea,0xfe,0xdc,0x14,0xbc,0x00}},
    {0x8d0a, 8, {0x6c,0xfe,0x6c,0xb6,0x7c,0x7c,0xc6,0x00}},
    {0x8d0b, 8, {0x7e,0x56,0x6c,0x6e,0x5c,0x5c,0xa2,0x00}},
    {0x8d0d, 8, {0xec,0xb4,0xfe,0xb6,0xfc,0x1e,0xac,0x00}},
    {0x8d0f, 8, {0x10,0xfe,0x40,0x7c,0x76,0x76,0xae,0x00}},
    {0x8d10, 8, {0xe8,0xbc,0xee,0xbc,0xea,0x1c,0xbe,0x00}},
    {0x8d13, 8, {0xc4,0xde,0xf4,0xfc,0xde,0x34,0xaa,0x00}},
    {0x8d14, 8, {0x38,0x38,0x44,0x00,0x6c,0x6c,0x92,0x00}},
    {0x8d16, 8, {0xe8,0xbe,0xf6,0xbe,0xfc,0x1c,0xa2,0x00}},
    {0x8d64, 8, {0x10,0x7c,0x10,0xfe,0x28,0xaa,0x58,0x00}},
    {0x8d66, 8, {0x24,0x76,0x2a,0xfa,0x5a,0xd4,0x5a,0x00}},
    {0x8d67, 8, {0x2e,0x7e,0x28,0xfe,0xea,0x7c,0xaa,0x00}},
    {0x8d6b, 8, {0x24,0x7e,0x24,0xfe,0xec,0x6e,0xb4,0x00}},
    {0x8d6d, 8, {0x24,0x7e,0x24,0xfe,0xe8,0x76,0xa6,0x00}},
    {0x8d70, 8, {0x10,0x7c,0x10,0xfe,0x1c,0x50,0xbe,0x00}},
    {0x8d71, 8, {0x10,0x7c,0xfe,0x24,0x08,0x50,0xbe,0x00}},
    {0x8d73, 8, {0x54,0xf4,0x54,0xf6,0x5c,0xc4,0xbe,0x00}},
    {0x8d74, 8, {0x24,0xf4,0x26,0xf4,0x74,0x60,0x9e,0x00}},
    {0x8d77, 8, {0x2e,0xf2,0x2e,0xf8,0x6e,0x60,0x9e,0x00}},
    {0x8d81, 8, {0x48,0xd4,0x6a,0xd0,0x44,0xd8,0xbe,0x00}},
    {0x8d85, 8, {0x2e,0xf6,0x2a,0xf0,0x6e,0x6a,0x9e,0x00}},
    {0x8d8a, 8, {0x44,0xfe,0x54,0xf6,0x54,0xda,0xbe,0x00}},
    {0x8d99, 8, {0x54,0xea,0x5c,0xf4,0x5c,0xd4,0xbe,0x00}},
    {0x8da3, 8, {0x58,0xee,0x5a,0xec,0x5a,0xc8,0xbe,0x00}},
    {0x8da8, 8, {0x48,0xee,0x56,0xe8,0x4e,0xd6,0xbe,0x00}},
    {0x8db3, 8, {0x7c,0x44,0x7c,0x10,0x5c,0x50,0xbe,0x00}},
    {0x8dba, 8, {0xe4,0xae,0xe4,0x5e,0xe4,0xc4,0xea,0x00}},
    {0x8dbe, 8, {0xe4,0xa4,0xf6,0x54,0xf4,0xd4,0xfe,0x00}},
    {0x8dc2, 8, {0xe4,0xbe,0xe4,0x4e,0xea,0xc4,0xfa,0x00}},
    {0x8dcb, 8, {0xea,0xbe,0xe8,0x4a,0xea,0xd4,0xea,0x00}},
    {0x8dcc, 8, {0xec,0xae,0xf4,0x5e,0xe4,0xc4,0xfa,0x00}},
    {0x8dcf, 8, {0xd0,0xbe,0xda,0x5a,0xea,0xce,0xd8,0x00}},
    {0x8dd6, 8, {0xfe,0xa8,0xe8,0x4e,0xfa,0xca,0xee,0x00}},
    {0x8dda, 8, {0xfe,0xba,0xda,0x7e,0xda,0xfa,0xd2,0x00}},
    {0x8ddb, 8, {0xe4,0xbe,0xf6,0x5e,0xfa,0xd4,0xea,0x00}},
    {0x8ddd, 8, {0xfe,0xb0,0xde,0x72,0xde,0xf0,0xde,0x00}},
    {0x8ddf, 8, {0xfe,0xb2,0xde,0x72,0xde,0xf4,0xda,0x00}},
    {0x8de1, 8, {0xe8,0xbe,0xd4,0x76,0xf6,0xd4,0xec,0x00}},
    {0x8de3, 8, {0xec,0xae,0xf4,0x5e,0xec,0xcc,0xf6,0x00}},
    {0x8de8, 8, {0xe4,0xbe,0xec,0x5a,0xec,0xc2,0xe6,0x00}},
    {0x8dea, 8, {0xec,0xb4,0xfe,0x5e,0xfa,0xd8,0xee,0x00}},
    {0x8deb, 8, {0xec,0x4c,0xf6,0x38,0x38,0x50,0xbe,0x00}},
    {0x8def, 8, {0xe6,0xaa,0xe4,0x4a,0xf0,0xce,0xee,0x00}},
    {0x8df3, 8, {0xf4,0xb6,0xf4,0x56,0xf4,0xd4,0xe6,0x00}},
    {0x8df5, 8, {0xea,0xbe,0xe8,0x5c,0xea,0xe4,0xda,0x00}},
    {0x8dfc, 8, {0xfc,0xb4,0xfe,0x52,0xfa,0xda,0xe6,0x00}},
    {0x8dff, 8, {0xe4,0xae,0xe4,0x5e,0xe6,0xd4,0xee,0x00}},
    {0x8e08, 8, {0xe8,0xbe,0xfa,0x7e,0xc8,0xdc,0xea,0x00}},
    {0x8e09, 8, {0xe4,0xbe,0xf2,0x5e,0xfa,0xd4,0xfa,0x00}},
    {0x8e0a, 8, {0xee,0xa4,0xde,0x76,0xde,0xf6,0xd6,0x00}},
    {0x8e0f, 8, {0xe8,0xba,0xdc,0x6a,0xdc,0xf4,0xdc,0x00}},
    {0x8e10, 8, {0xea,0xbe,0xe4,0x4a,0xfe,0xc4,0xea,0x00}},
    {0x8e1d, 8, {0xfe,0xea,0xfe,0x48,0xfe,0xdc,0xea,0x00}},
    {0x8e1e, 8, {0xfe,0xbe,0xf4,0x5e,0xf4,0xda,0xee,0x00}},
    {0x8e1f, 8, {0xe0,0xbe,0xd6,0x7e,0xd6,0xd6,0xe8,0x00}},
    {0x8e2a, 8, {0xc8,0xbe,0xee,0x40,0xfe,0xc8,0xea,0x00}},
    {0x8e30, 8, {0xf8,0xb4,0xce,0x60,0xda,0xfc,0xda,0x00}},
    {0x8e34, 8, {0xee,0xa4,0xce,0x6e,0xde,0xea,0xd6,0x00}},
    {0x8e35, 8, {0xe4,0xb8,0xfe,0x5c,0xdc,0xc8,0xfe,0x00}},
    {0x8e42, 8, {0xdc,0xbe,0xda,0x68,0xfe,0xdc,0xea,0x00}},
    {0x8e44, 8, {0xe8,0xbe,0xd4,0x7e,0xea,0xdc,0xd4,0x00}},
    {0x8e47, 8, {0x10,0xfe,0xaa,0x7c,0xba,0x50,0xbe,0x00}},
    {0x8e48, 8, {0xdc,0xaa,0xc0,0x56,0xe2,0xf6,0xfe,0x00}},
    {0x8e49, 8, {0xd4,0xbe,0xc8,0x7e,0xde,0xd4,0xee,0x00}},
    {0x8e4a, 8, {0xec,0xba,0xc4,0x6a,0xde,0xe4,0xda,0x00}},
    {0x8e4c, 8, {0xe4,0xaa,0xfc,0x4c,0xe8,0xd6,0xe6,0x00}},
    {0x8e50, 8, {0xfa,0xa4,0xda,0x6e,0xda,0xce,0xea,0x00}},
    {0x8e55, 8, {0xfe,0xbe,0xd4,0x7e,0xd4,0xfe,0xc8,0x00}},
    {0x8e59, 8, {0x04,0x7e,0x54,0x7c,0xba,0x50,0xbe,0x00}},
    {0x8e5f, 8, {0xe8,0xbc,0xc8,0x7e,0xdc,0xdc,0xe2,0x00}},
    {0x8e60, 8, {0xe8,0xbe,0xf4,0x7e,0xec,0xc0,0xea,0x00}},
    {0x8e63, 8, {0xd4,0xbe,0xd4,0x7e,0xfe,0xfe,0xea,0x00}},
    {0x8e64, 8, {0xf4,0xaa,0xf0,0x54,0xf6,0xdc,0xf6,0x00}},
    {0x8e72, 8, {0xd4,0xa2,0xfe,0x76,0xfe,0xd4,0xcc,0x00}},
    {0x8e74, 8, {0xd6,0xbc,0xee,0x7c,0xd4,0xfc,0xd2,0x00}},
    {0x8e76, 8, {0xfe,0xa8,0xf6,0x6e,0xf4,0xd4,0xea,0x00}},
    {0x8e7c, 8, {0xea,0xbe,0xd4,0x7e,0xdc,0xc8,0xf6,0x00}},
    {0x8e81, 8, {0xdc,0xd4,0xfe,0x6a,0xfe,0xdc,0xea,0x00}},
    {0x8e84, 8, {0x64,0x6e,0xca,0x7c,0x3c,0x50,0xbe,0x00}},
    {0x8e85, 8, {0xfe,0xea,0xde,0x62,0xda,0xde,0xfa,0x00}},
    {0x8e87, 8, {0xd4,0xbe,0xdc,0x4c,0xfe,0xdc,0xec,0x00}},
    {0x8e8a, 8, {0xe8,0xbc,0xfe,0x48,0xfe,0xf4,0xcc,0x00}},
    {0x8e8b, 8, {0xe8,0xbe,0xd4,0x6a,0xd4,0xdc,0xe4,0x00}},
    {0x8e8d, 8, {0xee,0xa6,0xee,0x44,0xee,0xdc,0xee,0x00}},
    {0x8e91, 8, {0xd6,0xae,0xc4,0x7e,0xfe,0xd4,0xec,0x00}},
    {0x8e93, 8, {0xd2,0xa4,0xf6,0x5c,0xdc,0xdc,0xe2,0x00}},
    {0x8e94, 8, {0xc8,0xbe,0xec,0x7e,0xf6,0xe8,0xde,0x00}},
    {0x8e99, 8, {0xf6,0xb6,0xea,0x6e,0xfe,0xee,0xe2,0x00}},
    {0x8ea1, 8, {0xfe,0xac,0xfe,0x44,0xf6,0xfe,0xd2,0x00}},
    {0x8eaa, 8, {0xd4,0xbe,0xf6,0x6a,0xfe,0xee,0xe2,0x00}},
    {0x8eab, 8, {0x10,0x3c,0x24,0x3e,0xfc,0x14,0x6c,0x00}},
    {0x8eac, 8, {0x2e,0x72,0x5e,0x78,0xde,0x32,0xd6,0x00}},
    {0x8eaf, 8, {0x2e,0x78,0x5a,0x7c,0xda,0x38,0xde,0x00}},
    {0x8eb0, 8, {0x44,0xfe,0xa4,0xec,0xb6,0x6c,0xa4,0x00}},
    {0x8eb1, 8, {0x5c,0xea,0xb6,0xe8,0xbe,0x7c,0xaa,0x00}},
    {0x8ebe, 8, {0x4a,0xfe,0xae,0xe4,0xbe,0x64,0xaa,0x00}},
    {0x8ec5, 8, {0x5e,0xf4,0xb6,0xfc,0xbe,0x7c,0xae,0x00}},
    {0x8ec6, 8, {0x2a,0x7e,0x5e,0x7e,0xda,0x34,0xde,0x00}},
    {0x8ec8, 8, {0x44,0xfe,0xbc,0xfe,0xb0,0x7a,0xb6,0x00}},
    {0x8eca, 8, {0x10,0xfe,0x54,0x7c,0x54,0xfe,0x10,0x00}},
    {0x8ecb, 8, {0xe8,0x48,0xe8,0xe8,0x48,0xea,0x4e,0x00}},
    {0x8ecc, 8, {0xd0,0x7c,0xd4,0xd4,0x54,0xd4,0x66,0x00}},
    {0x8ecd, 8, {0xfe,0x92,0xfe,0x7c,0x54,0xfe,0x10,0x00}},
    {0x8ed2, 8, {0xee,0x44,0xe4,0xfe,0x44,0xe4,0x44,0x00}},
    {0x8edb, 8, {0xfe,0x50,0xfe,0xfa,0x5a,0xe8,0x4e,0x00}},
    {0x8edf, 8, {0xe8,0x4e,0xf6,0xe4,0x44,0xe4,0x5a,0x00}},
    {0x8ee2, 8, {0xee,0x40,0xfe,0xe4,0x44,0xea,0x5e,0x00}},
    {0x8ee3, 8, {0x10,0xfe,0x54,0xfe,0x44,0x28,0xc6,0x00}},
    {0x8eeb, 8, {0xe8,0x54,0xea,0xe4,0x4a,0xe4,0x58,0x00}},
    {0x8ef8, 8, {0xe4,0x5e,0xf6,0xfe,0x56,0xf6,0x5e,0x00}},
    {0x8efb, 8, {0xfe,0x42,0xfe,0xf6,0x5e,0xe2,0x46,0x00}},
    {0x8efc, 8, {0xd8,0x5c,0xe8,0xfe,0x48,0xd4,0x62,0x00}},
    {0x8efd, 8, {0xfc,0x54,0xc8,0xf6,0x5c,0xc8,0x7e,0x00}},
    {0x8efe, 8, {0xe6,0x44,0xfe,0xe4,0x5c,0xec,0x5a,0x00}},
    {0x8f03, 8, {0xc8,0x7e,0xd4,0xe2,0x54,0xc8,0x76,0x00}},
    {0x8f05, 8, {0xcc,0x54,0xc8,0xd4,0x62,0xdc,0x5c,0x00}},
    {0x8f09, 8, {0x28,0x7a,0x28,0xfe,0x66,0xf4,0x2a,0x00}},
    {0x8f0a, 8, {0xfe,0x54,0xfa,0xc8,0x5c,0xc8,0x7e,0x00}},
    {0x8f0c, 8, {0xfe,0x48,0xfe,0xea,0x7e,0xfe,0x62,0x00}},
    {0x8f12, 8, {0xfe,0x54,0xdc,0xdc,0x54,0xfc,0x4e,0x00}},
    {0x8f13, 8, {0xcc,0x54,0xfe,0xea,0x7e,0xd4,0x66,0x00}},
    {0x8f14, 8, {0xca,0x7e,0xc8,0xfe,0x6a,0xfe,0x6a,0x00}},
    {0x8f15, 8, {0xfe,0x4a,0xf4,0xea,0x5e,0xe4,0x5e,0x00}},
    {0x8f19, 8, {0xf8,0x5e,0xda,0xda,0x5c,0xfa,0x48,0x00}},
    {0x8f1b, 8, {0xfe,0x48,0xfe,0xea,0x7e,0xfe,0x6a,0x00}},
    {0x8f1c, 8, {0xea,0x54,0xea,0xfe,0x5e,0xf6,0x5e,0x00}},
    {0x8f1d, 8, {0x3e,0xb6,0x3e,0xec,0x6c,0x7e,0x84,0x00}},
    {0x8f1f, 8, {0xfe,0x54,0xea,0xfe,0x6a,0xd4,0x6a,0x00}},
    {0x8f26, 8, {0x44,0xee,0x44,0xaa,0x7c,0xfe,0x10,0x00}},
    {0x8f29, 8, {0x28,0xee,0x28,0xfe,0x54,0xfe,0x10,0x00}},
    {0x8f2a, 8, {0xe8,0x54,0xee,0xe0,0x5e,0xfe,0x56,0x00}},
    {0x8f2f, 8, {0xdc,0x54,0xfe,0xdc,0x54,0xfe,0x44,0x00}},
    {0x8f33, 8, {0xc8,0x7e,0xdc,0xfe,0x6a,0xc8,0x54,0x00}},
    {0x8f38, 8, {0xe8,0x54,0xee,0xe0,0x5a,0xfa,0x5a,0x00}},
    {0x8f39, 8, {0xf0,0x5e,0xec,0xec,0x54,0xc8,0x76,0x00}},
    {0x8f3b, 8, {0xfe,0x4c,0xec,0xe0,0x5e,0xf6,0x5e,0x00}},
    {0x8f3e, 8, {0xfe,0x62,0xfe,0xec,0x7e,0xf4,0x5a,0x00}},
    {0x8f3f, 8, {0x56,0xba,0xd6,0xba,0xfe,0x00,0xc6,0x00}},
    {0x8f42, 8, {0x2e,0xfa,0x70,0xfe,0x6a,0xf4,0x2a,0x00}},
    {0x8f44, 8, {0xc8,0x7e,0xea,0xdc,0x48,0xfe,0x5c,0x00}},
    {0x8f45, 8, {0xe8,0x5c,0xfe,0xf2,0x5e,0xf4,0x5a,0x00}},
    {0x8f46, 8, {0xc8,0x7e,0xec,0xfe,0x7e,0xe4,0x76,0x00}},
    {0x8f49, 8, {0xc8,0x7e,0xdc,0xda,0x7e,0xd4,0x4c,0x00}},
    {0x8f4c, 8, {0xec,0x5e,0xf6,0xe0,0x4c,0xe6,0x4c,0x00}},
    {0x8f4d, 8, {0xd4,0x7e,0xd6,0xe6,0x5e,0xdc,0x5a,0x00}},
    {0x8f4e, 8, {0xdc,0x7e,0xd4,0xea,0x7e,0xe2,0x6a,0x00}},
    {0x8f57, 8, {0xc4,0x7e,0xf4,0xf2,0x40,0xf2,0x6e,0x00}},
    {0x8f5c, 8, {0xdc,0x7e,0xea,0xdc,0x48,0xfe,0x6a,0x00}},
    {0x8f5f, 8, {0x10,0x7c,0x38,0xfe,0x6c,0xfe,0x24,0x00}},
    {0x8f61, 8, {0x54,0xb8,0x54,0xee,0x54,0x7c,0x7c,0x00}},
    {0x8f62, 8, {0xda,0x6c,0xda,0xec,0x7e,0xdc,0x6a,0x00}},
    {0x8f63, 8, {0xfe,0x74,0xfe,0xf4,0x60,0xd4,0x7e,0x00}},
    {0x8f64, 8, {0xe4,0x46,0xfc,0xf6,0x50,0xec,0x5e,0x00}},
    {0x8f9b, 8, {0x10,0x7c,0x28,0xfe,0x10,0x7c,0x10,0x00}},
    {0x8f9c, 8, {0x10,0xfe,0x38,0x6c,0xfe,0x7c,0x10,0x00}},
    {0x8f9e, 8, {0x24,0xde,0xea,0x5e,0xe4,0xbe,0xe4,0x00}},
    {0x8f9f, 8, {0x64,0x7e,0x6a,0x5e,0xe4,0x7e,0x64,0x00}},
    {0x8fa3, 8, {0x48,0xfe,0xba,0x7e,0xe8,0x5c,0xaa,0x00}},
    {0x8fa7, 8, {0x44,0xfe,0xba,0x5c,0xfe,0x5c,0xac,0x00}},
    {0x8fa8, 8, {0x54,0xfe,0xba,0x54,0xfe,0x54,0xa4,0x00}},
    {0x8fad, 8, {0x74,0xae,0x7a,0x1e,0xf4,0xbe,0xd4,0x00}},
    {0x8fae, 8, {0x54,0xee,0xba,0x6c,0xd6,0x7c,0x94,0x00}},
    {0x8faf, 8, {0x54,0xfe,0xca,0x7e,0xc4,0x7e,0xb4,0x00}},
    {0x8fb0, 8, {0x7e,0x40,0x5c,0x40,0x7e,0x68,0xb6,0x00}},
    {0x8fb1, 8, {0x7e,0x5c,0x7e,0xa8,0xfe,0x28,0x18,0x00}},
    {0x8fb2, 8, {0x28,0x7c,0x7c,0x00,0x7e,0x68,0xb6,0x00}},
    {0x8fb7, 8, {0x80,0x00,0xbe,0x00,0xc0,0x40,0xbe,0x00}},
    {0x8fba, 8, {0xbe,0x4a,0x0a,0xd2,0x66,0x40,0xbe,0x00}},
    {0x8fbb, 8, {0x88,0x08,0x3e,0xc8,0x48,0x48,0xbe,0x00}},
    {0x8fbc, 8, {0x98,0x48,0x08,0xd4,0x62,0x40,0xbe,0x00}},
    {0x8fbf, 8, {0x88,0x2a,0x2a,0xea,0x7e,0x40,0xbe,0x00}},
    {0x8fc2, 8, {0x9c,0x08,0x3e,0xc8,0x48,0x58,0xbe,0x00}},
    {0x8fc4, 8, {0x90,0x1e,0x2c,0xc8,0x52,0x4e,0xbe,0x00}},
    {0x8fc5, 8, {0xbc,0x14,0x3c,0xd4,0x52,0x40,0xbe,0x00}},
    {0x8fce, 8, {0x90,0x2e,0x2a,0xea,0x7a,0x48,0xbe,0x00}},
    {0x8fd1, 8, {0x84,0x58,0x10,0xde,0x54,0x64,0xbe,0x00}},
    {0x8fd4, 8, {0x9e,0x50,0x1e,0xda,0x54,0x6a,0xbe,0x00}},
    {0x8fda, 8, {0x88,0x3e,0xaa,0x3e,0xc8,0x48,0xbe,0x00}},
    {0x8fe2, 8, {0xbe,0x0a,0xb2,0x1e,0xd2,0x5e,0xbe,0x00}},
    {0x8fe5, 8, {0xbe,0x22,0xba,0x3a,0xe2,0x66,0xbe,0x00}},
    {0x8fe6, 8, {0x90,0x3e,0x1a,0xda,0x6e,0x40,0xbe,0x00}},
    {0x8fe9, 8, {0x90,0x1e,0x24,0xd4,0x66,0x4c,0xbe,0x00}},
    {0x8fea, 8, {0x88,0x3e,0xaa,0x3e,0xea,0x7e,0xbe,0x00}},
    {0x8feb, 8, {0x88,0x5e,0x12,0xde,0x52,0x5e,0xbe,0x00}},
    {0x8fed, 8, {0x8c,0x4e,0x14,0xde,0x44,0x5a,0xbe,0x00}},
    {0x8fef, 8, {0x94,0x1c,0xae,0x1c,0xd4,0x64,0xbe,0x00}},
    {0x8ff0, 8, {0x8a,0x3e,0x08,0xea,0x6a,0x48,0xbe,0x00}},
    {0x8ff4, 8, {0xbe,0x22,0xbe,0x36,0xfe,0x62,0xbe,0x00}},
    {0x8ff7, 8, {0xaa,0x08,0x3e,0xdc,0x6a,0x48,0xbe,0x00}},
    {0x8ff8, 8, {0x94,0x00,0xbe,0x14,0xfe,0x54,0xbe,0x00}},
    {0x8ff9, 8, {0x88,0x3e,0x94,0x36,0xd4,0x6c,0xbe,0x00}},
    {0x8ffa, 8, {0xbe,0x14,0xbe,0x36,0xe2,0x7e,0xbe,0x00}},
    {0x8ffd, 8, {0x88,0x5e,0x1e,0xd0,0x5e,0x52,0xbe,0x00}},
    {0x9000, 8, {0x9e,0x52,0x1e,0xd2,0x5c,0x56,0xbe,0x00}},
    {0x9001, 8, {0x94,0x3e,0x08,0xdc,0x48,0x54,0xbe,0x00}},
    {0x9003, 8, {0x94,0x36,0x14,0xf6,0x54,0x66,0xbe,0x00}},
    {0x9005, 8, {0x82,0x1c,0x90,0x1e,0xd0,0x66,0xbe,0x00}},
    {0x9006, 8, {0x94,0x3e,0x08,0xea,0x7e,0x50,0xbe,0x00}},
    {0x900b, 8, {0x8a,0x3e,0x88,0x1e,0xde,0x5a,0xbe,0x00}},
    {0x900d, 8, {0x94,0x2a,0x9c,0x14,0xdc,0x54,0xbe,0x00}},
    {0x900e, 8, {0xbe,0x14,0xbe,0x36,0xe2,0x7e,0xbe,0x00}},
    {0x900f, 8, {0x9c,0x3e,0x1c,0xea,0x4c,0x54,0xbe,0x00}},
    {0x9010, 8, {0xbe,0x50,0x1a,0xec,0x5a,0x68,0xbe,0x00}},
    {0x9011, 8, {0x8a,0x3e,0x88,0x2a,0xdc,0x6a,0xbe,0x00}},
    {0x9013, 8, {0x82,0x5c,0x14,0xde,0x56,0x64,0xbe,0x00}},
    {0x9014, 8, {0x88,0x14,0x3e,0xc8,0x6a,0x58,0xbe,0x00}},
    {0x9015, 8, {0x9e,0x0a,0x94,0x1e,0xc4,0x5e,0xbe,0x00}},
    {0x9016, 8, {0xac,0x34,0x9e,0x34,0xd4,0x6a,0xbe,0x00}},
    {0x9017, 8, {0x9e,0x40,0x1e,0xd2,0x4c,0x5e,0xbe,0x00}},
    {0x9019, 8, {0x8c,0x5e,0x00,0xcc,0x40,0x5e,0xbe,0x00}},
    {0x901a, 8, {0xbe,0x04,0x3e,0xea,0x7e,0x6a,0xbe,0x00}},
    {0x901d, 8, {0x92,0x3c,0x16,0xd6,0x7a,0x52,0xbe,0x00}},
    {0x901e, 8, {0x9c,0x14,0xbe,0x1c,0xc8,0x5c,0xbe,0x00}},
    {0x901f, 8, {0x88,0x7e,0x2a,0xfe,0x5c,0x6a,0xbe,0x00}},
    {0x9020, 8, {0x98,0x1c,0x28,0xfe,0x54,0x5c,0xbe,0x00}},
    {0x9021, 8, {0x92,0x3e,0x94,0x26,0xcc,0x5a,0xbe,0x00}},
    {0x9022, 8, {0x8c,0x34,0x1a,0xc8,0x7e,0x48,0xbe,0x00}},
    {0x9023, 8, {0x88,0x3e,0x1c,0xdc,0x7e,0x48,0xbe,0x00}},
    {0x9027, 8, {0x94,0x22,0x88,0x14,0xee,0x4c,0xbe,0x00}},
    {0x902e, 8, {0x88,0x3c,0x1c,0xea,0x5c,0x6a,0xbe,0x00}},
    {0x9031, 8, {0xbe,0x2a,0x3e,0xea,0x76,0x5e,0xbe,0x00}},
    {0x9032, 8, {0x94,0x1e,0x34,0xde,0x54,0x5e,0xbe,0x00}},
    {0x9035, 8, {0x88,0x1c,0xbe,0x16,0xe8,0x5e,0xbe,0x00}},
    {0x9036, 8, {0x9c,0x3e,0x9c,0x2a,0xdc,0x7a,0xbe,0x00}},
    {0x9038, 8, {0x8c,0x34,0x1e,0xda,0x4c,0x56,0xbe,0x00}},
    {0x9039, 8, {0x88,0x1c,0xbe,0x14,0xfe,0x48,0xbe,0x00}},
    {0x903c, 8, {0xbe,0x54,0x1c,0xc0,0x7e,0x6a,0xbe,0x00}},
    {0x903e, 8, {0xb8,0x14,0xae,0x00,0xda,0x5c,0xbe,0x00}},
    {0x9041, 8, {0x82,0x5c,0x1e,0xd4,0x6e,0x4e,0xbe,0x00}},
    {0x9042, 8, {0x94,0x3e,0x08,0xda,0x6c,0x5a,0xbe,0x00}},
    {0x9045, 8, {0x9e,0x5e,0x10,0xda,0x5e,0x64,0xbe,0x00}},
    {0x9047, 8, {0x9c,0x5c,0x08,0xfe,0x6e,0x7a,0xbe,0x00}},
    {0x9049, 8, {0x88,0x0e,0x9c,0x1c,0xdc,0x62,0xbe,0x00}},
    {0x904a, 8, {0x94,0x3e,0x16,0xda,0x6e,0x54,0xbe,0x00}},
    {0x904b, 8, {0xbe,0x2a,0x1c,0xdc,0x7e,0x48,0xbe,0x00}},
    {0x904d, 8, {0xbe,0x5c,0x10,0xde,0x6e,0x4a,0xbe,0x00}},
    {0x904e, 8, {0x8e,0x4a,0x0a,0xde,0x52,0x5a,0xbe,0x00}},
    {0x904f, 8, {0x9c,0x14,0x9e,0x32,0xda,0x46,0xbe,0x00}},
    {0x9050, 8, {0xb6,0x32,0xae,0x3a,0xe4,0x6a,0xbe,0x00}},
    {0x9051, 8, {0x88,0x1c,0x94,0x3e,0xc8,0x5c,0xbe,0x00}},
    {0x9052, 8, {0x94,0x22,0x9c,0x3e,0xf6,0x62,0xbe,0x00}},
    {0x9053, 8, {0x94,0x3e,0x08,0xd4,0x5c,0x54,0xbe,0x00}},
    {0x9054, 8, {0x88,0x1c,0x3e,0xd4,0x7e,0x48,0xbe,0x00}},
    {0x9055, 8, {0x9e,0x0a,0x3e,0xd4,0x7e,0x44,0xbe,0x00}},
    {0x9056, 8, {0x88,0x3e,0x88,0x3e,0xf6,0x6a,0xbe,0x00}},
    {0x9058, 8, {0x94,0x3e,0x94,0x3e,0xdc,0x7e,0xbe,0x00}},
    {0x9059, 8, {0x8c,0x34,0x88,0x1e,0xe4,0x56,0xbe,0x00}},
    {0x905c, 8, {0xbe,0x14,0x28,0xe4,0x5e,0x74,0xbe,0x00}},
    {0x905e, 8, {0xbe,0x26,0xbc,0x36,0xec,0x56,0xbe,0x00}},
    {0x9060, 8, {0x88,0x1c,0x3e,0xd4,0x5c,0x6a,0xbe,0x00}},
    {0x9061, 8, {0xae,0x7a,0x3e,0xda,0x6a,0x40,0xbe,0x00}},
    {0x9063, 8, {0x88,0x3e,0x2a,0xfe,0x5c,0x5e,0xbe,0x00}},
    {0x9065, 8, {0x86,0x3a,0x08,0xfe,0x48,0x6a,0xbe,0x00}},
    {0x9068, 8, {0x94,0x36,0xba,0x1a,0xec,0x5a,0xbe,0x00}},
    {0x9069, 8, {0x88,0x3e,0x14,0xfe,0x6a,0x76,0xbe,0x00}},
    {0x906d, 8, {0x94,0x3e,0x14,0xfe,0x7e,0x54,0xbe,0x00}},
    {0x906e, 8, {0x88,0x3e,0x2c,0xfe,0x40,0x6a,0xbe,0x00}},
    {0x906f, 8, {0xbe,0x2c,0xba,0x2c,0xfe,0x6c,0xbe,0x00}},
    {0x9072, 8, {0xbe,0x3e,0xb6,0x2c,0xfe,0x64,0xbe,0x00}},
    {0x9075, 8, {0x94,0x7e,0x36,0xe2,0x7e,0x4c,0xbe,0x00}},
    {0x9076, 8, {0x88,0x1c,0xbe,0x3e,0xd4,0x66,0xbe,0x00}},
    {0x9077, 8, {0xbe,0x5c,0x1c,0xea,0x50,0x5c,0xbe,0x00}},
    {0x9078, 8, {0xb6,0x12,0x24,0xf6,0x5c,0x62,0xbe,0x00}},
    {0x907a, 8, {0x88,0x3e,0x2a,0xfe,0x5c,0x62,0xbe,0x00}},
    {0x907c, 8, {0x88,0x3e,0x14,0xfe,0x54,0x6a,0xbe,0x00}},
    {0x907d, 8, {0x88,0x0e,0xb8,0x3e,0xec,0x5a,0xbe,0x00}},
    {0x907f, 8, {0xb4,0x3e,0x2a,0xf4,0x7e,0x44,0xbe,0x00}},
    {0x9080, 8, {0x94,0x36,0xba,0x1a,0xec,0x5a,0xbe,0x00}},
    {0x9081, 8, {0x94,0x3e,0x94,0x3e,0xee,0x7a,0xbe,0x00}},
    {0x9082, 8, {0x9e,0x2a,0x98,0x1a,0xde,0x6a,0xbe,0x00}},
    {0x9083, 8, {0x88,0x3e,0xb6,0x08,0xd6,0x6c,0xbe,0x00}},
    {0x9084, 8, {0xbe,0x3e,0x14,0xdc,0x6a,0x48,0xbe,0x00}},
    {0x9087, 8, {0xbe,0x1a,0xbe,0x16,0xda,0x56,0xbe,0x00}},
    {0x9089, 8, {0x88,0x14,0x9c,0x3e,0xea,0x54,0xbe,0x00}},
    {0x908a, 8, {0x88,0x14,0x9c,0x3e,0xee,0x54,0xbe,0x00}},
    {0x908f, 8, {0xbe,0x3e,0xa4,0x16,0xfc,0x56,0xbe,0x00}},
    {0x9091, 8, {0x78,0x48,0xfc,0x94,0xfc,0x82,0x7e,0x00}},
    {0x90a3, 8, {0xf6,0x56,0xf4,0x56,0xf6,0x54,0xb4,0x00}},
    {0x90a6, 8, {0x2e,0xfa,0x2c,0xfa,0x2a,0xfc,0x48,0x00}},
    {0x90a8, 8, {0x4e,0xfa,0x4c,0xda,0xfa,0x4c,0x68,0x00}},
    {0x90aa, 8, {0xfe,0xaa,0xac,0xfa,0x6a,0xac,0x68,0x00}},
    {0x90af, 8, {0x56,0xfe,0x54,0x76,0x56,0x54,0x74,0x00}},
    {0x90b1, 8, {0x16,0x66,0x44,0x7e,0x56,0x5c,0xe4,0x00}},
    {0x90b5, 8, {0xf6,0x56,0x94,0x36,0xf6,0x94,0xf4,0x00}},
    {0x90b8, 8, {0x16,0xe6,0xa4,0xf6,0xa6,0x94,0xec,0x00}},
    {0x90c1, 8, {0x4e,0xfa,0x4c,0x7a,0xda,0x7c,0x58,0x00}},
    {0x90ca, 8, {0x2e,0xfa,0x5c,0x8a,0x5a,0x2c,0xd8,0x00}},
    {0x90ce, 8, {0x4e,0xea,0xac,0xea,0x8a,0xac,0xe8,0x00}},
    {0x90db, 8, {0x76,0xae,0x04,0x76,0x16,0xfc,0x24,0x00}},
    {0x90e1, 8, {0xf6,0x56,0xfc,0x56,0x66,0xf4,0x74,0x00}},
    {0x90e2, 8, {0x76,0x56,0xfc,0x26,0x76,0x3c,0xe4,0x00}},
    {0x90e4, 8, {0x5e,0x8a,0x2c,0x5a,0x8a,0x6c,0x68,0x00}},
    {0x90e8, 8, {0x2e,0xfa,0x5c,0xfa,0x0a,0x6c,0x68,0x00}},
    {0x90ed, 8, {0x2e,0xfa,0x5c,0x7a,0x3a,0xec,0x28,0x00}},
    {0x90f5, 8, {0x7e,0x2a,0xfc,0x6a,0xfa,0x2c,0xf8,0x00}},
    {0x90f7, 8, {0x46,0xbe,0x6c,0xbe,0xe6,0x6c,0xb4,0x00}},
    {0x90fd, 8, {0x2e,0x7a,0x2c,0xfa,0x4a,0xbc,0x38,0x00}},
    {0x9102, 8, {0xde,0xda,0x6c,0xfa,0x4a,0x2c,0x68,0x00}},
    {0x9112, 8, {0x4e,0x7a,0xbc,0x4a,0x7a,0xbc,0x48,0x00}},
    {0x9119, 8, {0x76,0x56,0x24,0xfe,0x76,0x74,0x74,0x00}},
    {0x912d, 8, {0x56,0xfe,0xdc,0x8e,0xfe,0x24,0xdc,0x00}},
    {0x9130, 8, {0xae,0x76,0xac,0x06,0xd6,0x7c,0x94,0x00}},
    {0x9132, 8, {0xde,0xda,0x6c,0x6a,0x6a,0xfc,0x28,0x00}},
    {0x9149, 8, {0xfe,0x28,0xfe,0xaa,0xce,0xfe,0xfe,0x00}},
    {0x914a, 8, {0xfe,0x44,0xe4,0xe4,0xa4,0xe4,0xec,0x00}},
    {0x914b, 8, {0x44,0xfe,0x28,0x7c,0x6c,0x44,0x7c,0x00}},
    {0x914c, 8, {0xe8,0x4e,0xf2,0xea,0xa6,0xe2,0xe6,0x00}},
    {0x914d, 8, {0xee,0x42,0xe2,0xee,0xa8,0xea,0xee,0x00}},
    {0x914e, 8, {0xe4,0x5e,0xe4,0xf4,0xac,0xe4,0xec,0x00}},
    {0x9152, 8, {0xbe,0x14,0xbe,0x36,0xa2,0xbe,0xbe,0x00}},
    {0x9154, 8, {0xe8,0x5c,0xec,0xf6,0xa8,0xfe,0xe8,0x00}},
    {0x9156, 8, {0xe8,0x5e,0xfa,0xe8,0xac,0xec,0xf6,0x00}},
    {0x9158, 8, {0xee,0x4a,0xe0,0xee,0xaa,0xe4,0xfa,0x00}},
    {0x9162, 8, {0xe8,0x4e,0xf8,0xee,0xa8,0xee,0xe8,0x00}},
    {0x9163, 8, {0xea,0x5e,0xea,0xee,0xaa,0xea,0xee,0x00}},
    {0x9165, 8, {0xee,0x44,0xfe,0xe4,0xac,0xf6,0xe4,0x00}},
    {0x9169, 8, {0xee,0x4a,0xf4,0xe8,0xbe,0xea,0xee,0x00}},
    {0x916a, 8, {0xe6,0x4a,0xe4,0xea,0xb0,0xee,0xee,0x00}},
    {0x916c, 8, {0xea,0x4a,0xfe,0xfe,0xaa,0xea,0xea,0x00}},
    {0x9172, 8, {0xee,0x4a,0xe6,0xfc,0xae,0xe4,0xee,0x00}},
    {0x9173, 8, {0xe4,0x48,0xe4,0xfe,0xaa,0xee,0xea,0x00}},
    {0x9175, 8, {0xea,0x5c,0xc8,0xfe,0xd4,0xee,0xc4,0x00}},
    {0x9177, 8, {0xec,0x4e,0xf4,0xfe,0xa0,0xee,0xee,0x00}},
    {0x9178, 8, {0xea,0x5e,0xea,0xf2,0xac,0xf4,0xea,0x00}},
    {0x9182, 8, {0xea,0x5e,0xea,0xfe,0xbe,0xea,0xea,0x00}},
    {0x9187, 8, {0xe4,0x5e,0xea,0xee,0xa2,0xfe,0xe4,0x00}},
    {0x9189, 8, {0xe8,0x5e,0xf4,0xf4,0xaa,0xfe,0xe8,0x00}},
    {0x918b, 8, {0xea,0x5e,0xea,0xfe,0xae,0xea,0xee,0x00}},
    {0x918d, 8, {0xec,0x4c,0xfe,0xe4,0xb6,0xf4,0xee,0x00}},
    {0x9190, 8, {0xd6,0x7e,0xd6,0xfe,0xee,0xfe,0xca,0x00}},
    {0x9192, 8, {0xee,0x4a,0xee,0xf4,0xae,0xe4,0xfe,0x00}},
    {0x9197, 8, {0xfa,0x54,0xe2,0xdc,0xfe,0xd4,0xe6,0x00}},
    {0x919c, 8, {0xe8,0x5e,0xfa,0xfe,0xbe,0xec,0xf6,0x00}},
    {0x91a2, 8, {0xe8,0x5e,0xe8,0xf6,0xa6,0xec,0xfe,0x00}},
    {0x91a4, 8, {0x7e,0xd4,0x4c,0xfe,0x6c,0x44,0x7c,0x00}},
    {0x91aa, 8, {0xfe,0x4a,0xe4,0xea,0xb4,0xe2,0xec,0x00}},
    {0x91ab, 8, {0xfe,0xca,0xf4,0xaa,0xfe,0x6c,0x7c,0x00}},
    {0x91af, 8, {0xe4,0x5e,0xe8,0xee,0xb6,0xec,0xfe,0x00}},
    {0x91b4, 8, {0xea,0x5e,0xfe,0xfe,0xb2,0xec,0xfe,0x00}},
    {0x91b5, 8, {0xe8,0x4e,0xf8,0xf6,0xac,0xf6,0xec,0x00}},
    {0x91b8, 8, {0xc8,0x7e,0xd4,0xf6,0xfe,0xd4,0xda,0x00}},
    {0x91ba, 8, {0xec,0x5e,0xec,0xec,0xbe,0xe0,0xf6,0x00}},
    {0x91c0, 8, {0xc8,0x7e,0xf6,0xdc,0xfe,0xf4,0xda,0x00}},
    {0x91c1, 8, {0x2c,0x54,0xfe,0x44,0x7c,0x5c,0xaa,0x00}},
    {0x91c6, 8, {0x0e,0xf0,0x54,0xfe,0x10,0x38,0xd6,0x00}},
    {0x91c7, 8, {0x0e,0xf0,0x54,0x08,0xfe,0x38,0xd6,0x00}},
    {0x91c8, 8, {0xfe,0x2a,0xba,0x2c,0xfc,0x6a,0xb2,0x00}},
    {0x91c9, 8, {0xf4,0x24,0xbe,0x2e,0xfe,0x7e,0xae,0x00}},
    {0x91cb, 8, {0xfe,0x3e,0xa4,0x3e,0xea,0x7e,0xa4,0x00}},
    {0x91cc, 8, {0x7c,0x54,0x7c,0x54,0x7c,0x10,0xfe,0x00}},
    {0x91cd, 8, {0x38,0xfe,0x54,0x7c,0x54,0x38,0xfe,0x00}},
    {0x91ce, 8, {0xfe,0xb2,0xf4,0xbe,0xf6,0x24,0xfc,0x00}},
    {0x91cf, 8, {0x7c,0x44,0xfe,0x54,0x7c,0x10,0xfe,0x00}},
    {0x91d0, 8, {0x26,0x7a,0xf4,0x7a,0x7e,0x5c,0xbe,0x00}},
    {0x91d1, 8, {0x10,0x28,0xfe,0x10,0xfe,0x54,0xfe,0x00}},
    {0x91d6, 8, {0x5e,0xaa,0xea,0x4a,0xea,0x6a,0xd6,0x00}},
    {0x91d8, 8, {0x5e,0xa4,0xe4,0x44,0xe4,0x64,0xcc,0x00}},
    {0x91db, 8, {0x48,0xbe,0xea,0x4a,0xea,0x6a,0xd6,0x00}},
    {0x91dc, 8, {0x28,0xc6,0x38,0xd6,0x38,0x54,0xfe,0x00}},
    {0x91dd, 8, {0x44,0xa4,0xfe,0x44,0xe4,0x64,0xc4,0x00}},
    {0x91df, 8, {0x54,0xb4,0xf4,0x54,0xf4,0x54,0xe2,0x00}},
    {0x91e1, 8, {0x28,0x44,0x10,0xee,0x38,0x54,0xfe,0x00}},
    {0x91e3, 8, {0x48,0xae,0xf2,0x4a,0xe6,0x62,0xc6,0x00}},
    {0x91e6, 8, {0x20,0x5e,0xfa,0x2a,0xfa,0x7a,0xee,0x00}},
    {0x91e7, 8, {0x52,0xba,0xfa,0x5a,0xfa,0x52,0xe2,0x00}},
    {0x91f5, 8, {0x7e,0xaa,0xe2,0x54,0xe8,0x54,0xe2,0x00}},
    {0x91f6, 8, {0x44,0xb4,0xfe,0x56,0xf4,0x72,0xde,0x00}},
    {0x91fc, 8, {0x5e,0xaa,0xfa,0x4a,0xee,0x6a,0xd6,0x00}},
    {0x91ff, 8, {0x42,0xac,0xe8,0x4e,0xea,0x6a,0xd2,0x00}},
    {0x920d, 8, {0x48,0xbe,0xc8,0x6a,0xfe,0x48,0xce,0x00}},
    {0x920e, 8, {0x48,0xae,0xf2,0x4a,0xf2,0x7e,0xc2,0x00}},
    {0x9211, 8, {0x5e,0xb0,0xfe,0x5a,0xfa,0x64,0xda,0x00}},
    {0x9214, 8, {0x48,0xbc,0xda,0x68,0xca,0x64,0xd8,0x00}},
    {0x9215, 8, {0x7c,0xb4,0xd4,0x7e,0xd4,0x54,0xfe,0x00}},
    {0x921e, 8, {0x48,0xae,0xf2,0x4a,0xe6,0x6a,0xc6,0x00}},
    {0x9229, 8, {0x5e,0xa0,0xee,0x4a,0xee,0x68,0xd0,0x00}},
    {0x922c, 8, {0x5e,0xb2,0xfe,0x54,0xf4,0x52,0xe2,0x00}},
    {0x9234, 8, {0x48,0xb4,0xee,0x40,0xfe,0x6a,0xc8,0x00}},
    {0x9237, 8, {0x44,0xa4,0xfe,0x44,0xee,0x6a,0xce,0x00}},
    {0x923f, 8, {0x5e,0xb6,0xf6,0x5e,0xf6,0x76,0xde,0x00}},
    {0x9244, 8, {0x4c,0xae,0xf4,0x5e,0xe4,0x64,0xda,0x00}},
    {0x9245, 8, {0x5e,0xb0,0xfe,0x52,0xfe,0x70,0xde,0x00}},
    {0x9248, 8, {0x44,0xbe,0xf2,0x48,0xee,0x68,0xce,0x00}},
    {0x9249, 8, {0x44,0xbe,0xe8,0x5a,0xe4,0x6a,0xde,0x00}},
    {0x924b, 8, {0x48,0xae,0xf2,0x4e,0xee,0x68,0xce,0x00}},
    {0x9250, 8, {0x5e,0xa8,0xe8,0x4e,0xfa,0x6a,0xce,0x00}},
    {0x9257, 8, {0x4a,0xbe,0xea,0x4e,0xea,0x6a,0xce,0x00}},
    {0x925a, 8, {0x56,0xa6,0xf6,0x76,0xf6,0x54,0xe4,0x00}},
    {0x925b, 8, {0x4a,0xaa,0xea,0x50,0xee,0x6a,0xce,0x00}},
    {0x925e, 8, {0x44,0xbe,0xf4,0x54,0xf6,0x74,0xda,0x00}},
    {0x9262, 8, {0x48,0xbe,0xc8,0x5c,0xea,0x5c,0xc8,0x00}},
    {0x9264, 8, {0x48,0xae,0xf2,0x4e,0xee,0x62,0xc6,0x00}},
    {0x9266, 8, {0x5e,0xa4,0xe4,0x56,0xf4,0x74,0xde,0x00}},
    {0x9271, 8, {0x44,0xbe,0xf0,0x54,0xf4,0x6a,0xce,0x00}},
    {0x927e, 8, {0x48,0xb2,0xfe,0x5c,0xe8,0x7e,0xc8,0x00}},
    {0x9280, 8, {0x5e,0xb2,0xfe,0x52,0xfe,0x74,0xda,0x00}},
    {0x9283, 8, {0x48,0xbe,0xd4,0x7a,0xd4,0x54,0xe6,0x00}},
    {0x9285, 8, {0x5e,0xb2,0xfe,0x52,0xfe,0x7e,0xd2,0x00}},
    {0x9291, 8, {0x58,0xbc,0xe8,0x7e,0xd4,0x54,0xe6,0x00}},
    {0x9293, 8, {0x5c,0xaa,0xfe,0x44,0xee,0x64,0xde,0x00}},
    {0x9295, 8, {0x48,0xbe,0xfc,0x58,0xfe,0x6a,0xd6,0x00}},
    {0x9296, 8, {0x58,0xbc,0xe8,0x7e,0xc8,0x5c,0xea,0x00}},
    {0x9298, 8, {0x4e,0xaa,0xf4,0x48,0xfe,0x6a,0xce,0x00}},
    {0x929a, 8, {0x54,0xb6,0xf4,0x56,0xf4,0x74,0xe6,0x00}},
    {0x929b, 8, {0x42,0xac,0xfe,0x44,0xee,0x6a,0xce,0x00}},
    {0x929c, 8, {0x56,0xa8,0x7e,0xd2,0x7a,0x5a,0x76,0x00}},
    {0x92ad, 8, {0x4a,0xbe,0xe8,0x5c,0xea,0x64,0xda,0x00}},
    {0x92b7, 8, {0x54,0xaa,0xd4,0x5c,0xd4,0x5c,0xd4,0x00}},
    {0x92b9, 8, {0x5c,0xbe,0xdc,0x6a,0xfc,0x56,0xe2,0x00}},
    {0x92cf, 8, {0x48,0xbe,0xfc,0x5c,0xea,0x48,0xf6,0x00}},
    {0x92d2, 8, {0x4c,0xb4,0xc8,0x76,0xc8,0x7e,0xc8,0x00}},
    {0x92e4, 8, {0x44,0xbc,0xee,0x7e,0xee,0x7a,0xea,0x00}},
    {0x92e9, 8, {0x4a,0xbe,0xe4,0x5e,0xe8,0x68,0xce,0x00}},
    {0x92ea, 8, {0x4a,0xbe,0xc8,0x7e,0xea,0x7e,0xea,0x00}},
    {0x92ed, 8, {0x54,0xbe,0xe2,0x7e,0xd4,0x54,0xe6,0x00}},
    {0x92f2, 8, {0x44,0xb8,0xde,0x54,0xfe,0x40,0xe2,0x00}},
    {0x92f3, 8, {0x48,0xbc,0xfe,0x54,0xfe,0x64,0xd4,0x00}},
    {0x92f8, 8, {0x5e,0xbe,0xf4,0x5e,0xf4,0x6a,0xce,0x00}},
    {0x92fa, 8, {0x48,0xbe,0xe2,0x5e,0xea,0x58,0xee,0x00}},
    {0x92fc, 8, {0x7e,0xa2,0xf6,0x6a,0xf6,0x7e,0xe2,0x00}},
    {0x9306, 8, {0x44,0xae,0xe4,0x5e,0xea,0x6e,0xca,0x00}},
    {0x930f, 8, {0x7e,0xb4,0xf6,0x62,0xf6,0x54,0xfe,0x00}},
    {0x9310, 8, {0x54,0xbe,0xf4,0x5e,0xf4,0x74,0xde,0x00}},
    {0x9318, 8, {0x5c,0xa8,0xfe,0x54,0xfe,0x48,0xfe,0x00}},
    {0x9319, 8, {0x4a,0xb4,0xea,0x5e,0xfe,0x76,0xde,0x00}},
    {0x931a, 8, {0x5c,0xaa,0xdc,0x4c,0xfe,0x4c,0xd8,0x00}},
    {0x9320, 8, {0x44,0xbe,0xee,0x44,0xd6,0x54,0xee,0x00}},
    {0x9322, 8, {0x4a,0xbe,0xe4,0x4a,0xfe,0x64,0xda,0x00}},
    {0x9323, 8, {0x7e,0xb4,0xea,0x7e,0xea,0x54,0xea,0x00}},
    {0x9326, 8, {0x48,0xbc,0xd4,0x5c,0xfe,0x6a,0xc8,0x00}},
    {0x9328, 8, {0x54,0xbe,0xd4,0x7e,0xfe,0x6a,0xfe,0x00}},
    {0x932b, 8, {0x5e,0xb2,0xfe,0x48,0xee,0x76,0xca,0x00}},
    {0x932c, 8, {0x48,0xbe,0xdc,0x5c,0xc8,0x5c,0xea,0x00}},
    {0x932e, 8, {0x7e,0xaa,0xfe,0x6a,0xf6,0x7e,0xfe,0x00}},
    {0x932f, 8, {0x54,0xbe,0xd4,0x7e,0xdc,0x54,0xdc,0x00}},
    {0x9332, 8, {0x5c,0xa4,0xfe,0x48,0xea,0x5c,0xea,0x00}},
    {0x9335, 8, {0x54,0xbe,0xe4,0x54,0xf6,0x74,0xd6,0x00}},
    {0x933a, 8, {0x4a,0xbe,0xe4,0x5e,0xe8,0x6e,0xd2,0x00}},
    {0x933b, 8, {0x5a,0xa4,0xfe,0x44,0xf4,0x7c,0xda,0x00}},
    {0x9344, 8, {0x48,0xbe,0xd4,0x5c,0xc8,0x6a,0xd8,0x00}},
    {0x934b, 8, {0x4e,0xaa,0xea,0x5e,0xf2,0x7a,0xda,0x00}},
    {0x934d, 8, {0x48,0xbe,0xec,0x7e,0xea,0x64,0xda,0x00}},
    {0x9354, 8, {0x5a,0xba,0xec,0x5e,0xec,0x62,0xc6,0x00}},
    {0x9356, 8, {0x54,0xbe,0xd4,0x54,0xfe,0x68,0xfe,0x00}},
    {0x935b, 8, {0x4e,0xb6,0xf8,0x56,0xfa,0x74,0xda,0x00}},
    {0x935c, 8, {0x76,0xb2,0xe6,0x7e,0xea,0x74,0xea,0x00}},
    {0x9360, 8, {0x44,0xae,0xea,0x4e,0xfe,0x64,0xde,0x00}},
    {0x936c, 8, {0x54,0xb4,0xfe,0x5c,0xf4,0x74,0xda,0x00}},
    {0x936e, 8, {0x58,0xb4,0xee,0x40,0xfa,0x7c,0xda,0x00}},
    {0x9375, 8, {0x5a,0xae,0xea,0x56,0xea,0x68,0xd6,0x00}},
    {0x937c, 8, {0x44,0xbe,0xe4,0x7c,0xe6,0x7c,0xda,0x00}},
    {0x937e, 8, {0x42,0xac,0xfe,0x4e,0xee,0x64,0xde,0x00}},
    {0x938c, 8, {0x54,0xbe,0xdc,0x4e,0xfc,0x5c,0xea,0x00}},
    {0x9394, 8, {0x48,0xbe,0xf6,0x48,0xd4,0x6e,0xcc,0x00}},
    {0x9396, 8, {0x56,0xa4,0xfe,0x52,0xfe,0x60,0xd2,0x00}},
    {0x9397, 8, {0x44,0xaa,0xfc,0x4c,0xe8,0x6e,0xd6,0x00}},
    {0x939a, 8, {0x52,0xa6,0xe6,0x54,0xf6,0x76,0xde,0x00}},
    {0x93a7, 8, {0x56,0xbe,0xe0,0x5e,0xf2,0x6c,0xde,0x00}},
    {0x93ac, 8, {0x48,0xbe,0xd4,0x5c,0xfe,0x62,0xea,0x00}},
    {0x93ad, 8, {0x48,0xae,0xec,0x5c,0xfe,0x60,0xd2,0x00}},
    {0x93ae, 8, {0x44,0xbe,0xec,0x4c,0xfe,0x60,0xd2,0x00}},
    {0x93b0, 8, {0x54,0xa2,0xdc,0x54,0xe2,0x5c,0xfe,0x00}},
    {0x93b9, 8, {0x54,0xaa,0xf0,0x4e,0xf4,0x7a,0xde,0x00}},
    {0x93c3, 8, {0x54,0xbe,0xd6,0x5c,0xee,0x4c,0xda,0x00}},
    {0x93c8, 8, {0x54,0xae,0xdc,0x4c,0xee,0x74,0xde,0x00}},
    {0x93d0, 8, {0x5e,0xaa,0xe4,0x4a,0xf4,0x62,0xcc,0x00}},
    {0x93d1, 8, {0x48,0xbe,0xd4,0x7e,0xea,0x76,0xfe,0x00}},
    {0x93d6, 8, {0x08,0x7e,0x5c,0x7e,0x9c,0x2a,0x7e,0x00}},
    {0x93d7, 8, {0x7e,0xba,0xf4,0x4a,0xdc,0x48,0xfe,0x00}},
    {0x93d8, 8, {0x56,0xba,0xf4,0x5e,0xf2,0x7a,0xd6,0x00}},
    {0x93dd, 8, {0x4e,0xaa,0xfe,0x5e,0xea,0x64,0xda,0x00}},
    {0x93e1, 8, {0x48,0xbe,0xd4,0x7e,0xdc,0x5c,0xe6,0x00}},
    {0x93e4, 8, {0x48,0xbc,0xf6,0x5c,0xfe,0x54,0xfa,0x00}},
    {0x93e5, 8, {0x48,0xbe,0xf2,0x4e,0xf4,0x76,0xd6,0x00}},
    {0x93e8, 8, {0x2e,0xf8,0x6e,0xf4,0xfe,0x54,0xfe,0x00}},
    {0x9403, 8, {0x48,0xbc,0xfe,0x76,0xfe,0x54,0xe6,0x00}},
    {0x9407, 8, {0x5e,0xac,0xfe,0x4c,0xf6,0x6c,0xcc,0x00}},
    {0x9410, 8, {0x48,0xbe,0xd4,0x7e,0xd4,0x48,0xea,0x00}},
    {0x9413, 8, {0x54,0xbe,0xee,0x76,0xde,0x74,0xda,0x00}},
    {0x9414, 8, {0x5e,0xac,0xe0,0x4c,0xec,0x7e,0xc4,0x00}},
    {0x9418, 8, {0x48,0xbe,0xd4,0x7e,0xdc,0x48,0xfe,0x00}},
    {0x9419, 8, {0x5a,0xb4,0xe2,0x5c,0xd4,0x48,0xfe,0x00}},
    {0x941a, 8, {0x5e,0xac,0xfe,0x5e,0xe0,0x7a,0xd6,0x00}},
    {0x9421, 8, {0x56,0xbc,0xfe,0x7c,0xee,0x54,0xfa,0x00}},
    {0x942b, 8, {0x54,0xbe,0xf4,0x5e,0xf6,0x6a,0xe2,0x00}},
    {0x9435, 8, {0x56,0xbc,0xfe,0x6c,0xfe,0x54,0xfa,0x00}},
    {0x9436, 8, {0x5e,0xb6,0xfe,0x52,0xfe,0x74,0xda,0x00}},
    {0x9438, 8, {0x7e,0xbe,0xc8,0x7e,0xd4,0x7e,0xc8,0x00}},
    {0x943a, 8, {0x6a,0xbc,0xf6,0x5c,0xfe,0x6a,0xfe,0x00}},
    {0x9441, 8, {0x76,0xaa,0xf6,0x7e,0xd4,0x68,0xd6,0x00}},
    {0x9444, 8, {0x48,0xbc,0xfe,0x48,0xfe,0x74,0xcc,0x00}},
    {0x9451, 8, {0x54,0xb6,0xf0,0x56,0xe0,0x6c,0xde,0x00}},
    {0x9452, 8, {0xe8,0xce,0xee,0x38,0xfe,0x54,0xfe,0x00}},
    {0x9453, 8, {0x54,0xae,0xee,0x54,0xf6,0x76,0xde,0x00}},
    {0x945a, 8, {0x54,0xbe,0xd4,0x6a,0xdc,0x5c,0xe2,0x00}},
    {0x945b, 8, {0x48,0xbe,0xec,0x7e,0xec,0x6c,0xd2,0x00}},
    {0x945e, 8, {0x4a,0xb4,0xfe,0x56,0xfa,0x5e,0xea,0x00}},
    {0x9460, 8, {0x5a,0xac,0xda,0x6c,0xfe,0x5c,0xea,0x00}},
    {0x9462, 8, {0x48,0xae,0xf8,0x6e,0xec,0x7a,0xd6,0x00}},
    {0x946a, 8, {0x44,0xa6,0xfc,0x56,0xf0,0x6c,0xde,0x00}},
    {0x9470, 8, {0x48,0xb4,0xfe,0x5c,0xfe,0x7e,0xea,0x00}},
    {0x9475, 8, {0x54,0xbe,0xf6,0x54,0xde,0x74,0xde,0x00}},
    {0x9477, 8, {0x5e,0xac,0xfe,0x44,0xf6,0x7e,0xd2,0x00}},
    {0x947c, 8, {0x7e,0xaa,0xfe,0x64,0xd6,0x7c,0xd6,0x00}},
    {0x947d, 8, {0x68,0xbe,0xd4,0x6a,0xdc,0x5c,0xe2,0x00}},
    {0x947e, 8, {0x54,0xb8,0x54,0xee,0x38,0x54,0xfe,0x00}},
    {0x947f, 8, {0xae,0x7a,0xf4,0x7a,0xfe,0x54,0xfe,0x00}},
    {0x9481, 8, {0x76,0xb6,0xdc,0x5e,0xd4,0x48,0xf6,0x00}},
    {0x9577, 8, {0x3c,0x20,0x38,0x20,0xfe,0x28,0x76,0x00}},
    {0x9580, 8, {0xee,0xaa,0xee,0x82,0x82,0x82,0x86,0x00}},
    {0x9582, 8, {0xee,0xaa,0xee,0x82,0xba,0x82,0x86,0x00}},
    {0x9583, 8, {0xee,0xaa,0xee,0x92,0x92,0xaa,0xc6,0x00}},
    {0x9587, 8, {0xee,0xaa,0xee,0xba,0x92,0x9a,0x92,0x00}},
    {0x9589, 8, {0xee,0xaa,0xee,0x92,0xfa,0xb2,0xd6,0x00}},
    {0x958a, 8, {0xee,0xaa,0xee,0x92,0xd6,0xfe,0x82,0x00}},
    {0x958b, 8, {0xee,0xee,0x82,0xfe,0xaa,0xfe,0xaa,0x00}},
    {0x958f, 8, {0xee,0xaa,0xfe,0x92,0xba,0x92,0xba,0x00}},
    {0x9591, 8, {0xee,0xee,0x92,0xfe,0xba,0xd6,0x92,0x00}},
    {0x9593, 8, {0xee,0xaa,0xfe,0xaa,0xba,0xaa,0xba,0x00}},
    {0x9594, 8, {0xee,0xee,0x92,0xfe,0xaa,0x92,0xee,0x00}},
    {0x9596, 8, {0xee,0xaa,0xee,0x92,0xf6,0xba,0xd6,0x00}},
    {0x9598, 8, {0xee,0xaa,0xee,0x82,0xba,0xba,0x92,0x00}},
    {0x9599, 8, {0xee,0xee,0x92,0xfe,0xbe,0xb6,0x92,0x00}},
    {0x95a0, 8, {0xee,0xaa,0xfe,0x92,0xba,0x96,0xba,0x00}},
    {0x95a2, 8, {0xee,0xee,0xaa,0x92,0xfe,0x92,0xaa,0x00}},
    {0x95a3, 8, {0xee,0xee,0x9a,0xaa,0x92,0xee,0xba,0x00}},
    {0x95a4, 8, {0xee,0xee,0x92,0xaa,0xfe,0xaa,0xba,0x00}},
    {0x95a5, 8, {0xee,0xee,0x82,0xae,0xfa,0xaa,0xb6,0x00}},
    {0x95a7, 8, {0xee,0xee,0xaa,0xfe,0xaa,0xfe,0xc6,0x00}},
    {0x95a8, 8, {0xee,0xee,0x92,0xba,0xfe,0xba,0xfe,0x00}},
    {0x95ad, 8, {0xee,0xee,0xba,0xaa,0xfa,0xca,0xfa,0x00}},
    {0x95b2, 8, {0xee,0xee,0xaa,0xba,0xaa,0x9a,0xee,0x00}},
    {0x95b9, 8, {0xee,0xee,0x92,0xfe,0xbe,0xda,0x8e,0x00}},
    {0x95bb, 8, {0xee,0xee,0x9a,0xaa,0x9e,0xa6,0xbe,0x00}},
    {0x95bc, 8, {0xee,0xee,0xaa,0xf6,0xaa,0xb6,0xda,0x00}},
    {0x95be, 8, {0xee,0xee,0x8a,0xfe,0xea,0x8a,0xe6,0x00}},
    {0x95c3, 8, {0xee,0xee,0xba,0xaa,0xfe,0x92,0xee,0x00}},
    {0x95c7, 8, {0xee,0xee,0x92,0xfe,0xaa,0xfe,0xba,0x00}},
    {0x95ca, 8, {0xee,0xee,0xda,0xbe,0xca,0x96,0xde,0x00}},
    {0x95cc, 8, {0xee,0xee,0x92,0xfe,0xba,0xba,0xd6,0x00}},
    {0x95cd, 8, {0xee,0xee,0x96,0xba,0xfe,0xba,0xda,0x00}},
    {0x95d4, 8, {0xee,0xee,0x9a,0xbe,0xb6,0x9a,0xbe,0x00}},
    {0x95d5, 8, {0xee,0xee,0xd2,0xbe,0xee,0xaa,0xd6,0x00}},
    {0x95d6, 8, {0xee,0xee,0xba,0xb2,0xbe,0x86,0xd6,0x00}},
    {0x95d8, 8, {0xee,0xee,0x82,0xf6,0xde,0xa6,0xf6,0x00}},
    {0x95dc, 8, {0xee,0xee,0xa6,0xca,0xfe,0xae,0xca,0x00}},
    {0x95e1, 8, {0xee,0xee,0xee,0xba,0xba,0xfe,0x92,0x00}},
    {0x95e2, 8, {0xee,0xee,0xea,0xfe,0xd6,0xfe,0xea,0x00}},
    {0x95e5, 8, {0xee,0xee,0xca,0x9e,0xfe,0xaa,0xde,0x00}},
    {0x961c, 8, {0x10,0x78,0x48,0x7c,0x44,0xfe,0x10,0x00}},
    {0x9621, 8, {0xe2,0xac,0xc4,0xbe,0xa4,0xc4,0x84,0x00}},
    {0x9628, 8, {0xde,0xd0,0x9e,0xda,0xda,0x98,0xae,0x00}},
    {0x962a, 8, {0xde,0xd0,0x9e,0xda,0xda,0xa4,0x9a,0x00}},
    {0x962e, 8, {0xdc,0xc0,0xbe,0xd4,0xd4,0x94,0xa6,0x00}},
    {0x962f, 8, {0xc4,0xc4,0x96,0xd4,0xd4,0x94,0xbe,0x00}},
    {0x9632, 8, {0xe4,0xbe,0xc8,0xae,0xaa,0xca,0x96,0x00}},
    {0x963b, 8, {0xdc,0xd4,0x9c,0xd4,0xdc,0x94,0xbe,0x00}},
    {0x963f, 8, {0xfe,0xa2,0xde,0xb6,0xbe,0xc2,0x86,0x00}},
    {0x9640, 8, {0xe4,0xbe,0xd2,0xa8,0xae,0xc8,0x8e,0x00}},
    {0x9642, 8, {0xc4,0xde,0x96,0xde,0xda,0x94,0xaa,0x00}},
    {0x9644, 8, {0xea,0xb6,0xd2,0xba,0xb2,0xd2,0x96,0x00}},
    {0x964b, 8, {0xee,0xa4,0xde,0xb6,0xba,0xd0,0x9e,0x00}},
    {0x964c, 8, {0xde,0xc8,0x9e,0xd2,0xde,0x92,0x9e,0x00}},
    {0x964d, 8, {0xcc,0xd4,0x88,0xf6,0xdc,0xbe,0x84,0x00}},
    {0x964f, 8, {0xe8,0xbe,0xc8,0xae,0xba,0xce,0x8a,0x00}},
    {0x9650, 8, {0xfe,0xb2,0xde,0xb2,0xbe,0xd4,0x9a,0x00}},
    {0x965b, 8, {0xe4,0xf6,0xa4,0xf6,0xdc,0x88,0xbe,0x00}},
    {0x965c, 8, {0xc8,0xfe,0x9c,0xdc,0xea,0x88,0xb6,0x00}},
    {0x965d, 8, {0xc8,0xfe,0x9c,0xdc,0xea,0x88,0xb6,0x00}},
    {0x965e, 8, {0xcc,0xf4,0xbe,0xd4,0xe4,0x88,0xbe,0x00}},
    {0x965f, 8, {0xe4,0xb6,0xd4,0xbe,0xaa,0xc4,0x98,0x00}},
    {0x9662, 8, {0xc8,0xfe,0xae,0xc0,0xfe,0x94,0xa6,0x00}},
    {0x9663, 8, {0xc8,0xfe,0x9c,0xdc,0xdc,0xbe,0x88,0x00}},
    {0x9664, 8, {0xc8,0xd4,0xbe,0xc8,0xfe,0x88,0xaa,0x00}},
    {0x9665, 8, {0xee,0xb2,0xc4,0xb6,0xb6,0xd6,0x96,0x00}},
    {0x9666, 8, {0xc8,0xdc,0xbe,0xd4,0xfe,0xa4,0x94,0x00}},
    {0x966a, 8, {0xc8,0xfe,0x94,0xfe,0xc0,0x9c,0x9c,0x00}},
    {0x966c, 8, {0xf8,0xde,0x9a,0xda,0xdc,0xba,0x88,0x00}},
    {0x9670, 8, {0xc8,0xd4,0xba,0xc8,0xfe,0x94,0xba,0x00}},
    {0x9672, 8, {0xdc,0xc8,0xbe,0xd4,0xfe,0x88,0xbe,0x00}},
    {0x9673, 8, {0xc8,0xfe,0x9c,0xdc,0xc8,0x9c,0xaa,0x00}},
    {0x9675, 8, {0xc8,0xdc,0x88,0xfe,0xd4,0xa8,0x96,0x00}},
    {0x9676, 8, {0xd0,0xde,0xaa,0xde,0xca,0xae,0xbe,0x00}},
    {0x9677, 8, {0xee,0xb2,0xc4,0xb6,0xb2,0xd6,0x9e,0x00}},
    {0x9678, 8, {0xc8,0xdc,0xbe,0xd4,0xe6,0x88,0xbe,0x00}},
    {0x967a, 8, {0xc8,0xd4,0xbe,0xea,0xfe,0x88,0xb6,0x00}},
    {0x967d, 8, {0xdc,0xd4,0xbe,0xd0,0xde,0xaa,0x96,0x00}},
    {0x9685, 8, {0xdc,0xdc,0x88,0xfe,0xea,0xae,0xba,0x00}},
    {0x9686, 8, {0xcc,0xd4,0x88,0xf6,0xdc,0x88,0xbe,0x00}},
    {0x9688, 8, {0xfe,0xb6,0xde,0xa0,0xbe,0xd4,0x9a,0x00}},
    {0x968a, 8, {0xd4,0xfe,0x90,0xea,0xdc,0xaa,0x98,0x00}},
    {0x968b, 8, {0xe8,0xbe,0xd4,0xae,0xbc,0xdc,0x94,0x00}},
    {0x968d, 8, {0xc8,0xdc,0x94,0xdc,0xfe,0x88,0xbe,0x00}},
    {0x968e, 8, {0xe4,0xb6,0xe4,0xb6,0xa8,0xdc,0x9c,0x00}},
    {0x968f, 8, {0xf4,0xae,0xc4,0xb8,0xb6,0xd6,0xae,0x00}},
    {0x9694, 8, {0xfe,0xac,0xcc,0xbe,0xb2,0xde,0x96,0x00}},
    {0x9695, 8, {0xec,0xac,0xde,0xb2,0xbe,0xc0,0x92,0x00}},
    {0x9697, 8, {0xc8,0xfe,0xaa,0xfe,0xea,0x9c,0xae,0x00}},
    {0x9698, 8, {0xd4,0xe2,0x9c,0xd4,0xe2,0x9c,0xbe,0x00}},
    {0x9699, 8, {0xe4,0xb6,0xcc,0xac,0xa4,0xd6,0x8c,0x00}},
    {0x969b, 8, {0xde,0xea,0x94,0xe2,0xdc,0x88,0xaa,0x00}},
    {0x969c, 8, {0xc8,0xfe,0x94,0xfe,0xdc,0xbe,0x88,0x00}},
    {0x96a0, 8, {0xc6,0xf8,0xaa,0xdc,0xdc,0xb2,0xae,0x00}},
    {0x96a3, 8, {0xea,0xbc,0xca,0xa0,0xb4,0xde,0xa4,0x00}},
    {0x96a7, 8, {0xec,0xd2,0xae,0xcc,0xf6,0xac,0xbe,0x00}},
    {0x96a8, 8, {0xf4,0xae,0xd4,0xae,0xa6,0xd6,0x9e,0x00}},
    {0x96aa, 8, {0xc8,0xd4,0xbe,0xea,0xfe,0x94,0xaa,0x00}},
    {0x96b0, 8, {0xdc,0xdc,0x92,0xe4,0xf6,0x80,0xaa,0x00}},
    {0x96b1, 8, {0xdc,0xea,0x9c,0xce,0xdc,0xb2,0xae,0x00}},
    {0x96b2, 8, {0xf6,0xa4,0xd8,0xae,0xac,0xc2,0x96,0x00}},
    {0x96b4, 8, {0xd6,0xfc,0xae,0xfa,0xee,0xbc,0xae,0x00}},
    {0x96b6, 8, {0x10,0x7c,0x16,0xfc,0x54,0x38,0xd6,0x00}},
    {0x96b7, 8, {0x48,0xfc,0x4e,0xfc,0x1a,0xec,0x5a,0x00}},
    {0x96b8, 8, {0x28,0xfc,0x6e,0xbc,0x6a,0x3c,0xaa,0x00}},
    {0x96b9, 8, {0x28,0x3e,0x68,0xbc,0x28,0x28,0x3e,0x00}},
    {0x96bb, 8, {0x28,0x3e,0x68,0xbe,0x28,0x10,0xee,0x00}},
    {0x96bc, 8, {0x28,0x3e,0x68,0xbe,0x10,0xfe,0x10,0x00}},
    {0x96c0, 8, {0x10,0x54,0x9a,0x30,0xfe,0x28,0x3e,0x00}},
    {0x96c1, 8, {0x7e,0x54,0x6e,0x7c,0x6e,0x6c,0xae,0x00}},
    {0x96c4, 8, {0x2a,0xfe,0x2c,0x4e,0x5c,0xac,0x7e,0x00}},
    {0x96c5, 8, {0xea,0xae,0xbc,0xee,0x6c,0xac,0x6e,0x00}},
    {0x96c6, 8, {0x28,0x7c,0xa8,0x3c,0xfe,0x38,0xd6,0x00}},
    {0x96c7, 8, {0xfe,0x44,0x7c,0x54,0x5e,0x74,0x9e,0x00}},
    {0x96c9, 8, {0x4a,0x7e,0xac,0x7e,0x2c,0x5c,0x8e,0x00}},
    {0x96cb, 8, {0x28,0x7e,0xa8,0x3e,0xee,0xba,0x86,0x00}},
    {0x96cc, 8, {0x54,0x5e,0xf4,0xde,0xd4,0xf4,0xde,0x00}},
    {0x96cd, 8, {0x10,0xfe,0x54,0x9e,0xf4,0x54,0x9e,0x00}},
    {0x96ce, 8, {0x7a,0x5e,0x7c,0x5e,0x7c,0x5c,0xee,0x00}},
    {0x96d1, 8, {0x4a,0xee,0x6c,0xbe,0xec,0x7c,0xae,0x00}},
    {0x96d5, 8, {0xfa,0xae,0xfc,0xae,0xdc,0xfc,0x8e,0x00}},
    {0x96d6, 8, {0xea,0xbe,0x54,0xfe,0xf4,0x54,0xfe,0x00}},
    {0x96d9, 8, {0x54,0x7e,0xec,0x7e,0x28,0x10,0xee,0x00}},
    {0x96db, 8, {0x4a,0x7e,0xbc,0x4e,0x7c,0xbc,0x4e,0x00}},
    {0x96dc, 8, {0x2a,0xfe,0x5c,0xae,0xfc,0x7c,0xae,0x00}},
    {0x96e2, 8, {0x2a,0xfe,0x5c,0x6e,0xfc,0xbc,0xee,0x00}},
    {0x96e3, 8, {0x5a,0xfe,0x5c,0xfe,0xfc,0x2c,0xde,0x00}},
    {0x96e8, 8, {0xfe,0x10,0xfe,0x92,0xb6,0x92,0xb6,0x00}},
    {0x96ea, 8, {0x38,0xfe,0xb6,0x00,0x7c,0x04,0x7c,0x00}},
    {0x96eb, 8, {0x38,0xfe,0xb6,0x00,0xfe,0x18,0x14,0x00}},
    {0x96f0, 8, {0x38,0xfe,0xb6,0x44,0xbe,0x14,0x6c,0x00}},
    {0x96f2, 8, {0x38,0xfe,0xb6,0x00,0xfe,0x24,0xfa,0x00}},
    {0x96f6, 8, {0x38,0xfe,0xb6,0x28,0xfe,0x12,0x10,0x00}},
    {0x96f7, 8, {0x38,0xfe,0xb6,0x00,0x7c,0x54,0x7c,0x00}},
    {0x96f9, 8, {0x38,0xfe,0xb6,0x3e,0xc2,0x38,0x3e,0x00}},
    {0x96fb, 8, {0x38,0xfe,0xb6,0x7c,0x54,0x7c,0x0e,0x00}},
    {0x9700, 8, {0x38,0xfe,0xb6,0x7c,0x10,0xfe,0xaa,0x00}},
    {0x9704, 8, {0x38,0xfe,0xb6,0x7c,0xaa,0x38,0x28,0x00}},
    {0x9706, 8, {0x38,0xfe,0xb6,0x4c,0x9e,0x44,0xbe,0x00}},
    {0x9707, 8, {0x38,0xfe,0xb6,0x7c,0x7e,0x68,0xb6,0x00}},
    {0x9708, 8, {0x38,0xfe,0xb6,0x7e,0x88,0x3e,0xaa,0x00}},
    {0x970a, 8, {0x38,0xfe,0xb6,0x00,0xba,0x54,0xfe,0x00}},
    {0x970d, 8, {0x38,0xfe,0xb6,0x28,0x7e,0xa8,0x3e,0x00}},
    {0x970e, 8, {0x38,0xfe,0xb6,0x28,0xfe,0x28,0xf6,0x00}},
    {0x970f, 8, {0x38,0xfe,0xb6,0x28,0xee,0xee,0x48,0x00}},
    {0x9711, 8, {0x38,0xfe,0xb6,0x08,0x8e,0x3c,0xbc,0x00}},
    {0x9713, 8, {0x38,0xfe,0xb6,0x4c,0x7c,0x28,0xce,0x00}},
    {0x9716, 8, {0x38,0xfe,0xb6,0x24,0xfe,0x6c,0xb6,0x00}},
    {0x9719, 8, {0x38,0xfe,0xb6,0x7c,0xfe,0x10,0xee,0x00}},
    {0x971c, 8, {0x38,0xfe,0xb6,0x2e,0xfa,0x7a,0xae,0x00}},
    {0x971e, 8, {0x38,0xfe,0xb6,0xee,0x8a,0xe4,0x8a,0x00}},
    {0x9724, 8, {0x38,0xfe,0xae,0x4c,0x74,0x38,0x38,0x00}},
    {0x9727, 8, {0x38,0xfe,0xb6,0x6c,0xfa,0x66,0xaa,0x00}},
    {0x972a, 8, {0x38,0xfe,0xb6,0x38,0xbe,0x08,0xbe,0x00}},
    {0x9730, 8, {0x38,0xfe,0xb6,0x56,0xfa,0x74,0x5a,0x00}},
    {0x9732, 8, {0x38,0xfe,0xb6,0xea,0xa4,0x5a,0xee,0x00}},
    {0x9738, 8, {0x38,0xfe,0xb6,0x50,0x76,0xf6,0x2a,0x00}},
    {0x9739, 8, {0x38,0xfe,0xb6,0x7e,0x6a,0xfe,0x64,0x00}},
    {0x973d, 8, {0x38,0xfe,0xb6,0xfe,0x6c,0xba,0x48,0x00}},
    {0x973e, 8, {0x38,0xfe,0xb6,0x4e,0xae,0x64,0xce,0x00}},
    {0x9742, 8, {0x38,0xfe,0xb6,0x7e,0x76,0x58,0xbe,0x00}},
    {0x9744, 8, {0x38,0xfe,0xb6,0xcc,0x0e,0xd2,0xda,0x00}},
    {0x9746, 8, {0x74,0xee,0xb6,0x04,0xee,0x54,0xfe,0x00}},
    {0x9748, 8, {0x38,0xfe,0xb6,0xfe,0xfe,0x54,0xfe,0x00}},
    {0x9749, 8, {0x7e,0xf4,0xbe,0x12,0xec,0x54,0xea,0x00}},
    {0x9752, 8, {0x10,0x7c,0x10,0xfe,0x44,0x7c,0x44,0x00}},
    {0x9756, 8, {0x44,0xee,0xa4,0xbe,0x4a,0xee,0x0a,0x00}},
    {0x9759, 8, {0x26,0x7a,0x24,0xfe,0x56,0x7e,0x54,0x00}},
    {0x975c, 8, {0x5c,0xea,0x5c,0xec,0xfe,0xec,0xa8,0x00}},
    {0x975e, 8, {0x28,0xee,0x28,0xee,0x28,0xee,0x48,0x00}},
    {0x9760, 8, {0x50,0x7c,0xfe,0x44,0x7c,0xee,0x48,0x00}},
    {0x9761, 8, {0x08,0x7e,0x54,0x7e,0x54,0x76,0xa4,0x00}},
    {0x9762, 8, {0xfe,0x10,0xfe,0xaa,0xba,0xaa,0xfe,0x00}},
    {0x9764, 8, {0xf4,0x26,0xfa,0xd6,0xf6,0xd4,0xf6,0x00}},
    {0x9766, 8, {0xfe,0x2a,0xfe,0xda,0xfe,0xd4,0xfa,0x00}},
    {0x9768, 8, {0x7e,0x6e,0x74,0xba,0xfe,0x6c,0x7c,0x00}},
    {0x9769, 8, {0x28,0xfe,0x28,0x7c,0x54,0xfe,0x10,0x00}},
    {0x976b, 8, {0xbe,0xea,0xe2,0x54,0xe8,0xd4,0x62,0x00}},
    {0x976d, 8, {0xbe,0xea,0xea,0x5a,0xee,0xea,0x56,0x00}},
    {0x9771, 8, {0xbe,0xea,0xfa,0x4a,0xee,0xea,0x56,0x00}},
    {0x9774, 8, {0xac,0xf4,0xf6,0x54,0xf4,0xf4,0x56,0x00}},
    {0x9779, 8, {0xac,0xe4,0xfe,0x56,0xfa,0xf2,0x56,0x00}},
    {0x977a, 8, {0xa8,0xfe,0xe8,0x5c,0xc8,0xdc,0x6a,0x00}},
    {0x977c, 8, {0xae,0xea,0xee,0x4a,0xee,0xe0,0x5e,0x00}},
    {0x9781, 8, {0xa4,0xfe,0xf6,0x5e,0xfa,0xf4,0x4a,0x00}},
    {0x9784, 8, {0xa8,0xee,0xf6,0x42,0xee,0xe8,0x4e,0x00}},
    {0x9785, 8, {0xa4,0xee,0xea,0x5e,0xe4,0xe4,0x5a,0x00}},
    {0x9786, 8, {0xbe,0xe4,0xfe,0x56,0xfa,0xf2,0x56,0x00}},
    {0x978b, 8, {0xa4,0xee,0xe4,0x5e,0xee,0xe4,0x5e,0x00}},
    {0x978d, 8, {0xa8,0xfe,0xea,0x7e,0xd4,0xcc,0x72,0x00}},
    {0x978f, 8, {0xec,0x4c,0xf6,0x7c,0x38,0xfe,0x10,0x00}},
    {0x9790, 8, {0xa8,0xee,0xe8,0x5e,0xec,0xea,0x48,0x00}},
    {0x9798, 8, {0xb6,0xe4,0xfe,0x52,0xfe,0xf2,0x56,0x00}},
    {0x979c, 8, {0xa8,0xfa,0xdc,0x6a,0xfc,0xf4,0x5c,0x00}},
    {0x97a0, 8, {0xb0,0xfe,0xf6,0x4a,0xfe,0xea,0x56,0x00}},
    {0x97a3, 8, {0xbc,0xfe,0xda,0x68,0xfe,0xdc,0x6a,0x00}},
    {0x97a6, 8, {0xb4,0xf4,0xfe,0x5c,0xf4,0xf4,0x5a,0x00}},
    {0x97a8, 8, {0xbc,0xf4,0xfc,0x5e,0xf2,0xfa,0x46,0x00}},
    {0x97ab, 8, {0xa8,0xee,0xf2,0x5a,0xe2,0xfa,0x5a,0x00}},
    {0x97ad, 8, {0xae,0xf4,0xfe,0x5e,0xfc,0xf4,0x5a,0x00}},
    {0x97b3, 8, {0xaa,0xfe,0xe4,0x4a,0xfe,0xea,0x4e,0x00}},
    {0x97b4, 8, {0xaa,0xfe,0xea,0x5e,0xf0,0xee,0x4a,0x00}},
    {0x97c3, 8, {0xa4,0xee,0xde,0x6a,0xde,0xe4,0x7e,0x00}},
    {0x97c6, 8, {0xbe,0xec,0xec,0x56,0xe8,0xec,0x7e,0x00}},
    {0x97c8, 8, {0xaa,0xfe,0xec,0x5e,0xf6,0xf4,0x5a,0x00}},
    {0x97cb, 8, {0x10,0x7c,0x24,0xfe,0x48,0xfe,0x08,0x00}},
    {0x97d3, 8, {0xe8,0x5e,0xea,0xbe,0x54,0xfe,0x44,0x00}},
    {0x97dc, 8, {0x5c,0xea,0x60,0xb6,0x52,0xf6,0x5e,0x00}},
    {0x97ed, 8, {0x28,0x28,0xee,0x28,0xee,0x28,0xfe,0x00}},
    {0x97ee, 8, {0x28,0xfe,0x6c,0x28,0x6c,0x28,0xfe,0x00}},
    {0x97f2, 8, {0x10,0xfe,0x6c,0xba,0x6c,0x28,0xfe,0x00}},
    {0x97f3, 8, {0x10,0x7c,0x28,0xfe,0x7c,0x44,0x7c,0x00}},
    {0x97f5, 8, {0x28,0xfe,0x52,0xfa,0x06,0x6a,0x66,0x00}},
    {0x97f6, 8, {0x2e,0xf6,0x5a,0xf0,0x0e,0x6a,0x6e,0x00}},
    {0x97fb, 8, {0x2c,0xfc,0x5e,0xf2,0x1e,0x60,0x72,0x00}},
    {0x97ff, 8, {0x76,0xb6,0x66,0xbc,0x28,0xfe,0x38,0x00}},
    {0x9801, 8, {0xfe,0x10,0x7c,0x7c,0x44,0x7c,0xc6,0x00}},
    {0x9802, 8, {0xfe,0x48,0x5e,0x52,0x5e,0xc0,0x12,0x00}},
    {0x9803, 8, {0x9e,0xa8,0xde,0x92,0xbe,0xe0,0x12,0x00}},
    {0x9805, 8, {0x1e,0xe8,0x5e,0x52,0x7e,0xc0,0x12,0x00}},
    {0x9806, 8, {0x5e,0x74,0x7e,0x7a,0x7e,0x50,0x9a,0x00}},
    {0x9808, 8, {0x5e,0x88,0x5e,0x92,0x1e,0x40,0x92,0x00}},
    {0x980c, 8, {0x5e,0x54,0x8e,0x2a,0x2e,0x50,0xea,0x00}},
    {0x980f, 8, {0x2e,0xf4,0x0e,0x7a,0x5e,0x50,0x9a,0x00}},
    {0x9810, 8, {0xee,0x24,0x4e,0xea,0x6e,0x40,0xd2,0x00}},
    {0x9811, 8, {0x6e,0x04,0xfe,0x6a,0x6e,0xb0,0x0a,0x00}},
    {0x9812, 8, {0x5e,0x54,0x8e,0x7a,0x5e,0x50,0xba,0x00}},
    {0x9813, 8, {0x2e,0xf4,0x2e,0xaa,0xfe,0x20,0x3a,0x00}},
    {0x9817, 8, {0x2e,0xf4,0xae,0xfa,0xde,0xa0,0xda,0x00}},
    {0x9818, 8, {0x5e,0xa4,0xee,0x0a,0xee,0x60,0x52,0x00}},
    {0x981a, 8, {0xfe,0x54,0x2e,0xda,0x6e,0x30,0xca,0x00}},
    {0x9821, 8, {0x2e,0xf4,0x2e,0x7a,0x0e,0x60,0x6a,0x00}},
    {0x9824, 8, {0xfe,0xa4,0xf6,0xd6,0xf6,0xa0,0xfa,0x00}},
    {0x982c, 8, {0x2e,0xf4,0x2e,0xba,0xfe,0x20,0xda,0x00}},
    {0x982d, 8, {0xee,0x04,0xee,0xaa,0x4e,0xe0,0x12,0x00}},
    {0x9834, 8, {0x8e,0xe4,0x8e,0x6a,0xfe,0x20,0xaa,0x00}},
    {0x9837, 8, {0x2e,0x54,0xee,0x2a,0x7e,0x50,0x7a,0x00}},
    {0x9838, 8, {0xfe,0x54,0xae,0x5a,0xfe,0x20,0xfa,0x00}},
    {0x983b, 8, {0x2e,0xb4,0xae,0xfa,0xbe,0x20,0xca,0x00}},
    {0x983c, 8, {0x2e,0xf4,0x7e,0x7a,0x2e,0x70,0xaa,0x00}},
    {0x983d, 8, {0x6e,0xf4,0x7e,0xaa,0x7e,0x50,0x9a,0x00}},
    {0x9846, 8, {0xfe,0xb4,0xfe,0x2a,0xfe,0x70,0xaa,0x00}},
    {0x984b, 8, {0xfe,0xb4,0xfe,0xfa,0x0e,0xd0,0xba,0x00}},
    {0x984c, 8, {0x6e,0x64,0xfe,0x2e,0x70,0x6a,0x9e,0x00}},
    {0x984d, 8, {0x2e,0xf4,0xbe,0x5a,0x2e,0xd0,0x7a,0x00}},
    {0x984e, 8, {0xde,0xd4,0x6e,0xfa,0x4e,0x20,0x6a,0x00}},
    {0x984f, 8, {0x2e,0xf4,0x6e,0xfa,0xae,0x90,0xaa,0x00}},
    {0x9854, 8, {0x2e,0xf4,0x5e,0xfa,0xae,0x90,0xaa,0x00}},
    {0x9855, 8, {0xfe,0x94,0x6e,0xfa,0x6e,0x70,0xca,0x00}},
    {0x9858, 8, {0xfe,0xa4,0xfe,0xfa,0xae,0xf0,0xaa,0x00}},
    {0x985b, 8, {0x2e,0xf4,0x6e,0x6a,0xfe,0x00,0x92,0x00}},
    {0x985e, 8, {0xae,0x74,0xae,0x2a,0xfe,0x20,0xda,0x00}},
    {0x9867, 8, {0xfe,0x54,0x76,0x66,0xf6,0x60,0x7a,0x00}},
    {0x986b, 8, {0x2e,0xf4,0xde,0xfa,0x6e,0x70,0xea,0x00}},
    {0x986f, 8, {0xfe,0xf4,0x5e,0xaa,0x5e,0xf0,0xaa,0x00}},
    {0x9870, 8, {0x2e,0xb6,0xf0,0x6a,0x38,0xfe,0x10,0x00}},
    {0x9871, 8, {0x2e,0x34,0xee,0xba,0x8e,0xb0,0xfa,0x00}},
    {0x9873, 8, {0xfe,0x64,0xfe,0x2a,0xfe,0xf0,0x5a,0x00}},
    {0x9874, 8, {0x5e,0xf4,0xde,0x5a,0x7e,0xd0,0x7a,0x00}},
    {0x98a8, 8, {0x7c,0x54,0x7c,0x7c,0x54,0x5c,0xb6,0x00}},
    {0x98aa, 8, {0xfe,0x18,0x7c,0x4c,0x74,0x5c,0xba,0x00}},
    {0x98af, 8, {0x7e,0xea,0xbe,0xbe,0x6a,0xee,0x3a,0x00}},
    {0x98b1, 8, {0xf4,0xb8,0xfe,0xf6,0xb6,0xb0,0xde,0x00}},
    {0x98b6, 8, {0xf6,0xb6,0xfe,0xf0,0xba,0xb0,0xde,0x00}},
    {0x98c3, 8, {0xfe,0xb6,0xf6,0xf0,0xbe,0xb4,0xde,0x00}},
    {0x98c4, 8, {0xfe,0x76,0x7e,0x1e,0xf6,0x36,0xaa,0x00}},
    {0x98c6, 8, {0x5e,0xf6,0x5e,0xbe,0xf6,0x76,0xaa,0x00}},
    {0x98db, 8, {0xfc,0x54,0xd2,0x7c,0xd6,0x54,0x92,0x00}},
    {0x98dc, 8, {0xfc,0x6c,0xfa,0x6c,0xbe,0x7c,0x6a,0x00}},
    {0x98df, 8, {0x10,0x28,0xd6,0x30,0x34,0x28,0x76,0x00}},
    {0x98e2, 8, {0x5c,0xb4,0x54,0xd4,0xd4,0x94,0xe6,0x00}},
    {0x98e9, 8, {0x48,0xbe,0xe8,0xea,0x9e,0xe8,0x8e,0x00}},
    {0x98eb, 8, {0x44,0xb8,0xc8,0xfe,0x88,0xc8,0xb6,0x00}},
    {0x98ed, 8, {0x48,0xae,0xf0,0xe8,0x9e,0xea,0x96,0x00}},
    {0x98ee, 8, {0x48,0xae,0xf6,0xe4,0x84,0xe4,0x9a,0x00}},
    {0x98ef, 8, {0x5e,0xb0,0x5e,0xda,0xda,0x94,0xea,0x00}},
    {0x98f2, 8, {0x48,0xae,0x56,0xe4,0xe4,0x84,0xea,0x00}},
    {0x98f4, 8, {0x44,0xa4,0x4a,0xfe,0xe0,0x8e,0xee,0x00}},
    {0x98fc, 8, {0x5e,0xa2,0x5a,0xc2,0xda,0x9a,0xe6,0x00}},
    {0x98fd, 8, {0x48,0xae,0x56,0xe2,0xee,0x88,0xee,0x00}},
    {0x98fe, 8, {0x48,0xae,0x54,0xc4,0xde,0x96,0xe4,0x00}},
    {0x9903, 8, {0x48,0xbe,0xd4,0xe2,0x94,0xc8,0xb6,0x00}},
    {0x9905, 8, {0x54,0xa0,0x7e,0xd4,0xfe,0x94,0xe4,0x00}},
    {0x9909, 8, {0x48,0xbe,0xd2,0xde,0x9a,0xde,0x92,0x00}},
    {0x990a, 8, {0x44,0xfe,0x10,0xfe,0x7a,0xb4,0x3a,0x00}},
    {0x990c, 8, {0x5e,0xaa,0x4e,0xee,0xea,0x9e,0xe2,0x00}},
    {0x9910, 8, {0x2e,0x3a,0xd4,0x3a,0xf6,0x28,0x76,0x00}},
    {0x9912, 8, {0x5c,0xaa,0xc0,0xc8,0xbe,0xd4,0xba,0x00}},
    {0x9913, 8, {0x4e,0xb4,0x3e,0xd4,0xd6,0xbc,0xd2,0x00}},
    {0x9914, 8, {0x4a,0xbe,0xc8,0xde,0x9a,0xde,0x9a,0x00}},
    {0x9918, 8, {0x44,0xaa,0xfe,0xe4,0x9e,0xe4,0x96,0x00}},
    {0x991d, 8, {0x54,0xbe,0xc8,0xfe,0x90,0xde,0xa2,0x00}},
    {0x991e, 8, {0x4a,0xbe,0xe4,0xea,0x9e,0xe4,0x9a,0x00}},
    {0x9920, 8, {0x54,0xa8,0xfe,0xd4,0xbe,0xd4,0xa4,0x00}},
    {0x9921, 8, {0x4e,0xb2,0xc4,0xd6,0x92,0xd6,0x9e,0x00}},
    {0x9924, 8, {0x56,0xa4,0xfa,0xe4,0x96,0xe4,0x9a,0x00}},
    {0x9928, 8, {0x44,0xbe,0x52,0xec,0xee,0x8a,0xee,0x00}},
    {0x992c, 8, {0x56,0xbe,0xd6,0xfe,0xae,0xfe,0x8a,0x00}},
    {0x992e, 8, {0xf4,0x6a,0xd4,0x38,0xf6,0x28,0x76,0x00}},
    {0x993d, 8, {0x48,0xbe,0xea,0xfe,0xaa,0xdc,0xae,0x00}},
    {0x993e, 8, {0x4e,0xb6,0xe6,0xfa,0x9c,0xdc,0x9c,0x00}},
    {0x9942, 8, {0x5e,0xb6,0xfa,0xfe,0x80,0xec,0x9e,0x00}},
    {0x9945, 8, {0x5c,0xb4,0xfe,0xfe,0x94,0xc8,0xb6,0x00}},
    {0x9949, 8, {0x54,0xbe,0xd4,0xfe,0xbe,0xc8,0xbe,0x00}},
    {0x994b, 8, {0x48,0xbe,0xea,0xfe,0x9c,0xdc,0xa2,0x00}},
    {0x994c, 8, {0x76,0xb6,0xe4,0xf6,0x9c,0xc0,0xa2,0x00}},
    {0x9950, 8, {0x44,0xbe,0xe4,0xfe,0x92,0xec,0x9e,0x00}},
    {0x9951, 8, {0x52,0xa4,0xd2,0xfc,0x96,0xd4,0xaa,0x00}},
    {0x9952, 8, {0x48,0xbc,0xfe,0xf6,0xbe,0xd4,0xa6,0x00}},
    {0x9955, 8, {0x66,0x6c,0xee,0x3c,0xf6,0x28,0x76,0x00}},
    {0x9957, 8, {0x76,0xb6,0x64,0xb8,0xf6,0x38,0x76,0x00}},
    {0x9996, 8, {0x44,0xfe,0x10,0x7c,0x7c,0x44,0x7c,0x00}},
    {0x9997, 8, {0x4a,0xfe,0x64,0x6a,0x6e,0x6a,0xbe,0x00}},
    {0x9998, 8, {0xa4,0xfe,0x44,0xb4,0xf6,0xa4,0xfa,0x00}},
    {0x9999, 8, {0x0c,0x70,0xfe,0x38,0xd6,0x7c,0x7c,0x00}},
    {0x99a5, 8, {0x78,0x2e,0xfc,0x76,0xaa,0x74,0x7a,0x00}},
    {0x99a8, 8, {0x2e,0xfa,0x64,0x9a,0x38,0xee,0x38,0x00}},
    {0x99ac, 8, {0x7e,0x50,0x7c,0x50,0x7e,0x02,0xaa,0x00}},
    {0x99ad, 8, {0xee,0xc2,0xea,0xca,0xe4,0x24,0xba,0x00}},
    {0x99ae, 8, {0xbe,0x28,0x3c,0x28,0xbe,0x82,0xaa,0x00}},
    {0x99b3, 8, {0xe4,0xd4,0xfe,0xd6,0xf4,0x32,0xbe,0x00}},
    {0x99b4, 8, {0xf2,0xda,0xfa,0xda,0xfa,0x32,0xa2,0x00}},
    {0x99bc, 8, {0xe4,0xde,0xea,0xca,0xe4,0x24,0xba,0x00}},
    {0x99c1, 8, {0xea,0xc4,0xea,0xc0,0xea,0x24,0xba,0x00}},
    {0x99c4, 8, {0xe8,0xde,0xe8,0xd4,0xf4,0x22,0xaa,0x00}},
    {0x99c5, 8, {0xee,0xca,0xea,0xcc,0xec,0x2a,0xb2,0x00}},
    {0x99c6, 8, {0xee,0xc8,0xea,0xcc,0xea,0x28,0xae,0x00}},
    {0x99c8, 8, {0xe4,0xd8,0xf0,0xde,0xf4,0x34,0xbe,0x00}},
    {0x99d0, 8, {0xe8,0xc4,0xee,0xc4,0xee,0x24,0xae,0x00}},
    {0x99d1, 8, {0x2e,0xfa,0x54,0x6a,0xbe,0x02,0xaa,0x00}},
    {0x99d2, 8, {0xe8,0xce,0xf2,0xce,0xee,0x22,0xa6,0x00}},
    {0x99d5, 8, {0x40,0xfe,0x5a,0xae,0x3e,0x02,0xaa,0x00}},
    {0x99d8, 8, {0xe4,0xc4,0xea,0xde,0xe0,0x2e,0xae,0x00}},
    {0x99db, 8, {0xe4,0xde,0xf6,0xde,0xec,0x24,0xba,0x00}},
    {0x99dd, 8, {0xe4,0xde,0xf2,0xc8,0xee,0x28,0xae,0x00}},
    {0x99df, 8, {0xfe,0xd6,0xf6,0xd6,0xfa,0x32,0xbe,0x00}},
    {0x99e2, 8, {0xea,0xc0,0xfe,0xca,0xfe,0x2a,0xb2,0x00}},
    {0x99ed, 8, {0xe4,0xde,0xe8,0xd4,0xea,0x24,0xba,0x00}},
    {0x99ee, 8, {0xe4,0xde,0xea,0xd0,0xea,0x24,0xba,0x00}},
    {0x99f1, 8, {0xe6,0xca,0xe4,0xca,0xf0,0x2e,0xae,0x00}},
    {0x99f2, 8, {0xea,0xca,0xfe,0xde,0xea,0x2a,0xb2,0x00}},
    {0x99f8, 8, {0xec,0xc6,0xec,0xde,0xfa,0x24,0xba,0x00}},
    {0x99fb, 8, {0xee,0xca,0xee,0xde,0xe4,0x3e,0xa4,0x00}},
    {0x99ff, 8, {0xea,0xde,0xea,0xd2,0xec,0x34,0xaa,0x00}},
    {0x9a01, 8, {0xe4,0xce,0xee,0xde,0xec,0x22,0xa6,0x00}},
    {0x9a05, 8, {0xf4,0xde,0xf4,0xde,0xf4,0x34,0xbe,0x00}},
    {0x9a0e, 8, {0xe4,0xde,0xe4,0xca,0xfe,0x22,0xaa,0x00}},
    {0x9a0f, 8, {0xea,0xde,0xea,0xce,0xfe,0x20,0xb2,0x00}},
    {0x9a12, 8, {0xfe,0xca,0xe4,0xde,0xee,0x24,0xbe,0x00}},
    {0x9a13, 8, {0xe8,0xd4,0xfe,0xea,0xfe,0x28,0xb6,0x00}},
    {0x9a19, 8, {0xfe,0xca,0xee,0xc8,0xee,0x3e,0xaa,0x00}},
    {0x9a28, 8, {0xea,0xc4,0xfe,0xde,0xe4,0x3e,0xa4,0x00}},
    {0x9a2b, 8, {0x10,0xfe,0xaa,0x7c,0xbe,0x02,0xaa,0x00}},
    {0x9a30, 8, {0xf6,0xa4,0xfe,0xac,0xee,0xa2,0xb6,0x00}},
    {0x9a37, 8, {0xee,0xca,0xe4,0xda,0xee,0x2c,0xbe,0x00}},
    {0x9a3e, 8, {0xfe,0xea,0xfe,0xd0,0xfe,0x28,0xaa,0x00}},
    {0x9a40, 8, {0x28,0xfe,0x7c,0xaa,0x3e,0x02,0xaa,0x00}},
    {0x9a42, 8, {0xd4,0xfa,0xd4,0xfe,0xea,0x24,0xb8,0x00}},
    {0x9a43, 8, {0xfe,0xcc,0xec,0xc0,0xfe,0x28,0xaa,0x00}},
    {0x9a45, 8, {0xfe,0xdc,0xfc,0xd0,0xf6,0x36,0xbe,0x00}},
    {0x9a4d, 8, {0xe4,0xce,0xfe,0xda,0xfe,0x2c,0xb6,0x00}},
    {0x9a55, 8, {0xdc,0xfe,0xd4,0xea,0xfe,0x22,0xaa,0x00}},
    {0x9a57, 8, {0xe8,0xd4,0xfe,0xea,0xfe,0x34,0xaa,0x00}},
    {0x9a5a, 8, {0x56,0xfa,0x74,0xba,0x3e,0x02,0xaa,0x00}},
    {0x9a5b, 8, {0xfe,0xde,0xe4,0xde,0xea,0x3e,0xa4,0x00}},
    {0x9a5f, 8, {0xfe,0xda,0xec,0xda,0xe8,0x3c,0xaa,0x00}},
    {0x9a62, 8, {0xe4,0xc6,0xfc,0xd6,0xf0,0x2c,0xbe,0x00}},
    {0x9a64, 8, {0xe8,0xfe,0xf6,0xdc,0xfe,0x34,0xba,0x00}},
    {0x9a65, 8, {0xec,0xde,0xec,0xde,0xfe,0x2c,0xb2,0x00}},
    {0x9a69, 8, {0xf4,0xfe,0xf6,0xd4,0xfe,0x34,0xbe,0x00}},
    {0x9a6a, 8, {0xf6,0xea,0xfe,0xec,0xfe,0x24,0xb6,0x00}},
    {0x9a6b, 8, {0x7c,0x50,0x7e,0xaa,0x7c,0x7e,0xda,0x00}},
    {0x9aa8, 8, {0x7c,0x4c,0xfe,0xc6,0x7c,0x44,0x4c,0x00}},
    {0x9aad, 8, {0x7e,0x54,0xf4,0x9e,0x74,0x74,0x54,0x00}},
    {0x9ab0, 8, {0x7e,0x5a,0xf0,0x9e,0x7a,0x74,0x5a,0x00}},
    {0x9ab8, 8, {0x74,0x5e,0xf8,0x94,0x7a,0x74,0x5a,0x00}},
    {0x9abc, 8, {0x76,0x5a,0xf4,0x9a,0x70,0x76,0x56,0x00}},
    {0x9ac0, 8, {0x68,0x7e,0xfa,0xbe,0x6c,0x7e,0x64,0x00}},
    {0x9ac4, 8, {0x74,0x6e,0xe4,0xb8,0x76,0x76,0x5e,0x00}},
    {0x9acf, 8, {0x68,0x7c,0xf6,0xbc,0x7e,0x74,0x7a,0x00}},
    {0x9ad1, 8, {0x7e,0x76,0xee,0xb2,0x6e,0x6e,0x7a,0x00}},
    {0x9ad3, 8, {0x74,0x6e,0xf4,0xae,0x66,0x76,0x7e,0x00}},
    {0x9ad4, 8, {0x6a,0x7e,0xfe,0xbe,0x72,0x6c,0x7e,0x00}},
    {0x9ad8, 8, {0x10,0xfe,0x28,0x38,0xfe,0xaa,0xba,0x00}},
    {0x9ade, 8, {0x5c,0xf4,0x7e,0x6a,0xfe,0xfc,0xaa,0x00}},
    {0x9adf, 8, {0x72,0x44,0x72,0x44,0xf8,0x52,0xec,0x00}},
    {0x9ae2, 8, {0x72,0x44,0xf2,0x74,0x3e,0xec,0x3e,0x00}},
    {0x9ae3, 8, {0x72,0x44,0xf2,0x74,0xfe,0x1c,0x64,0x00}},
    {0x9ae6, 8, {0x72,0x44,0xf2,0x74,0x3e,0xf0,0x1e,0x00}},
    {0x9aea, 8, {0x72,0x44,0xf2,0x7e,0x1c,0x28,0xd6,0x00}},
    {0x9aeb, 8, {0x72,0x44,0xf2,0x7e,0x22,0xdc,0x1c,0x00}},
    {0x9aed, 8, {0x72,0x44,0xf2,0x64,0x36,0xa4,0xf6,0x00}},
    {0x9aee, 8, {0x72,0x44,0xf2,0x7e,0x14,0x28,0xd6,0x00}},
    {0x9aef, 8, {0x72,0x44,0xf2,0x7c,0x54,0xfe,0x44,0x00}},
    {0x9af1, 8, {0x72,0x44,0xf2,0x3e,0xc2,0x38,0x3e,0x00}},
    {0x9af4, 8, {0x72,0x44,0xfa,0x7c,0x68,0x3e,0xca,0x00}},
    {0x9af7, 8, {0x72,0x44,0xf2,0x24,0xfe,0xaa,0xfe,0x00}},
    {0x9afb, 8, {0x72,0x44,0xf2,0x7c,0x10,0x7c,0x7c,0x00}},
    {0x9b06, 8, {0x72,0x44,0xf0,0x7a,0xf4,0x7a,0xae,0x00}},
    {0x9b18, 8, {0x72,0x44,0xfa,0x7c,0x6c,0x10,0xee,0x00}},
    {0x9b1a, 8, {0x72,0x44,0xf2,0x5e,0x8c,0x4c,0x92,0x00}},
    {0x9b1f, 8, {0x72,0x44,0xf2,0x3c,0xfe,0x68,0xb6,0x00}},
    {0x9b22, 8, {0x72,0x44,0xfe,0xba,0x7c,0x3c,0xc6,0x00}},
    {0x9b23, 8, {0x72,0x44,0xf2,0x7c,0x7c,0x54,0xea,0x00}},
    {0x9b25, 8, {0xee,0xc6,0xee,0x82,0x82,0x82,0x86,0x00}},
    {0x9b27, 8, {0xee,0xc6,0x92,0xfe,0xbe,0xb6,0x92,0x00}},
    {0x9b28, 8, {0xee,0xc6,0xaa,0xfe,0xaa,0xfe,0xc6,0x00}},
    {0x9b29, 8, {0xee,0xc6,0x92,0xa6,0xbe,0x9a,0xae,0x00}},
    {0x9b2a, 8, {0xee,0xc6,0x82,0xf6,0xde,0xa6,0xf6,0x00}},
    {0x9b2e, 8, {0xee,0xc6,0x9a,0xea,0xba,0xba,0x9e,0x00}},
    {0x9b2f, 8, {0xd6,0xaa,0xd6,0xfe,0x78,0x42,0x3e,0x00}},
    {0x9b31, 8, {0x54,0xee,0x7c,0xfa,0xf4,0x42,0x74,0x00}},
    {0x9b32, 8, {0xfe,0x44,0x7c,0xfe,0xaa,0xde,0x92,0x00}},
    {0x9b3b, 8, {0xd6,0x7a,0xd6,0xfe,0x44,0xfe,0x92,0x00}},
    {0x9b3c, 8, {0x10,0x7c,0x54,0x7c,0x7a,0x2c,0xce,0x00}},
    {0x9b41, 8, {0x54,0xe4,0xf4,0xe6,0x7c,0x64,0xbe,0x00}},
    {0x9b42, 8, {0xe8,0x1e,0xfa,0x5e,0xbe,0xec,0x16,0x00}},
    {0x9b43, 8, {0x4a,0xfe,0xe8,0xea,0x74,0x6a,0xbe,0x00}},
    {0x9b44, 8, {0x48,0xfe,0xba,0xfe,0xbe,0xec,0x16,0x00}},
    {0x9b45, 8, {0x48,0xfc,0xe8,0xfe,0x5c,0x6a,0xbe,0x00}},
    {0x9b4d, 8, {0x5e,0xfa,0xf6,0xfa,0x7e,0x72,0xbe,0x00}},
    {0x9b4e, 8, {0x5e,0xe4,0xfe,0xf6,0x76,0x7a,0xbe,0x00}},
    {0x9b4f, 8, {0x68,0xfe,0x7a,0xae,0xfe,0x6c,0xd6,0x00}},
    {0x9b51, 8, {0x44,0xfe,0xec,0xec,0x7e,0x76,0xbe,0x00}},
    {0x9b54, 8, {0x08,0x7e,0x54,0x7e,0x5c,0x5c,0xa6,0x00}},
    {0x9b58, 8, {0x7e,0x6e,0x74,0x7a,0xac,0x3c,0xce,0x00}},
    {0x9b5a, 8, {0x38,0xc8,0x7c,0x54,0x7c,0x00,0xaa,0x00}},
    {0x9b6f, 8, {0x38,0xc8,0x7c,0x7c,0xaa,0x7c,0x7c,0x00}},
    {0x9b74, 8, {0x64,0xbe,0x68,0x6e,0x6a,0x0a,0xb6,0x00}},
    {0x9b83, 8, {0x7e,0xac,0x76,0x64,0x7e,0x04,0xa4,0x00}},
    {0x9b8e, 8, {0x68,0xa8,0x6e,0x68,0x7e,0x12,0xbe,0x00}},
    {0x9b91, 8, {0x68,0xae,0x72,0x6e,0x6e,0x08,0xae,0x00}},
    {0x9b92, 8, {0x6a,0xb6,0x72,0x7a,0x72,0x12,0xb6,0x00}},
    {0x9b93, 8, {0x68,0xae,0x78,0x6e,0x68,0x0e,0xa8,0x00}},
    {0x9b96, 8, {0x7e,0xa8,0x68,0x6e,0x7a,0x0a,0xae,0x00}},
    {0x9b97, 8, {0x66,0xaa,0x64,0x7a,0x64,0x00,0xa6,0x00}},
    {0x9b9f, 8, {0x68,0xbe,0x6a,0x7e,0x74,0x0c,0xb2,0x00}},
    {0x9ba0, 8, {0x6c,0xb4,0x7e,0x7e,0x7a,0x18,0xae,0x00}},
    {0x9ba8, 8, {0x6a,0xac,0x6a,0x6e,0x60,0x0e,0xae,0x00}},
    {0x9baa, 8, {0x68,0xbe,0x68,0x6e,0x7a,0x0e,0xaa,0x00}},
    {0x9bab, 8, {0x64,0xbe,0x6a,0x70,0x6a,0x04,0xba,0x00}},
    {0x9bad, 8, {0x64,0xae,0x64,0x7e,0x6e,0x04,0xae,0x00}},
    {0x9bae, 8, {0x6a,0xbe,0x64,0x6e,0x64,0x1e,0xa4,0x00}},
    {0x9bb4, 8, {0x74,0xbe,0x74,0x7e,0x7e,0x14,0xb4,0x00}},
    {0x9bb9, 8, {0xd4,0x6a,0xd4,0xdc,0xd4,0x1c,0xb4,0x00}},
    {0x9bc0, 8, {0x7e,0xa8,0x70,0x6a,0x7e,0x08,0xaa,0x00}},
    {0x9bc6, 8, {0x6a,0xbe,0x68,0x7e,0x7a,0x1e,0xba,0x00}},
    {0x9bc9, 8, {0x7e,0xaa,0x7e,0x6a,0x7e,0x08,0xbe,0x00}},
    {0x9bca, 8, {0x88,0x2a,0x8c,0x30,0xfc,0x7c,0xaa,0x00}},
    {0x9bcf, 8, {0x7a,0xae,0x7e,0x6e,0x7a,0x1a,0xaa,0x00}},
    {0x9bd1, 8, {0x74,0xa8,0x74,0x7e,0x68,0x1e,0xaa,0x00}},
    {0x9bd2, 8, {0x6e,0xa4,0x7e,0x76,0x7e,0x16,0xb6,0x00}},
    {0x9bd4, 8, {0x6a,0xb4,0x6a,0x7e,0x7e,0x16,0xbe,0x00}},
    {0x9bd6, 8, {0x64,0xae,0x64,0x7e,0x6a,0x0e,0xaa,0x00}},
    {0x9bdb, 8, {0xfe,0x6a,0xfe,0xea,0xf6,0x3e,0xa2,0x00}},
    {0x9be1, 8, {0xd4,0x76,0xd4,0xf6,0xd4,0x36,0xa4,0x00}},
    {0x9be2, 8, {0x68,0xb6,0x7a,0x72,0x7e,0x0c,0xb6,0x00}},
    {0x9be3, 8, {0x7e,0xb2,0x7e,0x68,0x6e,0x16,0xaa,0x00}},
    {0x9be4, 8, {0x7e,0xa2,0x7e,0x64,0x76,0x24,0xb6,0x00}},
    {0x9be8, 8, {0x64,0xbe,0x6a,0x6e,0x64,0x16,0xac,0x00}},
    {0x9bf0, 8, {0x68,0xb4,0x6e,0x7c,0x64,0x12,0xae,0x00}},
    {0x9bf1, 8, {0x64,0xa6,0x7c,0x76,0x70,0x1c,0xb6,0x00}},
    {0x9bf2, 8, {0xd4,0x7a,0xd0,0xdc,0xea,0x0c,0xba,0x00}},
    {0x9bf5, 8, {0x64,0xaa,0x7c,0x6a,0x74,0x02,0xac,0x00}},
    {0x9c04, 8, {0x64,0xbe,0x7c,0x74,0x6e,0x34,0xaa,0x00}},
    {0x9c06, 8, {0x68,0xbe,0x6c,0x7e,0x74,0x0e,0xac,0x00}},
    {0x9c08, 8, {0x6a,0xbe,0x6e,0x60,0x7e,0x1c,0xaa,0x00}},
    {0x9c09, 8, {0x64,0xae,0x6a,0x6e,0x7e,0x04,0xae,0x00}},
    {0x9c0a, 8, {0x68,0xbe,0x7e,0x7e,0x68,0x1c,0xaa,0x00}},
    {0x9c0c, 8, {0x6c,0xb2,0x7e,0x6c,0x7e,0x1e,0xbe,0x00}},
    {0x9c0d, 8, {0xf4,0x54,0xfe,0xdc,0xf4,0x34,0x9a,0x00}},
    {0x9c10, 8, {0x7a,0xba,0x6c,0x7e,0x6c,0x02,0xa6,0x00}},
    {0x9c12, 8, {0x70,0xbe,0x6c,0x6c,0x74,0x08,0xb6,0x00}},
    {0x9c13, 8, {0x7e,0xaa,0x7e,0x7e,0x60,0x12,0xae,0x00}},
    {0x9c14, 8, {0x64,0xbe,0x64,0x7c,0x66,0x3c,0xba,0x00}},
    {0x9c15, 8, {0x76,0xb2,0x66,0x7e,0x6a,0x34,0xaa,0x00}},
    {0x9c1b, 8, {0x7e,0xb2,0x7e,0x60,0x6c,0x0c,0xbe,0x00}},
    {0x9c21, 8, {0x68,0xb6,0x76,0x7a,0x60,0x0c,0xac,0x00}},
    {0x9c24, 8, {0x6e,0xb4,0x7e,0x6e,0x7e,0x34,0xa4,0x00}},
    {0x9c25, 8, {0x7e,0xbe,0x68,0x74,0x6a,0x1c,0xaa,0x00}},
    {0x9c2d, 8, {0x6a,0xbc,0x6e,0x74,0x66,0x0e,0xae,0x00}},
    {0x9c2e, 8, {0x7e,0xb6,0x7a,0x7e,0x60,0x0c,0xbe,0x00}},
    {0x9c2f, 8, {0xf6,0x52,0xf6,0xe4,0xf6,0x1a,0xb6,0x00}},
    {0x9c30, 8, {0xf4,0x4e,0xfa,0xde,0xfa,0x3e,0x94,0x00}},
    {0x9c32, 8, {0x26,0x6a,0xf4,0x6a,0xfc,0x7c,0xaa,0x00}},
    {0x9c39, 8, {0xfe,0x7a,0xf4,0xca,0xdc,0x08,0xbe,0x00}},
    {0x9c3a, 8, {0xd4,0x7a,0xd4,0xfe,0xea,0x04,0xb8,0x00}},
    {0x9c3b, 8, {0xdc,0x54,0xfe,0xfe,0xd4,0x08,0xb6,0x00}},
    {0x9c3e, 8, {0x7e,0xac,0x6c,0x60,0x7e,0x08,0xaa,0x00}},
    {0x9c46, 8, {0x64,0xbe,0x6a,0x7e,0x6c,0x1e,0xa4,0x00}},
    {0x9c47, 8, {0x68,0xbe,0x6e,0x6c,0x7a,0x2c,0x9a,0x00}},
    {0x9c48, 8, {0x6c,0xbe,0x76,0x60,0x6e,0x02,0xae,0x00}},
    {0x9c52, 8, {0x6a,0xbe,0x7a,0x72,0x7e,0x0a,0xa6,0x00}},
    {0x9c57, 8, {0xea,0x5c,0xea,0xc0,0xf4,0x1e,0xa4,0x00}},
    {0x9c5a, 8, {0xc8,0x7e,0xdc,0xd4,0xfe,0x14,0xbc,0x00}},
    {0x9c60, 8, {0x68,0xb4,0x7e,0x6a,0x7e,0x14,0xbc,0x00}},
    {0x9c67, 8, {0x6a,0xbe,0x7e,0x7e,0x72,0x0c,0xbe,0x00}},
    {0x9c76, 8, {0xd4,0x7e,0xc8,0xfe,0xdc,0x3a,0x94,0x00}},
    {0x9c78, 8, {0x64,0xa6,0x7c,0x76,0x70,0x0c,0xbe,0x00}},
    {0x9ce5, 8, {0x10,0x7c,0x7c,0x40,0x7e,0x02,0xaa,0x00}},
    {0x9ce7, 8, {0x10,0x78,0x78,0x7e,0xaa,0x3c,0xc6,0x00}},
    {0x9ce9, 8, {0x44,0xee,0x6e,0x68,0x6e,0xb2,0x0a,0x00}},
    {0x9ceb, 8, {0x7e,0x48,0x5c,0x5c,0x5e,0x42,0xaa,0x00}},
    {0x9cec, 8, {0x10,0x78,0x7e,0x02,0x38,0x2a,0xce,0x00}},
    {0x9cf0, 8, {0xc8,0x5c,0x5c,0x50,0xbe,0x82,0x16,0x00}},
    {0x9cf3, 8, {0x7c,0x54,0x74,0x74,0x7c,0x4c,0xae,0x00}},
    {0x9cf4, 8, {0x08,0xdc,0xdc,0xd0,0xde,0x02,0x2a,0x00}},
    {0x9cf6, 8, {0x0a,0xfe,0x14,0x7a,0x7e,0x02,0xaa,0x00}},
    {0x9d03, 8, {0x44,0xee,0xe6,0x9e,0xe4,0x24,0xba,0x00}},
    {0x9d06, 8, {0x44,0xfe,0xde,0x48,0x6e,0x62,0xb6,0x00}},
    {0x9d07, 8, {0x88,0xdc,0x9c,0xf0,0x5e,0xe2,0x56,0x00}},
    {0x9d08, 8, {0x7e,0x54,0x6c,0x6c,0x6e,0x62,0xaa,0x00}},
    {0x9d09, 8, {0xf4,0xae,0xae,0xf8,0x6e,0xa2,0x6a,0x00}},
    {0x9d0e, 8, {0xe4,0x8e,0xde,0xa8,0xde,0x82,0xea,0x00}},
    {0x9d12, 8, {0x44,0xae,0xee,0x08,0xee,0x62,0x4a,0x00}},
    {0x9d15, 8, {0x44,0xde,0xd2,0x88,0xee,0x28,0xae,0x00}},
    {0x9d1b, 8, {0x7e,0xda,0x28,0xfe,0x3e,0x02,0xaa,0x00}},
    {0x9d1f, 8, {0x14,0xee,0xae,0xf8,0xae,0x92,0xea,0x00}},
    {0x9d23, 8, {0x44,0xee,0x4e,0xe8,0xae,0xe2,0x16,0x00}},
    {0x9d26, 8, {0x10,0x7c,0xfe,0x74,0xbe,0x02,0xaa,0x00}},
    {0x9d28, 8, {0xe8,0xfc,0xfc,0xf0,0x5e,0x42,0x56,0x00}},
    {0x9d2a, 8, {0x24,0xfe,0x8e,0x58,0x5e,0x52,0x8a,0x00}},
    {0x9d2b, 8, {0x04,0xee,0xee,0xe8,0xee,0xe2,0x16,0x00}},
    {0x9d2c, 8, {0x54,0xfe,0x92,0x38,0x3e,0x02,0xaa,0x00}},
    {0x9d3b, 8, {0x84,0x7e,0xae,0x28,0xbe,0xe2,0x96,0x00}},
    {0x9d3e, 8, {0x44,0x9e,0xfe,0x78,0xae,0xf2,0x2a,0x00}},
    {0x9d3f, 8, {0x44,0xae,0xee,0x08,0xee,0xa2,0xea,0x00}},
    {0x9d41, 8, {0x24,0xfe,0x5e,0x88,0x5e,0x22,0xd6,0x00}},
    {0x9d44, 8, {0xf4,0x2e,0x5e,0xf8,0x6e,0x32,0xca,0x00}},
    {0x9d46, 8, {0x56,0xb0,0x76,0xe2,0x7a,0x4a,0x6a,0x00}},
    {0x9d48, 8, {0xf4,0x5e,0x7e,0x78,0x5e,0xf2,0x1a,0x00}},
    {0x9d50, 8, {0xf4,0x2e,0x7e,0x78,0xae,0x32,0xca,0x00}},
    {0x9d51, 8, {0x64,0x6e,0x0e,0xf8,0x9e,0xf2,0x9a,0x00}},
    {0x9d59, 8, {0xe4,0xae,0xee,0xa8,0xee,0x02,0xaa,0x00}},
    {0x9d5c, 8, {0x54,0xfe,0x2e,0xf8,0xae,0x72,0xaa,0x00}},
    {0x9d5d, 8, {0x34,0xde,0xfe,0x58,0x5e,0xf2,0x5a,0x00}},
    {0x9d5e, 8, {0x6a,0xfe,0x64,0xfa,0x3e,0x02,0xaa,0x00}},
    {0x9d60, 8, {0x64,0x7e,0xae,0xf8,0x0e,0x62,0x6a,0x00}},
    {0x9d61, 8, {0xd4,0x2e,0xfe,0x28,0xae,0xe2,0xda,0x00}},
    {0x9d64, 8, {0x64,0xae,0x7e,0x78,0x7e,0x52,0xba,0x00}},
    {0x9d6c, 8, {0xf4,0xbe,0xfe,0xb8,0xfe,0xb2,0xba,0x00}},
    {0x9d6f, 8, {0x44,0xfe,0xde,0xf8,0x6e,0xf2,0x2a,0x00}},
    {0x9d72, 8, {0x54,0xfe,0x5e,0xf8,0x0e,0x62,0x6a,0x00}},
    {0x9d7a, 8, {0x24,0xfe,0x4e,0x78,0xde,0x62,0x56,0x00}},
    {0x9d87, 8, {0x24,0xfe,0x6e,0x78,0x2e,0x72,0xaa,0x00}},
    {0x9d89, 8, {0x24,0xfe,0x5e,0x78,0x3e,0xe2,0x2a,0x00}},
    {0x9d8f, 8, {0xe4,0x0e,0xae,0x48,0xee,0x42,0xaa,0x00}},
    {0x9d9a, 8, {0xd4,0xde,0x6e,0xf8,0x4e,0x22,0x6a,0x00}},
    {0x9da4, 8, {0xf4,0xbe,0xfe,0x68,0x6e,0xf2,0x2a,0x00}},
    {0x9da9, 8, {0x76,0xea,0x74,0xba,0x3e,0x02,0xaa,0x00}},
    {0x9dab, 8, {0x24,0xfe,0x7e,0x78,0x2e,0x72,0xaa,0x00}},
    {0x9daf, 8, {0xaa,0x44,0xfe,0xba,0x3e,0x02,0xaa,0x00}},
    {0x9db2, 8, {0x54,0x8e,0x46,0xfc,0xae,0x7a,0xaa,0x00}},
    {0x9db4, 8, {0x24,0xfe,0xae,0x78,0xee,0x62,0x76,0x00}},
    {0x9db8, 8, {0xf4,0x5e,0xfe,0xa8,0xfe,0x52,0xfa,0x00}},
    {0x9dba, 8, {0xd4,0x2e,0xde,0x78,0xde,0x72,0x5a,0x00}},
    {0x9dbb, 8, {0x74,0x5e,0xfe,0x88,0x7e,0x72,0x5a,0x00}},
    {0x9dc1, 8, {0x64,0x9e,0x6e,0x68,0x9e,0x62,0xf6,0x00}},
    {0x9dc2, 8, {0x64,0xae,0x4e,0xf8,0x2e,0xb2,0xfa,0x00}},
    {0x9dc4, 8, {0x74,0xae,0x4e,0x28,0xfe,0x22,0xd6,0x00}},
    {0x9dc6, 8, {0x44,0x7e,0x6e,0xe8,0xfe,0x02,0x96,0x00}},
    {0x9dcf, 8, {0x24,0xfe,0x6e,0x68,0xfe,0x02,0x96,0x00}},
    {0x9dd3, 8, {0x24,0xfe,0xae,0xf8,0xbe,0x82,0xda,0x00}},
    {0x9dd9, 8, {0x28,0x7c,0xec,0x76,0x3e,0x02,0xaa,0x00}},
    {0x9de6, 8, {0x54,0x7e,0xee,0x68,0x7e,0x02,0xaa,0x00}},
    {0x9ded, 8, {0xf4,0x5e,0xfe,0x78,0xae,0x72,0x7a,0x00}},
    {0x9def, 8, {0x24,0xfe,0x5e,0xf8,0x5e,0x22,0xaa,0x00}},
    {0x9df2, 8, {0x24,0xfe,0x54,0x7a,0xbe,0x02,0xaa,0x00}},
    {0x9df8, 8, {0x74,0xfe,0x6e,0xa8,0xfe,0xd2,0xba,0x00}},
    {0x9df9, 8, {0x08,0x7e,0x6c,0x6e,0x5e,0x42,0xaa,0x00}},
    {0x9dfa, 8, {0xec,0xb4,0x5e,0xec,0x3e,0x02,0xaa,0x00}},
    {0x9dfd, 8, {0x2c,0x54,0xfe,0xba,0x3e,0x02,0xaa,0x00}},
    {0x9e1a, 8, {0xda,0xde,0xae,0x48,0xfe,0x52,0xea,0x00}},
    {0x9e1b, 8, {0x54,0xfe,0xde,0x58,0x7e,0xd2,0x7a,0x00}},
    {0x9e1e, 8, {0x54,0xb8,0x54,0xee,0x7e,0x02,0xaa,0x00}},
    {0x9e75, 8, {0x10,0x1e,0x7c,0x56,0x6a,0x56,0x7e,0x00}},
    {0x9e78, 8, {0x48,0x74,0xde,0xaa,0xbe,0xa8,0xf6,0x00}},
    {0x9e79, 8, {0x44,0x7e,0xd4,0xbc,0xb6,0xbc,0xfa,0x00}},
    {0x9e7d, 8, {0xe8,0xce,0xde,0xee,0x7c,0x54,0xfe,0x00}},
    {0x9e7f, 8, {0x08,0x7e,0x54,0x7c,0x76,0x64,0xb6,0x00}},
    {0x9e81, 8, {0x38,0xc8,0x7e,0x54,0x7e,0x64,0xb6,0x00}},
    {0x9e88, 8, {0x08,0x7e,0x5c,0x64,0x76,0x5c,0xbe,0x00}},
    {0x9e8b, 8, {0x08,0x7e,0x6c,0xbe,0x7c,0x38,0xd6,0x00}},
    {0x9e8c, 8, {0x08,0x7e,0x6c,0xbe,0x58,0xfe,0x24,0x00}},
    {0x9e91, 8, {0x08,0x7e,0x6c,0xbe,0x44,0x7c,0xc6,0x00}},
    {0x9e92, 8, {0x4a,0xfe,0xaa,0xee,0xde,0xe0,0x92,0x00}},
    {0x9e93, 8, {0x44,0xee,0x7e,0x54,0x7e,0x64,0xb6,0x00}},
    {0x9e95, 8, {0x08,0x7e,0x6c,0xbe,0x7c,0x74,0x7c,0x00}},
    {0x9e97, 8, {0xee,0xaa,0x7e,0x54,0x7e,0x64,0xb6,0x00}},
    {0x9e9d, 8, {0x08,0x7e,0x6c,0xbe,0x72,0x5a,0xb6,0x00}},
    {0x9e9f, 8, {0x56,0xec,0xb6,0xe0,0xda,0xee,0x92,0x00}},
    {0x9ea5, 8, {0x10,0xfe,0x54,0xaa,0x5c,0x28,0xd6,0x00}},
    {0x9ea6, 8, {0x10,0x7c,0x10,0xfe,0x28,0x50,0xae,0x00}},
    {0x9ea9, 8, {0x24,0xfe,0x64,0xbe,0x54,0xaa,0x5e,0x00}},
    {0x9eaa, 8, {0x2e,0xf4,0x6e,0xbe,0x52,0xa6,0x5e,0x00}},
    {0x9ead, 8, {0x24,0xf6,0x6a,0xb6,0x56,0xa4,0x5e,0x00}},
    {0x9eb8, 8, {0x44,0xee,0x44,0x6e,0xa4,0x4a,0xbe,0x00}},
    {0x9eb9, 8, {0x50,0xfe,0x56,0x6a,0xbe,0x4a,0xbe,0x00}},
    {0x9eba, 8, {0x5e,0xe8,0x5e,0x76,0xbe,0x56,0xbe,0x00}},
    {0x9ebb, 8, {0x08,0x7e,0x54,0x7e,0x54,0x7e,0x94,0x00}},
    {0x9ebc, 8, {0x08,0x7e,0x54,0x7e,0x68,0x54,0xba,0x00}},
    {0x9ebe, 8, {0x08,0x7e,0x54,0x7e,0x4c,0x78,0x8e,0x00}},
    {0x9ebf, 8, {0x08,0x7e,0x54,0x7e,0x54,0x7e,0xbe,0x00}},
    {0x9ec4, 8, {0x28,0xfe,0x28,0xfe,0x54,0x7c,0xc6,0x00}},
    {0x9ecc, 8, {0x2c,0x54,0xfe,0xaa,0x7c,0x38,0xc6,0x00}},
    {0x9ecd, 8, {0x38,0xfe,0x38,0xd6,0x28,0xfe,0x54,0x00}},
    {0x9ece, 8, {0x68,0xfe,0x6a,0xb6,0x28,0xfe,0x54,0x00}},
    {0x9ecf, 8, {0x64,0xf4,0x66,0xb4,0xfe,0x7a,0xae,0x00}},
    {0x9ed0, 8, {0x64,0xfe,0x6c,0xbc,0xfe,0x7e,0xaa,0x00}},
    {0x9ed2, 8, {0x7c,0x54,0x7c,0x10,0xfe,0x00,0xaa,0x00}},
    {0x9ed4, 8, {0xe8,0xf4,0xee,0x40,0xfe,0x04,0xa8,0x00}},
    {0x9ed8, 8, {0xea,0xe8,0xfe,0x48,0xe8,0x14,0xa2,0x00}},
    {0x9ed9, 8, {0xea,0xfe,0xe8,0x48,0xf6,0x00,0xaa,0x00}},
    {0x9edb, 8, {0x2a,0x5e,0xc4,0x7a,0x38,0xfe,0xaa,0x00}},
    {0x9edc, 8, {0xe4,0xf6,0xfe,0x44,0xf6,0x16,0xbe,0x00}},
    {0x9edd, 8, {0xd4,0xd6,0xee,0x56,0xd6,0x2a,0xba,0x00}},
    {0x9ede, 8, {0xe8,0xe8,0xee,0x48,0xfe,0x12,0xbe,0x00}},
    {0x9ee0, 8, {0xe4,0xfe,0xe4,0x4e,0xe0,0x0e,0xae,0x00}},
    {0x9ee5, 8, {0xe4,0xfe,0xea,0x4e,0xe4,0x16,0xac,0x00}},
    {0x9ee8, 8, {0x54,0xfe,0xba,0x6c,0xfe,0x00,0xaa,0x00}},
    {0x9eef, 8, {0xe4,0xfe,0xea,0x5e,0xe0,0x0e,0xae,0x00}},
    {0x9ef4, 8, {0x54,0xbe,0x7e,0xd6,0x7e,0x44,0x6a,0x00}},
    {0x9ef6, 8, {0x7e,0x6e,0x74,0xba,0x38,0xfe,0xaa,0x00}},
    {0x9ef7, 8, {0xe8,0xfe,0xf6,0x5e,0xfc,0x1c,0xa2,0x00}},
    {0x9ef9, 8, {0xaa,0xfe,0x54,0x92,0x7c,0x7c,0x54,0x00}},
    {0x9efb, 8, {0xaa,0x5e,0xe8,0x4a,0xea,0xf4,0xaa,0x00}},
    {0x9efc, 8, {0xaa,0x5e,0xe8,0x5e,0xfa,0xfe,0xba,0x00}},
    {0x9efd, 8, {0x7c,0x6c,0x28,0xee,0xee,0x28,0x3e,0x00}},
    {0x9f07, 8, {0x26,0x6a,0xf4,0x7e,0xec,0x6c,0x3e,0x00}},
    {0x9f08, 8, {0x56,0xaa,0x74,0x7a,0x6c,0x6c,0x3e,0x00}},
    {0x9f0e, 8, {0x38,0xba,0xba,0xee,0x28,0x6e,0xaa,0x00}},
    {0x9f13, 8, {0x44,0xee,0x44,0xae,0xca,0x64,0xda,0x00}},
    {0x9f15, 8, {0x44,0xfe,0x6c,0xf6,0x38,0xe6,0x10,0x00}},
    {0x9f20, 8, {0x2c,0x44,0x7c,0x54,0x6c,0x54,0xea,0x00}},
    {0x9f21, 8, {0x54,0x08,0x7c,0x54,0x7c,0x54,0x96,0x00}},
    {0x9f2c, 8, {0x44,0xbe,0x9e,0xfe,0xde,0xb0,0xde,0x00}},
    {0x9f3b, 8, {0x10,0x38,0x28,0x7c,0x54,0xfe,0x48,0x00}},
    {0x9f3e, 8, {0x2e,0x74,0x54,0xfe,0xb4,0xf4,0x54,0x00}},
    {0x9f4a, 8, {0x10,0xfe,0x6c,0xba,0x44,0x7c,0x84,0x00}},
    {0x9f4b, 8, {0x10,0xfe,0x6c,0xba,0x44,0x7c,0x94,0x00}},
    {0x9f4e, 8, {0x10,0xfe,0x6c,0xba,0x7c,0x7c,0xac,0x00}},
    {0x9f4f, 8, {0x10,0xfe,0x6c,0xba,0x7c,0x54,0xbc,0x00}},
    {0x9f52, 8, {0x10,0x5e,0xfc,0x56,0x6a,0x56,0x7e,0x00}},
    {0x9f54, 8, {0x28,0xb8,0xea,0xdc,0xb8,0xda,0xfe,0x00}},
    {0x9f5f, 8, {0x2e,0xba,0xee,0xda,0xbe,0xda,0xfe,0x00}},
    {0x9f60, 8, {0x2e,0xb6,0xea,0xd0,0xbe,0xda,0xfe,0x00}},
    {0x9f61, 8, {0x24,0xba,0xee,0xd0,0xbe,0xd6,0xf4,0x00}},
    {0x9f62, 8, {0x24,0xba,0xee,0xb0,0xde,0xb6,0xf4,0x00}},
    {0x9f63, 8, {0x24,0xb6,0xea,0xd6,0xb6,0xd2,0xf6,0x00}},
    {0x9f66, 8, {0x2e,0xba,0xee,0xda,0xbe,0xdc,0xfa,0x00}},
    {0x9f67, 8, {0x4e,0xe6,0x6a,0xfe,0x56,0x6a,0x7e,0x00}},
    {0x9f6a, 8, {0x2e,0xba,0xee,0xd4,0xb6,0xdc,0xf6,0x00}},
    {0x9f6c, 8, {0x2e,0xb4,0xee,0xd6,0xb0,0xd6,0xf6,0x00}},
    {0x9f72, 8, {0x26,0xbc,0xec,0xdc,0xbe,0xde,0xfa,0x00}},
    {0x9f76, 8, {0x2a,0xba,0xec,0xbe,0xd4,0xb2,0xf6,0x00}},
    {0x9f77, 8, {0x5e,0x72,0xdc,0xb8,0xde,0xb4,0xee,0x00}},
    {0x9f8d, 8, {0x26,0xfc,0x56,0xfa,0x56,0x74,0x56,0x00}},
    {0x9f95, 8, {0x10,0xee,0x3c,0xfa,0x56,0xfc,0x56,0x00}},
    {0x9f9c, 8, {0x38,0xc8,0x7c,0xee,0x6e,0xec,0x3e,0x00}},
    {0x9f9d, 8, {0xcc,0x74,0xde,0x76,0xd6,0xf4,0x5e,0x00}},
    {0x9fa0, 8, {0x10,0x28,0xfe,0xaa,0xfe,0x7c,0x54,0x00}},
    {0xff01, 8, {0x10,0x10,0x10,0x10,0x10,0x00,0x10,0x00}},
    {0xff02, 8, {0x28,0x28,0x00,0x00,0x00,0x00,0x00,0x00}},
    {0xff03, 8, {0x14,0x7e,0x28,0x28,0x28,0xfc,0x50,0x00}},
    {0xff04, 8, {0x08,0x3e,0x48,0x3c,0x12,0x7c,0x10,0x00}},
    {0xff05, 8, {0x42,0xa4,0x48,0x10,0x24,0x4a,0x84,0x00}},
    {0xff06, 8, {0x30,0x48,0x50,0x24,0x54,0x88,0x76,0x00}},
    {0xff07, 8, {0x10,0x10,0x00,0x00,0x00,0x00,0x00,0x00}},
    {0xff08, 8, {0x04,0x08,0x10,0x10,0x10,0x08,0x04,0x00}},
    {0xff09, 8, {0x40,0x20,0x10,0x10,0x10,0x20,0x40,0x00}},
    {0xff0a, 8, {0x10,0x54,0x38,0x10,0x38,0x54,0x10,0x00}},
    {0xff0b, 8, {0x10,0x10,0x10,0xfe,0x10,0x10,0x10,0x00}},
    {0xff0c, 8, {0x00,0x00,0x00,0x00,0x60,0x20,0x40,0x00}},
    {0xff0d, 8, {0x00,0x00,0x00,0xfe,0x00,0x00,0x00,0x00}},
    {0xff0e, 8, {0x00,0x00,0x00,0x00,0x00,0x60,0x60,0x00}},
    {0xff0f, 8, {0x02,0x04,0x08,0x10,0x20,0x40,0x80,0x00}},
    {0xff10, 8, {0x3c,0x42,0x46,0x5a,0x62,0x42,0x3c,0x00}},
    {0xff11, 8, {0x10,0x30,0x10,0x10,0x10,0x10,0x38,0x00}},
    {0xff12, 8, {0x3c,0x42,0x02,0x0c,0x30,0x40,0x7e,0x00}},
    {0xff13, 8, {0x3c,0x42,0x02,0x1c,0x02,0x42,0x3c,0x00}},
    {0xff14, 8, {0x04,0x0c,0x14,0x24,0x44,0x7e,0x04,0x00}},
    {0xff15, 8, {0x7e,0x40,0x7c,0x42,0x02,0x42,0x3c,0x00}},
    {0xff16, 8, {0x1c,0x20,0x40,0x7c,0x42,0x42,0x3c,0x00}},
    {0xff17, 8, {0x7e,0x02,0x04,0x08,0x08,0x10,0x10,0x00}},
    {0xff18, 8, {0x3c,0x42,0x42,0x3c,0x42,0x42,0x3c,0x00}},
    {0xff19, 8, {0x3c,0x42,0x42,0x3e,0x02,0x04,0x38,0x00}},
    {0xff1a, 8, {0x00,0x30,0x30,0x00,0x30,0x30,0x00,0x00}},
    {0xff1b, 8, {0x00,0x30,0x30,0x00,0x30,0x10,0x20,0x00}},
    {0xff1c, 8, {0x00,0x06,0x38,0xc0,0x38,0x06,0x00,0x00}},
    {0xff1d, 8, {0x00,0x00,0xfe,0x00,0xfe,0x00,0x00,0x00}},
    {0xff1e, 8, {0x00,0xc0,0x38,0x06,0x38,0xc0,0x00,0x00}},
    {0xff1f, 8, {0x3c,0x42,0x02,0x0c,0x10,0x00,0x10,0x00}},
    {0xff20, 8, {0x38,0x44,0x9a,0xaa,0xb4,0x40,0x38,0x00}},
    {0xff21, 8, {0x10,0x28,0x28,0x44,0x7c,0x82,0x82,0x00}},
    {0xff22, 8, {0x7c,0x42,0x42,0x7c,0x42,0x42,0x7c,0x00}},
    {0xff23, 8, {0x3c,0x42,0x40,0x40,0x40,0x42,0x3c,0x00}},
    {0xff24, 8, {0x78,0x44,0x42,0x42,0x42,0x44,0x78,0x00}},
    {0xff25, 8, {0x7e,0x40,0x40,0x7c,0x40,0x40,0x7e,0x00}},
    {0xff26, 8, {0x7e,0x40,0x40,0x7c,0x40,0x40,0x40,0x00}},
    {0xff27, 8, {0x3c,0x42,0x40,0x4e,0x42,0x42,0x3c,0x00}},
    {0xff28, 8, {0x42,0x42,0x42,0x7e,0x42,0x42,0x42,0x00}},
    {0xff29, 8, {0x38,0x10,0x10,0x10,0x10,0x10,0x38,0x00}},
    {0xff2a, 8, {0x02,0x02,0x02,0x02,0x02,0x42,0x3c,0x00}},
    {0xff2b, 8, {0x42,0x44,0x48,0x50,0x68,0x44,0x42,0x00}},
    {0xff2c, 8, {0x40,0x40,0x40,0x40,0x40,0x40,0x7e,0x00}},
    {0xff2d, 8, {0x82,0xc6,0xaa,0xaa,0x92,0x92,0x82,0x00}},
    {0xff2e, 8, {0x42,0x62,0x52,0x4a,0x46,0x42,0x42,0x00}},
    {0xff2f, 8, {0x3c,0x42,0x42,0x42,0x42,0x42,0x3c,0x00}},
    {0xff30, 8, {0x7c,0x42,0x42,0x7c,0x40,0x40,0x40,0x00}},
    {0xff31, 8, {0x3c,0x42,0x42,0x42,0x4a,0x44,0x3a,0x00}},
    {0xff32, 8, {0x7c,0x42,0x42,0x7c,0x48,0x44,0x42,0x00}},
    {0xff33, 8, {0x3c,0x42,0x40,0x3c,0x02,0x42,0x3c,0x00}},
    {0xff34, 8, {0xfe,0x10,0x10,0x10,0x10,0x10,0x10,0x00}},
    {0xff35, 8, {0x42,0x42,0x42,0x42,0x42,0x42,0x3c,0x00}},
    {0xff36, 8, {0x82,0x82,0x44,0x44,0x28,0x28,0x10,0x00}},
    {0xff37, 8, {0x82,0x92,0x92,0xaa,0xaa,0x44,0x44,0x00}},
    {0xff38, 8, {0x82,0x44,0x28,0x10,0x28,0x44,0x82,0x00}},
    {0xff39, 8, {0x82,0x44,0x28,0x10,0x10,0x10,0x10,0x00}},
    {0xff3a, 8, {0x7e,0x02,0x04,0x08,0x10,0x20,0x7e,0x00}},
    {0xff3b, 8, {0x1c,0x10,0x10,0x10,0x10,0x10,0x1c,0x00}},
    {0xff3c, 8, {0x80,0x40,0x20,0x10,0x08,0x04,0x02,0x00}},
    {0xff3d, 8, {0x70,0x10,0x10,0x10,0x10,0x10,0x70,0x00}},
    {0xff3e, 8, {0x10,0x28,0x00,0x00,0x00,0x00,0x00,0x00}},
    {0xff3f, 8, {0x00,0x00,0x00,0x00,0x00,0x00,0xfe,0x00}},
    {0xff40, 8, {0x20,0x10,0x00,0x00,0x00,0x00,0x00,0x00}},
    {0xff41, 8, {0x00,0x00,0x38,0x04,0x3c,0x44,0x3c,0x00}},
    {0xff42, 8, {0x40,0x40,0x58,0x64,0x44,0x44,0x78,0x00}},
    {0xff43, 8, {0x00,0x00,0x38,0x44,0x40,0x44,0x38,0x00}},
    {0xff44, 8, {0x04,0x04,0x34,0x4c,0x44,0x44,0x3c,0x00}},
    {0xff45, 8, {0x00,0x00,0x38,0x44,0x7c,0x40,0x38,0x00}},
    {0xff46, 8, {0x0c,0x10,0x38,0x10,0x10,0x10,0x10,0x00}},
    {0xff47, 8, {0x00,0x00,0x3c,0x44,0x3c,0x04,0x38,0x00}},
    {0xff48, 8, {0x40,0x40,0x58,0x64,0x44,0x44,0x44,0x00}},
    {0xff49, 8, {0x10,0x00,0x10,0x10,0x10,0x10,0x10,0x00}},
    {0xff4a, 8, {0x08,0x00,0x08,0x08,0x08,0x48,0x30,0x00}},
    {0xff4b, 8, {0x20,0x20,0x24,0x28,0x30,0x28,0x24,0x00}},
    {0xff4c, 8, {0x30,0x10,0x10,0x10,0x10,0x10,0x10,0x00}},
    {0xff4d, 8, {0x00,0x00,0x68,0x54,0x54,0x54,0x54,0x00}},
    {0xff4e, 8, {0x00,0x00,0x58,0x64,0x44,0x44,0x44,0x00}},
    {0xff4f, 8, {0x00,0x00,0x38,0x44,0x44,0x44,0x38,0x00}},
    {0xff50, 8, {0x00,0x00,0x78,0x44,0x78,0x40,0x40,0x00}},
    {0xff51, 8, {0x00,0x00,0x3c,0x44,0x3c,0x04,0x04,0x00}},
    {0xff52, 8, {0x00,0x00,0x58,0x64,0x40,0x40,0x40,0x00}},
    {0xff53, 8, {0x00,0x00,0x3c,0x40,0x38,0x04,0x78,0x00}},
    {0xff54, 8, {0x00,0x20,0x78,0x20,0x20,0x24,0x18,0x00}},
    {0xff55, 8, {0x00,0x00,0x44,0x44,0x44,0x4c,0x34,0x00}},
    {0xff56, 8, {0x00,0x00,0x44,0x44,0x28,0x28,0x10,0x00}},
    {0xff57, 8, {0x00,0x00,0x44,0x54,0x54,0x28,0x28,0x00}},
    {0xff58, 8, {0x00,0x00,0x44,0x28,0x10,0x28,0x44,0x00}},
    {0xff59, 8, {0x00,0x00,0x44,0x28,0x28,0x10,0x60,0x00}},
    {0xff5a, 8, {0x00,0x00,0x7c,0x08,0x10,0x20,0x7c,0x00}},
    {0xff5b, 8, {0x0c,0x10,0x10,0x20,0x10,0x10,0x0c,0x00}},
    {0xff5c, 8, {0x10,0x10,0x10,0x10,0x10,0x10,0x10,0x00}},
    {0xff5d, 8, {0x60,0x10,0x10,0x08,0x10,0x10,0x60,0x00}},
    {0xff5e, 8, {0x00,0x00,0x60,0x92,0x0c,0x00,0x00,0x00}},
    {0xff61, 4, {0x00,0x00,0x00,0x40,0xa0,0x40,0x00,0x00}},
    {0xff62, 4, {0xe0,0x80,0x80,0x80,0x80,0x00,0x00,0x00}},
    {0xff63, 4, {0x00,0x20,0x20,0x20,0x20,0xe0,0x00,0x00}},
    {0xff64, 4, {0x00,0x00,0x00,0x00,0x80,0x40,0x00,0x00}},
    {0xff65, 4, {0x00,0x00,0x00,0x40,0x00,0x00,0x00,0x00}},
    {0xff66, 4, {0xe0,0x20,0xe0,0x20,0x40,0x80,0x00,0x00}},
    {0xff67, 4, {0x00,0x00,0xe0,0x60,0x40,0x80,0x00,0x00}},
    {0xff68, 4, {0x00,0x00,0x20,0x40,0xc0,0x40,0x00,0x00}},
    {0xff69, 4, {0x00,0x00,0x40,0xe0,0xa0,0x20,0x00,0x00}},
    {0xff6a, 4, {0x00,0x00,0x00,0xe0,0x40,0xe0,0x00,0x00}},
    {0xff6b, 4, {0x00,0x00,0x20,0xe0,0x60,0xa0,0x00,0x00}},
    {0xff6c, 4, {0x00,0x00,0x40,0xe0,0x60,0x40,0x00,0x00}},
    {0xff6d, 4, {0x00,0x00,0x00,0xc0,0x40,0xe0,0x00,0x00}},
    {0xff6e, 4, {0x00,0x00,0xe0,0x60,0x20,0xe0,0x00,0x00}},
    {0xff6f, 4, {0x00,0x00,0xe0,0xe0,0x20,0xc0,0x00,0x00}},
    {0xff70, 4, {0x00,0x00,0x80,0x60,0x00,0x00,0x00,0x00}},
    {0xff71, 4, {0xe0,0x20,0x60,0x40,0x40,0x80,0x00,0x00}},
    {0xff72, 4, {0x20,0x20,0x40,0xc0,0x40,0x40,0x00,0x00}},
    {0xff73, 4, {0x40,0xe0,0xa0,0x20,0x20,0x40,0x00,0x00}},
    {0xff74, 4, {0x00,0xe0,0x40,0x40,0x40,0xe0,0x00,0x00}},
    {0xff75, 4, {0x20,0xe0,0x20,0x60,0xa0,0x20,0x00,0x00}},
    {0xff76, 4, {0x40,0xe0,0x60,0x60,0xa0,0xa0,0x00,0x00}},
    {0xff77, 4, {0x40,0xe0,0x40,0xe0,0x40,0x40,0x00,0x00}},
    {0xff78, 4, {0x40,0x60,0xa0,0x20,0x40,0x80,0x00,0x00}},
    {0xff79, 4, {0x80,0xe0,0xc0,0x40,0x40,0x80,0x00,0x00}},
    {0xff7a, 4, {0x00,0xe0,0x20,0x20,0x20,0xe0,0x00,0x00}},
    {0xff7b, 4, {0xa0,0xe0,0xa0,0x20,0x40,0x80,0x00,0x00}},
    {0xff7c, 4, {0xc0,0x00,0xc0,0x00,0x20,0xc0,0x00,0x00}},
    {0xff7d, 4, {0xe0,0x20,0x20,0x40,0x40,0xa0,0x00,0x00}},
    {0xff7e, 4, {0x80,0xe0,0xa0,0xa0,0x80,0xe0,0x00,0x00}},
    {0xff7f, 4, {0xa0,0x60,0x60,0x20,0x40,0x80,0x00,0x00}},
    {0xff80, 4, {0x40,0x60,0xa0,0x60,0x40,0x80,0x00,0x00}},
    {0xff81, 4, {0xe0,0x40,0xe0,0x40,0x40,0x80,0x00,0x00}},
    {0xff82, 4, {0x00,0xe0,0xe0,0x20,0x20,0xc0,0x00,0x00}},
    {0xff83, 4, {0xe0,0x00,0xe0,0x40,0x40,0x80,0x00,0x00}},
    {0xff84, 4, {0x80,0x80,0xc0,0xa0,0x80,0x80,0x00,0x00}},
    {0xff85, 4, {0x40,0x40,0xe0,0x40,0x40,0x80,0x00,0x00}},
    {0xff86, 4, {0x00,0x60,0x00,0x00,0x00,0xe0,0x00,0x00}},
    {0xff87, 4, {0xe0,0x20,0xa0,0x40,0x40,0xa0,0x00,0x00}},
    {0xff88, 4, {0x40,0xe0,0x20,0x40,0xe0,0x40,0x00,0x00}},
    {0xff89, 4, {0x20,0x20,0x20,0x20,0x40,0x80,0x00,0x00}},
    {0xff8a, 4, {0x40,0x20,0xa0,0xa0,0xa0,0xa0,0x00,0x00}},
    {0xff8b, 4, {0x80,0x80,0xe0,0x80,0x80,0x60,0x00,0x00}},
    {0xff8c, 4, {0xe0,0x20,0x20,0x20,0x40,0x80,0x00,0x00}},
    {0xff8d, 4, {0x40,0x40,0xa0,0xa0,0x20,0x00,0x00,0x00}},
    {0xff8e, 4, {0x40,0xe0,0x40,0xe0,0xe0,0x40,0x00,0x00}},
    {0xff8f, 4, {0xe0,0x20,0x20,0xc0,0x40,0x20,0x00,0x00}},
    {0xff90, 4, {0x00,0xe0,0x00,0x60,0x00,0xe0,0x00,0x00}},
    {0xff91, 4, {0x40,0x40,0x40,0x80,0xa0,0xe0,0x00,0x00}},
    {0xff92, 4, {0x20,0xa0,0x40,0x40,0xa0,0x80,0x00,0x00}},
    {0xff93, 4, {0xe0,0x40,0xe0,0x40,0x40,0x60,0x00,0x00}},
    {0xff94, 4, {0x40,0xe0,0x60,0x60,0x40,0x40,0x00,0x00}},
    {0xff95, 4, {0xc0,0x40,0x40,0x40,0x40,0xe0,0x00,0x00}},
    {0xff96, 4, {0xe0,0x20,0xe0,0x20,0x20,0xe0,0x00,0x00}},
    {0xff97, 4, {0xe0,0x00,0xe0,0x20,0x20,0xc0,0x00,0x00}},
    {0xff98, 4, {0xa0,0xa0,0xa0,0x20,0x20,0x40,0x00,0x00}},
    {0xff99, 4, {0x40,0x40,0xc0,0xc0,0xc0,0xe0,0x00,0x00}},
    {0xff9a, 4, {0x80,0x80,0x80,0x80,0xa0,0xc0,0x00,0x00}},
    {0xff9b, 4, {0x00,0xe0,0xa0,0xa0,0xa0,0xe0,0x00,0x00}},
    {0xff9c, 4, {0xe0,0xa0,0x20,0x20,0x40,0x80,0x00,0x00}},
    {0xff9d, 4, {0xc0,0x00,0x00,0x20,0x20,0xc0,0x00,0x00}},
    {0xff9e, 4, {0xa0,0x00,0x00,0x00,0x00,0x00,0x00,0x00}},
    {0xff9f, 4, {0x40,0xa0,0x40,0x00,0x00,0x00,0x00,0x00}},
    {0xffe0, 8, {0x04,0x3c,0x4a,0x48,0x52,0x3c,0x20,0x00}},
    {0xffe1, 8, {0x18,0x24,0x70,0x20,0x60,0x92,0x6c,0x00}},
    {0xffe2, 8, {0x00,0x00,0x00,0xfe,0x02,0x02,0x00,0x00}},
    {0xffe3, 8, {0xfe,0x00,0x00,0x00,0x00,0x00,0x00,0x00}},
    {0xffe4, 8, {0x10,0x10,0x10,0x00,0x10,0x10,0x10,0x00}},
    {0xffe5, 8, {0x44,0x44,0x28,0x7c,0x10,0x7c,0x10,0x00}},
};
inline const Glyph* glyph(char32_t code) {
    unsigned first = 0, last = std::size(glyphs);
    while (first < last) {
        const auto middle = first + (last - first) / 2;
        if (glyphs[middle].code < code) first = middle + 1; else last = middle;
    }
    return first < std::size(glyphs) && glyphs[first].code == code ? &glyphs[first] : nullptr;
}
} // namespace starfox::localization
